Processing 2178 systems
  Contact distance: 6.0 Å
  Ligand proximity: 8.0 Å
  PDB cache: /home/rquiroga/github/runs-n-poses/runs-n-poses-datasets/pdb_cache
  Output: /home/rquiroga/github/runs-n-poses/runs-n-poses-datasets/symmetry_corrected

Processing 5s9l__1__1.A__1.H_1.I (proper chain: 1.H)
  Ligand written: /home/rquiroga/github/runs-n-poses/runs-n-poses-datasets/symmetry_corrected/5s9l__1__1.A__1.H_1.I/5s9l__1__1.A__1.H_1.I_ligand.pdb
  No symmetry contacts found — writing non-symm receptor only
  -> no_symmetry_contacts

Processing 5s9m__1__1.A__1.C_1.I (proper chain: 1.C)
  Downloading https://files.rcsb.org/download/5s9m.cif
  Ligand written: /home/rquiroga/github/runs-n-poses/runs-n-poses-datasets/symmetry_corrected/5s9m__1__1.A__1.C_1.I/5s9m__1__1.A__1.C_1.I_ligand.pdb
  No symmetry contacts found — writing non-symm receptor only
  -> no_symmetry_contacts

Processing 5s9y__1__1.A__1.K (proper chain: 1.K)
  Ligand written: /home/rquiroga/github/runs-n-poses/runs-n-poses-datasets/symmetry_corrected/5s9y__1__1.A__1.K/5s9y__1__1.A__1.K_ligand.pdb
  No symmetry contacts found — writing non-symm receptor only
  -> no_symmetry_contacts

Processing 5sau__1__1.A__1.B (proper chain: 1.B)
  Downloading https://files.rcsb.org/download/5sau.cif
  Ligand written: /home/rquiroga/github/runs-n-poses/runs-n-poses-datasets/symmetry_corrected/5sau__1__1.A__1.B/5sau__1__1.A__1.B_ligand.pdb
  No symmetry contacts found — writing non-symm receptor only
  -> no_symmetry_contacts

Processing 5sav__1__1.A__1.B (proper chain: 1.B)
  Downloading https://files.rcsb.org/download/5sav.cif
  Ligand written: /home/rquiroga/github/runs-n-poses/runs-n-poses-datasets/symmetry_corrected/5sav__1__1.A__1.B/5sav__1__1.A__1.B_ligand.pdb
  No symmetry contacts found — writing non-symm receptor only
  -> no_symmetry_contacts

Processing 5saw__1__1.A__1.B (proper chain: 1.B)
  Downloading https://files.rcsb.org/download/5saw.cif
  Ligand written: /home/rquiroga/github/runs-n-poses/runs-n-poses-datasets/symmetry_corrected/5saw__1__1.A__1.B/5saw__1__1.A__1.B_ligand.pdb
  No symmetry contacts found — writing non-symm receptor only
  -> no_symmetry_contacts

Processing 5sdh__1__1.A_1.B__1.F (proper chain: 1.F)
  Downloading https://files.rcsb.org/download/5sdh.cif
  Ligand written: /home/rquiroga/github/runs-n-poses/runs-n-poses-datasets/symmetry_corrected/5sdh__1__1.A_1.B__1.F/5sdh__1__1.A_1.B__1.F_ligand.pdb
  No symmetry contacts found — writing non-symm receptor only
  -> no_symmetry_contacts

Processing 5sdu__1__1.A__1.G (proper chain: 1.G)
  Downloading https://files.rcsb.org/download/5sdu.cif
  Ligand written: /home/rquiroga/github/runs-n-poses/runs-n-poses-datasets/symmetry_corrected/5sdu__1__1.A__1.G/5sdu__1__1.A__1.G_ligand.pdb
  No symmetry contacts found — writing non-symm receptor only
  -> no_symmetry_contacts

Processing 5sdy__1__1.A__1.D (proper chain: 1.D)
  Downloading https://files.rcsb.org/download/5sdy.cif
  Ligand written: /home/rquiroga/github/runs-n-poses/runs-n-poses-datasets/symmetry_corrected/5sdy__1__1.A__1.D/5sdy__1__1.A__1.D_ligand.pdb
  No symmetry contacts found — writing non-symm receptor only
  -> no_symmetry_contacts

Processing 5se0__1__1.A__1.G (proper chain: 1.G)
  Downloading https://files.rcsb.org/download/5se0.cif
  Ligand written: /home/rquiroga/github/runs-n-poses/runs-n-poses-datasets/symmetry_corrected/5se0__1__1.A__1.G/5se0__1__1.A__1.G_ligand.pdb
  No symmetry contacts found — writing non-symm receptor only
  -> no_symmetry_contacts

Processing 5se2__1__1.A__1.G (proper chain: 1.G)
  Downloading https://files.rcsb.org/download/5se2.cif
  Ligand written: /home/rquiroga/github/runs-n-poses/runs-n-poses-datasets/symmetry_corrected/5se2__1__1.A__1.G/5se2__1__1.A__1.G_ligand.pdb
  No symmetry contacts found — writing non-symm receptor only
  -> no_symmetry_contacts

Processing 5se3__1__1.A__1.G (proper chain: 1.G)
  Downloading https://files.rcsb.org/download/5se3.cif
  Ligand written: /home/rquiroga/github/runs-n-poses/runs-n-poses-datasets/symmetry_corrected/5se3__1__1.A__1.G/5se3__1__1.A__1.G_ligand.pdb
  No symmetry contacts found — writing non-symm receptor only
  -> no_symmetry_contacts

Processing 5se5__1__1.A__1.G (proper chain: 1.G)
  Downloading https://files.rcsb.org/download/5se5.cif
  Ligand written: /home/rquiroga/github/runs-n-poses/runs-n-poses-datasets/symmetry_corrected/5se5__1__1.A__1.G/5se5__1__1.A__1.G_ligand.pdb
  No symmetry contacts found — writing non-symm receptor only
  -> no_symmetry_contacts

Processing 5se6__1__1.A__1.G (proper chain: 1.G)
  Downloading https://files.rcsb.org/download/5se6.cif
  Ligand written: /home/rquiroga/github/runs-n-poses/runs-n-poses-datasets/symmetry_corrected/5se6__1__1.A__1.G/5se6__1__1.A__1.G_ligand.pdb
  No symmetry contacts found — writing non-symm receptor only
  -> no_symmetry_contacts

Processing 5se8__1__1.A__1.G (proper chain: 1.G)
  Downloading https://files.rcsb.org/download/5se8.cif
  Ligand written: /home/rquiroga/github/runs-n-poses/runs-n-poses-datasets/symmetry_corrected/5se8__1__1.A__1.G/5se8__1__1.A__1.G_ligand.pdb
  No symmetry contacts found — writing non-symm receptor only
  -> no_symmetry_contacts

Processing 5se9__1__1.A__1.G (proper chain: 1.G)
  Downloading https://files.rcsb.org/download/5se9.cif
  Ligand written: /home/rquiroga/github/runs-n-poses/runs-n-poses-datasets/symmetry_corrected/5se9__1__1.A__1.G/5se9__1__1.A__1.G_ligand.pdb
  No symmetry contacts found — writing non-symm receptor only
  -> no_symmetry_contacts

Processing 5sea__1__1.A__1.G (proper chain: 1.G)
  Downloading https://files.rcsb.org/download/5sea.cif
  Ligand written: /home/rquiroga/github/runs-n-poses/runs-n-poses-datasets/symmetry_corrected/5sea__1__1.A__1.G/5sea__1__1.A__1.G_ligand.pdb
  No symmetry contacts found — writing non-symm receptor only
  -> no_symmetry_contacts

Processing 5seb__1__1.A__1.G (proper chain: 1.G)
  Downloading https://files.rcsb.org/download/5seb.cif
  Ligand written: /home/rquiroga/github/runs-n-poses/runs-n-poses-datasets/symmetry_corrected/5seb__1__1.A__1.G/5seb__1__1.A__1.G_ligand.pdb
  No symmetry contacts found — writing non-symm receptor only
  -> no_symmetry_contacts

Processing 5sec__1__1.A__1.G (proper chain: 1.G)
  Downloading https://files.rcsb.org/download/5sec.cif
  Ligand written: /home/rquiroga/github/runs-n-poses/runs-n-poses-datasets/symmetry_corrected/5sec__1__1.A__1.G/5sec__1__1.A__1.G_ligand.pdb
  No symmetry contacts found — writing non-symm receptor only
  -> no_symmetry_contacts

Processing 5see__1__1.A__1.E (proper chain: 1.E)
  Downloading https://files.rcsb.org/download/5see.cif
  Ligand written: /home/rquiroga/github/runs-n-poses/runs-n-poses-datasets/symmetry_corrected/5see__1__1.A__1.E/5see__1__1.A__1.E_ligand.pdb
  No symmetry contacts found — writing non-symm receptor only
  -> no_symmetry_contacts

Processing 5seh__1__1.A__1.G (proper chain: 1.G)
  Downloading https://files.rcsb.org/download/5seh.cif
  Ligand written: /home/rquiroga/github/runs-n-poses/runs-n-poses-datasets/symmetry_corrected/5seh__1__1.A__1.G/5seh__1__1.A__1.G_ligand.pdb
  No symmetry contacts found — writing non-symm receptor only
  -> no_symmetry_contacts

Processing 5sek__1__1.A__1.G (proper chain: 1.G)
  Downloading https://files.rcsb.org/download/5sek.cif
  Ligand written: /home/rquiroga/github/runs-n-poses/runs-n-poses-datasets/symmetry_corrected/5sek__1__1.A__1.G/5sek__1__1.A__1.G_ligand.pdb
  No symmetry contacts found — writing non-symm receptor only
  -> no_symmetry_contacts

Processing 5sel__1__1.A__1.G (proper chain: 1.G)
  Downloading https://files.rcsb.org/download/5sel.cif
  Ligand written: /home/rquiroga/github/runs-n-poses/runs-n-poses-datasets/symmetry_corrected/5sel__1__1.A__1.G/5sel__1__1.A__1.G_ligand.pdb
  No symmetry contacts found — writing non-symm receptor only
  -> no_symmetry_contacts

Processing 5sem__1__1.A__1.G (proper chain: 1.G)
  Downloading https://files.rcsb.org/download/5sem.cif
  Ligand written: /home/rquiroga/github/runs-n-poses/runs-n-poses-datasets/symmetry_corrected/5sem__1__1.A__1.G/5sem__1__1.A__1.G_ligand.pdb
  No symmetry contacts found — writing non-symm receptor only
  -> no_symmetry_contacts

Processing 5sen__1__1.A__1.G (proper chain: 1.G)
  Downloading https://files.rcsb.org/download/5sen.cif
  Ligand written: /home/rquiroga/github/runs-n-poses/runs-n-poses-datasets/symmetry_corrected/5sen__1__1.A__1.G/5sen__1__1.A__1.G_ligand.pdb
  No symmetry contacts found — writing non-symm receptor only
  -> no_symmetry_contacts

Processing 5seo__1__1.A__1.G (proper chain: 1.G)
  Downloading https://files.rcsb.org/download/5seo.cif
  Ligand written: /home/rquiroga/github/runs-n-poses/runs-n-poses-datasets/symmetry_corrected/5seo__1__1.A__1.G/5seo__1__1.A__1.G_ligand.pdb
  No symmetry contacts found — writing non-symm receptor only
  -> no_symmetry_contacts

Processing 5sex__1__1.A__1.G (proper chain: 1.G)
  Downloading https://files.rcsb.org/download/5sex.cif
  Ligand written: /home/rquiroga/github/runs-n-poses/runs-n-poses-datasets/symmetry_corrected/5sex__1__1.A__1.G/5sex__1__1.A__1.G_ligand.pdb
  No symmetry contacts found — writing non-symm receptor only
  -> no_symmetry_contacts

Processing 5sez__1__1.A__1.G (proper chain: 1.G)
  Downloading https://files.rcsb.org/download/5sez.cif
  Ligand written: /home/rquiroga/github/runs-n-poses/runs-n-poses-datasets/symmetry_corrected/5sez__1__1.A__1.G/5sez__1__1.A__1.G_ligand.pdb
  No symmetry contacts found — writing non-symm receptor only
  -> no_symmetry_contacts

Processing 5sf0__1__1.A__1.G (proper chain: 1.G)
  Downloading https://files.rcsb.org/download/5sf0.cif
  Ligand written: /home/rquiroga/github/runs-n-poses/runs-n-poses-datasets/symmetry_corrected/5sf0__1__1.A__1.G/5sf0__1__1.A__1.G_ligand.pdb
  No symmetry contacts found — writing non-symm receptor only
  -> no_symmetry_contacts

Processing 5sf1__1__1.A__1.E (proper chain: 1.E)
  Downloading https://files.rcsb.org/download/5sf1.cif
  Ligand written: /home/rquiroga/github/runs-n-poses/runs-n-poses-datasets/symmetry_corrected/5sf1__1__1.A__1.E/5sf1__1__1.A__1.E_ligand.pdb
  No symmetry contacts found — writing non-symm receptor only
  -> no_symmetry_contacts

Processing 5sf4__1__1.A__1.G (proper chain: 1.G)
  Downloading https://files.rcsb.org/download/5sf4.cif
  Ligand written: /home/rquiroga/github/runs-n-poses/runs-n-poses-datasets/symmetry_corrected/5sf4__1__1.A__1.G/5sf4__1__1.A__1.G_ligand.pdb
  No symmetry contacts found — writing non-symm receptor only
  -> no_symmetry_contacts

Processing 5sf7__1__1.A__1.G (proper chain: 1.G)
  Downloading https://files.rcsb.org/download/5sf7.cif
  Ligand written: /home/rquiroga/github/runs-n-poses/runs-n-poses-datasets/symmetry_corrected/5sf7__1__1.A__1.G/5sf7__1__1.A__1.G_ligand.pdb
  No symmetry contacts found — writing non-symm receptor only
  -> no_symmetry_contacts

Processing 5sfc__1__1.A__1.G (proper chain: 1.G)
  Downloading https://files.rcsb.org/download/5sfc.cif
  Ligand written: /home/rquiroga/github/runs-n-poses/runs-n-poses-datasets/symmetry_corrected/5sfc__1__1.A__1.G/5sfc__1__1.A__1.G_ligand.pdb
  No symmetry contacts found — writing non-symm receptor only
  -> no_symmetry_contacts

Processing 5sfd__1__1.A__1.G (proper chain: 1.G)
  Downloading https://files.rcsb.org/download/5sfd.cif
  Ligand written: /home/rquiroga/github/runs-n-poses/runs-n-poses-datasets/symmetry_corrected/5sfd__1__1.A__1.G/5sfd__1__1.A__1.G_ligand.pdb
  No symmetry contacts found — writing non-symm receptor only
  -> no_symmetry_contacts

Processing 5sfg__1__1.A__1.G (proper chain: 1.G)
  Downloading https://files.rcsb.org/download/5sfg.cif
  Ligand written: /home/rquiroga/github/runs-n-poses/runs-n-poses-datasets/symmetry_corrected/5sfg__1__1.A__1.G/5sfg__1__1.A__1.G_ligand.pdb
  No symmetry contacts found — writing non-symm receptor only
  -> no_symmetry_contacts

Processing 5sfh__1__1.A__1.G (proper chain: 1.G)
  Downloading https://files.rcsb.org/download/5sfh.cif
  Ligand written: /home/rquiroga/github/runs-n-poses/runs-n-poses-datasets/symmetry_corrected/5sfh__1__1.A__1.G/5sfh__1__1.A__1.G_ligand.pdb
  No symmetry contacts found — writing non-symm receptor only
  -> no_symmetry_contacts

Processing 5sfl__1__1.A__1.G (proper chain: 1.G)
  Downloading https://files.rcsb.org/download/5sfl.cif
  Ligand written: /home/rquiroga/github/runs-n-poses/runs-n-poses-datasets/symmetry_corrected/5sfl__1__1.A__1.G/5sfl__1__1.A__1.G_ligand.pdb
  No symmetry contacts found — writing non-symm receptor only
  -> no_symmetry_contacts

Processing 5sfn__1__1.A__1.G (proper chain: 1.G)
  Downloading https://files.rcsb.org/download/5sfn.cif
  Ligand written: /home/rquiroga/github/runs-n-poses/runs-n-poses-datasets/symmetry_corrected/5sfn__1__1.A__1.G/5sfn__1__1.A__1.G_ligand.pdb
  No symmetry contacts found — writing non-symm receptor only
  -> no_symmetry_contacts

Processing 5sfo__1__1.A__1.G (proper chain: 1.G)
  Downloading https://files.rcsb.org/download/5sfo.cif
  Ligand written: /home/rquiroga/github/runs-n-poses/runs-n-poses-datasets/symmetry_corrected/5sfo__1__1.A__1.G/5sfo__1__1.A__1.G_ligand.pdb
  No symmetry contacts found — writing non-symm receptor only
  -> no_symmetry_contacts

Processing 5sfp__1__1.A__1.G (proper chain: 1.G)
  Downloading https://files.rcsb.org/download/5sfp.cif
  Ligand written: /home/rquiroga/github/runs-n-poses/runs-n-poses-datasets/symmetry_corrected/5sfp__1__1.A__1.G/5sfp__1__1.A__1.G_ligand.pdb
  No symmetry contacts found — writing non-symm receptor only
  -> no_symmetry_contacts

Processing 5sfr__1__1.A__1.G (proper chain: 1.G)
  Downloading https://files.rcsb.org/download/5sfr.cif
  Ligand written: /home/rquiroga/github/runs-n-poses/runs-n-poses-datasets/symmetry_corrected/5sfr__1__1.A__1.G/5sfr__1__1.A__1.G_ligand.pdb
  No symmetry contacts found — writing non-symm receptor only
  -> no_symmetry_contacts

Processing 5sfx__1__1.A__1.G (proper chain: 1.G)
  Downloading https://files.rcsb.org/download/5sfx.cif
  Ligand written: /home/rquiroga/github/runs-n-poses/runs-n-poses-datasets/symmetry_corrected/5sfx__1__1.A__1.G/5sfx__1__1.A__1.G_ligand.pdb
  No symmetry contacts found — writing non-symm receptor only
  -> no_symmetry_contacts

Processing 5sfy__1__1.A__1.G (proper chain: 1.G)
  Downloading https://files.rcsb.org/download/5sfy.cif
  Ligand written: /home/rquiroga/github/runs-n-poses/runs-n-poses-datasets/symmetry_corrected/5sfy__1__1.A__1.G/5sfy__1__1.A__1.G_ligand.pdb
  No symmetry contacts found — writing non-symm receptor only
  -> no_symmetry_contacts

Processing 5sg0__1__1.A__1.G (proper chain: 1.G)
  Downloading https://files.rcsb.org/download/5sg0.cif
  Ligand written: /home/rquiroga/github/runs-n-poses/runs-n-poses-datasets/symmetry_corrected/5sg0__1__1.A__1.G/5sg0__1__1.A__1.G_ligand.pdb
  No symmetry contacts found — writing non-symm receptor only
  -> no_symmetry_contacts

Processing 5sg5__1__1.A__1.G (proper chain: 1.G)
  Downloading https://files.rcsb.org/download/5sg5.cif
  Ligand written: /home/rquiroga/github/runs-n-poses/runs-n-poses-datasets/symmetry_corrected/5sg5__1__1.A__1.G/5sg5__1__1.A__1.G_ligand.pdb
  No symmetry contacts found — writing non-symm receptor only
  -> no_symmetry_contacts

Processing 5sg6__1__1.A__1.G (proper chain: 1.G)
  Downloading https://files.rcsb.org/download/5sg6.cif
  Ligand written: /home/rquiroga/github/runs-n-poses/runs-n-poses-datasets/symmetry_corrected/5sg6__1__1.A__1.G/5sg6__1__1.A__1.G_ligand.pdb
  No symmetry contacts found — writing non-symm receptor only
  -> no_symmetry_contacts

Processing 5sg9__1__1.A__1.G (proper chain: 1.G)
  Downloading https://files.rcsb.org/download/5sg9.cif
  Ligand written: /home/rquiroga/github/runs-n-poses/runs-n-poses-datasets/symmetry_corrected/5sg9__1__1.A__1.G/5sg9__1__1.A__1.G_ligand.pdb
  No symmetry contacts found — writing non-symm receptor only
  -> no_symmetry_contacts

Processing 5sgg__1__1.A__1.G (proper chain: 1.G)
  Downloading https://files.rcsb.org/download/5sgg.cif
  Ligand written: /home/rquiroga/github/runs-n-poses/runs-n-poses-datasets/symmetry_corrected/5sgg__1__1.A__1.G/5sgg__1__1.A__1.G_ligand.pdb
  No symmetry contacts found — writing non-symm receptor only
  -> no_symmetry_contacts

Processing 5sgh__1__1.A__1.G (proper chain: 1.G)
  Downloading https://files.rcsb.org/download/5sgh.cif
  Ligand written: /home/rquiroga/github/runs-n-poses/runs-n-poses-datasets/symmetry_corrected/5sgh__1__1.A__1.G/5sgh__1__1.A__1.G_ligand.pdb
  No symmetry contacts found — writing non-symm receptor only
  -> no_symmetry_contacts

Processing 5sgk__1__1.A__1.G (proper chain: 1.G)
  Downloading https://files.rcsb.org/download/5sgk.cif
  Ligand written: /home/rquiroga/github/runs-n-poses/runs-n-poses-datasets/symmetry_corrected/5sgk__1__1.A__1.G/5sgk__1__1.A__1.G_ligand.pdb
  No symmetry contacts found — writing non-symm receptor only
  -> no_symmetry_contacts

Processing 5sgl__1__1.A__1.G (proper chain: 1.G)
  Downloading https://files.rcsb.org/download/5sgl.cif
  Ligand written: /home/rquiroga/github/runs-n-poses/runs-n-poses-datasets/symmetry_corrected/5sgl__1__1.A__1.G/5sgl__1__1.A__1.G_ligand.pdb
  No symmetry contacts found — writing non-symm receptor only
  -> no_symmetry_contacts

Processing 5sgm__1__1.A__1.D (proper chain: 1.D)
  Downloading https://files.rcsb.org/download/5sgm.cif
  Ligand written: /home/rquiroga/github/runs-n-poses/runs-n-poses-datasets/symmetry_corrected/5sgm__1__1.A__1.D/5sgm__1__1.A__1.D_ligand.pdb
  No symmetry contacts found — writing non-symm receptor only
  -> no_symmetry_contacts

Processing 5sgp__1__1.A__1.H (proper chain: 1.H)
  Downloading https://files.rcsb.org/download/5sgp.cif
  Ligand written: /home/rquiroga/github/runs-n-poses/runs-n-poses-datasets/symmetry_corrected/5sgp__1__1.A__1.H/5sgp__1__1.A__1.H_ligand.pdb
  No symmetry contacts found — writing non-symm receptor only
  -> no_symmetry_contacts

Processing 5sgr__1__1.A__1.G (proper chain: 1.G)
  Downloading https://files.rcsb.org/download/5sgr.cif
  Ligand written: /home/rquiroga/github/runs-n-poses/runs-n-poses-datasets/symmetry_corrected/5sgr__1__1.A__1.G/5sgr__1__1.A__1.G_ligand.pdb
  No symmetry contacts found — writing non-symm receptor only
  -> no_symmetry_contacts

Processing 5sgs__1__1.A__1.G (proper chain: 1.G)
  Downloading https://files.rcsb.org/download/5sgs.cif
  Ligand written: /home/rquiroga/github/runs-n-poses/runs-n-poses-datasets/symmetry_corrected/5sgs__1__1.A__1.G/5sgs__1__1.A__1.G_ligand.pdb
  No symmetry contacts found — writing non-symm receptor only
  -> no_symmetry_contacts

Processing 5sgt__1__1.A__1.G (proper chain: 1.G)
  Downloading https://files.rcsb.org/download/5sgt.cif
  Ligand written: /home/rquiroga/github/runs-n-poses/runs-n-poses-datasets/symmetry_corrected/5sgt__1__1.A__1.G/5sgt__1__1.A__1.G_ligand.pdb
  No symmetry contacts found — writing non-symm receptor only
  -> no_symmetry_contacts

Processing 5sgu__1__1.A__1.G (proper chain: 1.G)
  Downloading https://files.rcsb.org/download/5sgu.cif
  Ligand written: /home/rquiroga/github/runs-n-poses/runs-n-poses-datasets/symmetry_corrected/5sgu__1__1.A__1.G/5sgu__1__1.A__1.G_ligand.pdb
  No symmetry contacts found — writing non-symm receptor only
  -> no_symmetry_contacts

Processing 5sgw__1__1.A__1.G (proper chain: 1.G)
  Downloading https://files.rcsb.org/download/5sgw.cif
  Ligand written: /home/rquiroga/github/runs-n-poses/runs-n-poses-datasets/symmetry_corrected/5sgw__1__1.A__1.G/5sgw__1__1.A__1.G_ligand.pdb
  No symmetry contacts found — writing non-symm receptor only
  -> no_symmetry_contacts

Processing 5sgx__1__1.A__1.G (proper chain: 1.G)
  Downloading https://files.rcsb.org/download/5sgx.cif
  Ligand written: /home/rquiroga/github/runs-n-poses/runs-n-poses-datasets/symmetry_corrected/5sgx__1__1.A__1.G/5sgx__1__1.A__1.G_ligand.pdb
  No symmetry contacts found — writing non-symm receptor only
  -> no_symmetry_contacts

Processing 5sgz__1__1.A__1.G (proper chain: 1.G)
  Downloading https://files.rcsb.org/download/5sgz.cif
  Ligand written: /home/rquiroga/github/runs-n-poses/runs-n-poses-datasets/symmetry_corrected/5sgz__1__1.A__1.G/5sgz__1__1.A__1.G_ligand.pdb
  No symmetry contacts found — writing non-symm receptor only
  -> no_symmetry_contacts

Processing 5sh0__1__1.A__1.G (proper chain: 1.G)
  Downloading https://files.rcsb.org/download/5sh0.cif
  Ligand written: /home/rquiroga/github/runs-n-poses/runs-n-poses-datasets/symmetry_corrected/5sh0__1__1.A__1.G/5sh0__1__1.A__1.G_ligand.pdb
  No symmetry contacts found — writing non-symm receptor only
  -> no_symmetry_contacts

Processing 5sh1__1__1.A__1.G (proper chain: 1.G)
  Downloading https://files.rcsb.org/download/5sh1.cif
  Ligand written: /home/rquiroga/github/runs-n-poses/runs-n-poses-datasets/symmetry_corrected/5sh1__1__1.A__1.G/5sh1__1__1.A__1.G_ligand.pdb
  No symmetry contacts found — writing non-symm receptor only
  -> no_symmetry_contacts

Processing 5sh2__1__1.A__1.G (proper chain: 1.G)
  Downloading https://files.rcsb.org/download/5sh2.cif
  Ligand written: /home/rquiroga/github/runs-n-poses/runs-n-poses-datasets/symmetry_corrected/5sh2__1__1.A__1.G/5sh2__1__1.A__1.G_ligand.pdb
  No symmetry contacts found — writing non-symm receptor only
  -> no_symmetry_contacts

Processing 5sh6__1__1.A__1.G (proper chain: 1.G)
  Downloading https://files.rcsb.org/download/5sh6.cif
  Ligand written: /home/rquiroga/github/runs-n-poses/runs-n-poses-datasets/symmetry_corrected/5sh6__1__1.A__1.G/5sh6__1__1.A__1.G_ligand.pdb
  No symmetry contacts found — writing non-symm receptor only
  -> no_symmetry_contacts

Processing 5sh8__1__1.A__1.E (proper chain: 1.E)
  Downloading https://files.rcsb.org/download/5sh8.cif
  Ligand written: /home/rquiroga/github/runs-n-poses/runs-n-poses-datasets/symmetry_corrected/5sh8__1__1.A__1.E/5sh8__1__1.A__1.E_ligand.pdb
  No symmetry contacts found — writing non-symm receptor only
  -> no_symmetry_contacts

Processing 5shc__1__1.A__1.G (proper chain: 1.G)
  Downloading https://files.rcsb.org/download/5shc.cif
  Ligand written: /home/rquiroga/github/runs-n-poses/runs-n-poses-datasets/symmetry_corrected/5shc__1__1.A__1.G/5shc__1__1.A__1.G_ligand.pdb
  No symmetry contacts found — writing non-symm receptor only
  -> no_symmetry_contacts

Processing 5shf__1__1.A__1.G (proper chain: 1.G)
  Downloading https://files.rcsb.org/download/5shf.cif
  Ligand written: /home/rquiroga/github/runs-n-poses/runs-n-poses-datasets/symmetry_corrected/5shf__1__1.A__1.G/5shf__1__1.A__1.G_ligand.pdb
  No symmetry contacts found — writing non-symm receptor only
  -> no_symmetry_contacts

Processing 5shg__1__1.A__1.G (proper chain: 1.G)
  Downloading https://files.rcsb.org/download/5shg.cif
  Ligand written: /home/rquiroga/github/runs-n-poses/runs-n-poses-datasets/symmetry_corrected/5shg__1__1.A__1.G/5shg__1__1.A__1.G_ligand.pdb
  No symmetry contacts found — writing non-symm receptor only
  -> no_symmetry_contacts

Processing 5shh__1__1.A__1.G (proper chain: 1.G)
  Downloading https://files.rcsb.org/download/5shh.cif
  Ligand written: /home/rquiroga/github/runs-n-poses/runs-n-poses-datasets/symmetry_corrected/5shh__1__1.A__1.G/5shh__1__1.A__1.G_ligand.pdb
  No symmetry contacts found — writing non-symm receptor only
  -> no_symmetry_contacts

Processing 5shi__1__1.A__1.E (proper chain: 1.E)
  Downloading https://files.rcsb.org/download/5shi.cif
  Ligand written: /home/rquiroga/github/runs-n-poses/runs-n-poses-datasets/symmetry_corrected/5shi__1__1.A__1.E/5shi__1__1.A__1.E_ligand.pdb
  No symmetry contacts found — writing non-symm receptor only
  -> no_symmetry_contacts

Processing 5shk__1__1.A__1.G (proper chain: 1.G)
  Downloading https://files.rcsb.org/download/5shk.cif
  Ligand written: /home/rquiroga/github/runs-n-poses/runs-n-poses-datasets/symmetry_corrected/5shk__1__1.A__1.G/5shk__1__1.A__1.G_ligand.pdb
  No symmetry contacts found — writing non-symm receptor only
  -> no_symmetry_contacts

Processing 5shp__1__1.A__1.G (proper chain: 1.G)
  Downloading https://files.rcsb.org/download/5shp.cif
  Ligand written: /home/rquiroga/github/runs-n-poses/runs-n-poses-datasets/symmetry_corrected/5shp__1__1.A__1.G/5shp__1__1.A__1.G_ligand.pdb
  No symmetry contacts found — writing non-symm receptor only
  -> no_symmetry_contacts

Processing 5shr__1__1.A__1.G (proper chain: 1.G)
  Downloading https://files.rcsb.org/download/5shr.cif
  Ligand written: /home/rquiroga/github/runs-n-poses/runs-n-poses-datasets/symmetry_corrected/5shr__1__1.A__1.G/5shr__1__1.A__1.G_ligand.pdb
  No symmetry contacts found — writing non-symm receptor only
  -> no_symmetry_contacts

Processing 5shu__1__1.A__1.G (proper chain: 1.G)
  Downloading https://files.rcsb.org/download/5shu.cif
  Ligand written: /home/rquiroga/github/runs-n-poses/runs-n-poses-datasets/symmetry_corrected/5shu__1__1.A__1.G/5shu__1__1.A__1.G_ligand.pdb
  No symmetry contacts found — writing non-symm receptor only
  -> no_symmetry_contacts

Processing 5shw__1__1.A__1.G (proper chain: 1.G)
  Downloading https://files.rcsb.org/download/5shw.cif
  Ligand written: /home/rquiroga/github/runs-n-poses/runs-n-poses-datasets/symmetry_corrected/5shw__1__1.A__1.G/5shw__1__1.A__1.G_ligand.pdb
  No symmetry contacts found — writing non-symm receptor only
  -> no_symmetry_contacts

Processing 5shx__1__1.A__1.G (proper chain: 1.G)
  Downloading https://files.rcsb.org/download/5shx.cif
  Ligand written: /home/rquiroga/github/runs-n-poses/runs-n-poses-datasets/symmetry_corrected/5shx__1__1.A__1.G/5shx__1__1.A__1.G_ligand.pdb
  No symmetry contacts found — writing non-symm receptor only
  -> no_symmetry_contacts

Processing 5si3__1__1.A__1.E (proper chain: 1.E)
  Downloading https://files.rcsb.org/download/5si3.cif
  Ligand written: /home/rquiroga/github/runs-n-poses/runs-n-poses-datasets/symmetry_corrected/5si3__1__1.A__1.E/5si3__1__1.A__1.E_ligand.pdb
  No symmetry contacts found — writing non-symm receptor only
  -> no_symmetry_contacts

Processing 5si5__1__1.A__1.G (proper chain: 1.G)
  Downloading https://files.rcsb.org/download/5si5.cif
  Ligand written: /home/rquiroga/github/runs-n-poses/runs-n-poses-datasets/symmetry_corrected/5si5__1__1.A__1.G/5si5__1__1.A__1.G_ligand.pdb
  No symmetry contacts found — writing non-symm receptor only
  -> no_symmetry_contacts

Processing 5si6__1__1.A__1.G (proper chain: 1.G)
  Downloading https://files.rcsb.org/download/5si6.cif
  Ligand written: /home/rquiroga/github/runs-n-poses/runs-n-poses-datasets/symmetry_corrected/5si6__1__1.A__1.G/5si6__1__1.A__1.G_ligand.pdb
  No symmetry contacts found — writing non-symm receptor only
  -> no_symmetry_contacts

Processing 5si7__1__1.A__1.G (proper chain: 1.G)
  Downloading https://files.rcsb.org/download/5si7.cif
  Ligand written: /home/rquiroga/github/runs-n-poses/runs-n-poses-datasets/symmetry_corrected/5si7__1__1.A__1.G/5si7__1__1.A__1.G_ligand.pdb
  No symmetry contacts found — writing non-symm receptor only
  -> no_symmetry_contacts

Processing 5si8__1__1.A__1.G (proper chain: 1.G)
  Downloading https://files.rcsb.org/download/5si8.cif
  Ligand written: /home/rquiroga/github/runs-n-poses/runs-n-poses-datasets/symmetry_corrected/5si8__1__1.A__1.G/5si8__1__1.A__1.G_ligand.pdb
  No symmetry contacts found — writing non-symm receptor only
  -> no_symmetry_contacts

Processing 5si9__1__1.A__1.G (proper chain: 1.G)
  Downloading https://files.rcsb.org/download/5si9.cif
  Ligand written: /home/rquiroga/github/runs-n-poses/runs-n-poses-datasets/symmetry_corrected/5si9__1__1.A__1.G/5si9__1__1.A__1.G_ligand.pdb
  No symmetry contacts found — writing non-symm receptor only
  -> no_symmetry_contacts

Processing 5sie__1__1.A__1.G (proper chain: 1.G)
  Downloading https://files.rcsb.org/download/5sie.cif
  Ligand written: /home/rquiroga/github/runs-n-poses/runs-n-poses-datasets/symmetry_corrected/5sie__1__1.A__1.G/5sie__1__1.A__1.G_ligand.pdb
  No symmetry contacts found — writing non-symm receptor only
  -> no_symmetry_contacts

Processing 5sif__1__1.A__1.I (proper chain: 1.I)
  Downloading https://files.rcsb.org/download/5sif.cif
  Ligand written: /home/rquiroga/github/runs-n-poses/runs-n-poses-datasets/symmetry_corrected/5sif__1__1.A__1.I/5sif__1__1.A__1.I_ligand.pdb
  No symmetry contacts found — writing non-symm receptor only
  -> no_symmetry_contacts

Processing 5sig__1__1.A__1.G (proper chain: 1.G)
  Downloading https://files.rcsb.org/download/5sig.cif
  Ligand written: /home/rquiroga/github/runs-n-poses/runs-n-poses-datasets/symmetry_corrected/5sig__1__1.A__1.G/5sig__1__1.A__1.G_ligand.pdb
  No symmetry contacts found — writing non-symm receptor only
  -> no_symmetry_contacts

Processing 5sih__1__1.A__1.H (proper chain: 1.H)
  Downloading https://files.rcsb.org/download/5sih.cif
  Ligand written: /home/rquiroga/github/runs-n-poses/runs-n-poses-datasets/symmetry_corrected/5sih__1__1.A__1.H/5sih__1__1.A__1.H_ligand.pdb
  No symmetry contacts found — writing non-symm receptor only
  -> no_symmetry_contacts

Processing 5sio__1__1.A__1.H (proper chain: 1.H)
  Downloading https://files.rcsb.org/download/5sio.cif
  Ligand written: /home/rquiroga/github/runs-n-poses/runs-n-poses-datasets/symmetry_corrected/5sio__1__1.A__1.H/5sio__1__1.A__1.H_ligand.pdb
  No symmetry contacts found — writing non-symm receptor only
  -> no_symmetry_contacts

Processing 5sip__1__1.A__1.G (proper chain: 1.G)
  Downloading https://files.rcsb.org/download/5sip.cif
  Ligand written: /home/rquiroga/github/runs-n-poses/runs-n-poses-datasets/symmetry_corrected/5sip__1__1.A__1.G/5sip__1__1.A__1.G_ligand.pdb
  No symmetry contacts found — writing non-symm receptor only
  -> no_symmetry_contacts

Processing 5siq__1__1.A__1.H (proper chain: 1.H)
  Downloading https://files.rcsb.org/download/5siq.cif
  Ligand written: /home/rquiroga/github/runs-n-poses/runs-n-poses-datasets/symmetry_corrected/5siq__1__1.A__1.H/5siq__1__1.A__1.H_ligand.pdb
  No symmetry contacts found — writing non-symm receptor only
  -> no_symmetry_contacts

Processing 5sir__1__1.A__1.G (proper chain: 1.G)
  Downloading https://files.rcsb.org/download/5sir.cif
  Ligand written: /home/rquiroga/github/runs-n-poses/runs-n-poses-datasets/symmetry_corrected/5sir__1__1.A__1.G/5sir__1__1.A__1.G_ligand.pdb
  No symmetry contacts found — writing non-symm receptor only
  -> no_symmetry_contacts

Processing 5siy__1__1.A__1.G (proper chain: 1.G)
  Downloading https://files.rcsb.org/download/5siy.cif
  Ligand written: /home/rquiroga/github/runs-n-poses/runs-n-poses-datasets/symmetry_corrected/5siy__1__1.A__1.G/5siy__1__1.A__1.G_ligand.pdb
  No symmetry contacts found — writing non-symm receptor only
  -> no_symmetry_contacts

Processing 5siz__1__1.A__1.G (proper chain: 1.G)
  Downloading https://files.rcsb.org/download/5siz.cif
  Ligand written: /home/rquiroga/github/runs-n-poses/runs-n-poses-datasets/symmetry_corrected/5siz__1__1.A__1.G/5siz__1__1.A__1.G_ligand.pdb
  No symmetry contacts found — writing non-symm receptor only
  -> no_symmetry_contacts

Processing 5sj1__1__1.A__1.G (proper chain: 1.G)
  Downloading https://files.rcsb.org/download/5sj1.cif
  Ligand written: /home/rquiroga/github/runs-n-poses/runs-n-poses-datasets/symmetry_corrected/5sj1__1__1.A__1.G/5sj1__1__1.A__1.G_ligand.pdb
  No symmetry contacts found — writing non-symm receptor only
  -> no_symmetry_contacts

Processing 5sj7__1__1.A__1.G (proper chain: 1.G)
  Downloading https://files.rcsb.org/download/5sj7.cif
  Ligand written: /home/rquiroga/github/runs-n-poses/runs-n-poses-datasets/symmetry_corrected/5sj7__1__1.A__1.G/5sj7__1__1.A__1.G_ligand.pdb
  No symmetry contacts found — writing non-symm receptor only
  -> no_symmetry_contacts

Processing 5sj8__1__1.A__1.G (proper chain: 1.G)
  Downloading https://files.rcsb.org/download/5sj8.cif
  Ligand written: /home/rquiroga/github/runs-n-poses/runs-n-poses-datasets/symmetry_corrected/5sj8__1__1.A__1.G/5sj8__1__1.A__1.G_ligand.pdb
  No symmetry contacts found — writing non-symm receptor only
  -> no_symmetry_contacts

Processing 5sjb__1__1.A__1.G (proper chain: 1.G)
  Downloading https://files.rcsb.org/download/5sjb.cif
  Ligand written: /home/rquiroga/github/runs-n-poses/runs-n-poses-datasets/symmetry_corrected/5sjb__1__1.A__1.G/5sjb__1__1.A__1.G_ligand.pdb
  No symmetry contacts found — writing non-symm receptor only
  -> no_symmetry_contacts

Processing 5sjc__1__1.A__1.F (proper chain: 1.F)
  Downloading https://files.rcsb.org/download/5sjc.cif
  Ligand written: /home/rquiroga/github/runs-n-poses/runs-n-poses-datasets/symmetry_corrected/5sjc__1__1.A__1.F/5sjc__1__1.A__1.F_ligand.pdb
  No symmetry contacts found — writing non-symm receptor only
  -> no_symmetry_contacts

Processing 5sjf__1__1.A__1.H (proper chain: 1.H)
  Downloading https://files.rcsb.org/download/5sjf.cif
  Ligand written: /home/rquiroga/github/runs-n-poses/runs-n-poses-datasets/symmetry_corrected/5sjf__1__1.A__1.H/5sjf__1__1.A__1.H_ligand.pdb
  No symmetry contacts found — writing non-symm receptor only
  -> no_symmetry_contacts

Processing 5sjg__1__1.A__1.G (proper chain: 1.G)
  Downloading https://files.rcsb.org/download/5sjg.cif
  Ligand written: /home/rquiroga/github/runs-n-poses/runs-n-poses-datasets/symmetry_corrected/5sjg__1__1.A__1.G/5sjg__1__1.A__1.G_ligand.pdb
  No symmetry contacts found — writing non-symm receptor only
  -> no_symmetry_contacts

Processing 5sjl__1__1.A__1.G (proper chain: 1.G)
  Downloading https://files.rcsb.org/download/5sjl.cif
  Ligand written: /home/rquiroga/github/runs-n-poses/runs-n-poses-datasets/symmetry_corrected/5sjl__1__1.A__1.G/5sjl__1__1.A__1.G_ligand.pdb
  No symmetry contacts found — writing non-symm receptor only
  -> no_symmetry_contacts

Processing 5sjo__1__1.A__1.H (proper chain: 1.H)
  Downloading https://files.rcsb.org/download/5sjo.cif
  Ligand written: /home/rquiroga/github/runs-n-poses/runs-n-poses-datasets/symmetry_corrected/5sjo__1__1.A__1.H/5sjo__1__1.A__1.H_ligand.pdb
  No symmetry contacts found — writing non-symm receptor only
  -> no_symmetry_contacts

Processing 5sjt__1__1.A__1.H (proper chain: 1.H)
  Downloading https://files.rcsb.org/download/5sjt.cif
  Ligand written: /home/rquiroga/github/runs-n-poses/runs-n-poses-datasets/symmetry_corrected/5sjt__1__1.A__1.H/5sjt__1__1.A__1.H_ligand.pdb
  No symmetry contacts found — writing non-symm receptor only
  -> no_symmetry_contacts

Processing 5sju__1__1.A__1.G (proper chain: 1.G)
  Downloading https://files.rcsb.org/download/5sju.cif
  Ligand written: /home/rquiroga/github/runs-n-poses/runs-n-poses-datasets/symmetry_corrected/5sju__1__1.A__1.G/5sju__1__1.A__1.G_ligand.pdb
  No symmetry contacts found — writing non-symm receptor only
  -> no_symmetry_contacts

Processing 5sjv__1__1.A__1.G (proper chain: 1.G)
  Downloading https://files.rcsb.org/download/5sjv.cif
  Ligand written: /home/rquiroga/github/runs-n-poses/runs-n-poses-datasets/symmetry_corrected/5sjv__1__1.A__1.G/5sjv__1__1.A__1.G_ligand.pdb
  No symmetry contacts found — writing non-symm receptor only
  -> no_symmetry_contacts

Processing 5sjw__1__1.A__1.I (proper chain: 1.I)
  Downloading https://files.rcsb.org/download/5sjw.cif
  Ligand written: /home/rquiroga/github/runs-n-poses/runs-n-poses-datasets/symmetry_corrected/5sjw__1__1.A__1.I/5sjw__1__1.A__1.I_ligand.pdb
  No symmetry contacts found — writing non-symm receptor only
  -> no_symmetry_contacts

Processing 5sk0__1__1.A__1.G (proper chain: 1.G)
  Downloading https://files.rcsb.org/download/5sk0.cif
  Ligand written: /home/rquiroga/github/runs-n-poses/runs-n-poses-datasets/symmetry_corrected/5sk0__1__1.A__1.G/5sk0__1__1.A__1.G_ligand.pdb
  No symmetry contacts found — writing non-symm receptor only
  -> no_symmetry_contacts

Processing 5sk4__1__1.A__1.G (proper chain: 1.G)
  Downloading https://files.rcsb.org/download/5sk4.cif
  Ligand written: /home/rquiroga/github/runs-n-poses/runs-n-poses-datasets/symmetry_corrected/5sk4__1__1.A__1.G/5sk4__1__1.A__1.G_ligand.pdb
  No symmetry contacts found — writing non-symm receptor only
  -> no_symmetry_contacts

Processing 5sk5__1__1.A__1.H (proper chain: 1.H)
  Downloading https://files.rcsb.org/download/5sk5.cif
  Ligand written: /home/rquiroga/github/runs-n-poses/runs-n-poses-datasets/symmetry_corrected/5sk5__1__1.A__1.H/5sk5__1__1.A__1.H_ligand.pdb
  No symmetry contacts found — writing non-symm receptor only
  -> no_symmetry_contacts

Processing 5sk6__1__1.A__1.G (proper chain: 1.G)
  Downloading https://files.rcsb.org/download/5sk6.cif
  Ligand written: /home/rquiroga/github/runs-n-poses/runs-n-poses-datasets/symmetry_corrected/5sk6__1__1.A__1.G/5sk6__1__1.A__1.G_ligand.pdb
  No symmetry contacts found — writing non-symm receptor only
  -> no_symmetry_contacts

Processing 5sk9__1__1.A__1.G (proper chain: 1.G)
  Downloading https://files.rcsb.org/download/5sk9.cif
  Ligand written: /home/rquiroga/github/runs-n-poses/runs-n-poses-datasets/symmetry_corrected/5sk9__1__1.A__1.G/5sk9__1__1.A__1.G_ligand.pdb
  No symmetry contacts found — writing non-symm receptor only
  -> no_symmetry_contacts

Processing 5skd__1__1.A__1.G (proper chain: 1.G)
  Downloading https://files.rcsb.org/download/5skd.cif
  Ligand written: /home/rquiroga/github/runs-n-poses/runs-n-poses-datasets/symmetry_corrected/5skd__1__1.A__1.G/5skd__1__1.A__1.G_ligand.pdb
  No symmetry contacts found — writing non-symm receptor only
  -> no_symmetry_contacts

Processing 5ske__1__1.A__1.G (proper chain: 1.G)
  Downloading https://files.rcsb.org/download/5ske.cif
  Ligand written: /home/rquiroga/github/runs-n-poses/runs-n-poses-datasets/symmetry_corrected/5ske__1__1.A__1.G/5ske__1__1.A__1.G_ligand.pdb
  No symmetry contacts found — writing non-symm receptor only
  -> no_symmetry_contacts

Processing 5skf__1__1.A__1.I (proper chain: 1.I)
  Downloading https://files.rcsb.org/download/5skf.cif
  Ligand written: /home/rquiroga/github/runs-n-poses/runs-n-poses-datasets/symmetry_corrected/5skf__1__1.A__1.I/5skf__1__1.A__1.I_ligand.pdb
  No symmetry contacts found — writing non-symm receptor only
  -> no_symmetry_contacts

Processing 5skg__1__1.A__1.G (proper chain: 1.G)
  Downloading https://files.rcsb.org/download/5skg.cif
  Ligand written: /home/rquiroga/github/runs-n-poses/runs-n-poses-datasets/symmetry_corrected/5skg__1__1.A__1.G/5skg__1__1.A__1.G_ligand.pdb
  No symmetry contacts found — writing non-symm receptor only
  -> no_symmetry_contacts

Processing 5skh__1__1.A__1.H (proper chain: 1.H)
  Downloading https://files.rcsb.org/download/5skh.cif
  Ligand written: /home/rquiroga/github/runs-n-poses/runs-n-poses-datasets/symmetry_corrected/5skh__1__1.A__1.H/5skh__1__1.A__1.H_ligand.pdb
  No symmetry contacts found — writing non-symm receptor only
  -> no_symmetry_contacts

Processing 5ski__1__1.A__1.G (proper chain: 1.G)
  Downloading https://files.rcsb.org/download/5ski.cif
  Ligand written: /home/rquiroga/github/runs-n-poses/runs-n-poses-datasets/symmetry_corrected/5ski__1__1.A__1.G/5ski__1__1.A__1.G_ligand.pdb
  No symmetry contacts found — writing non-symm receptor only
  -> no_symmetry_contacts

Processing 5skl__1__1.A__1.G (proper chain: 1.G)
  Downloading https://files.rcsb.org/download/5skl.cif
  Ligand written: /home/rquiroga/github/runs-n-poses/runs-n-poses-datasets/symmetry_corrected/5skl__1__1.A__1.G/5skl__1__1.A__1.G_ligand.pdb
  No symmetry contacts found — writing non-symm receptor only
  -> no_symmetry_contacts

Processing 5skm__1__1.A__1.G (proper chain: 1.G)
  Downloading https://files.rcsb.org/download/5skm.cif
  Ligand written: /home/rquiroga/github/runs-n-poses/runs-n-poses-datasets/symmetry_corrected/5skm__1__1.A__1.G/5skm__1__1.A__1.G_ligand.pdb
  No symmetry contacts found — writing non-symm receptor only
  -> no_symmetry_contacts

Processing 5sko__1__1.A__1.G (proper chain: 1.G)
  Downloading https://files.rcsb.org/download/5sko.cif
  Ligand written: /home/rquiroga/github/runs-n-poses/runs-n-poses-datasets/symmetry_corrected/5sko__1__1.A__1.G/5sko__1__1.A__1.G_ligand.pdb
  No symmetry contacts found — writing non-symm receptor only
  -> no_symmetry_contacts

Processing 5skr__1__1.A__1.G (proper chain: 1.G)
  Downloading https://files.rcsb.org/download/5skr.cif
  Ligand written: /home/rquiroga/github/runs-n-poses/runs-n-poses-datasets/symmetry_corrected/5skr__1__1.A__1.G/5skr__1__1.A__1.G_ligand.pdb
  No symmetry contacts found — writing non-symm receptor only
  -> no_symmetry_contacts

Processing 5skt__1__1.A__1.G (proper chain: 1.G)
  Downloading https://files.rcsb.org/download/5skt.cif
  Ligand written: /home/rquiroga/github/runs-n-poses/runs-n-poses-datasets/symmetry_corrected/5skt__1__1.A__1.G/5skt__1__1.A__1.G_ligand.pdb
  No symmetry contacts found — writing non-symm receptor only
  -> no_symmetry_contacts

Processing 5sku__1__1.A__1.G (proper chain: 1.G)
  Downloading https://files.rcsb.org/download/5sku.cif
  Ligand written: /home/rquiroga/github/runs-n-poses/runs-n-poses-datasets/symmetry_corrected/5sku__1__1.A__1.G/5sku__1__1.A__1.G_ligand.pdb
  No symmetry contacts found — writing non-symm receptor only
  -> no_symmetry_contacts

Processing 5slg__1__1.A__1.G (proper chain: 1.G)
  Downloading https://files.rcsb.org/download/5slg.cif
  Ligand written: /home/rquiroga/github/runs-n-poses/runs-n-poses-datasets/symmetry_corrected/5slg__1__1.A__1.G/5slg__1__1.A__1.G_ligand.pdb
  No symmetry contacts found — writing non-symm receptor only
  -> no_symmetry_contacts

Processing 5umb__1__1.A__1.E_1.F_1.G (proper chain: 1.G)
  Downloading https://files.rcsb.org/download/5umb.cif
  Ligand written: /home/rquiroga/github/runs-n-poses/runs-n-poses-datasets/symmetry_corrected/5umb__1__1.A__1.E_1.F_1.G/5umb__1__1.A__1.E_1.F_1.G_ligand.pdb
  No symmetry contacts found — writing non-symm receptor only
  -> no_symmetry_contacts

Processing 6th4__1__1.C_1.D__1.T (proper chain: 1.T)
  Downloading https://files.rcsb.org/download/6th4.cif
  Ligand written: /home/rquiroga/github/runs-n-poses/runs-n-poses-datasets/symmetry_corrected/6th4__1__1.C_1.D__1.T/6th4__1__1.C_1.D__1.T_ligand.pdb
  No symmetry contacts found — writing non-symm receptor only
  -> no_symmetry_contacts

Processing 6xqr__1__1.B__1.E (proper chain: 1.E)
  Downloading https://files.rcsb.org/download/6xqr.cif
  Ligand written: /home/rquiroga/github/runs-n-poses/runs-n-poses-datasets/symmetry_corrected/6xqr__1__1.B__1.E/6xqr__1__1.B__1.E_ligand.pdb
  No symmetry contacts found — writing non-symm receptor only
  -> no_symmetry_contacts

Processing 6z48__1__1.B__1.J (proper chain: 1.J)
  Downloading https://files.rcsb.org/download/6z48.cif
  Ligand written: /home/rquiroga/github/runs-n-poses/runs-n-poses-datasets/symmetry_corrected/6z48__1__1.B__1.J/6z48__1__1.B__1.J_ligand.pdb
  No symmetry contacts found — writing non-symm receptor only
  -> no_symmetry_contacts

Processing 6zfz__1__1.A__1.B (proper chain: 1.B)
  Downloading https://files.rcsb.org/download/6zfz.cif
  Ligand written: /home/rquiroga/github/runs-n-poses/runs-n-poses-datasets/symmetry_corrected/6zfz__1__1.A__1.B/6zfz__1__1.A__1.B_ligand.pdb
  No symmetry contacts found — writing non-symm receptor only
  -> no_symmetry_contacts

Processing 6zg4__1__1.A__1.B (proper chain: 1.B)
  Downloading https://files.rcsb.org/download/6zg4.cif
  Ligand written: /home/rquiroga/github/runs-n-poses/runs-n-poses-datasets/symmetry_corrected/6zg4__1__1.A__1.B/6zg4__1__1.A__1.B_ligand.pdb
  No symmetry contacts found — writing non-symm receptor only
  -> no_symmetry_contacts

Processing 6zg9__1__1.A__1.B (proper chain: 1.B)
  Downloading https://files.rcsb.org/download/6zg9.cif
  Ligand written: /home/rquiroga/github/runs-n-poses/runs-n-poses-datasets/symmetry_corrected/6zg9__1__1.A__1.B/6zg9__1__1.A__1.B_ligand.pdb
  No symmetry contacts found — writing non-symm receptor only
  -> no_symmetry_contacts

Processing 6zk2__1__1.A_1.B__1.E_1.F (proper chain: 1.F)
  Downloading https://files.rcsb.org/download/6zk2.cif
  Ligand written: /home/rquiroga/github/runs-n-poses/runs-n-poses-datasets/symmetry_corrected/6zk2__1__1.A_1.B__1.E_1.F/6zk2__1__1.A_1.B__1.E_1.F_ligand.pdb
  No symmetry contacts found — writing non-symm receptor only
  -> no_symmetry_contacts

Processing 6zk5__1__1.A_1.B__1.F_1.G (proper chain: 1.F)
  Downloading https://files.rcsb.org/download/6zk5.cif
  Ligand written: /home/rquiroga/github/runs-n-poses/runs-n-poses-datasets/symmetry_corrected/6zk5__1__1.A_1.B__1.F_1.G/6zk5__1__1.A_1.B__1.F_1.G_ligand.pdb
  No symmetry contacts found — writing non-symm receptor only
  -> no_symmetry_contacts

Processing 6zx1__1__1.A_2.A__1.B (proper chain: 1.B)
  Downloading https://files.rcsb.org/download/6zx1.cif
  Ligand written: /home/rquiroga/github/runs-n-poses/runs-n-poses-datasets/symmetry_corrected/6zx1__1__1.A_2.A__1.B/6zx1__1__1.A_2.A__1.B_ligand.pdb
  Found 1 symmetry operations with contacts
  Receptor (symm) written: /home/rquiroga/github/runs-n-poses/runs-n-poses-datasets/symmetry_corrected/6zx1__1__1.A_2.A__1.B/6zx1__1__1.A_2.A__1.B_receptor_symm.pdb
  Total chains in output: 5
  -> ok

Processing 7a4q__1__1.A__1.B (proper chain: 1.B)
  Downloading https://files.rcsb.org/download/7a4q.cif
  Ligand written: /home/rquiroga/github/runs-n-poses/runs-n-poses-datasets/symmetry_corrected/7a4q__1__1.A__1.B/7a4q__1__1.A__1.B_ligand.pdb
  No symmetry contacts found — writing non-symm receptor only
  -> no_symmetry_contacts

Processing 7a9g__1__1.A_1.B__1.O_1.P (proper chain: 1.O)
  Downloading https://files.rcsb.org/download/7a9g.cif
  Ligand written: /home/rquiroga/github/runs-n-poses/runs-n-poses-datasets/symmetry_corrected/7a9g__1__1.A_1.B__1.O_1.P/7a9g__1__1.A_1.B__1.O_1.P_ligand.pdb
  No symmetry contacts found — writing non-symm receptor only
  -> no_symmetry_contacts

Processing 7a9h__1__1.A_1.B__1.C_1.D (proper chain: 1.D)
  Downloading https://files.rcsb.org/download/7a9h.cif
  Ligand written: /home/rquiroga/github/runs-n-poses/runs-n-poses-datasets/symmetry_corrected/7a9h__1__1.A_1.B__1.C_1.D/7a9h__1__1.A_1.B__1.C_1.D_ligand.pdb
  No symmetry contacts found — writing non-symm receptor only
  -> no_symmetry_contacts

Processing 7aag__1__1.A__1.G_1.H (proper chain: 1.G)
  Downloading https://files.rcsb.org/download/7aag.cif
  Ligand written: /home/rquiroga/github/runs-n-poses/runs-n-poses-datasets/symmetry_corrected/7aag__1__1.A__1.G_1.H/7aag__1__1.A__1.G_1.H_ligand.pdb
  No symmetry contacts found — writing non-symm receptor only
  -> no_symmetry_contacts

Processing 7ab9__1__1.A__1.G_1.P (proper chain: 1.P)
  Downloading https://files.rcsb.org/download/7ab9.cif
  Ligand written: /home/rquiroga/github/runs-n-poses/runs-n-poses-datasets/symmetry_corrected/7ab9__1__1.A__1.G_1.P/7ab9__1__1.A__1.G_1.P_ligand.pdb
  No symmetry contacts found — writing non-symm receptor only
  -> no_symmetry_contacts

Processing 7abe__1__1.A__1.G_1.W (proper chain: 1.W)
  Downloading https://files.rcsb.org/download/7abe.cif
  Ligand written: /home/rquiroga/github/runs-n-poses/runs-n-poses-datasets/symmetry_corrected/7abe__1__1.A__1.G_1.W/7abe__1__1.A__1.G_1.W_ligand.pdb
  No symmetry contacts found — writing non-symm receptor only
  -> no_symmetry_contacts

Processing 7abj__1__1.A__1.T (proper chain: 1.T)
  Downloading https://files.rcsb.org/download/7abj.cif
  Ligand written: /home/rquiroga/github/runs-n-poses/runs-n-poses-datasets/symmetry_corrected/7abj__1__1.A__1.T/7abj__1__1.A__1.T_ligand.pdb
  No symmetry contacts found — writing non-symm receptor only
  -> no_symmetry_contacts

Processing 7afz__1__2.A__2.B_2.C_2.D (proper chain: 2.D)
  Downloading https://files.rcsb.org/download/7afz.cif
  Ligand written: /home/rquiroga/github/runs-n-poses/runs-n-poses-datasets/symmetry_corrected/7afz__1__2.A__2.B_2.C_2.D/7afz__1__2.A__2.B_2.C_2.D_ligand.pdb
  No symmetry contacts found — writing non-symm receptor only
  -> no_symmetry_contacts

Processing 7ait__1__1.A__1.C (proper chain: 1.C)
  Downloading https://files.rcsb.org/download/7ait.cif
  Ligand written: /home/rquiroga/github/runs-n-poses/runs-n-poses-datasets/symmetry_corrected/7ait__1__1.A__1.C/7ait__1__1.A__1.C_ligand.pdb
  No symmetry contacts found — writing non-symm receptor only
  -> no_symmetry_contacts

Processing 7aiu__1__1.A__1.H (proper chain: 1.H)
  Downloading https://files.rcsb.org/download/7aiu.cif
  Ligand written: /home/rquiroga/github/runs-n-poses/runs-n-poses-datasets/symmetry_corrected/7aiu__1__1.A__1.H/7aiu__1__1.A__1.H_ligand.pdb
  No symmetry contacts found — writing non-symm receptor only
  -> no_symmetry_contacts

Processing 7aiw__1__2.B__2.M (proper chain: 2.M)
  Downloading https://files.rcsb.org/download/7aiw.cif
  Ligand written: /home/rquiroga/github/runs-n-poses/runs-n-poses-datasets/symmetry_corrected/7aiw__1__2.B__2.M/7aiw__1__2.B__2.M_ligand.pdb
  No symmetry contacts found — writing non-symm receptor only
  -> no_symmetry_contacts

Processing 7an8__1__1.B__1.E (proper chain: 1.E)
  Downloading https://files.rcsb.org/download/7an8.cif
  Ligand written: /home/rquiroga/github/runs-n-poses/runs-n-poses-datasets/symmetry_corrected/7an8__1__1.B__1.E/7an8__1__1.B__1.E_ligand.pdb
  No symmetry contacts found — writing non-symm receptor only
  -> no_symmetry_contacts

Processing 7ana__1__1.A__1.C (proper chain: 1.C)
  Downloading https://files.rcsb.org/download/7ana.cif
  Ligand written: /home/rquiroga/github/runs-n-poses/runs-n-poses-datasets/symmetry_corrected/7ana__1__1.A__1.C/7ana__1__1.A__1.C_ligand.pdb
  No symmetry contacts found — writing non-symm receptor only
  -> no_symmetry_contacts

Processing 7au4__1__1.A_2.A__2.D (proper chain: 2.D)
  Downloading https://files.rcsb.org/download/7au4.cif
  Ligand written: /home/rquiroga/github/runs-n-poses/runs-n-poses-datasets/symmetry_corrected/7au4__1__1.A_2.A__2.D/7au4__1__1.A_2.A__2.D_ligand.pdb
  Found 2 symmetry operations with contacts
  Receptor (symm) written: /home/rquiroga/github/runs-n-poses/runs-n-poses-datasets/symmetry_corrected/7au4__1__1.A_2.A__2.D/7au4__1__1.A_2.A__2.D_receptor_symm.pdb
  Total chains in output: 7
  -> ok

Processing 7ay9__1__1.A__1.I (proper chain: 1.I)
  Downloading https://files.rcsb.org/download/7ay9.cif
  Ligand written: /home/rquiroga/github/runs-n-poses/runs-n-poses-datasets/symmetry_corrected/7ay9__1__1.A__1.I/7ay9__1__1.A__1.I_ligand.pdb
  No symmetry contacts found — writing non-symm receptor only
  -> no_symmetry_contacts

Processing 7aya__1__1.A__1.H_1.N_1.U (proper chain: 1.U)
  Downloading https://files.rcsb.org/download/7aya.cif
  Ligand written: /home/rquiroga/github/runs-n-poses/runs-n-poses-datasets/symmetry_corrected/7aya__1__1.A__1.H_1.N_1.U/7aya__1__1.A__1.H_1.N_1.U_ligand.pdb
  No symmetry contacts found — writing non-symm receptor only
  -> no_symmetry_contacts

Processing 7ayz__1__1.A__1.D (proper chain: 1.D)
  Downloading https://files.rcsb.org/download/7ayz.cif
  Ligand written: /home/rquiroga/github/runs-n-poses/runs-n-poses-datasets/symmetry_corrected/7ayz__1__1.A__1.D/7ayz__1__1.A__1.D_ligand.pdb
  No symmetry contacts found — writing non-symm receptor only
  -> no_symmetry_contacts

Processing 7b2u__1__1.A_1.B__1.C (proper chain: 1.C)
  Downloading https://files.rcsb.org/download/7b2u.cif
  Ligand written: /home/rquiroga/github/runs-n-poses/runs-n-poses-datasets/symmetry_corrected/7b2u__1__1.A_1.B__1.C/7b2u__1__1.A_1.B__1.C_ligand.pdb
  No symmetry contacts found — writing non-symm receptor only
  -> no_symmetry_contacts

Processing 7b3g__1__1.A__1.I (proper chain: 1.I)
  Downloading https://files.rcsb.org/download/7b3g.cif
  Ligand written: /home/rquiroga/github/runs-n-poses/runs-n-poses-datasets/symmetry_corrected/7b3g__1__1.A__1.I/7b3g__1__1.A__1.I_ligand.pdb
  No symmetry contacts found — writing non-symm receptor only
  -> no_symmetry_contacts

Processing 7b3h__1__1.A__1.H (proper chain: 1.H)
  Downloading https://files.rcsb.org/download/7b3h.cif
  Ligand written: /home/rquiroga/github/runs-n-poses/runs-n-poses-datasets/symmetry_corrected/7b3h__1__1.A__1.H/7b3h__1__1.A__1.H_ligand.pdb
  No symmetry contacts found — writing non-symm receptor only
  -> no_symmetry_contacts

Processing 7b3i__1__1.A__1.I (proper chain: 1.I)
  Downloading https://files.rcsb.org/download/7b3i.cif
  Ligand written: /home/rquiroga/github/runs-n-poses/runs-n-poses-datasets/symmetry_corrected/7b3i__1__1.A__1.I/7b3i__1__1.A__1.I_ligand.pdb
  No symmetry contacts found — writing non-symm receptor only
  -> no_symmetry_contacts

Processing 7b3p__1__1.A__1.G (proper chain: 1.G)
  Downloading https://files.rcsb.org/download/7b3p.cif
  Ligand written: /home/rquiroga/github/runs-n-poses/runs-n-poses-datasets/symmetry_corrected/7b3p__1__1.A__1.G/7b3p__1__1.A__1.G_ligand.pdb
  No symmetry contacts found — writing non-symm receptor only
  -> no_symmetry_contacts

Processing 7b3x__1__1.A__1.F (proper chain: 1.F)
  Downloading https://files.rcsb.org/download/7b3x.cif
  Ligand written: /home/rquiroga/github/runs-n-poses/runs-n-poses-datasets/symmetry_corrected/7b3x__1__1.A__1.F/7b3x__1__1.A__1.F_ligand.pdb
  No symmetry contacts found — writing non-symm receptor only
  -> no_symmetry_contacts

Processing 7b4x__1__1.A__1.M (proper chain: 1.M)
  Downloading https://files.rcsb.org/download/7b4x.cif
  Ligand written: /home/rquiroga/github/runs-n-poses/runs-n-poses-datasets/symmetry_corrected/7b4x__1__1.A__1.M/7b4x__1__1.A__1.M_ligand.pdb
  No symmetry contacts found — writing non-symm receptor only
  -> no_symmetry_contacts

Processing 7b6v__1__1.C_1.D__1.Y (proper chain: 1.Y)
  Downloading https://files.rcsb.org/download/7b6v.cif
  Ligand written: /home/rquiroga/github/runs-n-poses/runs-n-poses-datasets/symmetry_corrected/7b6v__1__1.C_1.D__1.Y/7b6v__1__1.C_1.D__1.Y_ligand.pdb
  No symmetry contacts found — writing non-symm receptor only
  -> no_symmetry_contacts

Processing 7b77__1__1.A_2.A__1.F (proper chain: 1.F)
  Downloading https://files.rcsb.org/download/7b77.cif
  Ligand written: /home/rquiroga/github/runs-n-poses/runs-n-poses-datasets/symmetry_corrected/7b77__1__1.A_2.A__1.F/7b77__1__1.A_2.A__1.F_ligand.pdb
  Found 1 symmetry operations with contacts
  Receptor (symm) written: /home/rquiroga/github/runs-n-poses/runs-n-poses-datasets/symmetry_corrected/7b77__1__1.A_2.A__1.F/7b77__1__1.A_2.A__1.F_receptor_symm.pdb
  Total chains in output: 5
  -> ok

Processing 7b87__1__1.A__1.N (proper chain: 1.N)
  Downloading https://files.rcsb.org/download/7b87.cif
  Ligand written: /home/rquiroga/github/runs-n-poses/runs-n-poses-datasets/symmetry_corrected/7b87__1__1.A__1.N/7b87__1__1.A__1.N_ligand.pdb
  No symmetry contacts found — writing non-symm receptor only
  -> no_symmetry_contacts

Processing 7b89__1__1.A__1.D (proper chain: 1.D)
  Downloading https://files.rcsb.org/download/7b89.cif
  Ligand written: /home/rquiroga/github/runs-n-poses/runs-n-poses-datasets/symmetry_corrected/7b89__1__1.A__1.D/7b89__1__1.A__1.D_ligand.pdb
  No symmetry contacts found — writing non-symm receptor only
  -> no_symmetry_contacts

Processing 7b8a__1__1.A__1.F (proper chain: 1.F)
  Downloading https://files.rcsb.org/download/7b8a.cif
  Ligand written: /home/rquiroga/github/runs-n-poses/runs-n-poses-datasets/symmetry_corrected/7b8a__1__1.A__1.F/7b8a__1__1.A__1.F_ligand.pdb
  Found 1 symmetry operations with contacts
  Receptor (symm) written: /home/rquiroga/github/runs-n-poses/runs-n-poses-datasets/symmetry_corrected/7b8a__1__1.A__1.F/7b8a__1__1.A__1.F_receptor_symm.pdb
  Total chains in output: 3
  -> ok

Processing 7b9p__1__1.A_2.A__1.B_1.C (proper chain: 1.B)
  Downloading https://files.rcsb.org/download/7b9p.cif
  Ligand written: /home/rquiroga/github/runs-n-poses/runs-n-poses-datasets/symmetry_corrected/7b9p__1__1.A_2.A__1.B_1.C/7b9p__1__1.A_2.A__1.B_1.C_ligand.pdb
  No symmetry contacts found — writing non-symm receptor only
  -> no_symmetry_contacts

Processing 7bbn__1__1.B__1.E_1.F (proper chain: 1.E)
  Downloading https://files.rcsb.org/download/7bbn.cif
  Ligand written: /home/rquiroga/github/runs-n-poses/runs-n-poses-datasets/symmetry_corrected/7bbn__1__1.B__1.E_1.F/7bbn__1__1.B__1.E_1.F_ligand.pdb
  No symmetry contacts found — writing non-symm receptor only
  -> no_symmetry_contacts

Processing 7bc9__1__1.A__1.J (proper chain: 1.J)
  Downloading https://files.rcsb.org/download/7bc9.cif
  Ligand written: /home/rquiroga/github/runs-n-poses/runs-n-poses-datasets/symmetry_corrected/7bc9__1__1.A__1.J/7bc9__1__1.A__1.J_ligand.pdb
  No symmetry contacts found — writing non-symm receptor only
  -> no_symmetry_contacts

Processing 7bcf__1__1.A__1.H (proper chain: 1.H)
  Downloading https://files.rcsb.org/download/7bcf.cif
  Ligand written: /home/rquiroga/github/runs-n-poses/runs-n-poses-datasets/symmetry_corrected/7bcf__1__1.A__1.H/7bcf__1__1.A__1.H_ligand.pdb
  No symmetry contacts found — writing non-symm receptor only
  -> no_symmetry_contacts

Processing 7bdd__1__1.A__1.G (proper chain: 1.G)
  Downloading https://files.rcsb.org/download/7bdd.cif
  Ligand written: /home/rquiroga/github/runs-n-poses/runs-n-poses-datasets/symmetry_corrected/7bdd__1__1.A__1.G/7bdd__1__1.A__1.G_ligand.pdb
  No symmetry contacts found — writing non-symm receptor only
  -> no_symmetry_contacts

Processing 7bi6__1__1.A__1.B_1.G (proper chain: 1.B)
  Downloading https://files.rcsb.org/download/7bi6.cif
  Ligand written: /home/rquiroga/github/runs-n-poses/runs-n-poses-datasets/symmetry_corrected/7bi6__1__1.A__1.B_1.G/7bi6__1__1.A__1.B_1.G_ligand.pdb
  No symmetry contacts found — writing non-symm receptor only
  -> no_symmetry_contacts

Processing 7bis__1__1.A_2.A__2.F (proper chain: 2.F)
  Downloading https://files.rcsb.org/download/7bis.cif
  Ligand written: /home/rquiroga/github/runs-n-poses/runs-n-poses-datasets/symmetry_corrected/7bis__1__1.A_2.A__2.F/7bis__1__1.A_2.A__2.F_ligand.pdb
  Found 1 symmetry operations with contacts
  Receptor (symm) written: /home/rquiroga/github/runs-n-poses/runs-n-poses-datasets/symmetry_corrected/7bis__1__1.A_2.A__2.F/7bis__1__1.A_2.A__2.F_receptor_symm.pdb
  Total chains in output: 5
  -> ok

Processing 7bk9__1__1.A_2.A__2.F (proper chain: 2.F)
  Downloading https://files.rcsb.org/download/7bk9.cif
  Ligand written: /home/rquiroga/github/runs-n-poses/runs-n-poses-datasets/symmetry_corrected/7bk9__1__1.A_2.A__2.F/7bk9__1__1.A_2.A__2.F_ligand.pdb
  Found 1 symmetry operations with contacts
  Receptor (symm) written: /home/rquiroga/github/runs-n-poses/runs-n-poses-datasets/symmetry_corrected/7bk9__1__1.A_2.A__2.F/7bk9__1__1.A_2.A__2.F_receptor_symm.pdb
  Total chains in output: 5
  -> ok

Processing 7blw__1__1.A__1.F (proper chain: 1.F)
  Downloading https://files.rcsb.org/download/7blw.cif
  Ligand written: /home/rquiroga/github/runs-n-poses/runs-n-poses-datasets/symmetry_corrected/7blw__1__1.A__1.F/7blw__1__1.A__1.F_ligand.pdb
  No symmetry contacts found — writing non-symm receptor only
  -> no_symmetry_contacts

Processing 7bm3__1__1.A__1.M_1.P (proper chain: 1.P)
  Downloading https://files.rcsb.org/download/7bm3.cif
  Ligand written: /home/rquiroga/github/runs-n-poses/runs-n-poses-datasets/symmetry_corrected/7bm3__1__1.A__1.M_1.P/7bm3__1__1.A__1.M_1.P_ligand.pdb
  No symmetry contacts found — writing non-symm receptor only
  -> no_symmetry_contacts

Processing 7bm7__1__1.A__1.F (proper chain: 1.F)
  Downloading https://files.rcsb.org/download/7bm7.cif
  Ligand written: /home/rquiroga/github/runs-n-poses/runs-n-poses-datasets/symmetry_corrected/7bm7__1__1.A__1.F/7bm7__1__1.A__1.F_ligand.pdb
  No symmetry contacts found — writing non-symm receptor only
  -> no_symmetry_contacts

Processing 7bmd__1__1.A__1.G_1.R (proper chain: 1.R)
  Downloading https://files.rcsb.org/download/7bmd.cif
  Ligand written: /home/rquiroga/github/runs-n-poses/runs-n-poses-datasets/symmetry_corrected/7bmd__1__1.A__1.G_1.R/7bmd__1__1.A__1.G_1.R_ligand.pdb
  No symmetry contacts found — writing non-symm receptor only
  -> no_symmetry_contacts

Processing 7bn5__1__1.A__1.G (proper chain: 1.G)
  Downloading https://files.rcsb.org/download/7bn5.cif
  Ligand written: /home/rquiroga/github/runs-n-poses/runs-n-poses-datasets/symmetry_corrected/7bn5__1__1.A__1.G/7bn5__1__1.A__1.G_ligand.pdb
  No symmetry contacts found — writing non-symm receptor only
  -> no_symmetry_contacts

Processing 7bn7__1__1.A__1.E_1.F (proper chain: 1.E)
  Downloading https://files.rcsb.org/download/7bn7.cif
  Ligand written: /home/rquiroga/github/runs-n-poses/runs-n-poses-datasets/symmetry_corrected/7bn7__1__1.A__1.E_1.F/7bn7__1__1.A__1.E_1.F_ligand.pdb
  No symmetry contacts found — writing non-symm receptor only
  -> no_symmetry_contacts

Processing 7bn8__1__1.A__1.G (proper chain: 1.G)
  Downloading https://files.rcsb.org/download/7bn8.cif
  Ligand written: /home/rquiroga/github/runs-n-poses/runs-n-poses-datasets/symmetry_corrected/7bn8__1__1.A__1.G/7bn8__1__1.A__1.G_ligand.pdb
  No symmetry contacts found — writing non-symm receptor only
  -> no_symmetry_contacts

Processing 7bnc__1__1.A__1.K (proper chain: 1.K)
  Downloading https://files.rcsb.org/download/7bnc.cif
  Ligand written: /home/rquiroga/github/runs-n-poses/runs-n-poses-datasets/symmetry_corrected/7bnc__1__1.A__1.K/7bnc__1__1.A__1.K_ligand.pdb
  No symmetry contacts found — writing non-symm receptor only
  -> no_symmetry_contacts

Processing 7bo3__1__1.A__1.M_1.N (proper chain: 1.N)
  Downloading https://files.rcsb.org/download/7bo3.cif
  Ligand written: /home/rquiroga/github/runs-n-poses/runs-n-poses-datasets/symmetry_corrected/7bo3__1__1.A__1.M_1.N/7bo3__1__1.A__1.M_1.N_ligand.pdb
  No symmetry contacts found — writing non-symm receptor only
  -> no_symmetry_contacts

Processing 7bo7__1__1.A__1.C (proper chain: 1.C)
  Downloading https://files.rcsb.org/download/7bo7.cif
  Ligand written: /home/rquiroga/github/runs-n-poses/runs-n-poses-datasets/symmetry_corrected/7bo7__1__1.A__1.C/7bo7__1__1.A__1.C_ligand.pdb
  No symmetry contacts found — writing non-symm receptor only
  -> no_symmetry_contacts

Processing 7cqs__1__1.A__1.B_1.C (proper chain: 1.C)
  Downloading https://files.rcsb.org/download/7cqs.cif
  Ligand written: /home/rquiroga/github/runs-n-poses/runs-n-poses-datasets/symmetry_corrected/7cqs__1__1.A__1.B_1.C/7cqs__1__1.A__1.B_1.C_ligand.pdb
  No symmetry contacts found — writing non-symm receptor only
  -> no_symmetry_contacts

Processing 7dcb__1__1.A_1.B__1.C_1.D (proper chain: 1.D)
  Downloading https://files.rcsb.org/download/7dcb.cif
  Ligand written: /home/rquiroga/github/runs-n-poses/runs-n-poses-datasets/symmetry_corrected/7dcb__1__1.A_1.B__1.C_1.D/7dcb__1__1.A_1.B__1.C_1.D_ligand.pdb
  No symmetry contacts found — writing non-symm receptor only
  -> no_symmetry_contacts

Processing 7dcw__1__1.A_1.B__1.D (proper chain: 1.D)
  Downloading https://files.rcsb.org/download/7dcw.cif
  Ligand written: /home/rquiroga/github/runs-n-poses/runs-n-poses-datasets/symmetry_corrected/7dcw__1__1.A_1.B__1.D/7dcw__1__1.A_1.B__1.D_ligand.pdb
  No symmetry contacts found — writing non-symm receptor only
  -> no_symmetry_contacts

Processing 7dg4__1__1.A__1.B (proper chain: 1.B)
  Downloading https://files.rcsb.org/download/7dg4.cif
  Ligand written: /home/rquiroga/github/runs-n-poses/runs-n-poses-datasets/symmetry_corrected/7dg4__1__1.A__1.B/7dg4__1__1.A__1.B_ligand.pdb
  No symmetry contacts found — writing non-symm receptor only
  -> no_symmetry_contacts

Processing 7dgc__1__1.A_1.B__1.C_1.D (proper chain: 1.C)
  Downloading https://files.rcsb.org/download/7dgc.cif
  Ligand written: /home/rquiroga/github/runs-n-poses/runs-n-poses-datasets/symmetry_corrected/7dgc__1__1.A_1.B__1.C_1.D/7dgc__1__1.A_1.B__1.C_1.D_ligand.pdb
  No symmetry contacts found — writing non-symm receptor only
  -> no_symmetry_contacts

Processing 7dh3__1__1.A__1.B (proper chain: 1.B)
  Downloading https://files.rcsb.org/download/7dh3.cif
  Ligand written: /home/rquiroga/github/runs-n-poses/runs-n-poses-datasets/symmetry_corrected/7dh3__1__1.A__1.B/7dh3__1__1.A__1.B_ligand.pdb
  No symmetry contacts found — writing non-symm receptor only
  -> no_symmetry_contacts

Processing 7dh9__1__1.A__1.B (proper chain: 1.B)
  Downloading https://files.rcsb.org/download/7dh9.cif
  Ligand written: /home/rquiroga/github/runs-n-poses/runs-n-poses-datasets/symmetry_corrected/7dh9__1__1.A__1.B/7dh9__1__1.A__1.B_ligand.pdb
  No symmetry contacts found — writing non-symm receptor only
  -> no_symmetry_contacts

Processing 7dhn__1__1.A__1.B (proper chain: 1.B)
  Downloading https://files.rcsb.org/download/7dhn.cif
  Ligand written: /home/rquiroga/github/runs-n-poses/runs-n-poses-datasets/symmetry_corrected/7dhn__1__1.A__1.B/7dhn__1__1.A__1.B_ligand.pdb
  No symmetry contacts found — writing non-symm receptor only
  -> no_symmetry_contacts

Processing 7di7__1__1.A__1.D (proper chain: 1.D)
  Downloading https://files.rcsb.org/download/7di7.cif
  Ligand written: /home/rquiroga/github/runs-n-poses/runs-n-poses-datasets/symmetry_corrected/7di7__1__1.A__1.D/7di7__1__1.A__1.D_ligand.pdb
  No symmetry contacts found — writing non-symm receptor only
  -> no_symmetry_contacts

Processing 7dia__1__1.A__1.D_1.E_1.G (proper chain: 1.E)
  Downloading https://files.rcsb.org/download/7dia.cif
  Ligand written: /home/rquiroga/github/runs-n-poses/runs-n-poses-datasets/symmetry_corrected/7dia__1__1.A__1.D_1.E_1.G/7dia__1__1.A__1.D_1.E_1.G_ligand.pdb
  No symmetry contacts found — writing non-symm receptor only
  -> no_symmetry_contacts

Processing 7dij__1__1.A__1.F_1.J (proper chain: 1.J)
  Downloading https://files.rcsb.org/download/7dij.cif
  Ligand written: /home/rquiroga/github/runs-n-poses/runs-n-poses-datasets/symmetry_corrected/7dij__1__1.A__1.F_1.J/7dij__1__1.A__1.F_1.J_ligand.pdb
  No symmetry contacts found — writing non-symm receptor only
  -> no_symmetry_contacts

Processing 7dji__1__1.D_1.E__1.L (proper chain: 1.L)
  Downloading https://files.rcsb.org/download/7dji.cif
  Ligand written: /home/rquiroga/github/runs-n-poses/runs-n-poses-datasets/symmetry_corrected/7dji__1__1.D_1.E__1.L/7dji__1__1.D_1.E__1.L_ligand.pdb
  No symmetry contacts found — writing non-symm receptor only
  -> no_symmetry_contacts

Processing 7dlc__1__1.A_1.B__1.C_1.D (proper chain: 1.D)
  Downloading https://files.rcsb.org/download/7dlc.cif
  Ligand written: /home/rquiroga/github/runs-n-poses/runs-n-poses-datasets/symmetry_corrected/7dlc__1__1.A_1.B__1.C_1.D/7dlc__1__1.A_1.B__1.C_1.D_ligand.pdb
  No symmetry contacts found — writing non-symm receptor only
  -> no_symmetry_contacts

Processing 7dm6__1__1.A_1.B__1.C_1.D (proper chain: 1.D)
  Downloading https://files.rcsb.org/download/7dm6.cif
  Ligand written: /home/rquiroga/github/runs-n-poses/runs-n-poses-datasets/symmetry_corrected/7dm6__1__1.A_1.B__1.C_1.D/7dm6__1__1.A_1.B__1.C_1.D_ligand.pdb
  No symmetry contacts found — writing non-symm receptor only
  -> no_symmetry_contacts

Processing 7dmc__1__1.A__1.B_1.E_1.F (proper chain: 1.B)
  Downloading https://files.rcsb.org/download/7dmc.cif
  Ligand written: /home/rquiroga/github/runs-n-poses/runs-n-poses-datasets/symmetry_corrected/7dmc__1__1.A__1.B_1.E_1.F/7dmc__1__1.A__1.B_1.E_1.F_ligand.pdb
  Found 1 symmetry operations with contacts
  Receptor (symm) written: /home/rquiroga/github/runs-n-poses/runs-n-poses-datasets/symmetry_corrected/7dmc__1__1.A__1.B_1.E_1.F/7dmc__1__1.A__1.B_1.E_1.F_receptor_symm.pdb
  Total chains in output: 5
  -> ok

Processing 7dml__1__1.A__1.E (proper chain: 1.E)
  Downloading https://files.rcsb.org/download/7dml.cif
  Ligand written: /home/rquiroga/github/runs-n-poses/runs-n-poses-datasets/symmetry_corrected/7dml__1__1.A__1.E/7dml__1__1.A__1.E_ligand.pdb
  No symmetry contacts found — writing non-symm receptor only
  -> no_symmetry_contacts

Processing 7dn8__1__1.B__1.I_1.J (proper chain: 1.J)
  Downloading https://files.rcsb.org/download/7dn8.cif
  Ligand written: /home/rquiroga/github/runs-n-poses/runs-n-poses-datasets/symmetry_corrected/7dn8__1__1.B__1.I_1.J/7dn8__1__1.B__1.I_1.J_ligand.pdb
  No symmetry contacts found — writing non-symm receptor only
  -> no_symmetry_contacts

Processing 7dnn__1__1.A_1.B__1.E (proper chain: 1.E)
  Downloading https://files.rcsb.org/download/7dnn.cif
  Ligand written: /home/rquiroga/github/runs-n-poses/runs-n-poses-datasets/symmetry_corrected/7dnn__1__1.A_1.B__1.E/7dnn__1__1.A_1.B__1.E_ligand.pdb
  No symmetry contacts found — writing non-symm receptor only
  -> no_symmetry_contacts

Processing 7dow__1__1.A_1.B__1.C (proper chain: 1.C)
  Downloading https://files.rcsb.org/download/7dow.cif
  Ligand written: /home/rquiroga/github/runs-n-poses/runs-n-poses-datasets/symmetry_corrected/7dow__1__1.A_1.B__1.C/7dow__1__1.A_1.B__1.C_ligand.pdb
  No symmetry contacts found — writing non-symm receptor only
  -> no_symmetry_contacts

Processing 7dox__1__1.A_1.B__1.E_1.F (proper chain: 1.F)
  Downloading https://files.rcsb.org/download/7dox.cif
  Ligand written: /home/rquiroga/github/runs-n-poses/runs-n-poses-datasets/symmetry_corrected/7dox__1__1.A_1.B__1.E_1.F/7dox__1__1.A_1.B__1.E_1.F_ligand.pdb
  No symmetry contacts found — writing non-symm receptor only
  -> no_symmetry_contacts

Processing 7doy__1__1.A_1.B__1.E (proper chain: 1.E)
  Downloading https://files.rcsb.org/download/7doy.cif
  Ligand written: /home/rquiroga/github/runs-n-poses/runs-n-poses-datasets/symmetry_corrected/7doy__1__1.A_1.B__1.E/7doy__1__1.A_1.B__1.E_ligand.pdb
  No symmetry contacts found — writing non-symm receptor only
  -> no_symmetry_contacts

Processing 7dpk__1__1.A_1.B__1.C_1.D (proper chain: 1.C)
  Downloading https://files.rcsb.org/download/7dpk.cif
  Ligand written: /home/rquiroga/github/runs-n-poses/runs-n-poses-datasets/symmetry_corrected/7dpk__1__1.A_1.B__1.C_1.D/7dpk__1__1.A_1.B__1.C_1.D_ligand.pdb
  No symmetry contacts found — writing non-symm receptor only
  -> no_symmetry_contacts

Processing 7du9__1__1.A_1.B__1.D (proper chain: 1.D)
  Downloading https://files.rcsb.org/download/7du9.cif
  Ligand written: /home/rquiroga/github/runs-n-poses/runs-n-poses-datasets/symmetry_corrected/7du9__1__1.A_1.B__1.D/7du9__1__1.A_1.B__1.D_ligand.pdb
  No symmetry contacts found — writing non-symm receptor only
  -> no_symmetry_contacts

Processing 7dua__1__1.B__1.D (proper chain: 1.D)
  Downloading https://files.rcsb.org/download/7dua.cif
  Ligand written: /home/rquiroga/github/runs-n-poses/runs-n-poses-datasets/symmetry_corrected/7dua__1__1.B__1.D/7dua__1__1.B__1.D_ligand.pdb
  No symmetry contacts found — writing non-symm receptor only
  -> no_symmetry_contacts

Processing 7dut__1__2.A__2.B_2.C (proper chain: 2.B)
  Downloading https://files.rcsb.org/download/7dut.cif
  Ligand written: /home/rquiroga/github/runs-n-poses/runs-n-poses-datasets/symmetry_corrected/7dut__1__2.A__2.B_2.C/7dut__1__2.A__2.B_2.C_ligand.pdb
  No symmetry contacts found — writing non-symm receptor only
  -> no_symmetry_contacts

Processing 7duy__1__1.A__1.B_1.C_1.D (proper chain: 1.D)
  Downloading https://files.rcsb.org/download/7duy.cif
  Ligand written: /home/rquiroga/github/runs-n-poses/runs-n-poses-datasets/symmetry_corrected/7duy__1__1.A__1.B_1.C_1.D/7duy__1__1.A__1.B_1.C_1.D_ligand.pdb
  No symmetry contacts found — writing non-symm receptor only
  -> no_symmetry_contacts

Processing 7dva__1__1.A__1.C_1.E (proper chain: 1.C)
  Downloading https://files.rcsb.org/download/7dva.cif
  Ligand written: /home/rquiroga/github/runs-n-poses/runs-n-poses-datasets/symmetry_corrected/7dva__1__1.A__1.C_1.E/7dva__1__1.A__1.C_1.E_ligand.pdb
  No symmetry contacts found — writing non-symm receptor only
  -> no_symmetry_contacts

Processing 7dvb__1__1.A__1.E (proper chain: 1.E)
  Downloading https://files.rcsb.org/download/7dvb.cif
  Ligand written: /home/rquiroga/github/runs-n-poses/runs-n-poses-datasets/symmetry_corrected/7dvb__1__1.A__1.E/7dvb__1__1.A__1.E_ligand.pdb
  No symmetry contacts found — writing non-symm receptor only
  -> no_symmetry_contacts

Processing 7dw7__1__1.A__1.B_1.JB_1.KB_1.LB (proper chain: 1.B)
  Downloading https://files.rcsb.org/download/7dw7.cif
  Ligand written: /home/rquiroga/github/runs-n-poses/runs-n-poses-datasets/symmetry_corrected/7dw7__1__1.A__1.B_1.JB_1.KB_1.LB/7dw7__1__1.A__1.B_1.JB_1.KB_1.LB_ligand.pdb
  No symmetry contacts found — writing non-symm receptor only
  -> no_symmetry_contacts

Processing 7dxl__1__1.A__1.C (proper chain: 1.C)
  Downloading https://files.rcsb.org/download/7dxl.cif
  Ligand written: /home/rquiroga/github/runs-n-poses/runs-n-poses-datasets/symmetry_corrected/7dxl__1__1.A__1.C/7dxl__1__1.A__1.C_ligand.pdb
  No symmetry contacts found — writing non-symm receptor only
  -> no_symmetry_contacts

Processing 7dyq__1__1.A__1.B_1.C (proper chain: 1.B)
  Downloading https://files.rcsb.org/download/7dyq.cif
  Ligand written: /home/rquiroga/github/runs-n-poses/runs-n-poses-datasets/symmetry_corrected/7dyq__1__1.A__1.B_1.C/7dyq__1__1.A__1.B_1.C_ligand.pdb
  No symmetry contacts found — writing non-symm receptor only
  -> no_symmetry_contacts

Processing 7dyw__1__1.A__1.B_1.C (proper chain: 1.B)
  Downloading https://files.rcsb.org/download/7dyw.cif
  Ligand written: /home/rquiroga/github/runs-n-poses/runs-n-poses-datasets/symmetry_corrected/7dyw__1__1.A__1.B_1.C/7dyw__1__1.A__1.B_1.C_ligand.pdb
  No symmetry contacts found — writing non-symm receptor only
  -> no_symmetry_contacts

Processing 7e1g__1__1.A__1.C_1.D (proper chain: 1.D)
  Downloading https://files.rcsb.org/download/7e1g.cif
  Ligand written: /home/rquiroga/github/runs-n-poses/runs-n-poses-datasets/symmetry_corrected/7e1g__1__1.A__1.C_1.D/7e1g__1__1.A__1.C_1.D_ligand.pdb
  No symmetry contacts found — writing non-symm receptor only
  -> no_symmetry_contacts

Processing 7e1n__1__1.A_1.B__1.D (proper chain: 1.D)
  Downloading https://files.rcsb.org/download/7e1n.cif
  Ligand written: /home/rquiroga/github/runs-n-poses/runs-n-poses-datasets/symmetry_corrected/7e1n__1__1.A_1.B__1.D/7e1n__1__1.A_1.B__1.D_ligand.pdb
  No symmetry contacts found — writing non-symm receptor only
  -> no_symmetry_contacts

Processing 7e3n__1__1.A_2.A__1.B_1.C_1.D (proper chain: 1.B)
  Downloading https://files.rcsb.org/download/7e3n.cif
  Ligand written: /home/rquiroga/github/runs-n-poses/runs-n-poses-datasets/symmetry_corrected/7e3n__1__1.A_2.A__1.B_1.C_1.D/7e3n__1__1.A_2.A__1.B_1.C_1.D_ligand.pdb
  Found 1 symmetry operations with contacts
  Receptor (symm) written: /home/rquiroga/github/runs-n-poses/runs-n-poses-datasets/symmetry_corrected/7e3n__1__1.A_2.A__1.B_1.C_1.D/7e3n__1__1.A_2.A__1.B_1.C_1.D_receptor_symm.pdb
  Total chains in output: 7
  -> ok

Processing 7e5f__1__1.A_2.A__2.B (proper chain: 2.B)
  Downloading https://files.rcsb.org/download/7e5f.cif
  Ligand written: /home/rquiroga/github/runs-n-poses/runs-n-poses-datasets/symmetry_corrected/7e5f__1__1.A_2.A__2.B/7e5f__1__1.A_2.A__2.B_ligand.pdb
  Found 2 symmetry operations with contacts
  Receptor (symm) written: /home/rquiroga/github/runs-n-poses/runs-n-poses-datasets/symmetry_corrected/7e5f__1__1.A_2.A__2.B/7e5f__1__1.A_2.A__2.B_receptor_symm.pdb
  Total chains in output: 6
  -> ok

Processing 7e5g__1__1.A_2.A__2.B (proper chain: 2.B)
  Downloading https://files.rcsb.org/download/7e5g.cif
  Ligand written: /home/rquiroga/github/runs-n-poses/runs-n-poses-datasets/symmetry_corrected/7e5g__1__1.A_2.A__2.B/7e5g__1__1.A_2.A__2.B_ligand.pdb
  Found 2 symmetry operations with contacts
  Receptor (symm) written: /home/rquiroga/github/runs-n-poses/runs-n-poses-datasets/symmetry_corrected/7e5g__1__1.A_2.A__2.B/7e5g__1__1.A_2.A__2.B_receptor_symm.pdb
  Total chains in output: 6
  -> ok

Processing 7e60__1__1.A__1.B_1.C (proper chain: 1.C)
  Downloading https://files.rcsb.org/download/7e60.cif
  Ligand written: /home/rquiroga/github/runs-n-poses/runs-n-poses-datasets/symmetry_corrected/7e60__1__1.A__1.B_1.C/7e60__1__1.A__1.B_1.C_ligand.pdb
  No symmetry contacts found — writing non-symm receptor only
  -> no_symmetry_contacts

Processing 7eba__1__1.A__1.C (proper chain: 1.C)
  Downloading https://files.rcsb.org/download/7eba.cif
  Ligand written: /home/rquiroga/github/runs-n-poses/runs-n-poses-datasets/symmetry_corrected/7eba__1__1.A__1.C/7eba__1__1.A__1.C_ligand.pdb
  No symmetry contacts found — writing non-symm receptor only
  -> no_symmetry_contacts

Processing 7ed1__1__1.A_1.B__1.C_1.D_1.E_1.F (proper chain: 1.C)
  Downloading https://files.rcsb.org/download/7ed1.cif
  Ligand written: /home/rquiroga/github/runs-n-poses/runs-n-poses-datasets/symmetry_corrected/7ed1__1__1.A_1.B__1.C_1.D_1.E_1.F/7ed1__1__1.A_1.B__1.C_1.D_1.E_1.F_ligand.pdb
  No symmetry contacts found — writing non-symm receptor only
  -> no_symmetry_contacts

Processing 7ed2__1__1.A_1.B__1.F_1.G_1.H (proper chain: 1.F)
  Downloading https://files.rcsb.org/download/7ed2.cif
  Ligand written: /home/rquiroga/github/runs-n-poses/runs-n-poses-datasets/symmetry_corrected/7ed2__1__1.A_1.B__1.F_1.G_1.H/7ed2__1__1.A_1.B__1.F_1.G_1.H_ligand.pdb
  No symmetry contacts found — writing non-symm receptor only
  -> no_symmetry_contacts

Processing 7ee5__1__1.A__1.H (proper chain: 1.H)
  Downloading https://files.rcsb.org/download/7ee5.cif
  Ligand written: /home/rquiroga/github/runs-n-poses/runs-n-poses-datasets/symmetry_corrected/7ee5__1__1.A__1.H/7ee5__1__1.A__1.H_ligand.pdb
  No symmetry contacts found — writing non-symm receptor only
  -> no_symmetry_contacts

Processing 7ef7__1__1.A__1.B_1.C (proper chain: 1.C)
  Downloading https://files.rcsb.org/download/7ef7.cif
  Ligand written: /home/rquiroga/github/runs-n-poses/runs-n-poses-datasets/symmetry_corrected/7ef7__1__1.A__1.B_1.C/7ef7__1__1.A__1.B_1.C_ligand.pdb
  Found 1 symmetry operations with contacts
  Receptor (symm) written: /home/rquiroga/github/runs-n-poses/runs-n-poses-datasets/symmetry_corrected/7ef7__1__1.A__1.B_1.C/7ef7__1__1.A__1.B_1.C_receptor_symm.pdb
  Total chains in output: 4
  -> ok

Processing 7ei4__1__1.A_1.B_1.C__1.F (proper chain: 1.F)
  Downloading https://files.rcsb.org/download/7ei4.cif
  Ligand written: /home/rquiroga/github/runs-n-poses/runs-n-poses-datasets/symmetry_corrected/7ei4__1__1.A_1.B_1.C__1.F/7ei4__1__1.A_1.B_1.C__1.F_ligand.pdb
  No symmetry contacts found — writing non-symm receptor only
  -> no_symmetry_contacts

Processing 7ejv__1__1.B__1.D (proper chain: 1.D)
  Downloading https://files.rcsb.org/download/7ejv.cif
  Ligand written: /home/rquiroga/github/runs-n-poses/runs-n-poses-datasets/symmetry_corrected/7ejv__1__1.B__1.D/7ejv__1__1.B__1.D_ligand.pdb
  No symmetry contacts found — writing non-symm receptor only
  -> no_symmetry_contacts

Processing 7ejw__1__1.A_1.B__1.I_1.J (proper chain: 1.I)
  Downloading https://files.rcsb.org/download/7ejw.cif
  Ligand written: /home/rquiroga/github/runs-n-poses/runs-n-poses-datasets/symmetry_corrected/7ejw__1__1.A_1.B__1.I_1.J/7ejw__1__1.A_1.B__1.I_1.J_ligand.pdb
  No symmetry contacts found — writing non-symm receptor only
  -> no_symmetry_contacts

Processing 7ekr__1__1.A__1.C (proper chain: 1.C)
  Downloading https://files.rcsb.org/download/7ekr.cif
  Ligand written: /home/rquiroga/github/runs-n-poses/runs-n-poses-datasets/symmetry_corrected/7ekr__1__1.A__1.C/7ekr__1__1.A__1.C_ligand.pdb
  No symmetry contacts found — writing non-symm receptor only
  -> no_symmetry_contacts

Processing 7elt__1__2.A__2.B (proper chain: 2.B)
  Downloading https://files.rcsb.org/download/7elt.cif
  Ligand written: /home/rquiroga/github/runs-n-poses/runs-n-poses-datasets/symmetry_corrected/7elt__1__2.A__2.B/7elt__1__2.A__2.B_ligand.pdb
  No symmetry contacts found — writing non-symm receptor only
  -> no_symmetry_contacts

Processing 7ems__1__1.A__1.D (proper chain: 1.D)
  Downloading https://files.rcsb.org/download/7ems.cif
  Ligand written: /home/rquiroga/github/runs-n-poses/runs-n-poses-datasets/symmetry_corrected/7ems__1__1.A__1.D/7ems__1__1.A__1.D_ligand.pdb
  No symmetry contacts found — writing non-symm receptor only
  -> no_symmetry_contacts

Processing 7en5__1__1.A_3.A_4.A__3.B (proper chain: 3.B)
  Downloading https://files.rcsb.org/download/7en5.cif
  Ligand written: /home/rquiroga/github/runs-n-poses/runs-n-poses-datasets/symmetry_corrected/7en5__1__1.A_3.A_4.A__3.B/7en5__1__1.A_3.A_4.A__3.B_ligand.pdb
  Found 3 symmetry operations with contacts
  Receptor (symm) written: /home/rquiroga/github/runs-n-poses/runs-n-poses-datasets/symmetry_corrected/7en5__1__1.A_3.A_4.A__3.B/7en5__1__1.A_3.A_4.A__3.B_receptor_symm.pdb
  Total chains in output: 12
  -> ok

Processing 7en7__1__1.A_2.A_4.A__2.B (proper chain: 2.B)
  Downloading https://files.rcsb.org/download/7en7.cif
  Ligand written: /home/rquiroga/github/runs-n-poses/runs-n-poses-datasets/symmetry_corrected/7en7__1__1.A_2.A_4.A__2.B/7en7__1__1.A_2.A_4.A__2.B_ligand.pdb
  Found 3 symmetry operations with contacts
  Receptor (symm) written: /home/rquiroga/github/runs-n-poses/runs-n-poses-datasets/symmetry_corrected/7en7__1__1.A_2.A_4.A__2.B/7en7__1__1.A_2.A_4.A__2.B_receptor_symm.pdb
  Total chains in output: 12
  -> ok

Processing 7en9__1__1.A_2.A__2.B (proper chain: 2.B)
  Downloading https://files.rcsb.org/download/7en9.cif
  Ligand written: /home/rquiroga/github/runs-n-poses/runs-n-poses-datasets/symmetry_corrected/7en9__1__1.A_2.A__2.B/7en9__1__1.A_2.A__2.B_ligand.pdb
  Found 1 symmetry operations with contacts
  Receptor (symm) written: /home/rquiroga/github/runs-n-poses/runs-n-poses-datasets/symmetry_corrected/7en9__1__1.A_2.A__2.B/7en9__1__1.A_2.A__2.B_receptor_symm.pdb
  Total chains in output: 5
  -> ok

Processing 7end__1__1.A_2.A__2.B (proper chain: 2.B)
  Downloading https://files.rcsb.org/download/7end.cif
  Ligand written: /home/rquiroga/github/runs-n-poses/runs-n-poses-datasets/symmetry_corrected/7end__1__1.A_2.A__2.B/7end__1__1.A_2.A__2.B_ligand.pdb
  Found 1 symmetry operations with contacts
  Receptor (symm) written: /home/rquiroga/github/runs-n-poses/runs-n-poses-datasets/symmetry_corrected/7end__1__1.A_2.A__2.B/7end__1__1.A_2.A__2.B_receptor_symm.pdb
  Total chains in output: 5
  -> ok

Processing 7ene__1__1.A_1.B__1.E (proper chain: 1.E)
  Downloading https://files.rcsb.org/download/7ene.cif
  Ligand written: /home/rquiroga/github/runs-n-poses/runs-n-poses-datasets/symmetry_corrected/7ene__1__1.A_1.B__1.E/7ene__1__1.A_1.B__1.E_ligand.pdb
  No symmetry contacts found — writing non-symm receptor only
  -> no_symmetry_contacts

Processing 7eqk__1__1.B__1.F_1.G (proper chain: 1.G)
  Downloading https://files.rcsb.org/download/7eqk.cif
  Ligand written: /home/rquiroga/github/runs-n-poses/runs-n-poses-datasets/symmetry_corrected/7eqk__1__1.B__1.F_1.G/7eqk__1__1.B__1.F_1.G_ligand.pdb
  No symmetry contacts found — writing non-symm receptor only
  -> no_symmetry_contacts

Processing 7er2__1__1.A__1.B (proper chain: 1.B)
  Downloading https://files.rcsb.org/download/7er2.cif
  Ligand written: /home/rquiroga/github/runs-n-poses/runs-n-poses-datasets/symmetry_corrected/7er2__1__1.A__1.B/7er2__1__1.A__1.B_ligand.pdb
  No symmetry contacts found — writing non-symm receptor only
  -> no_symmetry_contacts

Processing 7es1__1__1.A__1.C (proper chain: 1.C)
  Downloading https://files.rcsb.org/download/7es1.cif
  Ligand written: /home/rquiroga/github/runs-n-poses/runs-n-poses-datasets/symmetry_corrected/7es1__1__1.A__1.C/7es1__1__1.A__1.C_ligand.pdb
  No symmetry contacts found — writing non-symm receptor only
  -> no_symmetry_contacts

Processing 7esb__1__1.A__1.B_1.C_1.D_1.E (proper chain: 1.B)
  Downloading https://files.rcsb.org/download/7esb.cif
  Ligand written: /home/rquiroga/github/runs-n-poses/runs-n-poses-datasets/symmetry_corrected/7esb__1__1.A__1.B_1.C_1.D_1.E/7esb__1__1.A__1.B_1.C_1.D_1.E_ligand.pdb
  No symmetry contacts found — writing non-symm receptor only
  -> no_symmetry_contacts

Processing 7esc__1__1.A__1.B_1.C (proper chain: 1.B)
  Downloading https://files.rcsb.org/download/7esc.cif
  Ligand written: /home/rquiroga/github/runs-n-poses/runs-n-poses-datasets/symmetry_corrected/7esc__1__1.A__1.B_1.C/7esc__1__1.A__1.B_1.C_ligand.pdb
  No symmetry contacts found — writing non-symm receptor only
  -> no_symmetry_contacts

Processing 7eue__1__1.B__1.F (proper chain: 1.F)
  Downloading https://files.rcsb.org/download/7eue.cif
  Ligand written: /home/rquiroga/github/runs-n-poses/runs-n-poses-datasets/symmetry_corrected/7eue__1__1.B__1.F/7eue__1__1.B__1.F_ligand.pdb
  No symmetry contacts found — writing non-symm receptor only
  -> no_symmetry_contacts

Processing 7euz__1__1.B__1.E_1.F (proper chain: 1.F)
  Downloading https://files.rcsb.org/download/7euz.cif
  Ligand written: /home/rquiroga/github/runs-n-poses/runs-n-poses-datasets/symmetry_corrected/7euz__1__1.B__1.E_1.F/7euz__1__1.B__1.E_1.F_ligand.pdb
  No symmetry contacts found — writing non-symm receptor only
  -> no_symmetry_contacts

Processing 7eve__1__1.A__1.B_1.C_1.D (proper chain: 1.B)
  Downloading https://files.rcsb.org/download/7eve.cif
  Ligand written: /home/rquiroga/github/runs-n-poses/runs-n-poses-datasets/symmetry_corrected/7eve__1__1.A__1.B_1.C_1.D/7eve__1__1.A__1.B_1.C_1.D_ligand.pdb
  No symmetry contacts found — writing non-symm receptor only
  -> no_symmetry_contacts

Processing 7ex2__1__1.A__1.C_1.D_1.E (proper chain: 1.E)
  Downloading https://files.rcsb.org/download/7ex2.cif
  Ligand written: /home/rquiroga/github/runs-n-poses/runs-n-poses-datasets/symmetry_corrected/7ex2__1__1.A__1.C_1.D_1.E/7ex2__1__1.A__1.C_1.D_1.E_ligand.pdb
  No symmetry contacts found — writing non-symm receptor only
  -> no_symmetry_contacts

Processing 7ex3__1__1.A__1.B_1.C_1.D (proper chain: 1.D)
  Downloading https://files.rcsb.org/download/7ex3.cif
  Ligand written: /home/rquiroga/github/runs-n-poses/runs-n-poses-datasets/symmetry_corrected/7ex3__1__1.A__1.B_1.C_1.D/7ex3__1__1.A__1.B_1.C_1.D_ligand.pdb
  Found 1 symmetry operations with contacts
  Receptor (symm) written: /home/rquiroga/github/runs-n-poses/runs-n-poses-datasets/symmetry_corrected/7ex3__1__1.A__1.B_1.C_1.D/7ex3__1__1.A__1.B_1.C_1.D_receptor_symm.pdb
  Total chains in output: 5
  -> ok

Processing 7exp__1__1.B__1.H_1.I (proper chain: 1.H)
  Downloading https://files.rcsb.org/download/7exp.cif
  Ligand written: /home/rquiroga/github/runs-n-poses/runs-n-poses-datasets/symmetry_corrected/7exp__1__1.B__1.H_1.I/7exp__1__1.B__1.H_1.I_ligand.pdb
  No symmetry contacts found — writing non-symm receptor only
  -> no_symmetry_contacts

Processing 7exu__1__1.A__1.C (proper chain: 1.C)
  Downloading https://files.rcsb.org/download/7exu.cif
  Ligand written: /home/rquiroga/github/runs-n-poses/runs-n-poses-datasets/symmetry_corrected/7exu__1__1.A__1.C/7exu__1__1.A__1.C_ligand.pdb
  No symmetry contacts found — writing non-symm receptor only
  -> no_symmetry_contacts

Processing 7eyt__1__1.A_1.C__1.E_1.F_1.G (proper chain: 1.F)
  Downloading https://files.rcsb.org/download/7eyt.cif
  Ligand written: /home/rquiroga/github/runs-n-poses/runs-n-poses-datasets/symmetry_corrected/7eyt__1__1.A_1.C__1.E_1.F_1.G/7eyt__1__1.A_1.C__1.E_1.F_1.G_ligand.pdb
  No symmetry contacts found — writing non-symm receptor only
  -> no_symmetry_contacts

Processing 7eyu__1__1.A_1.B__1.C_1.D_1.E (proper chain: 1.D)
  Downloading https://files.rcsb.org/download/7eyu.cif
  Ligand written: /home/rquiroga/github/runs-n-poses/runs-n-poses-datasets/symmetry_corrected/7eyu__1__1.A_1.B__1.C_1.D_1.E/7eyu__1__1.A_1.B__1.C_1.D_1.E_ligand.pdb
  No symmetry contacts found — writing non-symm receptor only
  -> no_symmetry_contacts

Processing 7ezf__1__1.B__1.G (proper chain: 1.G)
  Downloading https://files.rcsb.org/download/7ezf.cif
  Ligand written: /home/rquiroga/github/runs-n-poses/runs-n-poses-datasets/symmetry_corrected/7ezf__1__1.B__1.G/7ezf__1__1.B__1.G_ligand.pdb
  No symmetry contacts found — writing non-symm receptor only
  -> no_symmetry_contacts

Processing 7ezp__1__1.D__1.L (proper chain: 1.L)
  Downloading https://files.rcsb.org/download/7ezp.cif
  Ligand written: /home/rquiroga/github/runs-n-poses/runs-n-poses-datasets/symmetry_corrected/7ezp__1__1.D__1.L/7ezp__1__1.D__1.L_ligand.pdb
  No symmetry contacts found — writing non-symm receptor only
  -> no_symmetry_contacts

Processing 7ezq__1__2.A__2.B_2.C (proper chain: 2.B)
  Downloading https://files.rcsb.org/download/7ezq.cif
  Ligand written: /home/rquiroga/github/runs-n-poses/runs-n-poses-datasets/symmetry_corrected/7ezq__1__2.A__2.B_2.C/7ezq__1__2.A__2.B_2.C_ligand.pdb
  No symmetry contacts found — writing non-symm receptor only
  -> no_symmetry_contacts

Processing 7ezr__1__1.B__1.G (proper chain: 1.G)
  Downloading https://files.rcsb.org/download/7ezr.cif
  Ligand written: /home/rquiroga/github/runs-n-poses/runs-n-poses-datasets/symmetry_corrected/7ezr__1__1.B__1.G/7ezr__1__1.B__1.G_ligand.pdb
  No symmetry contacts found — writing non-symm receptor only
  -> no_symmetry_contacts

Processing 7f06__1__1.A__1.C (proper chain: 1.C)
  Downloading https://files.rcsb.org/download/7f06.cif
  Ligand written: /home/rquiroga/github/runs-n-poses/runs-n-poses-datasets/symmetry_corrected/7f06__1__1.A__1.C/7f06__1__1.A__1.C_ligand.pdb
  No symmetry contacts found — writing non-symm receptor only
  -> no_symmetry_contacts

Processing 7f10__1__1.B__1.C (proper chain: 1.C)
  Downloading https://files.rcsb.org/download/7f10.cif
  Ligand written: /home/rquiroga/github/runs-n-poses/runs-n-poses-datasets/symmetry_corrected/7f10__1__1.B__1.C/7f10__1__1.B__1.C_ligand.pdb
  No symmetry contacts found — writing non-symm receptor only
  -> no_symmetry_contacts

Processing 7f14__1__1.B__1.D (proper chain: 1.D)
  Downloading https://files.rcsb.org/download/7f14.cif
  Ligand written: /home/rquiroga/github/runs-n-poses/runs-n-poses-datasets/symmetry_corrected/7f14__1__1.B__1.D/7f14__1__1.B__1.D_ligand.pdb
  No symmetry contacts found — writing non-symm receptor only
  -> no_symmetry_contacts

Processing 7f1u__1__1.A_1.B__1.E (proper chain: 1.E)
  Downloading https://files.rcsb.org/download/7f1u.cif
  Ligand written: /home/rquiroga/github/runs-n-poses/runs-n-poses-datasets/symmetry_corrected/7f1u__1__1.A_1.B__1.E/7f1u__1__1.A_1.B__1.E_ligand.pdb
  No symmetry contacts found — writing non-symm receptor only
  -> no_symmetry_contacts

Processing 7f1v__1__1.C_1.D__1.F (proper chain: 1.F)
  Downloading https://files.rcsb.org/download/7f1v.cif
  Ligand written: /home/rquiroga/github/runs-n-poses/runs-n-poses-datasets/symmetry_corrected/7f1v__1__1.C_1.D__1.F/7f1v__1__1.C_1.D__1.F_ligand.pdb
  No symmetry contacts found — writing non-symm receptor only
  -> no_symmetry_contacts

Processing 7f21__1__1.A__1.C_1.D (proper chain: 1.C)
  Downloading https://files.rcsb.org/download/7f21.cif
  Ligand written: /home/rquiroga/github/runs-n-poses/runs-n-poses-datasets/symmetry_corrected/7f21__1__1.A__1.C_1.D/7f21__1__1.A__1.C_1.D_ligand.pdb
  No symmetry contacts found — writing non-symm receptor only
  -> no_symmetry_contacts

Processing 7f2k__1__1.A__1.C_1.D_1.E (proper chain: 1.E)
  Downloading https://files.rcsb.org/download/7f2k.cif
  Ligand written: /home/rquiroga/github/runs-n-poses/runs-n-poses-datasets/symmetry_corrected/7f2k__1__1.A__1.C_1.D_1.E/7f2k__1__1.A__1.C_1.D_1.E_ligand.pdb
  No symmetry contacts found — writing non-symm receptor only
  -> no_symmetry_contacts

Processing 7f2l__1__1.A__1.C_1.D_1.E (proper chain: 1.E)
  Downloading https://files.rcsb.org/download/7f2l.cif
  Ligand written: /home/rquiroga/github/runs-n-poses/runs-n-poses-datasets/symmetry_corrected/7f2l__1__1.A__1.C_1.D_1.E/7f2l__1__1.A__1.C_1.D_1.E_ligand.pdb
  No symmetry contacts found — writing non-symm receptor only
  -> no_symmetry_contacts

Processing 7f2m__1__1.A__1.C_1.D_1.E (proper chain: 1.E)
  Downloading https://files.rcsb.org/download/7f2m.cif
  Ligand written: /home/rquiroga/github/runs-n-poses/runs-n-poses-datasets/symmetry_corrected/7f2m__1__1.A__1.C_1.D_1.E/7f2m__1__1.A__1.C_1.D_1.E_ligand.pdb
  No symmetry contacts found — writing non-symm receptor only
  -> no_symmetry_contacts

Processing 7f2u__1__1.A__1.C_1.D_1.E (proper chain: 1.C)
  Downloading https://files.rcsb.org/download/7f2u.cif
  Ligand written: /home/rquiroga/github/runs-n-poses/runs-n-poses-datasets/symmetry_corrected/7f2u__1__1.A__1.C_1.D_1.E/7f2u__1__1.A__1.C_1.D_1.E_ligand.pdb
  No symmetry contacts found — writing non-symm receptor only
  -> no_symmetry_contacts

Processing 7f35__1__1.A_1.B__1.G (proper chain: 1.G)
  Downloading https://files.rcsb.org/download/7f35.cif
  Ligand written: /home/rquiroga/github/runs-n-poses/runs-n-poses-datasets/symmetry_corrected/7f35__1__1.A_1.B__1.G/7f35__1__1.A_1.B__1.G_ligand.pdb
  Found 1 symmetry operations with contacts
  Receptor (symm) written: /home/rquiroga/github/runs-n-poses/runs-n-poses-datasets/symmetry_corrected/7f35__1__1.A_1.B__1.G/7f35__1__1.A_1.B__1.G_receptor_symm.pdb
  Total chains in output: 4
  -> ok

Processing 7f42__1__1.B__1.C (proper chain: 1.C)
  Downloading https://files.rcsb.org/download/7f42.cif
  Ligand written: /home/rquiroga/github/runs-n-poses/runs-n-poses-datasets/symmetry_corrected/7f42__1__1.B__1.C/7f42__1__1.B__1.C_ligand.pdb
  No symmetry contacts found — writing non-symm receptor only
  -> no_symmetry_contacts

Processing 7f4c__1__1.A__1.C_1.D (proper chain: 1.C)
  Downloading https://files.rcsb.org/download/7f4c.cif
  Ligand written: /home/rquiroga/github/runs-n-poses/runs-n-poses-datasets/symmetry_corrected/7f4c__1__1.A__1.C_1.D/7f4c__1__1.A__1.C_1.D_ligand.pdb
  No symmetry contacts found — writing non-symm receptor only
  -> no_symmetry_contacts

Processing 7f50__1__1.A__1.B_1.C_1.E (proper chain: 1.E)
  Downloading https://files.rcsb.org/download/7f50.cif
  Ligand written: /home/rquiroga/github/runs-n-poses/runs-n-poses-datasets/symmetry_corrected/7f50__1__1.A__1.B_1.C_1.E/7f50__1__1.A__1.B_1.C_1.E_ligand.pdb
  No symmetry contacts found — writing non-symm receptor only
  -> no_symmetry_contacts

Processing 7f51__1__1.A__1.C (proper chain: 1.C)
  Downloading https://files.rcsb.org/download/7f51.cif
  Ligand written: /home/rquiroga/github/runs-n-poses/runs-n-poses-datasets/symmetry_corrected/7f51__1__1.A__1.C/7f51__1__1.A__1.C_ligand.pdb
  Found 1 symmetry operations with contacts
  Receptor (symm) written: /home/rquiroga/github/runs-n-poses/runs-n-poses-datasets/symmetry_corrected/7f51__1__1.A__1.C/7f51__1__1.A__1.C_receptor_symm.pdb
  Total chains in output: 3
  -> ok

Processing 7f6j__1__1.A__1.D_1.E (proper chain: 1.E)
  Downloading https://files.rcsb.org/download/7f6j.cif
  Ligand written: /home/rquiroga/github/runs-n-poses/runs-n-poses-datasets/symmetry_corrected/7f6j__1__1.A__1.D_1.E/7f6j__1__1.A__1.D_1.E_ligand.pdb
  No symmetry contacts found — writing non-symm receptor only
  -> no_symmetry_contacts

Processing 7f6w__1__2.A__2.B (proper chain: 2.B)
  Downloading https://files.rcsb.org/download/7f6w.cif
  Ligand written: /home/rquiroga/github/runs-n-poses/runs-n-poses-datasets/symmetry_corrected/7f6w__1__2.A__2.B/7f6w__1__2.A__2.B_ligand.pdb
  No symmetry contacts found — writing non-symm receptor only
  -> no_symmetry_contacts

Processing 7f7d__1__2.A__2.B (proper chain: 2.B)
  Downloading https://files.rcsb.org/download/7f7d.cif
  Ligand written: /home/rquiroga/github/runs-n-poses/runs-n-poses-datasets/symmetry_corrected/7f7d__1__2.A__2.B/7f7d__1__2.A__2.B_ligand.pdb
  No symmetry contacts found — writing non-symm receptor only
  -> no_symmetry_contacts

Processing 7f83__1__1.B__1.J (proper chain: 1.J)
  Downloading https://files.rcsb.org/download/7f83.cif
  Ligand written: /home/rquiroga/github/runs-n-poses/runs-n-poses-datasets/symmetry_corrected/7f83__1__1.B__1.J/7f83__1__1.B__1.J_ligand.pdb
  No symmetry contacts found — writing non-symm receptor only
  -> no_symmetry_contacts

Processing 7f8t__1__1.A__1.L_1.M (proper chain: 1.M)
  Downloading https://files.rcsb.org/download/7f8t.cif
  Ligand written: /home/rquiroga/github/runs-n-poses/runs-n-poses-datasets/symmetry_corrected/7f8t__1__1.A__1.L_1.M/7f8t__1__1.A__1.L_1.M_ligand.pdb
  No symmetry contacts found — writing non-symm receptor only
  -> no_symmetry_contacts

Processing 7f8u__1__1.A__1.B (proper chain: 1.B)
  Downloading https://files.rcsb.org/download/7f8u.cif
  Ligand written: /home/rquiroga/github/runs-n-poses/runs-n-poses-datasets/symmetry_corrected/7f8u__1__1.A__1.B/7f8u__1__1.A__1.B_ligand.pdb
  No symmetry contacts found — writing non-symm receptor only
  -> no_symmetry_contacts

Processing 7fai__1__1.A__1.E (proper chain: 1.E)
  Downloading https://files.rcsb.org/download/7fai.cif
  Ligand written: /home/rquiroga/github/runs-n-poses/runs-n-poses-datasets/symmetry_corrected/7fai__1__1.A__1.E/7fai__1__1.A__1.E_ligand.pdb
  No symmetry contacts found — writing non-symm receptor only
  -> no_symmetry_contacts

Processing 7faj__1__1.A__1.E (proper chain: 1.E)
  Downloading https://files.rcsb.org/download/7faj.cif
  Ligand written: /home/rquiroga/github/runs-n-poses/runs-n-poses-datasets/symmetry_corrected/7faj__1__1.A__1.E/7faj__1__1.A__1.E_ligand.pdb
  No symmetry contacts found — writing non-symm receptor only
  -> no_symmetry_contacts

Processing 7fak__1__1.A__1.B (proper chain: 1.B)
  Downloading https://files.rcsb.org/download/7fak.cif
  Ligand written: /home/rquiroga/github/runs-n-poses/runs-n-poses-datasets/symmetry_corrected/7fak__1__1.A__1.B/7fak__1__1.A__1.B_ligand.pdb
  No symmetry contacts found — writing non-symm receptor only
  -> no_symmetry_contacts

Processing 7faq__1__1.A__1.B_1.C_1.D_1.E (proper chain: 1.E)
  Downloading https://files.rcsb.org/download/7faq.cif
  Ligand written: /home/rquiroga/github/runs-n-poses/runs-n-poses-datasets/symmetry_corrected/7faq__1__1.A__1.B_1.C_1.D_1.E/7faq__1__1.A__1.B_1.C_1.D_1.E_ligand.pdb
  No symmetry contacts found — writing non-symm receptor only
  -> no_symmetry_contacts

Processing 7far__1__1.A__1.B_1.C_1.D (proper chain: 1.D)
  Downloading https://files.rcsb.org/download/7far.cif
  Ligand written: /home/rquiroga/github/runs-n-poses/runs-n-poses-datasets/symmetry_corrected/7far__1__1.A__1.B_1.C_1.D/7far__1__1.A__1.B_1.C_1.D_ligand.pdb
  No symmetry contacts found — writing non-symm receptor only
  -> no_symmetry_contacts

Processing 7fcz__1__2.B__2.D (proper chain: 2.D)
  Downloading https://files.rcsb.org/download/7fcz.cif
  Ligand written: /home/rquiroga/github/runs-n-poses/runs-n-poses-datasets/symmetry_corrected/7fcz__1__2.B__2.D/7fcz__1__2.B__2.D_ligand.pdb
  No symmetry contacts found — writing non-symm receptor only
  -> no_symmetry_contacts

Processing 7fd0__1__1.A__1.C (proper chain: 1.C)
  Downloading https://files.rcsb.org/download/7fd0.cif
  Ligand written: /home/rquiroga/github/runs-n-poses/runs-n-poses-datasets/symmetry_corrected/7fd0__1__1.A__1.C/7fd0__1__1.A__1.C_ligand.pdb
  No symmetry contacts found — writing non-symm receptor only
  -> no_symmetry_contacts

Processing 7fd6__1__1.A__1.B (proper chain: 1.B)
  Downloading https://files.rcsb.org/download/7fd6.cif
  Ligand written: /home/rquiroga/github/runs-n-poses/runs-n-poses-datasets/symmetry_corrected/7fd6__1__1.A__1.B/7fd6__1__1.A__1.B_ligand.pdb
  No symmetry contacts found — writing non-symm receptor only
  -> no_symmetry_contacts

Processing 7fe2__1__1.A__1.E_1.I (proper chain: 1.E)
  Downloading https://files.rcsb.org/download/7fe2.cif
  Ligand written: /home/rquiroga/github/runs-n-poses/runs-n-poses-datasets/symmetry_corrected/7fe2__1__1.A__1.E_1.I/7fe2__1__1.A__1.E_1.I_ligand.pdb
  No symmetry contacts found — writing non-symm receptor only
  -> no_symmetry_contacts

Processing 7fee__1__1.A__1.D (proper chain: 1.D)
  Downloading https://files.rcsb.org/download/7fee.cif
  Ligand written: /home/rquiroga/github/runs-n-poses/runs-n-poses-datasets/symmetry_corrected/7fee__1__1.A__1.D/7fee__1__1.A__1.D_ligand.pdb
  No symmetry contacts found — writing non-symm receptor only
  -> no_symmetry_contacts

Processing 7fee__1__1.A__1.E (proper chain: 1.E)
  Ligand written: /home/rquiroga/github/runs-n-poses/runs-n-poses-datasets/symmetry_corrected/7fee__1__1.A__1.E/7fee__1__1.A__1.E_ligand.pdb
  No symmetry contacts found — writing non-symm receptor only
  -> no_symmetry_contacts

Processing 7fgc__1__1.B__1.E (proper chain: 1.E)
  Downloading https://files.rcsb.org/download/7fgc.cif
  Ligand written: /home/rquiroga/github/runs-n-poses/runs-n-poses-datasets/symmetry_corrected/7fgc__1__1.B__1.E/7fgc__1__1.B__1.E_ligand.pdb
  No symmetry contacts found — writing non-symm receptor only
  -> no_symmetry_contacts

Processing 7fgd__1__1.B__1.E (proper chain: 1.E)
  Downloading https://files.rcsb.org/download/7fgd.cif
  Ligand written: /home/rquiroga/github/runs-n-poses/runs-n-poses-datasets/symmetry_corrected/7fgd__1__1.B__1.E/7fgd__1__1.B__1.E_ligand.pdb
  No symmetry contacts found — writing non-symm receptor only
  -> no_symmetry_contacts

Processing 7fgm__1__1.A__1.C_1.D_1.E (proper chain: 1.C)
  Downloading https://files.rcsb.org/download/7fgm.cif
  Ligand written: /home/rquiroga/github/runs-n-poses/runs-n-poses-datasets/symmetry_corrected/7fgm__1__1.A__1.C_1.D_1.E/7fgm__1__1.A__1.C_1.D_1.E_ligand.pdb
  No symmetry contacts found — writing non-symm receptor only
  -> no_symmetry_contacts

Processing 7fgp__1__1.A__1.C_1.G (proper chain: 1.C)
  Downloading https://files.rcsb.org/download/7fgp.cif
  Ligand written: /home/rquiroga/github/runs-n-poses/runs-n-poses-datasets/symmetry_corrected/7fgp__1__1.A__1.C_1.G/7fgp__1__1.A__1.C_1.G_ligand.pdb
  No symmetry contacts found — writing non-symm receptor only
  -> no_symmetry_contacts

Processing 7fha__1__1.A__1.C (proper chain: 1.C)
  Downloading https://files.rcsb.org/download/7fha.cif
  Ligand written: /home/rquiroga/github/runs-n-poses/runs-n-poses-datasets/symmetry_corrected/7fha__1__1.A__1.C/7fha__1__1.A__1.C_ligand.pdb
  No symmetry contacts found — writing non-symm receptor only
  -> no_symmetry_contacts

Processing 7fhb__1__1.A__1.B (proper chain: 1.B)
  Downloading https://files.rcsb.org/download/7fhb.cif
  Ligand written: /home/rquiroga/github/runs-n-poses/runs-n-poses-datasets/symmetry_corrected/7fhb__1__1.A__1.B/7fhb__1__1.A__1.B_ligand.pdb
  No symmetry contacts found — writing non-symm receptor only
  -> no_symmetry_contacts

Processing 7fhs__1__1.A__1.E_1.G (proper chain: 1.E)
  Downloading https://files.rcsb.org/download/7fhs.cif
  Ligand written: /home/rquiroga/github/runs-n-poses/runs-n-poses-datasets/symmetry_corrected/7fhs__1__1.A__1.E_1.G/7fhs__1__1.A__1.E_1.G_ligand.pdb
  No symmetry contacts found — writing non-symm receptor only
  -> no_symmetry_contacts

Processing 7fis__1__1.D__1.CA_1.Y (proper chain: 1.Y)
  Downloading https://files.rcsb.org/download/7fis.cif
  Ligand written: /home/rquiroga/github/runs-n-poses/runs-n-poses-datasets/symmetry_corrected/7fis__1__1.D__1.CA_1.Y/7fis__1__1.D__1.CA_1.Y_ligand.pdb
  No symmetry contacts found — writing non-symm receptor only
  -> no_symmetry_contacts

Processing 7fja__1__1.A__1.C_1.D (proper chain: 1.C)
  Downloading https://files.rcsb.org/download/7fja.cif
  Ligand written: /home/rquiroga/github/runs-n-poses/runs-n-poses-datasets/symmetry_corrected/7fja__1__1.A__1.C_1.D/7fja__1__1.A__1.C_1.D_ligand.pdb
  No symmetry contacts found — writing non-symm receptor only
  -> no_symmetry_contacts

Processing 7fmg__1__1.A__1.C (proper chain: 1.C)
  Downloading https://files.rcsb.org/download/7fmg.cif
  Ligand written: /home/rquiroga/github/runs-n-poses/runs-n-poses-datasets/symmetry_corrected/7fmg__1__1.A__1.C/7fmg__1__1.A__1.C_ligand.pdb
  Found 1 symmetry operations with contacts
  Receptor (symm) written: /home/rquiroga/github/runs-n-poses/runs-n-poses-datasets/symmetry_corrected/7fmg__1__1.A__1.C/7fmg__1__1.A__1.C_receptor_symm.pdb
  Total chains in output: 3
  -> ok

Processing 7fnt__1__1.B__1.C (proper chain: 1.C)
  Downloading https://files.rcsb.org/download/7fnt.cif
  Ligand written: /home/rquiroga/github/runs-n-poses/runs-n-poses-datasets/symmetry_corrected/7fnt__1__1.B__1.C/7fnt__1__1.B__1.C_ligand.pdb
  No symmetry contacts found — writing non-symm receptor only
  -> no_symmetry_contacts

Processing 7fsd__1__1.A__1.I (proper chain: 1.I)
  Downloading https://files.rcsb.org/download/7fsd.cif
  Ligand written: /home/rquiroga/github/runs-n-poses/runs-n-poses-datasets/symmetry_corrected/7fsd__1__1.A__1.I/7fsd__1__1.A__1.I_ligand.pdb
  No symmetry contacts found — writing non-symm receptor only
  -> no_symmetry_contacts

Processing 7fti__1__1.A__1.C (proper chain: 1.C)
  Downloading https://files.rcsb.org/download/7fti.cif
  Ligand written: /home/rquiroga/github/runs-n-poses/runs-n-poses-datasets/symmetry_corrected/7fti__1__1.A__1.C/7fti__1__1.A__1.C_ligand.pdb
  No symmetry contacts found — writing non-symm receptor only
  -> no_symmetry_contacts

Processing 7ftm__1__1.A__1.C (proper chain: 1.C)
  Downloading https://files.rcsb.org/download/7ftm.cif
  Ligand written: /home/rquiroga/github/runs-n-poses/runs-n-poses-datasets/symmetry_corrected/7ftm__1__1.A__1.C/7ftm__1__1.A__1.C_ligand.pdb
  No symmetry contacts found — writing non-symm receptor only
  -> no_symmetry_contacts

Processing 7ftv__1__1.A__1.C (proper chain: 1.C)
  Downloading https://files.rcsb.org/download/7ftv.cif
  Ligand written: /home/rquiroga/github/runs-n-poses/runs-n-poses-datasets/symmetry_corrected/7ftv__1__1.A__1.C/7ftv__1__1.A__1.C_ligand.pdb
  No symmetry contacts found — writing non-symm receptor only
  -> no_symmetry_contacts

Processing 7ftw__1__1.A__1.C (proper chain: 1.C)
  Downloading https://files.rcsb.org/download/7ftw.cif
  Ligand written: /home/rquiroga/github/runs-n-poses/runs-n-poses-datasets/symmetry_corrected/7ftw__1__1.A__1.C/7ftw__1__1.A__1.C_ligand.pdb
  No symmetry contacts found — writing non-symm receptor only
  -> no_symmetry_contacts

Processing 7ftz__1__1.A__1.D (proper chain: 1.D)
  Downloading https://files.rcsb.org/download/7ftz.cif
  Ligand written: /home/rquiroga/github/runs-n-poses/runs-n-poses-datasets/symmetry_corrected/7ftz__1__1.A__1.D/7ftz__1__1.A__1.D_ligand.pdb
  No symmetry contacts found — writing non-symm receptor only
  -> no_symmetry_contacts

Processing 7fu2__1__1.A__1.C (proper chain: 1.C)
  Downloading https://files.rcsb.org/download/7fu2.cif
  Ligand written: /home/rquiroga/github/runs-n-poses/runs-n-poses-datasets/symmetry_corrected/7fu2__1__1.A__1.C/7fu2__1__1.A__1.C_ligand.pdb
  No symmetry contacts found — writing non-symm receptor only
  -> no_symmetry_contacts

Processing 7fu6__1__1.A__1.C (proper chain: 1.C)
  Downloading https://files.rcsb.org/download/7fu6.cif
  Ligand written: /home/rquiroga/github/runs-n-poses/runs-n-poses-datasets/symmetry_corrected/7fu6__1__1.A__1.C/7fu6__1__1.A__1.C_ligand.pdb
  No symmetry contacts found — writing non-symm receptor only
  -> no_symmetry_contacts

Processing 7fu7__1__1.A__1.C (proper chain: 1.C)
  Downloading https://files.rcsb.org/download/7fu7.cif
  Ligand written: /home/rquiroga/github/runs-n-poses/runs-n-poses-datasets/symmetry_corrected/7fu7__1__1.A__1.C/7fu7__1__1.A__1.C_ligand.pdb
  No symmetry contacts found — writing non-symm receptor only
  -> no_symmetry_contacts

Processing 7fu8__1__1.A__1.C (proper chain: 1.C)
  Downloading https://files.rcsb.org/download/7fu8.cif
  Ligand written: /home/rquiroga/github/runs-n-poses/runs-n-poses-datasets/symmetry_corrected/7fu8__1__1.A__1.C/7fu8__1__1.A__1.C_ligand.pdb
  No symmetry contacts found — writing non-symm receptor only
  -> no_symmetry_contacts

Processing 7fuc__1__1.A__1.C (proper chain: 1.C)
  Downloading https://files.rcsb.org/download/7fuc.cif
  Ligand written: /home/rquiroga/github/runs-n-poses/runs-n-poses-datasets/symmetry_corrected/7fuc__1__1.A__1.C/7fuc__1__1.A__1.C_ligand.pdb
  No symmetry contacts found — writing non-symm receptor only
  -> no_symmetry_contacts

Processing 7fuf__1__1.A__1.C (proper chain: 1.C)
  Downloading https://files.rcsb.org/download/7fuf.cif
  Ligand written: /home/rquiroga/github/runs-n-poses/runs-n-poses-datasets/symmetry_corrected/7fuf__1__1.A__1.C/7fuf__1__1.A__1.C_ligand.pdb
  No symmetry contacts found — writing non-symm receptor only
  -> no_symmetry_contacts

Processing 7fum__1__1.A__1.C (proper chain: 1.C)
  Downloading https://files.rcsb.org/download/7fum.cif
  Ligand written: /home/rquiroga/github/runs-n-poses/runs-n-poses-datasets/symmetry_corrected/7fum__1__1.A__1.C/7fum__1__1.A__1.C_ligand.pdb
  No symmetry contacts found — writing non-symm receptor only
  -> no_symmetry_contacts

Processing 7fw3__1__1.A__1.B (proper chain: 1.B)
  Downloading https://files.rcsb.org/download/7fw3.cif
  Ligand written: /home/rquiroga/github/runs-n-poses/runs-n-poses-datasets/symmetry_corrected/7fw3__1__1.A__1.B/7fw3__1__1.A__1.B_ligand.pdb
  No symmetry contacts found — writing non-symm receptor only
  -> no_symmetry_contacts

Processing 7fwb__1__1.A__1.B (proper chain: 1.B)
  Downloading https://files.rcsb.org/download/7fwb.cif
  Ligand written: /home/rquiroga/github/runs-n-poses/runs-n-poses-datasets/symmetry_corrected/7fwb__1__1.A__1.B/7fwb__1__1.A__1.B_ligand.pdb
  No symmetry contacts found — writing non-symm receptor only
  -> no_symmetry_contacts

Processing 7fwe__1__1.A__1.B (proper chain: 1.B)
  Downloading https://files.rcsb.org/download/7fwe.cif
  Ligand written: /home/rquiroga/github/runs-n-poses/runs-n-poses-datasets/symmetry_corrected/7fwe__1__1.A__1.B/7fwe__1__1.A__1.B_ligand.pdb
  No symmetry contacts found — writing non-symm receptor only
  -> no_symmetry_contacts

Processing 7fwh__1__1.A__1.B (proper chain: 1.B)
  Downloading https://files.rcsb.org/download/7fwh.cif
  Ligand written: /home/rquiroga/github/runs-n-poses/runs-n-poses-datasets/symmetry_corrected/7fwh__1__1.A__1.B/7fwh__1__1.A__1.B_ligand.pdb
  No symmetry contacts found — writing non-symm receptor only
  -> no_symmetry_contacts

Processing 7fwi__1__1.A__1.D (proper chain: 1.D)
  Downloading https://files.rcsb.org/download/7fwi.cif
  Ligand written: /home/rquiroga/github/runs-n-poses/runs-n-poses-datasets/symmetry_corrected/7fwi__1__1.A__1.D/7fwi__1__1.A__1.D_ligand.pdb
  No symmetry contacts found — writing non-symm receptor only
  -> no_symmetry_contacts

Processing 7fwl__1__1.A__1.B (proper chain: 1.B)
  Downloading https://files.rcsb.org/download/7fwl.cif
  Ligand written: /home/rquiroga/github/runs-n-poses/runs-n-poses-datasets/symmetry_corrected/7fwl__1__1.A__1.B/7fwl__1__1.A__1.B_ligand.pdb
  No symmetry contacts found — writing non-symm receptor only
  -> no_symmetry_contacts

Processing 7fwm__1__1.A__1.B (proper chain: 1.B)
  Downloading https://files.rcsb.org/download/7fwm.cif
  Ligand written: /home/rquiroga/github/runs-n-poses/runs-n-poses-datasets/symmetry_corrected/7fwm__1__1.A__1.B/7fwm__1__1.A__1.B_ligand.pdb
  No symmetry contacts found — writing non-symm receptor only
  -> no_symmetry_contacts

Processing 7fwn__1__1.A__1.D (proper chain: 1.D)
  Downloading https://files.rcsb.org/download/7fwn.cif
  Ligand written: /home/rquiroga/github/runs-n-poses/runs-n-poses-datasets/symmetry_corrected/7fwn__1__1.A__1.D/7fwn__1__1.A__1.D_ligand.pdb
  No symmetry contacts found — writing non-symm receptor only
  -> no_symmetry_contacts

Processing 7fwr__1__1.A__1.B (proper chain: 1.B)
  Downloading https://files.rcsb.org/download/7fwr.cif
  Ligand written: /home/rquiroga/github/runs-n-poses/runs-n-poses-datasets/symmetry_corrected/7fwr__1__1.A__1.B/7fwr__1__1.A__1.B_ligand.pdb
  No symmetry contacts found — writing non-symm receptor only
  -> no_symmetry_contacts

Processing 7fx1__1__1.A__1.B (proper chain: 1.B)
  Downloading https://files.rcsb.org/download/7fx1.cif
  Ligand written: /home/rquiroga/github/runs-n-poses/runs-n-poses-datasets/symmetry_corrected/7fx1__1__1.A__1.B/7fx1__1__1.A__1.B_ligand.pdb
  No symmetry contacts found — writing non-symm receptor only
  -> no_symmetry_contacts

Processing 7fxi__1__1.A__1.D (proper chain: 1.D)
  Downloading https://files.rcsb.org/download/7fxi.cif
  Ligand written: /home/rquiroga/github/runs-n-poses/runs-n-poses-datasets/symmetry_corrected/7fxi__1__1.A__1.D/7fxi__1__1.A__1.D_ligand.pdb
  No symmetry contacts found — writing non-symm receptor only
  -> no_symmetry_contacts

Processing 7fy8__1__1.A__1.I_1.J (proper chain: 1.I)
  Downloading https://files.rcsb.org/download/7fy8.cif
  Ligand written: /home/rquiroga/github/runs-n-poses/runs-n-poses-datasets/symmetry_corrected/7fy8__1__1.A__1.I_1.J/7fy8__1__1.A__1.I_1.J_ligand.pdb
  No symmetry contacts found — writing non-symm receptor only
  -> no_symmetry_contacts

Processing 7fyr__1__1.A__1.B (proper chain: 1.B)
  Downloading https://files.rcsb.org/download/7fyr.cif
  Ligand written: /home/rquiroga/github/runs-n-poses/runs-n-poses-datasets/symmetry_corrected/7fyr__1__1.A__1.B/7fyr__1__1.A__1.B_ligand.pdb
  No symmetry contacts found — writing non-symm receptor only
  -> no_symmetry_contacts

Processing 7fys__1__1.A__1.B (proper chain: 1.B)
  Downloading https://files.rcsb.org/download/7fys.cif
  Ligand written: /home/rquiroga/github/runs-n-poses/runs-n-poses-datasets/symmetry_corrected/7fys__1__1.A__1.B/7fys__1__1.A__1.B_ligand.pdb
  No symmetry contacts found — writing non-symm receptor only
  -> no_symmetry_contacts

Processing 7fyx__1__1.A__1.C (proper chain: 1.C)
  Downloading https://files.rcsb.org/download/7fyx.cif
  Ligand written: /home/rquiroga/github/runs-n-poses/runs-n-poses-datasets/symmetry_corrected/7fyx__1__1.A__1.C/7fyx__1__1.A__1.C_ligand.pdb
  No symmetry contacts found — writing non-symm receptor only
  -> no_symmetry_contacts

Processing 7fz0__1__1.A__1.E (proper chain: 1.E)
  Downloading https://files.rcsb.org/download/7fz0.cif
  Ligand written: /home/rquiroga/github/runs-n-poses/runs-n-poses-datasets/symmetry_corrected/7fz0__1__1.A__1.E/7fz0__1__1.A__1.E_ligand.pdb
  No symmetry contacts found — writing non-symm receptor only
  -> no_symmetry_contacts

Processing 7fz3__1__1.A__1.B (proper chain: 1.B)
  Downloading https://files.rcsb.org/download/7fz3.cif
  Ligand written: /home/rquiroga/github/runs-n-poses/runs-n-poses-datasets/symmetry_corrected/7fz3__1__1.A__1.B/7fz3__1__1.A__1.B_ligand.pdb
  No symmetry contacts found — writing non-symm receptor only
  -> no_symmetry_contacts

Processing 7fzc__1__1.A__1.B (proper chain: 1.B)
  Downloading https://files.rcsb.org/download/7fzc.cif
  Ligand written: /home/rquiroga/github/runs-n-poses/runs-n-poses-datasets/symmetry_corrected/7fzc__1__1.A__1.B/7fzc__1__1.A__1.B_ligand.pdb
  No symmetry contacts found — writing non-symm receptor only
  -> no_symmetry_contacts

Processing 7fzl__1__1.A__1.B (proper chain: 1.B)
  Downloading https://files.rcsb.org/download/7fzl.cif
  Ligand written: /home/rquiroga/github/runs-n-poses/runs-n-poses-datasets/symmetry_corrected/7fzl__1__1.A__1.B/7fzl__1__1.A__1.B_ligand.pdb
  No symmetry contacts found — writing non-symm receptor only
  -> no_symmetry_contacts

Processing 7fzs__1__1.A__1.B (proper chain: 1.B)
  Downloading https://files.rcsb.org/download/7fzs.cif
  Ligand written: /home/rquiroga/github/runs-n-poses/runs-n-poses-datasets/symmetry_corrected/7fzs__1__1.A__1.B/7fzs__1__1.A__1.B_ligand.pdb
  No symmetry contacts found — writing non-symm receptor only
  -> no_symmetry_contacts

Processing 7g00__1__1.A__1.Q (proper chain: 1.Q)
  Downloading https://files.rcsb.org/download/7g00.cif
  Ligand written: /home/rquiroga/github/runs-n-poses/runs-n-poses-datasets/symmetry_corrected/7g00__1__1.A__1.Q/7g00__1__1.A__1.Q_ligand.pdb
  No symmetry contacts found — writing non-symm receptor only
  -> no_symmetry_contacts

Processing 7g07__1__1.A__1.B (proper chain: 1.B)
  Downloading https://files.rcsb.org/download/7g07.cif
  Ligand written: /home/rquiroga/github/runs-n-poses/runs-n-poses-datasets/symmetry_corrected/7g07__1__1.A__1.B/7g07__1__1.A__1.B_ligand.pdb
  No symmetry contacts found — writing non-symm receptor only
  -> no_symmetry_contacts

Processing 7g0g__1__1.A__1.B (proper chain: 1.B)
  Downloading https://files.rcsb.org/download/7g0g.cif
  Ligand written: /home/rquiroga/github/runs-n-poses/runs-n-poses-datasets/symmetry_corrected/7g0g__1__1.A__1.B/7g0g__1__1.A__1.B_ligand.pdb
  No symmetry contacts found — writing non-symm receptor only
  -> no_symmetry_contacts

Processing 7g0j__1__1.A__1.D (proper chain: 1.D)
  Downloading https://files.rcsb.org/download/7g0j.cif
  Ligand written: /home/rquiroga/github/runs-n-poses/runs-n-poses-datasets/symmetry_corrected/7g0j__1__1.A__1.D/7g0j__1__1.A__1.D_ligand.pdb
  No symmetry contacts found — writing non-symm receptor only
  -> no_symmetry_contacts

Processing 7g0t__1__1.A__1.B (proper chain: 1.B)
  Downloading https://files.rcsb.org/download/7g0t.cif
  Ligand written: /home/rquiroga/github/runs-n-poses/runs-n-poses-datasets/symmetry_corrected/7g0t__1__1.A__1.B/7g0t__1__1.A__1.B_ligand.pdb
  No symmetry contacts found — writing non-symm receptor only
  -> no_symmetry_contacts

Processing 7g10__1__1.A__1.D (proper chain: 1.D)
  Downloading https://files.rcsb.org/download/7g10.cif
  Ligand written: /home/rquiroga/github/runs-n-poses/runs-n-poses-datasets/symmetry_corrected/7g10__1__1.A__1.D/7g10__1__1.A__1.D_ligand.pdb
  No symmetry contacts found — writing non-symm receptor only
  -> no_symmetry_contacts

Processing 7g1b__1__1.A__1.B (proper chain: 1.B)
  Downloading https://files.rcsb.org/download/7g1b.cif
  Ligand written: /home/rquiroga/github/runs-n-poses/runs-n-poses-datasets/symmetry_corrected/7g1b__1__1.A__1.B/7g1b__1__1.A__1.B_ligand.pdb
  No symmetry contacts found — writing non-symm receptor only
  -> no_symmetry_contacts

Processing 7g1e__1__1.A__1.C (proper chain: 1.C)
  Downloading https://files.rcsb.org/download/7g1e.cif
  Ligand written: /home/rquiroga/github/runs-n-poses/runs-n-poses-datasets/symmetry_corrected/7g1e__1__1.A__1.C/7g1e__1__1.A__1.C_ligand.pdb
  No symmetry contacts found — writing non-symm receptor only
  -> no_symmetry_contacts

Processing 7g1j__1__1.A__1.B (proper chain: 1.B)
  Downloading https://files.rcsb.org/download/7g1j.cif
  Ligand written: /home/rquiroga/github/runs-n-poses/runs-n-poses-datasets/symmetry_corrected/7g1j__1__1.A__1.B/7g1j__1__1.A__1.B_ligand.pdb
  No symmetry contacts found — writing non-symm receptor only
  -> no_symmetry_contacts

Processing 7g1m__1__1.A__1.B (proper chain: 1.B)
  Downloading https://files.rcsb.org/download/7g1m.cif
  Ligand written: /home/rquiroga/github/runs-n-poses/runs-n-poses-datasets/symmetry_corrected/7g1m__1__1.A__1.B/7g1m__1__1.A__1.B_ligand.pdb
  No symmetry contacts found — writing non-symm receptor only
  -> no_symmetry_contacts

Processing 7g20__1__1.A__1.B (proper chain: 1.B)
  Downloading https://files.rcsb.org/download/7g20.cif
  Ligand written: /home/rquiroga/github/runs-n-poses/runs-n-poses-datasets/symmetry_corrected/7g20__1__1.A__1.B/7g20__1__1.A__1.B_ligand.pdb
  No symmetry contacts found — writing non-symm receptor only
  -> no_symmetry_contacts

Processing 7g90__1__1.A__1.C (proper chain: 1.C)
  Downloading https://files.rcsb.org/download/7g90.cif
  Ligand written: /home/rquiroga/github/runs-n-poses/runs-n-poses-datasets/symmetry_corrected/7g90__1__1.A__1.C/7g90__1__1.A__1.C_ligand.pdb
  No symmetry contacts found — writing non-symm receptor only
  -> no_symmetry_contacts

Processing 7gav__1__1.A_1.B__1.E_1.I_1.J (proper chain: 1.I)
  Downloading https://files.rcsb.org/download/7gav.cif
  Ligand written: /home/rquiroga/github/runs-n-poses/runs-n-poses-datasets/symmetry_corrected/7gav__1__1.A_1.B__1.E_1.I_1.J/7gav__1__1.A_1.B__1.E_1.I_1.J_ligand.pdb
  No symmetry contacts found — writing non-symm receptor only
  -> no_symmetry_contacts

Processing 7gaw__1__1.A_1.B__1.K (proper chain: 1.K)
  Downloading https://files.rcsb.org/download/7gaw.cif
  Ligand written: /home/rquiroga/github/runs-n-poses/runs-n-poses-datasets/symmetry_corrected/7gaw__1__1.A_1.B__1.K/7gaw__1__1.A_1.B__1.K_ligand.pdb
  No symmetry contacts found — writing non-symm receptor only
  -> no_symmetry_contacts

Processing 7gb6__1__1.A_2.A__1.F (proper chain: 1.F)
  Downloading https://files.rcsb.org/download/7gb6.cif
  Ligand written: /home/rquiroga/github/runs-n-poses/runs-n-poses-datasets/symmetry_corrected/7gb6__1__1.A_2.A__1.F/7gb6__1__1.A_2.A__1.F_ligand.pdb
  Found 1 symmetry operations with contacts
  Receptor (symm) written: /home/rquiroga/github/runs-n-poses/runs-n-poses-datasets/symmetry_corrected/7gb6__1__1.A_2.A__1.F/7gb6__1__1.A_2.A__1.F_receptor_symm.pdb
  Total chains in output: 5
  -> ok

Processing 7gb7__1__1.A_2.A__1.B (proper chain: 1.B)
  Downloading https://files.rcsb.org/download/7gb7.cif
  Ligand written: /home/rquiroga/github/runs-n-poses/runs-n-poses-datasets/symmetry_corrected/7gb7__1__1.A_2.A__1.B/7gb7__1__1.A_2.A__1.B_ligand.pdb
  Found 2 symmetry operations with contacts
  Receptor (symm) written: /home/rquiroga/github/runs-n-poses/runs-n-poses-datasets/symmetry_corrected/7gb7__1__1.A_2.A__1.B/7gb7__1__1.A_2.A__1.B_receptor_symm.pdb
  Total chains in output: 7
  -> ok

Processing 7gb8__1__1.A_2.A__1.F (proper chain: 1.F)
  Downloading https://files.rcsb.org/download/7gb8.cif
  Ligand written: /home/rquiroga/github/runs-n-poses/runs-n-poses-datasets/symmetry_corrected/7gb8__1__1.A_2.A__1.F/7gb8__1__1.A_2.A__1.F_ligand.pdb
  Found 2 symmetry operations with contacts
  Receptor (symm) written: /home/rquiroga/github/runs-n-poses/runs-n-poses-datasets/symmetry_corrected/7gb8__1__1.A_2.A__1.F/7gb8__1__1.A_2.A__1.F_receptor_symm.pdb
  Total chains in output: 7
  -> ok

Processing 7gbc__1__1.A_2.A__2.E (proper chain: 2.E)
  Downloading https://files.rcsb.org/download/7gbc.cif
  Ligand written: /home/rquiroga/github/runs-n-poses/runs-n-poses-datasets/symmetry_corrected/7gbc__1__1.A_2.A__2.E/7gbc__1__1.A_2.A__2.E_ligand.pdb
  Found 2 symmetry operations with contacts
  Receptor (symm) written: /home/rquiroga/github/runs-n-poses/runs-n-poses-datasets/symmetry_corrected/7gbc__1__1.A_2.A__2.E/7gbc__1__1.A_2.A__2.E_receptor_symm.pdb
  Total chains in output: 7
  -> ok

Processing 7gbd__1__1.A_2.A__2.E (proper chain: 2.E)
  Downloading https://files.rcsb.org/download/7gbd.cif
  Ligand written: /home/rquiroga/github/runs-n-poses/runs-n-poses-datasets/symmetry_corrected/7gbd__1__1.A_2.A__2.E/7gbd__1__1.A_2.A__2.E_ligand.pdb
  Found 2 symmetry operations with contacts
  Receptor (symm) written: /home/rquiroga/github/runs-n-poses/runs-n-poses-datasets/symmetry_corrected/7gbd__1__1.A_2.A__2.E/7gbd__1__1.A_2.A__2.E_receptor_symm.pdb
  Total chains in output: 7
  -> ok

Processing 7gbe__1__1.A_2.A__1.B (proper chain: 1.B)
  Downloading https://files.rcsb.org/download/7gbe.cif
  Ligand written: /home/rquiroga/github/runs-n-poses/runs-n-poses-datasets/symmetry_corrected/7gbe__1__1.A_2.A__1.B/7gbe__1__1.A_2.A__1.B_ligand.pdb
  Found 2 symmetry operations with contacts
  Receptor (symm) written: /home/rquiroga/github/runs-n-poses/runs-n-poses-datasets/symmetry_corrected/7gbe__1__1.A_2.A__1.B/7gbe__1__1.A_2.A__1.B_receptor_symm.pdb
  Total chains in output: 7
  -> ok

Processing 7gbg__1__1.A_2.A__2.E (proper chain: 2.E)
  Downloading https://files.rcsb.org/download/7gbg.cif
  Ligand written: /home/rquiroga/github/runs-n-poses/runs-n-poses-datasets/symmetry_corrected/7gbg__1__1.A_2.A__2.E/7gbg__1__1.A_2.A__2.E_ligand.pdb
  Found 2 symmetry operations with contacts
  Receptor (symm) written: /home/rquiroga/github/runs-n-poses/runs-n-poses-datasets/symmetry_corrected/7gbg__1__1.A_2.A__2.E/7gbg__1__1.A_2.A__2.E_receptor_symm.pdb
  Total chains in output: 7
  -> ok

Processing 7gbi__1__1.A_2.A__2.D (proper chain: 2.D)
  Downloading https://files.rcsb.org/download/7gbi.cif
  Ligand written: /home/rquiroga/github/runs-n-poses/runs-n-poses-datasets/symmetry_corrected/7gbi__1__1.A_2.A__2.D/7gbi__1__1.A_2.A__2.D_ligand.pdb
  Found 2 symmetry operations with contacts
  Receptor (symm) written: /home/rquiroga/github/runs-n-poses/runs-n-poses-datasets/symmetry_corrected/7gbi__1__1.A_2.A__2.D/7gbi__1__1.A_2.A__2.D_receptor_symm.pdb
  Total chains in output: 7
  -> ok

Processing 7gbo__1__1.A_2.A__1.E (proper chain: 1.E)
  Downloading https://files.rcsb.org/download/7gbo.cif
  Ligand written: /home/rquiroga/github/runs-n-poses/runs-n-poses-datasets/symmetry_corrected/7gbo__1__1.A_2.A__1.E/7gbo__1__1.A_2.A__1.E_ligand.pdb
  Found 1 symmetry operations with contacts
  Receptor (symm) written: /home/rquiroga/github/runs-n-poses/runs-n-poses-datasets/symmetry_corrected/7gbo__1__1.A_2.A__1.E/7gbo__1__1.A_2.A__1.E_receptor_symm.pdb
  Total chains in output: 5
  -> ok

Processing 7gbp__1__1.A_2.A__2.F (proper chain: 2.F)
  Downloading https://files.rcsb.org/download/7gbp.cif
  Ligand written: /home/rquiroga/github/runs-n-poses/runs-n-poses-datasets/symmetry_corrected/7gbp__1__1.A_2.A__2.F/7gbp__1__1.A_2.A__2.F_ligand.pdb
  Found 1 symmetry operations with contacts
  Receptor (symm) written: /home/rquiroga/github/runs-n-poses/runs-n-poses-datasets/symmetry_corrected/7gbp__1__1.A_2.A__2.F/7gbp__1__1.A_2.A__2.F_receptor_symm.pdb
  Total chains in output: 5
  -> ok

Processing 7gbq__1__1.A_2.A__1.E (proper chain: 1.E)
  Downloading https://files.rcsb.org/download/7gbq.cif
  Ligand written: /home/rquiroga/github/runs-n-poses/runs-n-poses-datasets/symmetry_corrected/7gbq__1__1.A_2.A__1.E/7gbq__1__1.A_2.A__1.E_ligand.pdb
  Found 2 symmetry operations with contacts
  Receptor (symm) written: /home/rquiroga/github/runs-n-poses/runs-n-poses-datasets/symmetry_corrected/7gbq__1__1.A_2.A__1.E/7gbq__1__1.A_2.A__1.E_receptor_symm.pdb
  Total chains in output: 7
  -> ok

Processing 7gbr__1__1.A_2.A__2.F (proper chain: 2.F)
  Downloading https://files.rcsb.org/download/7gbr.cif
  Ligand written: /home/rquiroga/github/runs-n-poses/runs-n-poses-datasets/symmetry_corrected/7gbr__1__1.A_2.A__2.F/7gbr__1__1.A_2.A__2.F_ligand.pdb
  Found 2 symmetry operations with contacts
  Receptor (symm) written: /home/rquiroga/github/runs-n-poses/runs-n-poses-datasets/symmetry_corrected/7gbr__1__1.A_2.A__2.F/7gbr__1__1.A_2.A__2.F_receptor_symm.pdb
  Total chains in output: 7
  -> ok

Processing 7gbs__1__1.A_2.A__1.E_1.F (proper chain: 1.E)
  Downloading https://files.rcsb.org/download/7gbs.cif
  Ligand written: /home/rquiroga/github/runs-n-poses/runs-n-poses-datasets/symmetry_corrected/7gbs__1__1.A_2.A__1.E_1.F/7gbs__1__1.A_2.A__1.E_1.F_ligand.pdb
  Found 2 symmetry operations with contacts
  Receptor (symm) written: /home/rquiroga/github/runs-n-poses/runs-n-poses-datasets/symmetry_corrected/7gbs__1__1.A_2.A__1.E_1.F/7gbs__1__1.A_2.A__1.E_1.F_receptor_symm.pdb
  Total chains in output: 8
  -> ok

Processing 7gbw__1__1.A_2.A__1.F (proper chain: 1.F)
  Downloading https://files.rcsb.org/download/7gbw.cif
  Ligand written: /home/rquiroga/github/runs-n-poses/runs-n-poses-datasets/symmetry_corrected/7gbw__1__1.A_2.A__1.F/7gbw__1__1.A_2.A__1.F_ligand.pdb
  Found 2 symmetry operations with contacts
  Receptor (symm) written: /home/rquiroga/github/runs-n-poses/runs-n-poses-datasets/symmetry_corrected/7gbw__1__1.A_2.A__1.F/7gbw__1__1.A_2.A__1.F_receptor_symm.pdb
  Total chains in output: 7
  -> ok

Processing 7gby__1__1.A_2.A__1.E (proper chain: 1.E)
  Downloading https://files.rcsb.org/download/7gby.cif
  Ligand written: /home/rquiroga/github/runs-n-poses/runs-n-poses-datasets/symmetry_corrected/7gby__1__1.A_2.A__1.E/7gby__1__1.A_2.A__1.E_ligand.pdb
  Found 2 symmetry operations with contacts
  Receptor (symm) written: /home/rquiroga/github/runs-n-poses/runs-n-poses-datasets/symmetry_corrected/7gby__1__1.A_2.A__1.E/7gby__1__1.A_2.A__1.E_receptor_symm.pdb
  Total chains in output: 7
  -> ok

Processing 7gbz__1__1.A_2.A__2.F (proper chain: 2.F)
  Downloading https://files.rcsb.org/download/7gbz.cif
  Ligand written: /home/rquiroga/github/runs-n-poses/runs-n-poses-datasets/symmetry_corrected/7gbz__1__1.A_2.A__2.F/7gbz__1__1.A_2.A__2.F_ligand.pdb
  Found 2 symmetry operations with contacts
  Receptor (symm) written: /home/rquiroga/github/runs-n-poses/runs-n-poses-datasets/symmetry_corrected/7gbz__1__1.A_2.A__2.F/7gbz__1__1.A_2.A__2.F_receptor_symm.pdb
  Total chains in output: 7
  -> ok

Processing 7gc0__1__1.A_2.A__1.E (proper chain: 1.E)
  Downloading https://files.rcsb.org/download/7gc0.cif
  Ligand written: /home/rquiroga/github/runs-n-poses/runs-n-poses-datasets/symmetry_corrected/7gc0__1__1.A_2.A__1.E/7gc0__1__1.A_2.A__1.E_ligand.pdb
  Found 2 symmetry operations with contacts
  Receptor (symm) written: /home/rquiroga/github/runs-n-poses/runs-n-poses-datasets/symmetry_corrected/7gc0__1__1.A_2.A__1.E/7gc0__1__1.A_2.A__1.E_receptor_symm.pdb
  Total chains in output: 7
  -> ok

Processing 7gc1__1__1.A_2.A__2.E (proper chain: 2.E)
  Downloading https://files.rcsb.org/download/7gc1.cif
  Ligand written: /home/rquiroga/github/runs-n-poses/runs-n-poses-datasets/symmetry_corrected/7gc1__1__1.A_2.A__2.E/7gc1__1__1.A_2.A__2.E_ligand.pdb
  Found 2 symmetry operations with contacts
  Receptor (symm) written: /home/rquiroga/github/runs-n-poses/runs-n-poses-datasets/symmetry_corrected/7gc1__1__1.A_2.A__2.E/7gc1__1__1.A_2.A__2.E_receptor_symm.pdb
  Total chains in output: 7
  -> ok

Processing 7gc2__1__1.A_2.A__2.E (proper chain: 2.E)
  Downloading https://files.rcsb.org/download/7gc2.cif
  Ligand written: /home/rquiroga/github/runs-n-poses/runs-n-poses-datasets/symmetry_corrected/7gc2__1__1.A_2.A__2.E/7gc2__1__1.A_2.A__2.E_ligand.pdb
  Found 1 symmetry operations with contacts
  Receptor (symm) written: /home/rquiroga/github/runs-n-poses/runs-n-poses-datasets/symmetry_corrected/7gc2__1__1.A_2.A__2.E/7gc2__1__1.A_2.A__2.E_receptor_symm.pdb
  Total chains in output: 5
  -> ok

Processing 7gc3__1__1.A_2.A__2.F (proper chain: 2.F)
  Downloading https://files.rcsb.org/download/7gc3.cif
  Ligand written: /home/rquiroga/github/runs-n-poses/runs-n-poses-datasets/symmetry_corrected/7gc3__1__1.A_2.A__2.F/7gc3__1__1.A_2.A__2.F_ligand.pdb
  Found 2 symmetry operations with contacts
  Receptor (symm) written: /home/rquiroga/github/runs-n-poses/runs-n-poses-datasets/symmetry_corrected/7gc3__1__1.A_2.A__2.F/7gc3__1__1.A_2.A__2.F_receptor_symm.pdb
  Total chains in output: 7
  -> ok

Processing 7gc4__1__1.A_2.A__1.F_1.G (proper chain: 1.F)
  Downloading https://files.rcsb.org/download/7gc4.cif
  Ligand written: /home/rquiroga/github/runs-n-poses/runs-n-poses-datasets/symmetry_corrected/7gc4__1__1.A_2.A__1.F_1.G/7gc4__1__1.A_2.A__1.F_1.G_ligand.pdb
  Found 2 symmetry operations with contacts
  Receptor (symm) written: /home/rquiroga/github/runs-n-poses/runs-n-poses-datasets/symmetry_corrected/7gc4__1__1.A_2.A__1.F_1.G/7gc4__1__1.A_2.A__1.F_1.G_receptor_symm.pdb
  Total chains in output: 8
  -> ok

Processing 7gc8__1__1.A_2.A__2.E (proper chain: 2.E)
  Downloading https://files.rcsb.org/download/7gc8.cif
  Ligand written: /home/rquiroga/github/runs-n-poses/runs-n-poses-datasets/symmetry_corrected/7gc8__1__1.A_2.A__2.E/7gc8__1__1.A_2.A__2.E_ligand.pdb
  Found 1 symmetry operations with contacts
  Receptor (symm) written: /home/rquiroga/github/runs-n-poses/runs-n-poses-datasets/symmetry_corrected/7gc8__1__1.A_2.A__2.E/7gc8__1__1.A_2.A__2.E_receptor_symm.pdb
  Total chains in output: 5
  -> ok

Processing 7gcd__1__1.A_2.A__1.F_1.G (proper chain: 1.F)
  Downloading https://files.rcsb.org/download/7gcd.cif
  Ligand written: /home/rquiroga/github/runs-n-poses/runs-n-poses-datasets/symmetry_corrected/7gcd__1__1.A_2.A__1.F_1.G/7gcd__1__1.A_2.A__1.F_1.G_ligand.pdb
  Found 2 symmetry operations with contacts
  Receptor (symm) written: /home/rquiroga/github/runs-n-poses/runs-n-poses-datasets/symmetry_corrected/7gcd__1__1.A_2.A__1.F_1.G/7gcd__1__1.A_2.A__1.F_1.G_receptor_symm.pdb
  Total chains in output: 8
  -> ok

Processing 7gce__1__1.A_2.A__2.E (proper chain: 2.E)
  Downloading https://files.rcsb.org/download/7gce.cif
  Ligand written: /home/rquiroga/github/runs-n-poses/runs-n-poses-datasets/symmetry_corrected/7gce__1__1.A_2.A__2.E/7gce__1__1.A_2.A__2.E_ligand.pdb
  Found 2 symmetry operations with contacts
  Receptor (symm) written: /home/rquiroga/github/runs-n-poses/runs-n-poses-datasets/symmetry_corrected/7gce__1__1.A_2.A__2.E/7gce__1__1.A_2.A__2.E_receptor_symm.pdb
  Total chains in output: 7
  -> ok

Processing 7gcf__1__1.A_2.A__2.E (proper chain: 2.E)
  Downloading https://files.rcsb.org/download/7gcf.cif
  Ligand written: /home/rquiroga/github/runs-n-poses/runs-n-poses-datasets/symmetry_corrected/7gcf__1__1.A_2.A__2.E/7gcf__1__1.A_2.A__2.E_ligand.pdb
  Found 2 symmetry operations with contacts
  Receptor (symm) written: /home/rquiroga/github/runs-n-poses/runs-n-poses-datasets/symmetry_corrected/7gcf__1__1.A_2.A__2.E/7gcf__1__1.A_2.A__2.E_receptor_symm.pdb
  Total chains in output: 7
  -> ok

Processing 7gcj__1__1.A_2.A__1.E (proper chain: 1.E)
  Downloading https://files.rcsb.org/download/7gcj.cif
  Ligand written: /home/rquiroga/github/runs-n-poses/runs-n-poses-datasets/symmetry_corrected/7gcj__1__1.A_2.A__1.E/7gcj__1__1.A_2.A__1.E_ligand.pdb
  Found 2 symmetry operations with contacts
  Receptor (symm) written: /home/rquiroga/github/runs-n-poses/runs-n-poses-datasets/symmetry_corrected/7gcj__1__1.A_2.A__1.E/7gcj__1__1.A_2.A__1.E_receptor_symm.pdb
  Total chains in output: 7
  -> ok

Processing 7gck__1__1.A_2.A__1.E (proper chain: 1.E)
  Downloading https://files.rcsb.org/download/7gck.cif
  Ligand written: /home/rquiroga/github/runs-n-poses/runs-n-poses-datasets/symmetry_corrected/7gck__1__1.A_2.A__1.E/7gck__1__1.A_2.A__1.E_ligand.pdb
  Found 2 symmetry operations with contacts
  Receptor (symm) written: /home/rquiroga/github/runs-n-poses/runs-n-poses-datasets/symmetry_corrected/7gck__1__1.A_2.A__1.E/7gck__1__1.A_2.A__1.E_receptor_symm.pdb
  Total chains in output: 7
  -> ok

Processing 7gcl__1__1.A_2.A__2.F (proper chain: 2.F)
  Downloading https://files.rcsb.org/download/7gcl.cif
  Ligand written: /home/rquiroga/github/runs-n-poses/runs-n-poses-datasets/symmetry_corrected/7gcl__1__1.A_2.A__2.F/7gcl__1__1.A_2.A__2.F_ligand.pdb
  Found 2 symmetry operations with contacts
  Receptor (symm) written: /home/rquiroga/github/runs-n-poses/runs-n-poses-datasets/symmetry_corrected/7gcl__1__1.A_2.A__2.F/7gcl__1__1.A_2.A__2.F_receptor_symm.pdb
  Total chains in output: 7
  -> ok

Processing 7gcn__1__1.A_2.A__2.F (proper chain: 2.F)
  Downloading https://files.rcsb.org/download/7gcn.cif
  Ligand written: /home/rquiroga/github/runs-n-poses/runs-n-poses-datasets/symmetry_corrected/7gcn__1__1.A_2.A__2.F/7gcn__1__1.A_2.A__2.F_ligand.pdb
  Found 2 symmetry operations with contacts
  Receptor (symm) written: /home/rquiroga/github/runs-n-poses/runs-n-poses-datasets/symmetry_corrected/7gcn__1__1.A_2.A__2.F/7gcn__1__1.A_2.A__2.F_receptor_symm.pdb
  Total chains in output: 7
  -> ok

Processing 7gco__1__1.A_2.A__2.E (proper chain: 2.E)
  Downloading https://files.rcsb.org/download/7gco.cif
  Ligand written: /home/rquiroga/github/runs-n-poses/runs-n-poses-datasets/symmetry_corrected/7gco__1__1.A_2.A__2.E/7gco__1__1.A_2.A__2.E_ligand.pdb
  Found 2 symmetry operations with contacts
  Receptor (symm) written: /home/rquiroga/github/runs-n-poses/runs-n-poses-datasets/symmetry_corrected/7gco__1__1.A_2.A__2.E/7gco__1__1.A_2.A__2.E_receptor_symm.pdb
  Total chains in output: 7
  -> ok

Processing 7gcq__1__1.A_2.A__1.F (proper chain: 1.F)
  Downloading https://files.rcsb.org/download/7gcq.cif
  Ligand written: /home/rquiroga/github/runs-n-poses/runs-n-poses-datasets/symmetry_corrected/7gcq__1__1.A_2.A__1.F/7gcq__1__1.A_2.A__1.F_ligand.pdb
  Found 2 symmetry operations with contacts
  Receptor (symm) written: /home/rquiroga/github/runs-n-poses/runs-n-poses-datasets/symmetry_corrected/7gcq__1__1.A_2.A__1.F/7gcq__1__1.A_2.A__1.F_receptor_symm.pdb
  Total chains in output: 7
  -> ok

Processing 7gcs__1__1.A_2.A__1.E (proper chain: 1.E)
  Downloading https://files.rcsb.org/download/7gcs.cif
  Ligand written: /home/rquiroga/github/runs-n-poses/runs-n-poses-datasets/symmetry_corrected/7gcs__1__1.A_2.A__1.E/7gcs__1__1.A_2.A__1.E_ligand.pdb
  Found 2 symmetry operations with contacts
  Receptor (symm) written: /home/rquiroga/github/runs-n-poses/runs-n-poses-datasets/symmetry_corrected/7gcs__1__1.A_2.A__1.E/7gcs__1__1.A_2.A__1.E_receptor_symm.pdb
  Total chains in output: 7
  -> ok

Processing 7gcu__1__1.A_2.A__1.E (proper chain: 1.E)
  Downloading https://files.rcsb.org/download/7gcu.cif
  Ligand written: /home/rquiroga/github/runs-n-poses/runs-n-poses-datasets/symmetry_corrected/7gcu__1__1.A_2.A__1.E/7gcu__1__1.A_2.A__1.E_ligand.pdb
  Found 2 symmetry operations with contacts
  Receptor (symm) written: /home/rquiroga/github/runs-n-poses/runs-n-poses-datasets/symmetry_corrected/7gcu__1__1.A_2.A__1.E/7gcu__1__1.A_2.A__1.E_receptor_symm.pdb
  Total chains in output: 7
  -> ok

Processing 7gcv__1__1.A_2.A__2.E (proper chain: 2.E)
  Downloading https://files.rcsb.org/download/7gcv.cif
  Ligand written: /home/rquiroga/github/runs-n-poses/runs-n-poses-datasets/symmetry_corrected/7gcv__1__1.A_2.A__2.E/7gcv__1__1.A_2.A__2.E_ligand.pdb
  Found 1 symmetry operations with contacts
  Receptor (symm) written: /home/rquiroga/github/runs-n-poses/runs-n-poses-datasets/symmetry_corrected/7gcv__1__1.A_2.A__2.E/7gcv__1__1.A_2.A__2.E_receptor_symm.pdb
  Total chains in output: 5
  -> ok

Processing 7gcx__1__1.A_2.A__2.E (proper chain: 2.E)
  Downloading https://files.rcsb.org/download/7gcx.cif
  Ligand written: /home/rquiroga/github/runs-n-poses/runs-n-poses-datasets/symmetry_corrected/7gcx__1__1.A_2.A__2.E/7gcx__1__1.A_2.A__2.E_ligand.pdb
  Found 2 symmetry operations with contacts
  Receptor (symm) written: /home/rquiroga/github/runs-n-poses/runs-n-poses-datasets/symmetry_corrected/7gcx__1__1.A_2.A__2.E/7gcx__1__1.A_2.A__2.E_receptor_symm.pdb
  Total chains in output: 7
  -> ok

Processing 7gd0__1__1.A_2.A__1.F (proper chain: 1.F)
  Downloading https://files.rcsb.org/download/7gd0.cif
  Ligand written: /home/rquiroga/github/runs-n-poses/runs-n-poses-datasets/symmetry_corrected/7gd0__1__1.A_2.A__1.F/7gd0__1__1.A_2.A__1.F_ligand.pdb
  Found 2 symmetry operations with contacts
  Receptor (symm) written: /home/rquiroga/github/runs-n-poses/runs-n-poses-datasets/symmetry_corrected/7gd0__1__1.A_2.A__1.F/7gd0__1__1.A_2.A__1.F_receptor_symm.pdb
  Total chains in output: 7
  -> ok

Processing 7gd1__1__1.A_2.A__1.E (proper chain: 1.E)
  Downloading https://files.rcsb.org/download/7gd1.cif
  Ligand written: /home/rquiroga/github/runs-n-poses/runs-n-poses-datasets/symmetry_corrected/7gd1__1__1.A_2.A__1.E/7gd1__1__1.A_2.A__1.E_ligand.pdb
  Found 2 symmetry operations with contacts
  Receptor (symm) written: /home/rquiroga/github/runs-n-poses/runs-n-poses-datasets/symmetry_corrected/7gd1__1__1.A_2.A__1.E/7gd1__1__1.A_2.A__1.E_receptor_symm.pdb
  Total chains in output: 7
  -> ok

Processing 7gda__1__1.A_2.A__1.D (proper chain: 1.D)
  Downloading https://files.rcsb.org/download/7gda.cif
  Ligand written: /home/rquiroga/github/runs-n-poses/runs-n-poses-datasets/symmetry_corrected/7gda__1__1.A_2.A__1.D/7gda__1__1.A_2.A__1.D_ligand.pdb
  Found 2 symmetry operations with contacts
  Receptor (symm) written: /home/rquiroga/github/runs-n-poses/runs-n-poses-datasets/symmetry_corrected/7gda__1__1.A_2.A__1.D/7gda__1__1.A_2.A__1.D_receptor_symm.pdb
  Total chains in output: 7
  -> ok

Processing 7gdc__1__1.A_2.A__2.D (proper chain: 2.D)
  Downloading https://files.rcsb.org/download/7gdc.cif
  Ligand written: /home/rquiroga/github/runs-n-poses/runs-n-poses-datasets/symmetry_corrected/7gdc__1__1.A_2.A__2.D/7gdc__1__1.A_2.A__2.D_ligand.pdb
  Found 2 symmetry operations with contacts
  Receptor (symm) written: /home/rquiroga/github/runs-n-poses/runs-n-poses-datasets/symmetry_corrected/7gdc__1__1.A_2.A__2.D/7gdc__1__1.A_2.A__2.D_receptor_symm.pdb
  Total chains in output: 7
  -> ok

Processing 7gde__1__1.A_2.A__1.E (proper chain: 1.E)
  Downloading https://files.rcsb.org/download/7gde.cif
  Ligand written: /home/rquiroga/github/runs-n-poses/runs-n-poses-datasets/symmetry_corrected/7gde__1__1.A_2.A__1.E/7gde__1__1.A_2.A__1.E_ligand.pdb
  Found 1 symmetry operations with contacts
  Receptor (symm) written: /home/rquiroga/github/runs-n-poses/runs-n-poses-datasets/symmetry_corrected/7gde__1__1.A_2.A__1.E/7gde__1__1.A_2.A__1.E_receptor_symm.pdb
  Total chains in output: 5
  -> ok

Processing 7gdg__1__1.A_2.A__2.F (proper chain: 2.F)
  Downloading https://files.rcsb.org/download/7gdg.cif
  Ligand written: /home/rquiroga/github/runs-n-poses/runs-n-poses-datasets/symmetry_corrected/7gdg__1__1.A_2.A__2.F/7gdg__1__1.A_2.A__2.F_ligand.pdb
  Found 1 symmetry operations with contacts
  Receptor (symm) written: /home/rquiroga/github/runs-n-poses/runs-n-poses-datasets/symmetry_corrected/7gdg__1__1.A_2.A__2.F/7gdg__1__1.A_2.A__2.F_receptor_symm.pdb
  Total chains in output: 5
  -> ok

Processing 7gdj__1__1.A_2.A__2.E (proper chain: 2.E)
  Downloading https://files.rcsb.org/download/7gdj.cif
  Ligand written: /home/rquiroga/github/runs-n-poses/runs-n-poses-datasets/symmetry_corrected/7gdj__1__1.A_2.A__2.E/7gdj__1__1.A_2.A__2.E_ligand.pdb
  Found 2 symmetry operations with contacts
  Receptor (symm) written: /home/rquiroga/github/runs-n-poses/runs-n-poses-datasets/symmetry_corrected/7gdj__1__1.A_2.A__2.E/7gdj__1__1.A_2.A__2.E_receptor_symm.pdb
  Total chains in output: 7
  -> ok

Processing 7gdk__1__1.A_2.A__2.E (proper chain: 2.E)
  Downloading https://files.rcsb.org/download/7gdk.cif
  Ligand written: /home/rquiroga/github/runs-n-poses/runs-n-poses-datasets/symmetry_corrected/7gdk__1__1.A_2.A__2.E/7gdk__1__1.A_2.A__2.E_ligand.pdb
  Found 2 symmetry operations with contacts
  Receptor (symm) written: /home/rquiroga/github/runs-n-poses/runs-n-poses-datasets/symmetry_corrected/7gdk__1__1.A_2.A__2.E/7gdk__1__1.A_2.A__2.E_receptor_symm.pdb
  Total chains in output: 7
  -> ok

Processing 7gdl__1__1.A_2.A__1.E (proper chain: 1.E)
  Downloading https://files.rcsb.org/download/7gdl.cif
  Ligand written: /home/rquiroga/github/runs-n-poses/runs-n-poses-datasets/symmetry_corrected/7gdl__1__1.A_2.A__1.E/7gdl__1__1.A_2.A__1.E_ligand.pdb
  Found 2 symmetry operations with contacts
  Receptor (symm) written: /home/rquiroga/github/runs-n-poses/runs-n-poses-datasets/symmetry_corrected/7gdl__1__1.A_2.A__1.E/7gdl__1__1.A_2.A__1.E_receptor_symm.pdb
  Total chains in output: 7
  -> ok

Processing 7gdm__1__1.A_2.A__2.E (proper chain: 2.E)
  Downloading https://files.rcsb.org/download/7gdm.cif
  Ligand written: /home/rquiroga/github/runs-n-poses/runs-n-poses-datasets/symmetry_corrected/7gdm__1__1.A_2.A__2.E/7gdm__1__1.A_2.A__2.E_ligand.pdb
  Found 2 symmetry operations with contacts
  Receptor (symm) written: /home/rquiroga/github/runs-n-poses/runs-n-poses-datasets/symmetry_corrected/7gdm__1__1.A_2.A__2.E/7gdm__1__1.A_2.A__2.E_receptor_symm.pdb
  Total chains in output: 7
  -> ok

Processing 7gdz__1__1.A_2.A__1.E (proper chain: 1.E)
  Downloading https://files.rcsb.org/download/7gdz.cif
  Ligand written: /home/rquiroga/github/runs-n-poses/runs-n-poses-datasets/symmetry_corrected/7gdz__1__1.A_2.A__1.E/7gdz__1__1.A_2.A__1.E_ligand.pdb
  Found 2 symmetry operations with contacts
  Receptor (symm) written: /home/rquiroga/github/runs-n-poses/runs-n-poses-datasets/symmetry_corrected/7gdz__1__1.A_2.A__1.E/7gdz__1__1.A_2.A__1.E_receptor_symm.pdb
  Total chains in output: 7
  -> ok

Processing 7ge2__1__1.A_2.A__2.E (proper chain: 2.E)
  Downloading https://files.rcsb.org/download/7ge2.cif
  Ligand written: /home/rquiroga/github/runs-n-poses/runs-n-poses-datasets/symmetry_corrected/7ge2__1__1.A_2.A__2.E/7ge2__1__1.A_2.A__2.E_ligand.pdb
  Found 2 symmetry operations with contacts
  Receptor (symm) written: /home/rquiroga/github/runs-n-poses/runs-n-poses-datasets/symmetry_corrected/7ge2__1__1.A_2.A__2.E/7ge2__1__1.A_2.A__2.E_receptor_symm.pdb
  Total chains in output: 7
  -> ok

Processing 7ge3__1__1.A_2.A__1.D (proper chain: 1.D)
  Downloading https://files.rcsb.org/download/7ge3.cif
  Ligand written: /home/rquiroga/github/runs-n-poses/runs-n-poses-datasets/symmetry_corrected/7ge3__1__1.A_2.A__1.D/7ge3__1__1.A_2.A__1.D_ligand.pdb
  Found 2 symmetry operations with contacts
  Receptor (symm) written: /home/rquiroga/github/runs-n-poses/runs-n-poses-datasets/symmetry_corrected/7ge3__1__1.A_2.A__1.D/7ge3__1__1.A_2.A__1.D_receptor_symm.pdb
  Total chains in output: 7
  -> ok

Processing 7ge4__1__1.A_2.A__1.E_1.F (proper chain: 1.F)
  Downloading https://files.rcsb.org/download/7ge4.cif
  Ligand written: /home/rquiroga/github/runs-n-poses/runs-n-poses-datasets/symmetry_corrected/7ge4__1__1.A_2.A__1.E_1.F/7ge4__1__1.A_2.A__1.E_1.F_ligand.pdb
  Found 2 symmetry operations with contacts
  Receptor (symm) written: /home/rquiroga/github/runs-n-poses/runs-n-poses-datasets/symmetry_corrected/7ge4__1__1.A_2.A__1.E_1.F/7ge4__1__1.A_2.A__1.E_1.F_receptor_symm.pdb
  Total chains in output: 8
  -> ok

Processing 7ge8__1__1.A_2.A__2.E (proper chain: 2.E)
  Downloading https://files.rcsb.org/download/7ge8.cif
  Ligand written: /home/rquiroga/github/runs-n-poses/runs-n-poses-datasets/symmetry_corrected/7ge8__1__1.A_2.A__2.E/7ge8__1__1.A_2.A__2.E_ligand.pdb
  Found 2 symmetry operations with contacts
  Receptor (symm) written: /home/rquiroga/github/runs-n-poses/runs-n-poses-datasets/symmetry_corrected/7ge8__1__1.A_2.A__2.E/7ge8__1__1.A_2.A__2.E_receptor_symm.pdb
  Total chains in output: 7
  -> ok

Processing 7ge9__1__1.A_2.A__1.E (proper chain: 1.E)
  Downloading https://files.rcsb.org/download/7ge9.cif
  Ligand written: /home/rquiroga/github/runs-n-poses/runs-n-poses-datasets/symmetry_corrected/7ge9__1__1.A_2.A__1.E/7ge9__1__1.A_2.A__1.E_ligand.pdb
  Found 2 symmetry operations with contacts
  Receptor (symm) written: /home/rquiroga/github/runs-n-poses/runs-n-poses-datasets/symmetry_corrected/7ge9__1__1.A_2.A__1.E/7ge9__1__1.A_2.A__1.E_receptor_symm.pdb
  Total chains in output: 7
  -> ok

Processing 7gec__1__1.A_2.A__2.E (proper chain: 2.E)
  Downloading https://files.rcsb.org/download/7gec.cif
  Ligand written: /home/rquiroga/github/runs-n-poses/runs-n-poses-datasets/symmetry_corrected/7gec__1__1.A_2.A__2.E/7gec__1__1.A_2.A__2.E_ligand.pdb
  Found 2 symmetry operations with contacts
  Receptor (symm) written: /home/rquiroga/github/runs-n-poses/runs-n-poses-datasets/symmetry_corrected/7gec__1__1.A_2.A__2.E/7gec__1__1.A_2.A__2.E_receptor_symm.pdb
  Total chains in output: 7
  -> ok

Processing 7ged__1__1.A_2.A__1.E (proper chain: 1.E)
  Downloading https://files.rcsb.org/download/7ged.cif
  Ligand written: /home/rquiroga/github/runs-n-poses/runs-n-poses-datasets/symmetry_corrected/7ged__1__1.A_2.A__1.E/7ged__1__1.A_2.A__1.E_ligand.pdb
  Found 1 symmetry operations with contacts
  Receptor (symm) written: /home/rquiroga/github/runs-n-poses/runs-n-poses-datasets/symmetry_corrected/7ged__1__1.A_2.A__1.E/7ged__1__1.A_2.A__1.E_receptor_symm.pdb
  Total chains in output: 5
  -> ok

Processing 7gee__1__1.A_2.A__2.E (proper chain: 2.E)
  Downloading https://files.rcsb.org/download/7gee.cif
  Ligand written: /home/rquiroga/github/runs-n-poses/runs-n-poses-datasets/symmetry_corrected/7gee__1__1.A_2.A__2.E/7gee__1__1.A_2.A__2.E_ligand.pdb
  Found 2 symmetry operations with contacts
  Receptor (symm) written: /home/rquiroga/github/runs-n-poses/runs-n-poses-datasets/symmetry_corrected/7gee__1__1.A_2.A__2.E/7gee__1__1.A_2.A__2.E_receptor_symm.pdb
  Total chains in output: 7
  -> ok

Processing 7gef__1__1.A_2.A__1.D (proper chain: 1.D)
  Downloading https://files.rcsb.org/download/7gef.cif
  Ligand written: /home/rquiroga/github/runs-n-poses/runs-n-poses-datasets/symmetry_corrected/7gef__1__1.A_2.A__1.D/7gef__1__1.A_2.A__1.D_ligand.pdb
  Found 2 symmetry operations with contacts
  Receptor (symm) written: /home/rquiroga/github/runs-n-poses/runs-n-poses-datasets/symmetry_corrected/7gef__1__1.A_2.A__1.D/7gef__1__1.A_2.A__1.D_receptor_symm.pdb
  Total chains in output: 7
  -> ok

Processing 7geg__1__1.A_2.A__2.E (proper chain: 2.E)
  Downloading https://files.rcsb.org/download/7geg.cif
  Ligand written: /home/rquiroga/github/runs-n-poses/runs-n-poses-datasets/symmetry_corrected/7geg__1__1.A_2.A__2.E/7geg__1__1.A_2.A__2.E_ligand.pdb
  Found 2 symmetry operations with contacts
  Receptor (symm) written: /home/rquiroga/github/runs-n-poses/runs-n-poses-datasets/symmetry_corrected/7geg__1__1.A_2.A__2.E/7geg__1__1.A_2.A__2.E_receptor_symm.pdb
  Total chains in output: 7
  -> ok

Processing 7geh__1__1.A_2.A__2.E (proper chain: 2.E)
  Downloading https://files.rcsb.org/download/7geh.cif
  Ligand written: /home/rquiroga/github/runs-n-poses/runs-n-poses-datasets/symmetry_corrected/7geh__1__1.A_2.A__2.E/7geh__1__1.A_2.A__2.E_ligand.pdb
  Found 1 symmetry operations with contacts
  Receptor (symm) written: /home/rquiroga/github/runs-n-poses/runs-n-poses-datasets/symmetry_corrected/7geh__1__1.A_2.A__2.E/7geh__1__1.A_2.A__2.E_receptor_symm.pdb
  Total chains in output: 5
  -> ok

Processing 7gek__1__1.A_2.A__1.E (proper chain: 1.E)
  Downloading https://files.rcsb.org/download/7gek.cif
  Ligand written: /home/rquiroga/github/runs-n-poses/runs-n-poses-datasets/symmetry_corrected/7gek__1__1.A_2.A__1.E/7gek__1__1.A_2.A__1.E_ligand.pdb
  Found 2 symmetry operations with contacts
  Receptor (symm) written: /home/rquiroga/github/runs-n-poses/runs-n-poses-datasets/symmetry_corrected/7gek__1__1.A_2.A__1.E/7gek__1__1.A_2.A__1.E_receptor_symm.pdb
  Total chains in output: 7
  -> ok

Processing 7gem__1__1.A_2.A__1.E_1.F (proper chain: 1.E)
  Downloading https://files.rcsb.org/download/7gem.cif
  Ligand written: /home/rquiroga/github/runs-n-poses/runs-n-poses-datasets/symmetry_corrected/7gem__1__1.A_2.A__1.E_1.F/7gem__1__1.A_2.A__1.E_1.F_ligand.pdb
  Found 2 symmetry operations with contacts
  Receptor (symm) written: /home/rquiroga/github/runs-n-poses/runs-n-poses-datasets/symmetry_corrected/7gem__1__1.A_2.A__1.E_1.F/7gem__1__1.A_2.A__1.E_1.F_receptor_symm.pdb
  Total chains in output: 8
  -> ok

Processing 7gen__1__1.A_2.A__2.E (proper chain: 2.E)
  Downloading https://files.rcsb.org/download/7gen.cif
  Ligand written: /home/rquiroga/github/runs-n-poses/runs-n-poses-datasets/symmetry_corrected/7gen__1__1.A_2.A__2.E/7gen__1__1.A_2.A__2.E_ligand.pdb
  Found 2 symmetry operations with contacts
  Receptor (symm) written: /home/rquiroga/github/runs-n-poses/runs-n-poses-datasets/symmetry_corrected/7gen__1__1.A_2.A__2.E/7gen__1__1.A_2.A__2.E_receptor_symm.pdb
  Total chains in output: 7
  -> ok

Processing 7ges__1__1.A_2.A__2.E (proper chain: 2.E)
  Downloading https://files.rcsb.org/download/7ges.cif
  Ligand written: /home/rquiroga/github/runs-n-poses/runs-n-poses-datasets/symmetry_corrected/7ges__1__1.A_2.A__2.E/7ges__1__1.A_2.A__2.E_ligand.pdb
  Found 2 symmetry operations with contacts
  Receptor (symm) written: /home/rquiroga/github/runs-n-poses/runs-n-poses-datasets/symmetry_corrected/7ges__1__1.A_2.A__2.E/7ges__1__1.A_2.A__2.E_receptor_symm.pdb
  Total chains in output: 7
  -> ok

Processing 7geu__1__1.A_2.A__2.E (proper chain: 2.E)
  Downloading https://files.rcsb.org/download/7geu.cif
  Ligand written: /home/rquiroga/github/runs-n-poses/runs-n-poses-datasets/symmetry_corrected/7geu__1__1.A_2.A__2.E/7geu__1__1.A_2.A__2.E_ligand.pdb
  Found 2 symmetry operations with contacts
  Receptor (symm) written: /home/rquiroga/github/runs-n-poses/runs-n-poses-datasets/symmetry_corrected/7geu__1__1.A_2.A__2.E/7geu__1__1.A_2.A__2.E_receptor_symm.pdb
  Total chains in output: 7
  -> ok

Processing 7gew__1__1.A_2.A__1.E (proper chain: 1.E)
  Downloading https://files.rcsb.org/download/7gew.cif
  Ligand written: /home/rquiroga/github/runs-n-poses/runs-n-poses-datasets/symmetry_corrected/7gew__1__1.A_2.A__1.E/7gew__1__1.A_2.A__1.E_ligand.pdb
  Found 2 symmetry operations with contacts
  Receptor (symm) written: /home/rquiroga/github/runs-n-poses/runs-n-poses-datasets/symmetry_corrected/7gew__1__1.A_2.A__1.E/7gew__1__1.A_2.A__1.E_receptor_symm.pdb
  Total chains in output: 7
  -> ok

Processing 7gey__1__1.A_2.A__2.E (proper chain: 2.E)
  Downloading https://files.rcsb.org/download/7gey.cif
  Ligand written: /home/rquiroga/github/runs-n-poses/runs-n-poses-datasets/symmetry_corrected/7gey__1__1.A_2.A__2.E/7gey__1__1.A_2.A__2.E_ligand.pdb
  Found 2 symmetry operations with contacts
  Receptor (symm) written: /home/rquiroga/github/runs-n-poses/runs-n-poses-datasets/symmetry_corrected/7gey__1__1.A_2.A__2.E/7gey__1__1.A_2.A__2.E_receptor_symm.pdb
  Total chains in output: 7
  -> ok

Processing 7gf0__1__1.A_2.A__1.E (proper chain: 1.E)
  Downloading https://files.rcsb.org/download/7gf0.cif
  Ligand written: /home/rquiroga/github/runs-n-poses/runs-n-poses-datasets/symmetry_corrected/7gf0__1__1.A_2.A__1.E/7gf0__1__1.A_2.A__1.E_ligand.pdb
  Found 2 symmetry operations with contacts
  Receptor (symm) written: /home/rquiroga/github/runs-n-poses/runs-n-poses-datasets/symmetry_corrected/7gf0__1__1.A_2.A__1.E/7gf0__1__1.A_2.A__1.E_receptor_symm.pdb
  Total chains in output: 7
  -> ok

Processing 7gf2__1__1.A_2.A__2.E (proper chain: 2.E)
  Downloading https://files.rcsb.org/download/7gf2.cif
  Ligand written: /home/rquiroga/github/runs-n-poses/runs-n-poses-datasets/symmetry_corrected/7gf2__1__1.A_2.A__2.E/7gf2__1__1.A_2.A__2.E_ligand.pdb
  Found 2 symmetry operations with contacts
  Receptor (symm) written: /home/rquiroga/github/runs-n-poses/runs-n-poses-datasets/symmetry_corrected/7gf2__1__1.A_2.A__2.E/7gf2__1__1.A_2.A__2.E_receptor_symm.pdb
  Total chains in output: 7
  -> ok

Processing 7gf3__1__1.A_2.A__1.E (proper chain: 1.E)
  Downloading https://files.rcsb.org/download/7gf3.cif
  Ligand written: /home/rquiroga/github/runs-n-poses/runs-n-poses-datasets/symmetry_corrected/7gf3__1__1.A_2.A__1.E/7gf3__1__1.A_2.A__1.E_ligand.pdb
  Found 2 symmetry operations with contacts
  Receptor (symm) written: /home/rquiroga/github/runs-n-poses/runs-n-poses-datasets/symmetry_corrected/7gf3__1__1.A_2.A__1.E/7gf3__1__1.A_2.A__1.E_receptor_symm.pdb
  Total chains in output: 7
  -> ok

Processing 7gf5__1__1.A_2.A__1.E (proper chain: 1.E)
  Downloading https://files.rcsb.org/download/7gf5.cif
  Ligand written: /home/rquiroga/github/runs-n-poses/runs-n-poses-datasets/symmetry_corrected/7gf5__1__1.A_2.A__1.E/7gf5__1__1.A_2.A__1.E_ligand.pdb
  Found 2 symmetry operations with contacts
  Receptor (symm) written: /home/rquiroga/github/runs-n-poses/runs-n-poses-datasets/symmetry_corrected/7gf5__1__1.A_2.A__1.E/7gf5__1__1.A_2.A__1.E_receptor_symm.pdb
  Total chains in output: 7
  -> ok

Processing 7gf6__1__1.A_2.A__2.E (proper chain: 2.E)
  Downloading https://files.rcsb.org/download/7gf6.cif
  Ligand written: /home/rquiroga/github/runs-n-poses/runs-n-poses-datasets/symmetry_corrected/7gf6__1__1.A_2.A__2.E/7gf6__1__1.A_2.A__2.E_ligand.pdb
  Found 2 symmetry operations with contacts
  Receptor (symm) written: /home/rquiroga/github/runs-n-poses/runs-n-poses-datasets/symmetry_corrected/7gf6__1__1.A_2.A__2.E/7gf6__1__1.A_2.A__2.E_receptor_symm.pdb
  Total chains in output: 7
  -> ok

Processing 7gfb__1__1.A_2.A__2.E (proper chain: 2.E)
  Downloading https://files.rcsb.org/download/7gfb.cif
  Ligand written: /home/rquiroga/github/runs-n-poses/runs-n-poses-datasets/symmetry_corrected/7gfb__1__1.A_2.A__2.E/7gfb__1__1.A_2.A__2.E_ligand.pdb
  Found 2 symmetry operations with contacts
  Receptor (symm) written: /home/rquiroga/github/runs-n-poses/runs-n-poses-datasets/symmetry_corrected/7gfb__1__1.A_2.A__2.E/7gfb__1__1.A_2.A__2.E_receptor_symm.pdb
  Total chains in output: 7
  -> ok

Processing 7gfh__1__1.A_2.A__1.E (proper chain: 1.E)
  Downloading https://files.rcsb.org/download/7gfh.cif
  Ligand written: /home/rquiroga/github/runs-n-poses/runs-n-poses-datasets/symmetry_corrected/7gfh__1__1.A_2.A__1.E/7gfh__1__1.A_2.A__1.E_ligand.pdb
  Found 1 symmetry operations with contacts
  Receptor (symm) written: /home/rquiroga/github/runs-n-poses/runs-n-poses-datasets/symmetry_corrected/7gfh__1__1.A_2.A__1.E/7gfh__1__1.A_2.A__1.E_receptor_symm.pdb
  Total chains in output: 5
  -> ok

Processing 7gfl__1__1.A_2.A__2.E (proper chain: 2.E)
  Downloading https://files.rcsb.org/download/7gfl.cif
  Ligand written: /home/rquiroga/github/runs-n-poses/runs-n-poses-datasets/symmetry_corrected/7gfl__1__1.A_2.A__2.E/7gfl__1__1.A_2.A__2.E_ligand.pdb
  Found 1 symmetry operations with contacts
  Receptor (symm) written: /home/rquiroga/github/runs-n-poses/runs-n-poses-datasets/symmetry_corrected/7gfl__1__1.A_2.A__2.E/7gfl__1__1.A_2.A__2.E_receptor_symm.pdb
  Total chains in output: 5
  -> ok

Processing 7gfr__1__1.A_2.A__2.E (proper chain: 2.E)
  Downloading https://files.rcsb.org/download/7gfr.cif
  Ligand written: /home/rquiroga/github/runs-n-poses/runs-n-poses-datasets/symmetry_corrected/7gfr__1__1.A_2.A__2.E/7gfr__1__1.A_2.A__2.E_ligand.pdb
  Found 2 symmetry operations with contacts
  Receptor (symm) written: /home/rquiroga/github/runs-n-poses/runs-n-poses-datasets/symmetry_corrected/7gfr__1__1.A_2.A__2.E/7gfr__1__1.A_2.A__2.E_receptor_symm.pdb
  Total chains in output: 7
  -> ok

Processing 7gfs__1__1.A_2.A__2.E (proper chain: 2.E)
  Downloading https://files.rcsb.org/download/7gfs.cif
  Ligand written: /home/rquiroga/github/runs-n-poses/runs-n-poses-datasets/symmetry_corrected/7gfs__1__1.A_2.A__2.E/7gfs__1__1.A_2.A__2.E_ligand.pdb
  Found 2 symmetry operations with contacts
  Receptor (symm) written: /home/rquiroga/github/runs-n-poses/runs-n-poses-datasets/symmetry_corrected/7gfs__1__1.A_2.A__2.E/7gfs__1__1.A_2.A__2.E_receptor_symm.pdb
  Total chains in output: 7
  -> ok

Processing 7gft__1__1.A_2.A__1.E (proper chain: 1.E)
  Downloading https://files.rcsb.org/download/7gft.cif
  Ligand written: /home/rquiroga/github/runs-n-poses/runs-n-poses-datasets/symmetry_corrected/7gft__1__1.A_2.A__1.E/7gft__1__1.A_2.A__1.E_ligand.pdb
  Found 2 symmetry operations with contacts
  Receptor (symm) written: /home/rquiroga/github/runs-n-poses/runs-n-poses-datasets/symmetry_corrected/7gft__1__1.A_2.A__1.E/7gft__1__1.A_2.A__1.E_receptor_symm.pdb
  Total chains in output: 7
  -> ok

Processing 7gfx__1__1.A_2.A__2.E (proper chain: 2.E)
  Downloading https://files.rcsb.org/download/7gfx.cif
  Ligand written: /home/rquiroga/github/runs-n-poses/runs-n-poses-datasets/symmetry_corrected/7gfx__1__1.A_2.A__2.E/7gfx__1__1.A_2.A__2.E_ligand.pdb
  Found 2 symmetry operations with contacts
  Receptor (symm) written: /home/rquiroga/github/runs-n-poses/runs-n-poses-datasets/symmetry_corrected/7gfx__1__1.A_2.A__2.E/7gfx__1__1.A_2.A__2.E_receptor_symm.pdb
  Total chains in output: 7
  -> ok

Processing 7gg2__1__1.A_2.A__2.E (proper chain: 2.E)
  Downloading https://files.rcsb.org/download/7gg2.cif
  Ligand written: /home/rquiroga/github/runs-n-poses/runs-n-poses-datasets/symmetry_corrected/7gg2__1__1.A_2.A__2.E/7gg2__1__1.A_2.A__2.E_ligand.pdb
  Found 2 symmetry operations with contacts
  Receptor (symm) written: /home/rquiroga/github/runs-n-poses/runs-n-poses-datasets/symmetry_corrected/7gg2__1__1.A_2.A__2.E/7gg2__1__1.A_2.A__2.E_receptor_symm.pdb
  Total chains in output: 7
  -> ok

Processing 7gga__1__1.A_2.A__1.E_1.F (proper chain: 1.E)
  Downloading https://files.rcsb.org/download/7gga.cif
  Ligand written: /home/rquiroga/github/runs-n-poses/runs-n-poses-datasets/symmetry_corrected/7gga__1__1.A_2.A__1.E_1.F/7gga__1__1.A_2.A__1.E_1.F_ligand.pdb
  Found 2 symmetry operations with contacts
  Receptor (symm) written: /home/rquiroga/github/runs-n-poses/runs-n-poses-datasets/symmetry_corrected/7gga__1__1.A_2.A__1.E_1.F/7gga__1__1.A_2.A__1.E_1.F_receptor_symm.pdb
  Total chains in output: 8
  -> ok

Processing 7ggd__1__1.A__1.E (proper chain: 1.E)
  Downloading https://files.rcsb.org/download/7ggd.cif
  Ligand written: /home/rquiroga/github/runs-n-poses/runs-n-poses-datasets/symmetry_corrected/7ggd__1__1.A__1.E/7ggd__1__1.A__1.E_ligand.pdb
  No symmetry contacts found — writing non-symm receptor only
  -> no_symmetry_contacts

Processing 7gge__1__1.A_2.A__2.E_2.F (proper chain: 2.E)
  Downloading https://files.rcsb.org/download/7gge.cif
  Ligand written: /home/rquiroga/github/runs-n-poses/runs-n-poses-datasets/symmetry_corrected/7gge__1__1.A_2.A__2.E_2.F/7gge__1__1.A_2.A__2.E_2.F_ligand.pdb
  Found 2 symmetry operations with contacts
  Receptor (symm) written: /home/rquiroga/github/runs-n-poses/runs-n-poses-datasets/symmetry_corrected/7gge__1__1.A_2.A__2.E_2.F/7gge__1__1.A_2.A__2.E_2.F_receptor_symm.pdb
  Total chains in output: 8
  -> ok

Processing 7ggh__1__1.A_2.A__2.E_2.F (proper chain: 2.E)
  Downloading https://files.rcsb.org/download/7ggh.cif
  Ligand written: /home/rquiroga/github/runs-n-poses/runs-n-poses-datasets/symmetry_corrected/7ggh__1__1.A_2.A__2.E_2.F/7ggh__1__1.A_2.A__2.E_2.F_ligand.pdb
  Found 2 symmetry operations with contacts
  Receptor (symm) written: /home/rquiroga/github/runs-n-poses/runs-n-poses-datasets/symmetry_corrected/7ggh__1__1.A_2.A__2.E_2.F/7ggh__1__1.A_2.A__2.E_2.F_receptor_symm.pdb
  Total chains in output: 8
  -> ok

Processing 7ggo__1__1.A_2.A__2.E_2.G (proper chain: 2.E)
  Downloading https://files.rcsb.org/download/7ggo.cif
  Ligand written: /home/rquiroga/github/runs-n-poses/runs-n-poses-datasets/symmetry_corrected/7ggo__1__1.A_2.A__2.E_2.G/7ggo__1__1.A_2.A__2.E_2.G_ligand.pdb
  Found 2 symmetry operations with contacts
  Receptor (symm) written: /home/rquiroga/github/runs-n-poses/runs-n-poses-datasets/symmetry_corrected/7ggo__1__1.A_2.A__2.E_2.G/7ggo__1__1.A_2.A__2.E_2.G_receptor_symm.pdb
  Total chains in output: 8
  -> ok

Processing 7ggq__1__1.A_2.A__2.E_2.F (proper chain: 2.E)
  Downloading https://files.rcsb.org/download/7ggq.cif
  Ligand written: /home/rquiroga/github/runs-n-poses/runs-n-poses-datasets/symmetry_corrected/7ggq__1__1.A_2.A__2.E_2.F/7ggq__1__1.A_2.A__2.E_2.F_ligand.pdb
  Found 2 symmetry operations with contacts
  Receptor (symm) written: /home/rquiroga/github/runs-n-poses/runs-n-poses-datasets/symmetry_corrected/7ggq__1__1.A_2.A__2.E_2.F/7ggq__1__1.A_2.A__2.E_2.F_receptor_symm.pdb
  Total chains in output: 8
  -> ok

Processing 7ggv__1__1.A_2.A__2.E_2.G (proper chain: 2.E)
  Downloading https://files.rcsb.org/download/7ggv.cif
  Ligand written: /home/rquiroga/github/runs-n-poses/runs-n-poses-datasets/symmetry_corrected/7ggv__1__1.A_2.A__2.E_2.G/7ggv__1__1.A_2.A__2.E_2.G_ligand.pdb
  Found 2 symmetry operations with contacts
  Receptor (symm) written: /home/rquiroga/github/runs-n-poses/runs-n-poses-datasets/symmetry_corrected/7ggv__1__1.A_2.A__2.E_2.G/7ggv__1__1.A_2.A__2.E_2.G_receptor_symm.pdb
  Total chains in output: 8
  -> ok

Processing 7ggw__1__1.A_2.A__1.E_1.F (proper chain: 1.E)
  Downloading https://files.rcsb.org/download/7ggw.cif
  Ligand written: /home/rquiroga/github/runs-n-poses/runs-n-poses-datasets/symmetry_corrected/7ggw__1__1.A_2.A__1.E_1.F/7ggw__1__1.A_2.A__1.E_1.F_ligand.pdb
  Found 2 symmetry operations with contacts
  Receptor (symm) written: /home/rquiroga/github/runs-n-poses/runs-n-poses-datasets/symmetry_corrected/7ggw__1__1.A_2.A__1.E_1.F/7ggw__1__1.A_2.A__1.E_1.F_receptor_symm.pdb
  Total chains in output: 8
  -> ok

Processing 7gh0__1__1.A_2.A__2.E_2.F (proper chain: 2.E)
  Downloading https://files.rcsb.org/download/7gh0.cif
  Ligand written: /home/rquiroga/github/runs-n-poses/runs-n-poses-datasets/symmetry_corrected/7gh0__1__1.A_2.A__2.E_2.F/7gh0__1__1.A_2.A__2.E_2.F_ligand.pdb
  Found 2 symmetry operations with contacts
  Receptor (symm) written: /home/rquiroga/github/runs-n-poses/runs-n-poses-datasets/symmetry_corrected/7gh0__1__1.A_2.A__2.E_2.F/7gh0__1__1.A_2.A__2.E_2.F_receptor_symm.pdb
  Total chains in output: 8
  -> ok

Processing 7gh1__1__1.A_2.A__2.E_2.F (proper chain: 2.E)
  Downloading https://files.rcsb.org/download/7gh1.cif
  Ligand written: /home/rquiroga/github/runs-n-poses/runs-n-poses-datasets/symmetry_corrected/7gh1__1__1.A_2.A__2.E_2.F/7gh1__1__1.A_2.A__2.E_2.F_ligand.pdb
  Found 2 symmetry operations with contacts
  Receptor (symm) written: /home/rquiroga/github/runs-n-poses/runs-n-poses-datasets/symmetry_corrected/7gh1__1__1.A_2.A__2.E_2.F/7gh1__1__1.A_2.A__2.E_2.F_receptor_symm.pdb
  Total chains in output: 8
  -> ok

Processing 7gh3__1__1.A_2.A__2.E (proper chain: 2.E)
  Downloading https://files.rcsb.org/download/7gh3.cif
  Ligand written: /home/rquiroga/github/runs-n-poses/runs-n-poses-datasets/symmetry_corrected/7gh3__1__1.A_2.A__2.E/7gh3__1__1.A_2.A__2.E_ligand.pdb
  Found 1 symmetry operations with contacts
  Receptor (symm) written: /home/rquiroga/github/runs-n-poses/runs-n-poses-datasets/symmetry_corrected/7gh3__1__1.A_2.A__2.E/7gh3__1__1.A_2.A__2.E_receptor_symm.pdb
  Total chains in output: 5
  -> ok

Processing 7gh5__1__1.A_2.A__1.B (proper chain: 1.B)
  Downloading https://files.rcsb.org/download/7gh5.cif
  Ligand written: /home/rquiroga/github/runs-n-poses/runs-n-poses-datasets/symmetry_corrected/7gh5__1__1.A_2.A__1.B/7gh5__1__1.A_2.A__1.B_ligand.pdb
  Found 2 symmetry operations with contacts
  Receptor (symm) written: /home/rquiroga/github/runs-n-poses/runs-n-poses-datasets/symmetry_corrected/7gh5__1__1.A_2.A__1.B/7gh5__1__1.A_2.A__1.B_receptor_symm.pdb
  Total chains in output: 7
  -> ok

Processing 7gh6__1__1.A_2.A__2.B (proper chain: 2.B)
  Downloading https://files.rcsb.org/download/7gh6.cif
  Ligand written: /home/rquiroga/github/runs-n-poses/runs-n-poses-datasets/symmetry_corrected/7gh6__1__1.A_2.A__2.B/7gh6__1__1.A_2.A__2.B_ligand.pdb
  Found 2 symmetry operations with contacts
  Receptor (symm) written: /home/rquiroga/github/runs-n-poses/runs-n-poses-datasets/symmetry_corrected/7gh6__1__1.A_2.A__2.B/7gh6__1__1.A_2.A__2.B_receptor_symm.pdb
  Total chains in output: 7
  -> ok

Processing 7gh7__1__1.A_2.A__1.B_1.F (proper chain: 1.B)
  Downloading https://files.rcsb.org/download/7gh7.cif
  Ligand written: /home/rquiroga/github/runs-n-poses/runs-n-poses-datasets/symmetry_corrected/7gh7__1__1.A_2.A__1.B_1.F/7gh7__1__1.A_2.A__1.B_1.F_ligand.pdb
  Found 2 symmetry operations with contacts
  Receptor (symm) written: /home/rquiroga/github/runs-n-poses/runs-n-poses-datasets/symmetry_corrected/7gh7__1__1.A_2.A__1.B_1.F/7gh7__1__1.A_2.A__1.B_1.F_receptor_symm.pdb
  Total chains in output: 8
  -> ok

Processing 7ghm__1__1.A_1.B__1.N_1.P (proper chain: 1.N)
  Downloading https://files.rcsb.org/download/7ghm.cif
  Ligand written: /home/rquiroga/github/runs-n-poses/runs-n-poses-datasets/symmetry_corrected/7ghm__1__1.A_1.B__1.N_1.P/7ghm__1__1.A_1.B__1.N_1.P_ligand.pdb
  No symmetry contacts found — writing non-symm receptor only
  -> no_symmetry_contacts

Processing 7ghn__1__1.A_1.B__1.N (proper chain: 1.N)
  Downloading https://files.rcsb.org/download/7ghn.cif
  Ligand written: /home/rquiroga/github/runs-n-poses/runs-n-poses-datasets/symmetry_corrected/7ghn__1__1.A_1.B__1.N/7ghn__1__1.A_1.B__1.N_ligand.pdb
  No symmetry contacts found — writing non-symm receptor only
  -> no_symmetry_contacts

Processing 7gho__1__1.A_1.B__1.E_1.F (proper chain: 1.F)
  Downloading https://files.rcsb.org/download/7gho.cif
  Ligand written: /home/rquiroga/github/runs-n-poses/runs-n-poses-datasets/symmetry_corrected/7gho__1__1.A_1.B__1.E_1.F/7gho__1__1.A_1.B__1.E_1.F_ligand.pdb
  No symmetry contacts found — writing non-symm receptor only
  -> no_symmetry_contacts

Processing 7ghp__1__1.A_1.B__1.M_1.O (proper chain: 1.M)
  Downloading https://files.rcsb.org/download/7ghp.cif
  Ligand written: /home/rquiroga/github/runs-n-poses/runs-n-poses-datasets/symmetry_corrected/7ghp__1__1.A_1.B__1.M_1.O/7ghp__1__1.A_1.B__1.M_1.O_ligand.pdb
  No symmetry contacts found — writing non-symm receptor only
  -> no_symmetry_contacts

Processing 7ghq__1__1.A_1.B__1.D_1.E (proper chain: 1.E)
  Downloading https://files.rcsb.org/download/7ghq.cif
  Ligand written: /home/rquiroga/github/runs-n-poses/runs-n-poses-datasets/symmetry_corrected/7ghq__1__1.A_1.B__1.D_1.E/7ghq__1__1.A_1.B__1.D_1.E_ligand.pdb
  No symmetry contacts found — writing non-symm receptor only
  -> no_symmetry_contacts

Processing 7ghr__1__1.A_1.B__1.M (proper chain: 1.M)
  Downloading https://files.rcsb.org/download/7ghr.cif
  Ligand written: /home/rquiroga/github/runs-n-poses/runs-n-poses-datasets/symmetry_corrected/7ghr__1__1.A_1.B__1.M/7ghr__1__1.A_1.B__1.M_ligand.pdb
  No symmetry contacts found — writing non-symm receptor only
  -> no_symmetry_contacts

Processing 7ghs__1__1.A_1.B__1.E_1.F (proper chain: 1.F)
  Downloading https://files.rcsb.org/download/7ghs.cif
  Ligand written: /home/rquiroga/github/runs-n-poses/runs-n-poses-datasets/symmetry_corrected/7ghs__1__1.A_1.B__1.E_1.F/7ghs__1__1.A_1.B__1.E_1.F_ligand.pdb
  No symmetry contacts found — writing non-symm receptor only
  -> no_symmetry_contacts

Processing 7ghx__1__1.A_1.B__1.O_1.Q (proper chain: 1.O)
  Downloading https://files.rcsb.org/download/7ghx.cif
  Ligand written: /home/rquiroga/github/runs-n-poses/runs-n-poses-datasets/symmetry_corrected/7ghx__1__1.A_1.B__1.O_1.Q/7ghx__1__1.A_1.B__1.O_1.Q_ligand.pdb
  No symmetry contacts found — writing non-symm receptor only
  -> no_symmetry_contacts

Processing 7ghy__1__1.A_1.B__1.O_1.P_1.Q (proper chain: 1.O)
  Downloading https://files.rcsb.org/download/7ghy.cif
  Ligand written: /home/rquiroga/github/runs-n-poses/runs-n-poses-datasets/symmetry_corrected/7ghy__1__1.A_1.B__1.O_1.P_1.Q/7ghy__1__1.A_1.B__1.O_1.P_1.Q_ligand.pdb
  No symmetry contacts found — writing non-symm receptor only
  -> no_symmetry_contacts

Processing 7gi1__1__1.A_1.B__1.K_1.L_1.M_1.N (proper chain: 1.M)
  Downloading https://files.rcsb.org/download/7gi1.cif
  Ligand written: /home/rquiroga/github/runs-n-poses/runs-n-poses-datasets/symmetry_corrected/7gi1__1__1.A_1.B__1.K_1.L_1.M_1.N/7gi1__1__1.A_1.B__1.K_1.L_1.M_1.N_ligand.pdb
  No symmetry contacts found — writing non-symm receptor only
  -> no_symmetry_contacts

Processing 7gi2__1__1.A_1.B__1.E_1.F_1.H_1.J (proper chain: 1.F)
  Downloading https://files.rcsb.org/download/7gi2.cif
  Ligand written: /home/rquiroga/github/runs-n-poses/runs-n-poses-datasets/symmetry_corrected/7gi2__1__1.A_1.B__1.E_1.F_1.H_1.J/7gi2__1__1.A_1.B__1.E_1.F_1.H_1.J_ligand.pdb
  No symmetry contacts found — writing non-symm receptor only
  -> no_symmetry_contacts

Processing 7gi4__1__1.A_1.B__1.J (proper chain: 1.J)
  Downloading https://files.rcsb.org/download/7gi4.cif
  Ligand written: /home/rquiroga/github/runs-n-poses/runs-n-poses-datasets/symmetry_corrected/7gi4__1__1.A_1.B__1.J/7gi4__1__1.A_1.B__1.J_ligand.pdb
  No symmetry contacts found — writing non-symm receptor only
  -> no_symmetry_contacts

Processing 7gi6__1__1.A_1.B__1.D (proper chain: 1.D)
  Downloading https://files.rcsb.org/download/7gi6.cif
  Ligand written: /home/rquiroga/github/runs-n-poses/runs-n-poses-datasets/symmetry_corrected/7gi6__1__1.A_1.B__1.D/7gi6__1__1.A_1.B__1.D_ligand.pdb
  No symmetry contacts found — writing non-symm receptor only
  -> no_symmetry_contacts

Processing 7gi7__1__1.A_1.B__1.L (proper chain: 1.L)
  Downloading https://files.rcsb.org/download/7gi7.cif
  Ligand written: /home/rquiroga/github/runs-n-poses/runs-n-poses-datasets/symmetry_corrected/7gi7__1__1.A_1.B__1.L/7gi7__1__1.A_1.B__1.L_ligand.pdb
  No symmetry contacts found — writing non-symm receptor only
  -> no_symmetry_contacts

Processing 7gi8__1__1.A_1.B__1.R_1.U_1.V (proper chain: 1.R)
  Downloading https://files.rcsb.org/download/7gi8.cif
  Ligand written: /home/rquiroga/github/runs-n-poses/runs-n-poses-datasets/symmetry_corrected/7gi8__1__1.A_1.B__1.R_1.U_1.V/7gi8__1__1.A_1.B__1.R_1.U_1.V_ligand.pdb
  No symmetry contacts found — writing non-symm receptor only
  -> no_symmetry_contacts

Processing 7gi9__1__1.A_1.B__1.F (proper chain: 1.F)
  Downloading https://files.rcsb.org/download/7gi9.cif
  Ligand written: /home/rquiroga/github/runs-n-poses/runs-n-poses-datasets/symmetry_corrected/7gi9__1__1.A_1.B__1.F/7gi9__1__1.A_1.B__1.F_ligand.pdb
  No symmetry contacts found — writing non-symm receptor only
  -> no_symmetry_contacts

Processing 7gia__1__1.A_1.B__1.F (proper chain: 1.F)
  Downloading https://files.rcsb.org/download/7gia.cif
  Ligand written: /home/rquiroga/github/runs-n-poses/runs-n-poses-datasets/symmetry_corrected/7gia__1__1.A_1.B__1.F/7gia__1__1.A_1.B__1.F_ligand.pdb
  No symmetry contacts found — writing non-symm receptor only
  -> no_symmetry_contacts

Processing 7gib__1__1.A_1.B__1.E_1.F (proper chain: 1.F)
  Downloading https://files.rcsb.org/download/7gib.cif
  Ligand written: /home/rquiroga/github/runs-n-poses/runs-n-poses-datasets/symmetry_corrected/7gib__1__1.A_1.B__1.E_1.F/7gib__1__1.A_1.B__1.E_1.F_ligand.pdb
  No symmetry contacts found — writing non-symm receptor only
  -> no_symmetry_contacts

Processing 7gic__1__1.A_1.B__1.E_1.F_1.G (proper chain: 1.F)
  Downloading https://files.rcsb.org/download/7gic.cif
  Ligand written: /home/rquiroga/github/runs-n-poses/runs-n-poses-datasets/symmetry_corrected/7gic__1__1.A_1.B__1.E_1.F_1.G/7gic__1__1.A_1.B__1.E_1.F_1.G_ligand.pdb
  No symmetry contacts found — writing non-symm receptor only
  -> no_symmetry_contacts

Processing 7gid__1__1.A_1.B__1.E_1.F (proper chain: 1.F)
  Downloading https://files.rcsb.org/download/7gid.cif
  Ligand written: /home/rquiroga/github/runs-n-poses/runs-n-poses-datasets/symmetry_corrected/7gid__1__1.A_1.B__1.E_1.F/7gid__1__1.A_1.B__1.E_1.F_ligand.pdb
  No symmetry contacts found — writing non-symm receptor only
  -> no_symmetry_contacts

Processing 7gih__1__1.A_1.B__1.L_1.P (proper chain: 1.L)
  Downloading https://files.rcsb.org/download/7gih.cif
  Ligand written: /home/rquiroga/github/runs-n-poses/runs-n-poses-datasets/symmetry_corrected/7gih__1__1.A_1.B__1.L_1.P/7gih__1__1.A_1.B__1.L_1.P_ligand.pdb
  No symmetry contacts found — writing non-symm receptor only
  -> no_symmetry_contacts

Processing 7gij__1__1.A_1.B__1.E_1.F (proper chain: 1.F)
  Downloading https://files.rcsb.org/download/7gij.cif
  Ligand written: /home/rquiroga/github/runs-n-poses/runs-n-poses-datasets/symmetry_corrected/7gij__1__1.A_1.B__1.E_1.F/7gij__1__1.A_1.B__1.E_1.F_ligand.pdb
  No symmetry contacts found — writing non-symm receptor only
  -> no_symmetry_contacts

Processing 7gim__1__1.A_1.B__1.E_1.F (proper chain: 1.F)
  Downloading https://files.rcsb.org/download/7gim.cif
  Ligand written: /home/rquiroga/github/runs-n-poses/runs-n-poses-datasets/symmetry_corrected/7gim__1__1.A_1.B__1.E_1.F/7gim__1__1.A_1.B__1.E_1.F_ligand.pdb
  No symmetry contacts found — writing non-symm receptor only
  -> no_symmetry_contacts

Processing 7gin__1__1.A_1.B__1.F_1.G (proper chain: 1.F)
  Downloading https://files.rcsb.org/download/7gin.cif
  Ligand written: /home/rquiroga/github/runs-n-poses/runs-n-poses-datasets/symmetry_corrected/7gin__1__1.A_1.B__1.F_1.G/7gin__1__1.A_1.B__1.F_1.G_ligand.pdb
  No symmetry contacts found — writing non-symm receptor only
  -> no_symmetry_contacts

Processing 7gio__1__1.A_1.B__1.L_1.O (proper chain: 1.L)
  Downloading https://files.rcsb.org/download/7gio.cif
  Ligand written: /home/rquiroga/github/runs-n-poses/runs-n-poses-datasets/symmetry_corrected/7gio__1__1.A_1.B__1.L_1.O/7gio__1__1.A_1.B__1.L_1.O_ligand.pdb
  No symmetry contacts found — writing non-symm receptor only
  -> no_symmetry_contacts

Processing 7gip__1__1.A_1.B__1.N_1.O (proper chain: 1.N)
  Downloading https://files.rcsb.org/download/7gip.cif
  Ligand written: /home/rquiroga/github/runs-n-poses/runs-n-poses-datasets/symmetry_corrected/7gip__1__1.A_1.B__1.N_1.O/7gip__1__1.A_1.B__1.N_1.O_ligand.pdb
  No symmetry contacts found — writing non-symm receptor only
  -> no_symmetry_contacts

Processing 7giq__1__1.A_1.B__1.F_1.G (proper chain: 1.F)
  Downloading https://files.rcsb.org/download/7giq.cif
  Ligand written: /home/rquiroga/github/runs-n-poses/runs-n-poses-datasets/symmetry_corrected/7giq__1__1.A_1.B__1.F_1.G/7giq__1__1.A_1.B__1.F_1.G_ligand.pdb
  No symmetry contacts found — writing non-symm receptor only
  -> no_symmetry_contacts

Processing 7gir__1__1.A_1.B__1.F_1.I (proper chain: 1.F)
  Downloading https://files.rcsb.org/download/7gir.cif
  Ligand written: /home/rquiroga/github/runs-n-poses/runs-n-poses-datasets/symmetry_corrected/7gir__1__1.A_1.B__1.F_1.I/7gir__1__1.A_1.B__1.F_1.I_ligand.pdb
  No symmetry contacts found — writing non-symm receptor only
  -> no_symmetry_contacts

Processing 7gis__1__1.A_1.B__1.E_1.F (proper chain: 1.F)
  Downloading https://files.rcsb.org/download/7gis.cif
  Ligand written: /home/rquiroga/github/runs-n-poses/runs-n-poses-datasets/symmetry_corrected/7gis__1__1.A_1.B__1.E_1.F/7gis__1__1.A_1.B__1.E_1.F_ligand.pdb
  No symmetry contacts found — writing non-symm receptor only
  -> no_symmetry_contacts

Processing 7git__1__1.A_1.B__1.E_1.F (proper chain: 1.F)
  Downloading https://files.rcsb.org/download/7git.cif
  Ligand written: /home/rquiroga/github/runs-n-poses/runs-n-poses-datasets/symmetry_corrected/7git__1__1.A_1.B__1.E_1.F/7git__1__1.A_1.B__1.E_1.F_ligand.pdb
  No symmetry contacts found — writing non-symm receptor only
  -> no_symmetry_contacts

Processing 7giu__1__1.A_1.B__1.K_1.L (proper chain: 1.K)
  Downloading https://files.rcsb.org/download/7giu.cif
  Ligand written: /home/rquiroga/github/runs-n-poses/runs-n-poses-datasets/symmetry_corrected/7giu__1__1.A_1.B__1.K_1.L/7giu__1__1.A_1.B__1.K_1.L_ligand.pdb
  No symmetry contacts found — writing non-symm receptor only
  -> no_symmetry_contacts

Processing 7gix__1__1.A_1.B__1.E_1.F (proper chain: 1.F)
  Downloading https://files.rcsb.org/download/7gix.cif
  Ligand written: /home/rquiroga/github/runs-n-poses/runs-n-poses-datasets/symmetry_corrected/7gix__1__1.A_1.B__1.E_1.F/7gix__1__1.A_1.B__1.E_1.F_ligand.pdb
  No symmetry contacts found — writing non-symm receptor only
  -> no_symmetry_contacts

Processing 7giy__1__1.A_1.B__1.E_1.F (proper chain: 1.F)
  Downloading https://files.rcsb.org/download/7giy.cif
  Ligand written: /home/rquiroga/github/runs-n-poses/runs-n-poses-datasets/symmetry_corrected/7giy__1__1.A_1.B__1.E_1.F/7giy__1__1.A_1.B__1.E_1.F_ligand.pdb
  No symmetry contacts found — writing non-symm receptor only
  -> no_symmetry_contacts

Processing 7giz__1__1.A_1.B__1.E_1.F_1.G (proper chain: 1.F)
  Downloading https://files.rcsb.org/download/7giz.cif
  Ligand written: /home/rquiroga/github/runs-n-poses/runs-n-poses-datasets/symmetry_corrected/7giz__1__1.A_1.B__1.E_1.F_1.G/7giz__1__1.A_1.B__1.E_1.F_1.G_ligand.pdb
  No symmetry contacts found — writing non-symm receptor only
  -> no_symmetry_contacts

Processing 7gj0__1__1.A_1.B__1.M_1.N (proper chain: 1.M)
  Downloading https://files.rcsb.org/download/7gj0.cif
  Ligand written: /home/rquiroga/github/runs-n-poses/runs-n-poses-datasets/symmetry_corrected/7gj0__1__1.A_1.B__1.M_1.N/7gj0__1__1.A_1.B__1.M_1.N_ligand.pdb
  No symmetry contacts found — writing non-symm receptor only
  -> no_symmetry_contacts

Processing 7gj2__1__1.A_1.B__1.E_1.F (proper chain: 1.F)
  Downloading https://files.rcsb.org/download/7gj2.cif
  Ligand written: /home/rquiroga/github/runs-n-poses/runs-n-poses-datasets/symmetry_corrected/7gj2__1__1.A_1.B__1.E_1.F/7gj2__1__1.A_1.B__1.E_1.F_ligand.pdb
  No symmetry contacts found — writing non-symm receptor only
  -> no_symmetry_contacts

Processing 7gj4__1__1.A_1.B__1.E_1.F (proper chain: 1.F)
  Downloading https://files.rcsb.org/download/7gj4.cif
  Ligand written: /home/rquiroga/github/runs-n-poses/runs-n-poses-datasets/symmetry_corrected/7gj4__1__1.A_1.B__1.E_1.F/7gj4__1__1.A_1.B__1.E_1.F_ligand.pdb
  No symmetry contacts found — writing non-symm receptor only
  -> no_symmetry_contacts

Processing 7gj6__1__1.A_1.B__1.E_1.F (proper chain: 1.F)
  Downloading https://files.rcsb.org/download/7gj6.cif
  Ligand written: /home/rquiroga/github/runs-n-poses/runs-n-poses-datasets/symmetry_corrected/7gj6__1__1.A_1.B__1.E_1.F/7gj6__1__1.A_1.B__1.E_1.F_ligand.pdb
  No symmetry contacts found — writing non-symm receptor only
  -> no_symmetry_contacts

Processing 7gj8__1__1.A_1.B__1.E_1.F (proper chain: 1.F)
  Downloading https://files.rcsb.org/download/7gj8.cif
  Ligand written: /home/rquiroga/github/runs-n-poses/runs-n-poses-datasets/symmetry_corrected/7gj8__1__1.A_1.B__1.E_1.F/7gj8__1__1.A_1.B__1.E_1.F_ligand.pdb
  No symmetry contacts found — writing non-symm receptor only
  -> no_symmetry_contacts

Processing 7gjb__1__1.A_1.B__1.E_1.F_1.H (proper chain: 1.F)
  Downloading https://files.rcsb.org/download/7gjb.cif
  Ligand written: /home/rquiroga/github/runs-n-poses/runs-n-poses-datasets/symmetry_corrected/7gjb__1__1.A_1.B__1.E_1.F_1.H/7gjb__1__1.A_1.B__1.E_1.F_1.H_ligand.pdb
  No symmetry contacts found — writing non-symm receptor only
  -> no_symmetry_contacts

Processing 7gjc__1__1.A_1.B__1.E (proper chain: 1.E)
  Downloading https://files.rcsb.org/download/7gjc.cif
  Ligand written: /home/rquiroga/github/runs-n-poses/runs-n-poses-datasets/symmetry_corrected/7gjc__1__1.A_1.B__1.E/7gjc__1__1.A_1.B__1.E_ligand.pdb
  No symmetry contacts found — writing non-symm receptor only
  -> no_symmetry_contacts

Processing 7gjd__1__1.A_1.B__1.E_1.F (proper chain: 1.F)
  Downloading https://files.rcsb.org/download/7gjd.cif
  Ligand written: /home/rquiroga/github/runs-n-poses/runs-n-poses-datasets/symmetry_corrected/7gjd__1__1.A_1.B__1.E_1.F/7gjd__1__1.A_1.B__1.E_1.F_ligand.pdb
  No symmetry contacts found — writing non-symm receptor only
  -> no_symmetry_contacts

Processing 7gjf__1__1.A_1.B__1.E_1.F (proper chain: 1.F)
  Downloading https://files.rcsb.org/download/7gjf.cif
  Ligand written: /home/rquiroga/github/runs-n-poses/runs-n-poses-datasets/symmetry_corrected/7gjf__1__1.A_1.B__1.E_1.F/7gjf__1__1.A_1.B__1.E_1.F_ligand.pdb
  No symmetry contacts found — writing non-symm receptor only
  -> no_symmetry_contacts

Processing 7gjg__1__1.A_1.B__1.E_1.F (proper chain: 1.F)
  Downloading https://files.rcsb.org/download/7gjg.cif
  Ligand written: /home/rquiroga/github/runs-n-poses/runs-n-poses-datasets/symmetry_corrected/7gjg__1__1.A_1.B__1.E_1.F/7gjg__1__1.A_1.B__1.E_1.F_ligand.pdb
  No symmetry contacts found — writing non-symm receptor only
  -> no_symmetry_contacts

Processing 7gji__1__1.A_1.B__1.L (proper chain: 1.L)
  Downloading https://files.rcsb.org/download/7gji.cif
  Ligand written: /home/rquiroga/github/runs-n-poses/runs-n-poses-datasets/symmetry_corrected/7gji__1__1.A_1.B__1.L/7gji__1__1.A_1.B__1.L_ligand.pdb
  No symmetry contacts found — writing non-symm receptor only
  -> no_symmetry_contacts

Processing 7gjk__1__1.A_1.B__1.E_1.F (proper chain: 1.F)
  Downloading https://files.rcsb.org/download/7gjk.cif
  Ligand written: /home/rquiroga/github/runs-n-poses/runs-n-poses-datasets/symmetry_corrected/7gjk__1__1.A_1.B__1.E_1.F/7gjk__1__1.A_1.B__1.E_1.F_ligand.pdb
  No symmetry contacts found — writing non-symm receptor only
  -> no_symmetry_contacts

Processing 7gjl__1__1.A_1.B__1.D_1.E (proper chain: 1.E)
  Downloading https://files.rcsb.org/download/7gjl.cif
  Ligand written: /home/rquiroga/github/runs-n-poses/runs-n-poses-datasets/symmetry_corrected/7gjl__1__1.A_1.B__1.D_1.E/7gjl__1__1.A_1.B__1.D_1.E_ligand.pdb
  No symmetry contacts found — writing non-symm receptor only
  -> no_symmetry_contacts

Processing 7gjm__1__1.A_1.B__1.E_1.F_1.H (proper chain: 1.F)
  Downloading https://files.rcsb.org/download/7gjm.cif
  Ligand written: /home/rquiroga/github/runs-n-poses/runs-n-poses-datasets/symmetry_corrected/7gjm__1__1.A_1.B__1.E_1.F_1.H/7gjm__1__1.A_1.B__1.E_1.F_1.H_ligand.pdb
  No symmetry contacts found — writing non-symm receptor only
  -> no_symmetry_contacts

Processing 7gjp__1__1.A_1.B__1.E_1.F (proper chain: 1.F)
  Downloading https://files.rcsb.org/download/7gjp.cif
  Ligand written: /home/rquiroga/github/runs-n-poses/runs-n-poses-datasets/symmetry_corrected/7gjp__1__1.A_1.B__1.E_1.F/7gjp__1__1.A_1.B__1.E_1.F_ligand.pdb
  No symmetry contacts found — writing non-symm receptor only
  -> no_symmetry_contacts

Processing 7gjq__1__1.A_1.B__1.E_1.F (proper chain: 1.F)
  Downloading https://files.rcsb.org/download/7gjq.cif
  Ligand written: /home/rquiroga/github/runs-n-poses/runs-n-poses-datasets/symmetry_corrected/7gjq__1__1.A_1.B__1.E_1.F/7gjq__1__1.A_1.B__1.E_1.F_ligand.pdb
  No symmetry contacts found — writing non-symm receptor only
  -> no_symmetry_contacts

Processing 7gjv__1__1.A_1.B__1.J_1.K (proper chain: 1.J)
  Downloading https://files.rcsb.org/download/7gjv.cif
  Ligand written: /home/rquiroga/github/runs-n-poses/runs-n-poses-datasets/symmetry_corrected/7gjv__1__1.A_1.B__1.J_1.K/7gjv__1__1.A_1.B__1.J_1.K_ligand.pdb
  No symmetry contacts found — writing non-symm receptor only
  -> no_symmetry_contacts

Processing 7gjx__1__1.A_1.B__1.E_1.J (proper chain: 1.J)
  Downloading https://files.rcsb.org/download/7gjx.cif
  Ligand written: /home/rquiroga/github/runs-n-poses/runs-n-poses-datasets/symmetry_corrected/7gjx__1__1.A_1.B__1.E_1.J/7gjx__1__1.A_1.B__1.E_1.J_ligand.pdb
  No symmetry contacts found — writing non-symm receptor only
  -> no_symmetry_contacts

Processing 7gjy__1__1.A_1.B__1.H_1.I (proper chain: 1.H)
  Downloading https://files.rcsb.org/download/7gjy.cif
  Ligand written: /home/rquiroga/github/runs-n-poses/runs-n-poses-datasets/symmetry_corrected/7gjy__1__1.A_1.B__1.H_1.I/7gjy__1__1.A_1.B__1.H_1.I_ligand.pdb
  No symmetry contacts found — writing non-symm receptor only
  -> no_symmetry_contacts

Processing 7gjz__1__1.A_1.B__1.I_1.K (proper chain: 1.I)
  Downloading https://files.rcsb.org/download/7gjz.cif
  Ligand written: /home/rquiroga/github/runs-n-poses/runs-n-poses-datasets/symmetry_corrected/7gjz__1__1.A_1.B__1.I_1.K/7gjz__1__1.A_1.B__1.I_1.K_ligand.pdb
  No symmetry contacts found — writing non-symm receptor only
  -> no_symmetry_contacts

Processing 7gk0__1__1.A_1.B__1.E_1.J (proper chain: 1.J)
  Downloading https://files.rcsb.org/download/7gk0.cif
  Ligand written: /home/rquiroga/github/runs-n-poses/runs-n-poses-datasets/symmetry_corrected/7gk0__1__1.A_1.B__1.E_1.J/7gk0__1__1.A_1.B__1.E_1.J_ligand.pdb
  No symmetry contacts found — writing non-symm receptor only
  -> no_symmetry_contacts

Processing 7gk1__1__1.A_1.B__1.D_1.I (proper chain: 1.I)
  Downloading https://files.rcsb.org/download/7gk1.cif
  Ligand written: /home/rquiroga/github/runs-n-poses/runs-n-poses-datasets/symmetry_corrected/7gk1__1__1.A_1.B__1.D_1.I/7gk1__1__1.A_1.B__1.D_1.I_ligand.pdb
  No symmetry contacts found — writing non-symm receptor only
  -> no_symmetry_contacts

Processing 7gk2__1__1.A_1.B__1.E_1.J (proper chain: 1.J)
  Downloading https://files.rcsb.org/download/7gk2.cif
  Ligand written: /home/rquiroga/github/runs-n-poses/runs-n-poses-datasets/symmetry_corrected/7gk2__1__1.A_1.B__1.E_1.J/7gk2__1__1.A_1.B__1.E_1.J_ligand.pdb
  No symmetry contacts found — writing non-symm receptor only
  -> no_symmetry_contacts

Processing 7gk3__1__1.A_1.B__1.E_1.J (proper chain: 1.J)
  Downloading https://files.rcsb.org/download/7gk3.cif
  Ligand written: /home/rquiroga/github/runs-n-poses/runs-n-poses-datasets/symmetry_corrected/7gk3__1__1.A_1.B__1.E_1.J/7gk3__1__1.A_1.B__1.E_1.J_ligand.pdb
  No symmetry contacts found — writing non-symm receptor only
  -> no_symmetry_contacts

Processing 7gk6__1__1.A_1.B__1.E_1.J (proper chain: 1.J)
  Downloading https://files.rcsb.org/download/7gk6.cif
  Ligand written: /home/rquiroga/github/runs-n-poses/runs-n-poses-datasets/symmetry_corrected/7gk6__1__1.A_1.B__1.E_1.J/7gk6__1__1.A_1.B__1.E_1.J_ligand.pdb
  No symmetry contacts found — writing non-symm receptor only
  -> no_symmetry_contacts

Processing 7gk7__1__1.A_1.B__1.H (proper chain: 1.H)
  Downloading https://files.rcsb.org/download/7gk7.cif
  Ligand written: /home/rquiroga/github/runs-n-poses/runs-n-poses-datasets/symmetry_corrected/7gk7__1__1.A_1.B__1.H/7gk7__1__1.A_1.B__1.H_ligand.pdb
  No symmetry contacts found — writing non-symm receptor only
  -> no_symmetry_contacts

Processing 7gk8__1__1.A_1.B__1.H (proper chain: 1.H)
  Downloading https://files.rcsb.org/download/7gk8.cif
  Ligand written: /home/rquiroga/github/runs-n-poses/runs-n-poses-datasets/symmetry_corrected/7gk8__1__1.A_1.B__1.H/7gk8__1__1.A_1.B__1.H_ligand.pdb
  No symmetry contacts found — writing non-symm receptor only
  -> no_symmetry_contacts

Processing 7gk9__1__1.A_1.B__1.M_1.O (proper chain: 1.M)
  Downloading https://files.rcsb.org/download/7gk9.cif
  Ligand written: /home/rquiroga/github/runs-n-poses/runs-n-poses-datasets/symmetry_corrected/7gk9__1__1.A_1.B__1.M_1.O/7gk9__1__1.A_1.B__1.M_1.O_ligand.pdb
  No symmetry contacts found — writing non-symm receptor only
  -> no_symmetry_contacts

Processing 7gka__1__1.A_1.B__1.E_1.J (proper chain: 1.J)
  Downloading https://files.rcsb.org/download/7gka.cif
  Ligand written: /home/rquiroga/github/runs-n-poses/runs-n-poses-datasets/symmetry_corrected/7gka__1__1.A_1.B__1.E_1.J/7gka__1__1.A_1.B__1.E_1.J_ligand.pdb
  No symmetry contacts found — writing non-symm receptor only
  -> no_symmetry_contacts

Processing 7gkc__1__1.A_1.B__1.E_1.J (proper chain: 1.J)
  Downloading https://files.rcsb.org/download/7gkc.cif
  Ligand written: /home/rquiroga/github/runs-n-poses/runs-n-poses-datasets/symmetry_corrected/7gkc__1__1.A_1.B__1.E_1.J/7gkc__1__1.A_1.B__1.E_1.J_ligand.pdb
  No symmetry contacts found — writing non-symm receptor only
  -> no_symmetry_contacts

Processing 7gke__1__1.A_1.B__1.E_1.J (proper chain: 1.J)
  Downloading https://files.rcsb.org/download/7gke.cif
  Ligand written: /home/rquiroga/github/runs-n-poses/runs-n-poses-datasets/symmetry_corrected/7gke__1__1.A_1.B__1.E_1.J/7gke__1__1.A_1.B__1.E_1.J_ligand.pdb
  No symmetry contacts found — writing non-symm receptor only
  -> no_symmetry_contacts

Processing 7gkf__1__1.A_1.B__1.E_1.J (proper chain: 1.J)
  Downloading https://files.rcsb.org/download/7gkf.cif
  Ligand written: /home/rquiroga/github/runs-n-poses/runs-n-poses-datasets/symmetry_corrected/7gkf__1__1.A_1.B__1.E_1.J/7gkf__1__1.A_1.B__1.E_1.J_ligand.pdb
  No symmetry contacts found — writing non-symm receptor only
  -> no_symmetry_contacts

Processing 7gkg__1__1.A_1.B__1.E_1.J (proper chain: 1.J)
  Downloading https://files.rcsb.org/download/7gkg.cif
  Ligand written: /home/rquiroga/github/runs-n-poses/runs-n-poses-datasets/symmetry_corrected/7gkg__1__1.A_1.B__1.E_1.J/7gkg__1__1.A_1.B__1.E_1.J_ligand.pdb
  No symmetry contacts found — writing non-symm receptor only
  -> no_symmetry_contacts

Processing 7gkh__1__1.A_1.B__1.J (proper chain: 1.J)
  Downloading https://files.rcsb.org/download/7gkh.cif
  Ligand written: /home/rquiroga/github/runs-n-poses/runs-n-poses-datasets/symmetry_corrected/7gkh__1__1.A_1.B__1.J/7gkh__1__1.A_1.B__1.J_ligand.pdb
  No symmetry contacts found — writing non-symm receptor only
  -> no_symmetry_contacts

Processing 7gki__1__1.A__1.I (proper chain: 1.I)
  Downloading https://files.rcsb.org/download/7gki.cif
  Ligand written: /home/rquiroga/github/runs-n-poses/runs-n-poses-datasets/symmetry_corrected/7gki__1__1.A__1.I/7gki__1__1.A__1.I_ligand.pdb
  No symmetry contacts found — writing non-symm receptor only
  -> no_symmetry_contacts

Processing 7gkj__1__1.A_1.B__1.E_1.J_1.K (proper chain: 1.J)
  Downloading https://files.rcsb.org/download/7gkj.cif
  Ligand written: /home/rquiroga/github/runs-n-poses/runs-n-poses-datasets/symmetry_corrected/7gkj__1__1.A_1.B__1.E_1.J_1.K/7gkj__1__1.A_1.B__1.E_1.J_1.K_ligand.pdb
  No symmetry contacts found — writing non-symm receptor only
  -> no_symmetry_contacts

Processing 7gkk__1__1.A_1.B__1.O (proper chain: 1.O)
  Downloading https://files.rcsb.org/download/7gkk.cif
  Ligand written: /home/rquiroga/github/runs-n-poses/runs-n-poses-datasets/symmetry_corrected/7gkk__1__1.A_1.B__1.O/7gkk__1__1.A_1.B__1.O_ligand.pdb
  No symmetry contacts found — writing non-symm receptor only
  -> no_symmetry_contacts

Processing 7gkm__1__1.A_1.B__1.I_1.J (proper chain: 1.I)
  Downloading https://files.rcsb.org/download/7gkm.cif
  Ligand written: /home/rquiroga/github/runs-n-poses/runs-n-poses-datasets/symmetry_corrected/7gkm__1__1.A_1.B__1.I_1.J/7gkm__1__1.A_1.B__1.I_1.J_ligand.pdb
  No symmetry contacts found — writing non-symm receptor only
  -> no_symmetry_contacts

Processing 7gkn__1__1.A_1.B__1.Q_1.S_1.T (proper chain: 1.Q)
  Downloading https://files.rcsb.org/download/7gkn.cif
  Ligand written: /home/rquiroga/github/runs-n-poses/runs-n-poses-datasets/symmetry_corrected/7gkn__1__1.A_1.B__1.Q_1.S_1.T/7gkn__1__1.A_1.B__1.Q_1.S_1.T_ligand.pdb
  No symmetry contacts found — writing non-symm receptor only
  -> no_symmetry_contacts

Processing 7gko__1__1.A_1.B__1.I_1.J (proper chain: 1.I)
  Downloading https://files.rcsb.org/download/7gko.cif
  Ligand written: /home/rquiroga/github/runs-n-poses/runs-n-poses-datasets/symmetry_corrected/7gko__1__1.A_1.B__1.I_1.J/7gko__1__1.A_1.B__1.I_1.J_ligand.pdb
  No symmetry contacts found — writing non-symm receptor only
  -> no_symmetry_contacts

Processing 7gkp__1__1.A_1.B__1.D_1.I_1.J (proper chain: 1.I)
  Downloading https://files.rcsb.org/download/7gkp.cif
  Ligand written: /home/rquiroga/github/runs-n-poses/runs-n-poses-datasets/symmetry_corrected/7gkp__1__1.A_1.B__1.D_1.I_1.J/7gkp__1__1.A_1.B__1.D_1.I_1.J_ligand.pdb
  No symmetry contacts found — writing non-symm receptor only
  -> no_symmetry_contacts

Processing 7gkq__1__1.A_1.B__1.E_1.J (proper chain: 1.J)
  Downloading https://files.rcsb.org/download/7gkq.cif
  Ligand written: /home/rquiroga/github/runs-n-poses/runs-n-poses-datasets/symmetry_corrected/7gkq__1__1.A_1.B__1.E_1.J/7gkq__1__1.A_1.B__1.E_1.J_ligand.pdb
  No symmetry contacts found — writing non-symm receptor only
  -> no_symmetry_contacts

Processing 7gks__1__1.A_1.B__1.H (proper chain: 1.H)
  Downloading https://files.rcsb.org/download/7gks.cif
  Ligand written: /home/rquiroga/github/runs-n-poses/runs-n-poses-datasets/symmetry_corrected/7gks__1__1.A_1.B__1.H/7gks__1__1.A_1.B__1.H_ligand.pdb
  No symmetry contacts found — writing non-symm receptor only
  -> no_symmetry_contacts

Processing 7gkt__1__1.A_1.B__1.E_1.J (proper chain: 1.J)
  Downloading https://files.rcsb.org/download/7gkt.cif
  Ligand written: /home/rquiroga/github/runs-n-poses/runs-n-poses-datasets/symmetry_corrected/7gkt__1__1.A_1.B__1.E_1.J/7gkt__1__1.A_1.B__1.E_1.J_ligand.pdb
  No symmetry contacts found — writing non-symm receptor only
  -> no_symmetry_contacts

Processing 7gkw__1__1.A_1.B__1.E_1.J (proper chain: 1.J)
  Downloading https://files.rcsb.org/download/7gkw.cif
  Ligand written: /home/rquiroga/github/runs-n-poses/runs-n-poses-datasets/symmetry_corrected/7gkw__1__1.A_1.B__1.E_1.J/7gkw__1__1.A_1.B__1.E_1.J_ligand.pdb
  No symmetry contacts found — writing non-symm receptor only
  -> no_symmetry_contacts

Processing 7gkx__1__1.A_1.B__1.I (proper chain: 1.I)
  Downloading https://files.rcsb.org/download/7gkx.cif
  Ligand written: /home/rquiroga/github/runs-n-poses/runs-n-poses-datasets/symmetry_corrected/7gkx__1__1.A_1.B__1.I/7gkx__1__1.A_1.B__1.I_ligand.pdb
  No symmetry contacts found — writing non-symm receptor only
  -> no_symmetry_contacts

Processing 7gkz__1__1.A_1.B__1.E_1.J (proper chain: 1.J)
  Downloading https://files.rcsb.org/download/7gkz.cif
  Ligand written: /home/rquiroga/github/runs-n-poses/runs-n-poses-datasets/symmetry_corrected/7gkz__1__1.A_1.B__1.E_1.J/7gkz__1__1.A_1.B__1.E_1.J_ligand.pdb
  No symmetry contacts found — writing non-symm receptor only
  -> no_symmetry_contacts

Processing 7gl1__1__1.A_1.B__1.D_1.I (proper chain: 1.I)
  Downloading https://files.rcsb.org/download/7gl1.cif
  Ligand written: /home/rquiroga/github/runs-n-poses/runs-n-poses-datasets/symmetry_corrected/7gl1__1__1.A_1.B__1.D_1.I/7gl1__1__1.A_1.B__1.D_1.I_ligand.pdb
  No symmetry contacts found — writing non-symm receptor only
  -> no_symmetry_contacts

Processing 7gl2__1__1.A_1.B__1.H_1.I (proper chain: 1.H)
  Downloading https://files.rcsb.org/download/7gl2.cif
  Ligand written: /home/rquiroga/github/runs-n-poses/runs-n-poses-datasets/symmetry_corrected/7gl2__1__1.A_1.B__1.H_1.I/7gl2__1__1.A_1.B__1.H_1.I_ligand.pdb
  No symmetry contacts found — writing non-symm receptor only
  -> no_symmetry_contacts

Processing 7gl3__1__1.A_1.B__1.H (proper chain: 1.H)
  Downloading https://files.rcsb.org/download/7gl3.cif
  Ligand written: /home/rquiroga/github/runs-n-poses/runs-n-poses-datasets/symmetry_corrected/7gl3__1__1.A_1.B__1.H/7gl3__1__1.A_1.B__1.H_ligand.pdb
  No symmetry contacts found — writing non-symm receptor only
  -> no_symmetry_contacts

Processing 7gl5__1__1.A_1.B__1.D_1.I_1.K (proper chain: 1.I)
  Downloading https://files.rcsb.org/download/7gl5.cif
  Ligand written: /home/rquiroga/github/runs-n-poses/runs-n-poses-datasets/symmetry_corrected/7gl5__1__1.A_1.B__1.D_1.I_1.K/7gl5__1__1.A_1.B__1.D_1.I_1.K_ligand.pdb
  No symmetry contacts found — writing non-symm receptor only
  -> no_symmetry_contacts

Processing 7gl6__1__1.A_1.B__1.E_1.J (proper chain: 1.J)
  Downloading https://files.rcsb.org/download/7gl6.cif
  Ligand written: /home/rquiroga/github/runs-n-poses/runs-n-poses-datasets/symmetry_corrected/7gl6__1__1.A_1.B__1.E_1.J/7gl6__1__1.A_1.B__1.E_1.J_ligand.pdb
  No symmetry contacts found — writing non-symm receptor only
  -> no_symmetry_contacts

Processing 7gl7__1__1.A_1.B__1.E_1.J (proper chain: 1.J)
  Downloading https://files.rcsb.org/download/7gl7.cif
  Ligand written: /home/rquiroga/github/runs-n-poses/runs-n-poses-datasets/symmetry_corrected/7gl7__1__1.A_1.B__1.E_1.J/7gl7__1__1.A_1.B__1.E_1.J_ligand.pdb
  No symmetry contacts found — writing non-symm receptor only
  -> no_symmetry_contacts

Processing 7gla__1__1.A_1.B__1.I (proper chain: 1.I)
  Downloading https://files.rcsb.org/download/7gla.cif
  Ligand written: /home/rquiroga/github/runs-n-poses/runs-n-poses-datasets/symmetry_corrected/7gla__1__1.A_1.B__1.I/7gla__1__1.A_1.B__1.I_ligand.pdb
  No symmetry contacts found — writing non-symm receptor only
  -> no_symmetry_contacts

Processing 7glb__1__1.A_1.B__1.N (proper chain: 1.N)
  Downloading https://files.rcsb.org/download/7glb.cif
  Ligand written: /home/rquiroga/github/runs-n-poses/runs-n-poses-datasets/symmetry_corrected/7glb__1__1.A_1.B__1.N/7glb__1__1.A_1.B__1.N_ligand.pdb
  No symmetry contacts found — writing non-symm receptor only
  -> no_symmetry_contacts

Processing 7gld__1__1.A_1.B__1.H (proper chain: 1.H)
  Downloading https://files.rcsb.org/download/7gld.cif
  Ligand written: /home/rquiroga/github/runs-n-poses/runs-n-poses-datasets/symmetry_corrected/7gld__1__1.A_1.B__1.H/7gld__1__1.A_1.B__1.H_ligand.pdb
  No symmetry contacts found — writing non-symm receptor only
  -> no_symmetry_contacts

Processing 7glg__1__1.A_1.B__1.H (proper chain: 1.H)
  Downloading https://files.rcsb.org/download/7glg.cif
  Ligand written: /home/rquiroga/github/runs-n-poses/runs-n-poses-datasets/symmetry_corrected/7glg__1__1.A_1.B__1.H/7glg__1__1.A_1.B__1.H_ligand.pdb
  No symmetry contacts found — writing non-symm receptor only
  -> no_symmetry_contacts

Processing 7gli__1__1.A_1.B__1.L (proper chain: 1.L)
  Downloading https://files.rcsb.org/download/7gli.cif
  Ligand written: /home/rquiroga/github/runs-n-poses/runs-n-poses-datasets/symmetry_corrected/7gli__1__1.A_1.B__1.L/7gli__1__1.A_1.B__1.L_ligand.pdb
  No symmetry contacts found — writing non-symm receptor only
  -> no_symmetry_contacts

Processing 7gln__1__1.A_1.B__1.I (proper chain: 1.I)
  Downloading https://files.rcsb.org/download/7gln.cif
  Ligand written: /home/rquiroga/github/runs-n-poses/runs-n-poses-datasets/symmetry_corrected/7gln__1__1.A_1.B__1.I/7gln__1__1.A_1.B__1.I_ligand.pdb
  No symmetry contacts found — writing non-symm receptor only
  -> no_symmetry_contacts

Processing 7glo__1__1.A_1.B__1.E_1.J (proper chain: 1.J)
  Downloading https://files.rcsb.org/download/7glo.cif
  Ligand written: /home/rquiroga/github/runs-n-poses/runs-n-poses-datasets/symmetry_corrected/7glo__1__1.A_1.B__1.E_1.J/7glo__1__1.A_1.B__1.E_1.J_ligand.pdb
  No symmetry contacts found — writing non-symm receptor only
  -> no_symmetry_contacts

Processing 7glq__1__1.A_1.B__1.E_1.J (proper chain: 1.J)
  Downloading https://files.rcsb.org/download/7glq.cif
  Ligand written: /home/rquiroga/github/runs-n-poses/runs-n-poses-datasets/symmetry_corrected/7glq__1__1.A_1.B__1.E_1.J/7glq__1__1.A_1.B__1.E_1.J_ligand.pdb
  No symmetry contacts found — writing non-symm receptor only
  -> no_symmetry_contacts

Processing 7glw__1__1.A_1.B__1.E_1.J_1.K (proper chain: 1.K)
  Downloading https://files.rcsb.org/download/7glw.cif
  Ligand written: /home/rquiroga/github/runs-n-poses/runs-n-poses-datasets/symmetry_corrected/7glw__1__1.A_1.B__1.E_1.J_1.K/7glw__1__1.A_1.B__1.E_1.J_1.K_ligand.pdb
  No symmetry contacts found — writing non-symm receptor only
  -> no_symmetry_contacts

Processing 7gly__1__1.A_1.B__1.I (proper chain: 1.I)
  Downloading https://files.rcsb.org/download/7gly.cif
  Ligand written: /home/rquiroga/github/runs-n-poses/runs-n-poses-datasets/symmetry_corrected/7gly__1__1.A_1.B__1.I/7gly__1__1.A_1.B__1.I_ligand.pdb
  No symmetry contacts found — writing non-symm receptor only
  -> no_symmetry_contacts

Processing 7gm0__1__1.A_1.B__1.N (proper chain: 1.N)
  Downloading https://files.rcsb.org/download/7gm0.cif
  Ligand written: /home/rquiroga/github/runs-n-poses/runs-n-poses-datasets/symmetry_corrected/7gm0__1__1.A_1.B__1.N/7gm0__1__1.A_1.B__1.N_ligand.pdb
  No symmetry contacts found — writing non-symm receptor only
  -> no_symmetry_contacts

Processing 7gm1__1__1.A_1.B__1.I (proper chain: 1.I)
  Downloading https://files.rcsb.org/download/7gm1.cif
  Ligand written: /home/rquiroga/github/runs-n-poses/runs-n-poses-datasets/symmetry_corrected/7gm1__1__1.A_1.B__1.I/7gm1__1__1.A_1.B__1.I_ligand.pdb
  No symmetry contacts found — writing non-symm receptor only
  -> no_symmetry_contacts

Processing 7gm3__1__1.A_1.B__1.D_1.I (proper chain: 1.I)
  Downloading https://files.rcsb.org/download/7gm3.cif
  Ligand written: /home/rquiroga/github/runs-n-poses/runs-n-poses-datasets/symmetry_corrected/7gm3__1__1.A_1.B__1.D_1.I/7gm3__1__1.A_1.B__1.D_1.I_ligand.pdb
  No symmetry contacts found — writing non-symm receptor only
  -> no_symmetry_contacts

Processing 7gm4__1__1.A_1.B__1.I (proper chain: 1.I)
  Downloading https://files.rcsb.org/download/7gm4.cif
  Ligand written: /home/rquiroga/github/runs-n-poses/runs-n-poses-datasets/symmetry_corrected/7gm4__1__1.A_1.B__1.I/7gm4__1__1.A_1.B__1.I_ligand.pdb
  No symmetry contacts found — writing non-symm receptor only
  -> no_symmetry_contacts

Processing 7gm5__1__1.A_1.B__1.I (proper chain: 1.I)
  Downloading https://files.rcsb.org/download/7gm5.cif
  Ligand written: /home/rquiroga/github/runs-n-poses/runs-n-poses-datasets/symmetry_corrected/7gm5__1__1.A_1.B__1.I/7gm5__1__1.A_1.B__1.I_ligand.pdb
  No symmetry contacts found — writing non-symm receptor only
  -> no_symmetry_contacts

Processing 7gm6__1__1.A_1.B__1.N (proper chain: 1.N)
  Downloading https://files.rcsb.org/download/7gm6.cif
  Ligand written: /home/rquiroga/github/runs-n-poses/runs-n-poses-datasets/symmetry_corrected/7gm6__1__1.A_1.B__1.N/7gm6__1__1.A_1.B__1.N_ligand.pdb
  No symmetry contacts found — writing non-symm receptor only
  -> no_symmetry_contacts

Processing 7gm8__1__1.A_1.B__1.I (proper chain: 1.I)
  Downloading https://files.rcsb.org/download/7gm8.cif
  Ligand written: /home/rquiroga/github/runs-n-poses/runs-n-poses-datasets/symmetry_corrected/7gm8__1__1.A_1.B__1.I/7gm8__1__1.A_1.B__1.I_ligand.pdb
  No symmetry contacts found — writing non-symm receptor only
  -> no_symmetry_contacts

Processing 7gm9__1__1.A_1.B__1.I (proper chain: 1.I)
  Downloading https://files.rcsb.org/download/7gm9.cif
  Ligand written: /home/rquiroga/github/runs-n-poses/runs-n-poses-datasets/symmetry_corrected/7gm9__1__1.A_1.B__1.I/7gm9__1__1.A_1.B__1.I_ligand.pdb
  No symmetry contacts found — writing non-symm receptor only
  -> no_symmetry_contacts

Processing 7gma__1__1.A_1.B__1.J (proper chain: 1.J)
  Downloading https://files.rcsb.org/download/7gma.cif
  Ligand written: /home/rquiroga/github/runs-n-poses/runs-n-poses-datasets/symmetry_corrected/7gma__1__1.A_1.B__1.J/7gma__1__1.A_1.B__1.J_ligand.pdb
  No symmetry contacts found — writing non-symm receptor only
  -> no_symmetry_contacts

Processing 7gmb__1__1.A_1.B__1.D_1.I (proper chain: 1.I)
  Downloading https://files.rcsb.org/download/7gmb.cif
  Ligand written: /home/rquiroga/github/runs-n-poses/runs-n-poses-datasets/symmetry_corrected/7gmb__1__1.A_1.B__1.D_1.I/7gmb__1__1.A_1.B__1.D_1.I_ligand.pdb
  No symmetry contacts found — writing non-symm receptor only
  -> no_symmetry_contacts

Processing 7gmh__1__1.A_1.B__1.O (proper chain: 1.O)
  Downloading https://files.rcsb.org/download/7gmh.cif
  Ligand written: /home/rquiroga/github/runs-n-poses/runs-n-poses-datasets/symmetry_corrected/7gmh__1__1.A_1.B__1.O/7gmh__1__1.A_1.B__1.O_ligand.pdb
  No symmetry contacts found — writing non-symm receptor only
  -> no_symmetry_contacts

Processing 7gmi__1__1.A_1.B__1.D_1.I (proper chain: 1.I)
  Downloading https://files.rcsb.org/download/7gmi.cif
  Ligand written: /home/rquiroga/github/runs-n-poses/runs-n-poses-datasets/symmetry_corrected/7gmi__1__1.A_1.B__1.D_1.I/7gmi__1__1.A_1.B__1.D_1.I_ligand.pdb
  No symmetry contacts found — writing non-symm receptor only
  -> no_symmetry_contacts

Processing 7gmj__1__1.A_1.B__1.E_1.J_1.K (proper chain: 1.K)
  Downloading https://files.rcsb.org/download/7gmj.cif
  Ligand written: /home/rquiroga/github/runs-n-poses/runs-n-poses-datasets/symmetry_corrected/7gmj__1__1.A_1.B__1.E_1.J_1.K/7gmj__1__1.A_1.B__1.E_1.J_1.K_ligand.pdb
  No symmetry contacts found — writing non-symm receptor only
  -> no_symmetry_contacts

Processing 7gmk__1__1.A_1.B__1.E_1.J (proper chain: 1.J)
  Downloading https://files.rcsb.org/download/7gmk.cif
  Ligand written: /home/rquiroga/github/runs-n-poses/runs-n-poses-datasets/symmetry_corrected/7gmk__1__1.A_1.B__1.E_1.J/7gmk__1__1.A_1.B__1.E_1.J_ligand.pdb
  No symmetry contacts found — writing non-symm receptor only
  -> no_symmetry_contacts

Processing 7gml__1__1.A_1.B__1.E_1.J (proper chain: 1.J)
  Downloading https://files.rcsb.org/download/7gml.cif
  Ligand written: /home/rquiroga/github/runs-n-poses/runs-n-poses-datasets/symmetry_corrected/7gml__1__1.A_1.B__1.E_1.J/7gml__1__1.A_1.B__1.E_1.J_ligand.pdb
  No symmetry contacts found — writing non-symm receptor only
  -> no_symmetry_contacts

Processing 7gmm__1__1.A_1.B__1.E_1.J (proper chain: 1.J)
  Downloading https://files.rcsb.org/download/7gmm.cif
  Ligand written: /home/rquiroga/github/runs-n-poses/runs-n-poses-datasets/symmetry_corrected/7gmm__1__1.A_1.B__1.E_1.J/7gmm__1__1.A_1.B__1.E_1.J_ligand.pdb
  No symmetry contacts found — writing non-symm receptor only
  -> no_symmetry_contacts

Processing 7gmo__1__1.A_1.B__1.E_1.J (proper chain: 1.J)
  Downloading https://files.rcsb.org/download/7gmo.cif
  Ligand written: /home/rquiroga/github/runs-n-poses/runs-n-poses-datasets/symmetry_corrected/7gmo__1__1.A_1.B__1.E_1.J/7gmo__1__1.A_1.B__1.E_1.J_ligand.pdb
  No symmetry contacts found — writing non-symm receptor only
  -> no_symmetry_contacts

Processing 7gmp__1__1.A_1.B__1.D_1.I (proper chain: 1.I)
  Downloading https://files.rcsb.org/download/7gmp.cif
  Ligand written: /home/rquiroga/github/runs-n-poses/runs-n-poses-datasets/symmetry_corrected/7gmp__1__1.A_1.B__1.D_1.I/7gmp__1__1.A_1.B__1.D_1.I_ligand.pdb
  No symmetry contacts found — writing non-symm receptor only
  -> no_symmetry_contacts

Processing 7gmq__1__1.A_1.B__1.D_1.I (proper chain: 1.I)
  Downloading https://files.rcsb.org/download/7gmq.cif
  Ligand written: /home/rquiroga/github/runs-n-poses/runs-n-poses-datasets/symmetry_corrected/7gmq__1__1.A_1.B__1.D_1.I/7gmq__1__1.A_1.B__1.D_1.I_ligand.pdb
  No symmetry contacts found — writing non-symm receptor only
  -> no_symmetry_contacts

Processing 7gms__1__1.A_1.B__1.I (proper chain: 1.I)
  Downloading https://files.rcsb.org/download/7gms.cif
  Ligand written: /home/rquiroga/github/runs-n-poses/runs-n-poses-datasets/symmetry_corrected/7gms__1__1.A_1.B__1.I/7gms__1__1.A_1.B__1.I_ligand.pdb
  No symmetry contacts found — writing non-symm receptor only
  -> no_symmetry_contacts

Processing 7gmu__1__1.A_1.B__1.I (proper chain: 1.I)
  Downloading https://files.rcsb.org/download/7gmu.cif
  Ligand written: /home/rquiroga/github/runs-n-poses/runs-n-poses-datasets/symmetry_corrected/7gmu__1__1.A_1.B__1.I/7gmu__1__1.A_1.B__1.I_ligand.pdb
  No symmetry contacts found — writing non-symm receptor only
  -> no_symmetry_contacts

Processing 7gmw__1__1.A_1.B__1.E_1.J (proper chain: 1.J)
  Downloading https://files.rcsb.org/download/7gmw.cif
  Ligand written: /home/rquiroga/github/runs-n-poses/runs-n-poses-datasets/symmetry_corrected/7gmw__1__1.A_1.B__1.E_1.J/7gmw__1__1.A_1.B__1.E_1.J_ligand.pdb
  No symmetry contacts found — writing non-symm receptor only
  -> no_symmetry_contacts

Processing 7gmy__1__1.A_1.B__1.I (proper chain: 1.I)
  Downloading https://files.rcsb.org/download/7gmy.cif
  Ligand written: /home/rquiroga/github/runs-n-poses/runs-n-poses-datasets/symmetry_corrected/7gmy__1__1.A_1.B__1.I/7gmy__1__1.A_1.B__1.I_ligand.pdb
  No symmetry contacts found — writing non-symm receptor only
  -> no_symmetry_contacts

Processing 7gn0__1__1.A_1.B__1.I (proper chain: 1.I)
  Downloading https://files.rcsb.org/download/7gn0.cif
  Ligand written: /home/rquiroga/github/runs-n-poses/runs-n-poses-datasets/symmetry_corrected/7gn0__1__1.A_1.B__1.I/7gn0__1__1.A_1.B__1.I_ligand.pdb
  No symmetry contacts found — writing non-symm receptor only
  -> no_symmetry_contacts

Processing 7gn4__1__1.A_1.B__1.E_1.J (proper chain: 1.J)
  Downloading https://files.rcsb.org/download/7gn4.cif
  Ligand written: /home/rquiroga/github/runs-n-poses/runs-n-poses-datasets/symmetry_corrected/7gn4__1__1.A_1.B__1.E_1.J/7gn4__1__1.A_1.B__1.E_1.J_ligand.pdb
  No symmetry contacts found — writing non-symm receptor only
  -> no_symmetry_contacts

Processing 7gn5__1__1.A_1.B__1.I (proper chain: 1.I)
  Downloading https://files.rcsb.org/download/7gn5.cif
  Ligand written: /home/rquiroga/github/runs-n-poses/runs-n-poses-datasets/symmetry_corrected/7gn5__1__1.A_1.B__1.I/7gn5__1__1.A_1.B__1.I_ligand.pdb
  No symmetry contacts found — writing non-symm receptor only
  -> no_symmetry_contacts

Processing 7gn8__1__1.A_1.B__1.I_1.J (proper chain: 1.I)
  Downloading https://files.rcsb.org/download/7gn8.cif
  Ligand written: /home/rquiroga/github/runs-n-poses/runs-n-poses-datasets/symmetry_corrected/7gn8__1__1.A_1.B__1.I_1.J/7gn8__1__1.A_1.B__1.I_1.J_ligand.pdb
  No symmetry contacts found — writing non-symm receptor only
  -> no_symmetry_contacts

Processing 7gn9__1__1.A_1.B__1.O (proper chain: 1.O)
  Downloading https://files.rcsb.org/download/7gn9.cif
  Ligand written: /home/rquiroga/github/runs-n-poses/runs-n-poses-datasets/symmetry_corrected/7gn9__1__1.A_1.B__1.O/7gn9__1__1.A_1.B__1.O_ligand.pdb
  No symmetry contacts found — writing non-symm receptor only
  -> no_symmetry_contacts

Processing 7gnb__1__1.A_1.B__1.M_1.O (proper chain: 1.M)
  Downloading https://files.rcsb.org/download/7gnb.cif
  Ligand written: /home/rquiroga/github/runs-n-poses/runs-n-poses-datasets/symmetry_corrected/7gnb__1__1.A_1.B__1.M_1.O/7gnb__1__1.A_1.B__1.M_1.O_ligand.pdb
  No symmetry contacts found — writing non-symm receptor only
  -> no_symmetry_contacts

Processing 7gnc__1__1.A_1.B__1.E_1.J (proper chain: 1.J)
  Downloading https://files.rcsb.org/download/7gnc.cif
  Ligand written: /home/rquiroga/github/runs-n-poses/runs-n-poses-datasets/symmetry_corrected/7gnc__1__1.A_1.B__1.E_1.J/7gnc__1__1.A_1.B__1.E_1.J_ligand.pdb
  No symmetry contacts found — writing non-symm receptor only
  -> no_symmetry_contacts

Processing 7gnd__1__1.A_1.B__1.E_1.J (proper chain: 1.J)
  Downloading https://files.rcsb.org/download/7gnd.cif
  Ligand written: /home/rquiroga/github/runs-n-poses/runs-n-poses-datasets/symmetry_corrected/7gnd__1__1.A_1.B__1.E_1.J/7gnd__1__1.A_1.B__1.E_1.J_ligand.pdb
  No symmetry contacts found — writing non-symm receptor only
  -> no_symmetry_contacts

Processing 7gnf__1__1.A_1.B__1.P_1.R (proper chain: 1.P)
  Downloading https://files.rcsb.org/download/7gnf.cif
  Ligand written: /home/rquiroga/github/runs-n-poses/runs-n-poses-datasets/symmetry_corrected/7gnf__1__1.A_1.B__1.P_1.R/7gnf__1__1.A_1.B__1.P_1.R_ligand.pdb
  No symmetry contacts found — writing non-symm receptor only
  -> no_symmetry_contacts

Processing 7gng__1__1.A_1.B__1.Q (proper chain: 1.Q)
  Downloading https://files.rcsb.org/download/7gng.cif
  Ligand written: /home/rquiroga/github/runs-n-poses/runs-n-poses-datasets/symmetry_corrected/7gng__1__1.A_1.B__1.Q/7gng__1__1.A_1.B__1.Q_ligand.pdb
  No symmetry contacts found — writing non-symm receptor only
  -> no_symmetry_contacts

Processing 7gnh__1__1.A_1.B__1.M (proper chain: 1.M)
  Downloading https://files.rcsb.org/download/7gnh.cif
  Ligand written: /home/rquiroga/github/runs-n-poses/runs-n-poses-datasets/symmetry_corrected/7gnh__1__1.A_1.B__1.M/7gnh__1__1.A_1.B__1.M_ligand.pdb
  No symmetry contacts found — writing non-symm receptor only
  -> no_symmetry_contacts

Processing 7gni__1__1.A_1.B__1.E_1.J_1.K (proper chain: 1.J)
  Downloading https://files.rcsb.org/download/7gni.cif
  Ligand written: /home/rquiroga/github/runs-n-poses/runs-n-poses-datasets/symmetry_corrected/7gni__1__1.A_1.B__1.E_1.J_1.K/7gni__1__1.A_1.B__1.E_1.J_1.K_ligand.pdb
  No symmetry contacts found — writing non-symm receptor only
  -> no_symmetry_contacts

Processing 7gnk__1__1.A_1.B__1.T (proper chain: 1.T)
  Downloading https://files.rcsb.org/download/7gnk.cif
  Ligand written: /home/rquiroga/github/runs-n-poses/runs-n-poses-datasets/symmetry_corrected/7gnk__1__1.A_1.B__1.T/7gnk__1__1.A_1.B__1.T_ligand.pdb
  No symmetry contacts found — writing non-symm receptor only
  -> no_symmetry_contacts

Processing 7gnl__1__1.A_1.B__1.N (proper chain: 1.N)
  Downloading https://files.rcsb.org/download/7gnl.cif
  Ligand written: /home/rquiroga/github/runs-n-poses/runs-n-poses-datasets/symmetry_corrected/7gnl__1__1.A_1.B__1.N/7gnl__1__1.A_1.B__1.N_ligand.pdb
  No symmetry contacts found — writing non-symm receptor only
  -> no_symmetry_contacts

Processing 7gnm__1__1.A_1.B__1.S (proper chain: 1.S)
  Downloading https://files.rcsb.org/download/7gnm.cif
  Ligand written: /home/rquiroga/github/runs-n-poses/runs-n-poses-datasets/symmetry_corrected/7gnm__1__1.A_1.B__1.S/7gnm__1__1.A_1.B__1.S_ligand.pdb
  No symmetry contacts found — writing non-symm receptor only
  -> no_symmetry_contacts

Processing 7gnn__1__1.A_1.B__1.I (proper chain: 1.I)
  Downloading https://files.rcsb.org/download/7gnn.cif
  Ligand written: /home/rquiroga/github/runs-n-poses/runs-n-poses-datasets/symmetry_corrected/7gnn__1__1.A_1.B__1.I/7gnn__1__1.A_1.B__1.I_ligand.pdb
  No symmetry contacts found — writing non-symm receptor only
  -> no_symmetry_contacts

Processing 7gno__1__1.A_1.B__1.P_1.S (proper chain: 1.P)
  Downloading https://files.rcsb.org/download/7gno.cif
  Ligand written: /home/rquiroga/github/runs-n-poses/runs-n-poses-datasets/symmetry_corrected/7gno__1__1.A_1.B__1.P_1.S/7gno__1__1.A_1.B__1.P_1.S_ligand.pdb
  No symmetry contacts found — writing non-symm receptor only
  -> no_symmetry_contacts

Processing 7gnp__1__1.A_1.B__1.H_1.J (proper chain: 1.H)
  Downloading https://files.rcsb.org/download/7gnp.cif
  Ligand written: /home/rquiroga/github/runs-n-poses/runs-n-poses-datasets/symmetry_corrected/7gnp__1__1.A_1.B__1.H_1.J/7gnp__1__1.A_1.B__1.H_1.J_ligand.pdb
  No symmetry contacts found — writing non-symm receptor only
  -> no_symmetry_contacts

Processing 7gnq__1__1.A_1.B__1.G_1.I_1.L (proper chain: 1.G)
  Downloading https://files.rcsb.org/download/7gnq.cif
  Ligand written: /home/rquiroga/github/runs-n-poses/runs-n-poses-datasets/symmetry_corrected/7gnq__1__1.A_1.B__1.G_1.I_1.L/7gnq__1__1.A_1.B__1.G_1.I_1.L_ligand.pdb
  No symmetry contacts found — writing non-symm receptor only
  -> no_symmetry_contacts

Processing 7gnr__1__1.A_1.B__1.E_1.J (proper chain: 1.J)
  Downloading https://files.rcsb.org/download/7gnr.cif
  Ligand written: /home/rquiroga/github/runs-n-poses/runs-n-poses-datasets/symmetry_corrected/7gnr__1__1.A_1.B__1.E_1.J/7gnr__1__1.A_1.B__1.E_1.J_ligand.pdb
  No symmetry contacts found — writing non-symm receptor only
  -> no_symmetry_contacts

Processing 7gns__1__1.A_1.B__1.H_1.J (proper chain: 1.H)
  Downloading https://files.rcsb.org/download/7gns.cif
  Ligand written: /home/rquiroga/github/runs-n-poses/runs-n-poses-datasets/symmetry_corrected/7gns__1__1.A_1.B__1.H_1.J/7gns__1__1.A_1.B__1.H_1.J_ligand.pdb
  No symmetry contacts found — writing non-symm receptor only
  -> no_symmetry_contacts

Processing 7gnt__1__1.A_1.B__1.N_1.O (proper chain: 1.O)
  Downloading https://files.rcsb.org/download/7gnt.cif
  Ligand written: /home/rquiroga/github/runs-n-poses/runs-n-poses-datasets/symmetry_corrected/7gnt__1__1.A_1.B__1.N_1.O/7gnt__1__1.A_1.B__1.N_1.O_ligand.pdb
  No symmetry contacts found — writing non-symm receptor only
  -> no_symmetry_contacts

Processing 7gnu__1__1.A_1.B__1.O_1.Q (proper chain: 1.O)
  Downloading https://files.rcsb.org/download/7gnu.cif
  Ligand written: /home/rquiroga/github/runs-n-poses/runs-n-poses-datasets/symmetry_corrected/7gnu__1__1.A_1.B__1.O_1.Q/7gnu__1__1.A_1.B__1.O_1.Q_ligand.pdb
  No symmetry contacts found — writing non-symm receptor only
  -> no_symmetry_contacts

Processing 7grr__1__1.A__1.D (proper chain: 1.D)
  Downloading https://files.rcsb.org/download/7grr.cif
  Ligand written: /home/rquiroga/github/runs-n-poses/runs-n-poses-datasets/symmetry_corrected/7grr__1__1.A__1.D/7grr__1__1.A__1.D_ligand.pdb
  No symmetry contacts found — writing non-symm receptor only
  -> no_symmetry_contacts

Processing 7grs__1__1.B__1.Q (proper chain: 1.Q)
  Downloading https://files.rcsb.org/download/7grs.cif
  Ligand written: /home/rquiroga/github/runs-n-poses/runs-n-poses-datasets/symmetry_corrected/7grs__1__1.B__1.Q/7grs__1__1.B__1.Q_ligand.pdb
  No symmetry contacts found — writing non-symm receptor only
  -> no_symmetry_contacts

Processing 7grt__1__1.A__1.C_1.E_1.I (proper chain: 1.C)
  Downloading https://files.rcsb.org/download/7grt.cif
  Ligand written: /home/rquiroga/github/runs-n-poses/runs-n-poses-datasets/symmetry_corrected/7grt__1__1.A__1.C_1.E_1.I/7grt__1__1.A__1.C_1.E_1.I_ligand.pdb
  No symmetry contacts found — writing non-symm receptor only
  -> no_symmetry_contacts

Processing 7grw__1__1.B__1.M_1.N (proper chain: 1.M)
  Downloading https://files.rcsb.org/download/7grw.cif
  Ligand written: /home/rquiroga/github/runs-n-poses/runs-n-poses-datasets/symmetry_corrected/7grw__1__1.B__1.M_1.N/7grw__1__1.B__1.M_1.N_ligand.pdb
  No symmetry contacts found — writing non-symm receptor only
  -> no_symmetry_contacts

Processing 7gs0__1__1.A_1.B__1.D (proper chain: 1.D)
  Downloading https://files.rcsb.org/download/7gs0.cif
  Ligand written: /home/rquiroga/github/runs-n-poses/runs-n-poses-datasets/symmetry_corrected/7gs0__1__1.A_1.B__1.D/7gs0__1__1.A_1.B__1.D_ligand.pdb
  Found 1 symmetry operations with contacts
  Receptor (symm) written: /home/rquiroga/github/runs-n-poses/runs-n-poses-datasets/symmetry_corrected/7gs0__1__1.A_1.B__1.D/7gs0__1__1.A_1.B__1.D_receptor_symm.pdb
  Total chains in output: 4
  -> ok

Processing 7h1j__1__1.B__1.E (proper chain: 1.E)
  Downloading https://files.rcsb.org/download/7h1j.cif
  Ligand written: /home/rquiroga/github/runs-n-poses/runs-n-poses-datasets/symmetry_corrected/7h1j__1__1.B__1.E/7h1j__1__1.B__1.E_ligand.pdb
  No symmetry contacts found — writing non-symm receptor only
  -> no_symmetry_contacts

Processing 7jhq__1__2.D__2.Q (proper chain: 2.Q)
  Downloading https://files.rcsb.org/download/7jhq.cif
  Ligand written: /home/rquiroga/github/runs-n-poses/runs-n-poses-datasets/symmetry_corrected/7jhq__1__2.D__2.Q/7jhq__1__2.D__2.Q_ligand.pdb
  No symmetry contacts found — writing non-symm receptor only
  -> no_symmetry_contacts

Processing 7jni__1__1.A__1.C (proper chain: 1.C)
  Downloading https://files.rcsb.org/download/7jni.cif
  Ligand written: /home/rquiroga/github/runs-n-poses/runs-n-poses-datasets/symmetry_corrected/7jni__1__1.A__1.C/7jni__1__1.A__1.C_ligand.pdb
  No symmetry contacts found — writing non-symm receptor only
  -> no_symmetry_contacts

Processing 7jty__1__1.A__1.E_1.J (proper chain: 1.E)
  Downloading https://files.rcsb.org/download/7jty.cif
  Ligand written: /home/rquiroga/github/runs-n-poses/runs-n-poses-datasets/symmetry_corrected/7jty__1__1.A__1.E_1.J/7jty__1__1.A__1.E_1.J_ligand.pdb
  No symmetry contacts found — writing non-symm receptor only
  -> no_symmetry_contacts

Processing 7jxa__1__1.C__1.I (proper chain: 1.I)
  Downloading https://files.rcsb.org/download/7jxa.cif
  Ligand written: /home/rquiroga/github/runs-n-poses/runs-n-poses-datasets/symmetry_corrected/7jxa__1__1.C__1.I/7jxa__1__1.C__1.I_ligand.pdb
  No symmetry contacts found — writing non-symm receptor only
  -> no_symmetry_contacts

Processing 7jyd__1__1.A__1.C (proper chain: 1.C)
  Downloading https://files.rcsb.org/download/7jyd.cif
  Ligand written: /home/rquiroga/github/runs-n-poses/runs-n-poses-datasets/symmetry_corrected/7jyd__1__1.A__1.C/7jyd__1__1.A__1.C_ligand.pdb
  Found 2 symmetry operations with contacts
  Receptor (symm) written: /home/rquiroga/github/runs-n-poses/runs-n-poses-datasets/symmetry_corrected/7jyd__1__1.A__1.C/7jyd__1__1.A__1.C_receptor_symm.pdb
  Total chains in output: 5
  -> ok

Processing 7k4g__1__1.B__1.J_1.K_1.L (proper chain: 1.L)
  Downloading https://files.rcsb.org/download/7k4g.cif
  Ligand written: /home/rquiroga/github/runs-n-poses/runs-n-poses-datasets/symmetry_corrected/7k4g__1__1.B__1.J_1.K_1.L/7k4g__1__1.B__1.J_1.K_1.L_ligand.pdb
  No symmetry contacts found — writing non-symm receptor only
  -> no_symmetry_contacts

Processing 7k4h__1__1.F__1.V_1.W_1.X (proper chain: 1.X)
  Downloading https://files.rcsb.org/download/7k4h.cif
  Ligand written: /home/rquiroga/github/runs-n-poses/runs-n-poses-datasets/symmetry_corrected/7k4h__1__1.F__1.V_1.W_1.X/7k4h__1__1.F__1.V_1.W_1.X_ligand.pdb
  No symmetry contacts found — writing non-symm receptor only
  -> no_symmetry_contacts

Processing 7k4i__1__1.B__1.J_1.K_1.L (proper chain: 1.L)
  Downloading https://files.rcsb.org/download/7k4i.cif
  Ligand written: /home/rquiroga/github/runs-n-poses/runs-n-poses-datasets/symmetry_corrected/7k4i__1__1.B__1.J_1.K_1.L/7k4i__1__1.B__1.J_1.K_1.L_ligand.pdb
  No symmetry contacts found — writing non-symm receptor only
  -> no_symmetry_contacts

Processing 7k4j__1__1.E__1.S_1.T_1.U (proper chain: 1.U)
  Downloading https://files.rcsb.org/download/7k4j.cif
  Ligand written: /home/rquiroga/github/runs-n-poses/runs-n-poses-datasets/symmetry_corrected/7k4j__1__1.E__1.S_1.T_1.U/7k4j__1__1.E__1.S_1.T_1.U_ligand.pdb
  No symmetry contacts found — writing non-symm receptor only
  -> no_symmetry_contacts

Processing 7k5v__1__1.A__1.C (proper chain: 1.C)
  Downloading https://files.rcsb.org/download/7k5v.cif
  Ligand written: /home/rquiroga/github/runs-n-poses/runs-n-poses-datasets/symmetry_corrected/7k5v__1__1.A__1.C/7k5v__1__1.A__1.C_ligand.pdb
  No symmetry contacts found — writing non-symm receptor only
  -> no_symmetry_contacts

Processing 7kad__1__1.A__1.E_1.F (proper chain: 1.E)
  Downloading https://files.rcsb.org/download/7kad.cif
  Ligand written: /home/rquiroga/github/runs-n-poses/runs-n-poses-datasets/symmetry_corrected/7kad__1__1.A__1.E_1.F/7kad__1__1.A__1.E_1.F_ligand.pdb
  No symmetry contacts found — writing non-symm receptor only
  -> no_symmetry_contacts

Processing 7kb6__1__1.A__1.OA_1.Q_1.R (proper chain: 1.OA)
  Downloading https://files.rcsb.org/download/7kb6.cif
  Ligand written: /home/rquiroga/github/runs-n-poses/runs-n-poses-datasets/symmetry_corrected/7kb6__1__1.A__1.OA_1.Q_1.R/7kb6__1__1.A__1.OA_1.Q_1.R_ligand.pdb
  No symmetry contacts found — writing non-symm receptor only
  -> no_symmetry_contacts

Processing 7kb8__1__1.A__1.E (proper chain: 1.E)
  Downloading https://files.rcsb.org/download/7kb8.cif
  Ligand written: /home/rquiroga/github/runs-n-poses/runs-n-poses-datasets/symmetry_corrected/7kb8__1__1.A__1.E/7kb8__1__1.A__1.E_ligand.pdb
  No symmetry contacts found — writing non-symm receptor only
  -> no_symmetry_contacts

Processing 7kbj__1__1.B_1.C__1.L_1.M_1.O (proper chain: 1.O)
  Downloading https://files.rcsb.org/download/7kbj.cif
  Ligand written: /home/rquiroga/github/runs-n-poses/runs-n-poses-datasets/symmetry_corrected/7kbj__1__1.B_1.C__1.L_1.M_1.O/7kbj__1__1.B_1.C__1.L_1.M_1.O_ligand.pdb
  No symmetry contacts found — writing non-symm receptor only
  -> no_symmetry_contacts

Processing 7kbr__1__1.B_1.C__1.EA_1.IA_1.N (proper chain: 1.IA)
  Downloading https://files.rcsb.org/download/7kbr.cif
  Ligand written: /home/rquiroga/github/runs-n-poses/runs-n-poses-datasets/symmetry_corrected/7kbr__1__1.B_1.C__1.EA_1.IA_1.N/7kbr__1__1.B_1.C__1.EA_1.IA_1.N_ligand.pdb
  No symmetry contacts found — writing non-symm receptor only
  -> no_symmetry_contacts

Processing 7kgy__1__2.C_2.D__2.J (proper chain: 2.J)
  Downloading https://files.rcsb.org/download/7kgy.cif
  Ligand written: /home/rquiroga/github/runs-n-poses/runs-n-poses-datasets/symmetry_corrected/7kgy__1__2.C_2.D__2.J/7kgy__1__2.C_2.D__2.J_ligand.pdb
  No symmetry contacts found — writing non-symm receptor only
  -> no_symmetry_contacts

Processing 7kh4__1__1.A_1.F__1.G_1.W (proper chain: 1.G)
  Downloading https://files.rcsb.org/download/7kh4.cif
  Ligand written: /home/rquiroga/github/runs-n-poses/runs-n-poses-datasets/symmetry_corrected/7kh4__1__1.A_1.F__1.G_1.W/7kh4__1__1.A_1.F__1.G_1.W_ligand.pdb
  No symmetry contacts found — writing non-symm receptor only
  -> no_symmetry_contacts

Processing 7kkh__1__1.A_1.B__1.D (proper chain: 1.D)
  Downloading https://files.rcsb.org/download/7kkh.cif
  Ligand written: /home/rquiroga/github/runs-n-poses/runs-n-poses-datasets/symmetry_corrected/7kkh__1__1.A_1.B__1.D/7kkh__1__1.A_1.B__1.D_ligand.pdb
  Found 1 symmetry operations with contacts
  Receptor (symm) written: /home/rquiroga/github/runs-n-poses/runs-n-poses-datasets/symmetry_corrected/7kkh__1__1.A_1.B__1.D/7kkh__1__1.A_1.B__1.D_receptor_symm.pdb
  Total chains in output: 5
  -> ok

Processing 7knr__1__1.A__1.B_1.C_1.D (proper chain: 1.D)
  Downloading https://files.rcsb.org/download/7knr.cif
  Ligand written: /home/rquiroga/github/runs-n-poses/runs-n-poses-datasets/symmetry_corrected/7knr__1__1.A__1.B_1.C_1.D/7knr__1__1.A__1.B_1.C_1.D_ligand.pdb
  No symmetry contacts found — writing non-symm receptor only
  -> no_symmetry_contacts

Processing 7ko6__1__1.A__1.D (proper chain: 1.D)
  Downloading https://files.rcsb.org/download/7ko6.cif
  Ligand written: /home/rquiroga/github/runs-n-poses/runs-n-poses-datasets/symmetry_corrected/7ko6__1__1.A__1.D/7ko6__1__1.A__1.D_ligand.pdb
  Found 3 symmetry operations with contacts
  Receptor (symm) written: /home/rquiroga/github/runs-n-poses/runs-n-poses-datasets/symmetry_corrected/7ko6__1__1.A__1.D/7ko6__1__1.A__1.D_receptor_symm.pdb
  Total chains in output: 6
  -> ok

Processing 7kop__1__1.A__1.B_1.C_1.D (proper chain: 1.D)
  Downloading https://files.rcsb.org/download/7kop.cif
  Ligand written: /home/rquiroga/github/runs-n-poses/runs-n-poses-datasets/symmetry_corrected/7kop__1__1.A__1.B_1.C_1.D/7kop__1__1.A__1.B_1.C_1.D_ligand.pdb
  No symmetry contacts found — writing non-symm receptor only
  -> no_symmetry_contacts

Processing 7kry__1__1.A__1.E_1.F (proper chain: 1.E)
  Downloading https://files.rcsb.org/download/7kry.cif
  Ligand written: /home/rquiroga/github/runs-n-poses/runs-n-poses-datasets/symmetry_corrected/7kry__1__1.A__1.E_1.F/7kry__1__1.A__1.E_1.F_ligand.pdb
  No symmetry contacts found — writing non-symm receptor only
  -> no_symmetry_contacts

Processing 7kxz__1__1.A__1.C (proper chain: 1.C)
  Downloading https://files.rcsb.org/download/7kxz.cif
  Ligand written: /home/rquiroga/github/runs-n-poses/runs-n-poses-datasets/symmetry_corrected/7kxz__1__1.A__1.C/7kxz__1__1.A__1.C_ligand.pdb
  No symmetry contacts found — writing non-symm receptor only
  -> no_symmetry_contacts

Processing 7l1j__1__1.A_1.B__1.E_1.G (proper chain: 1.E)
  Downloading https://files.rcsb.org/download/7l1j.cif
  Ligand written: /home/rquiroga/github/runs-n-poses/runs-n-poses-datasets/symmetry_corrected/7l1j__1__1.A_1.B__1.E_1.G/7l1j__1__1.A_1.B__1.E_1.G_ligand.pdb
  No symmetry contacts found — writing non-symm receptor only
  -> no_symmetry_contacts

Processing 7l1p__1__1.A_1.B__1.C (proper chain: 1.C)
  Downloading https://files.rcsb.org/download/7l1p.cif
  Ligand written: /home/rquiroga/github/runs-n-poses/runs-n-poses-datasets/symmetry_corrected/7l1p__1__1.A_1.B__1.C/7l1p__1__1.A_1.B__1.C_ligand.pdb
  No symmetry contacts found — writing non-symm receptor only
  -> no_symmetry_contacts

Processing 7l2y__1__1.A_2.A__1.J (proper chain: 1.J)
  Downloading https://files.rcsb.org/download/7l2y.cif
  Ligand written: /home/rquiroga/github/runs-n-poses/runs-n-poses-datasets/symmetry_corrected/7l2y__1__1.A_2.A__1.J/7l2y__1__1.A_2.A__1.J_ligand.pdb
  Found 1 symmetry operations with contacts
  Receptor (symm) written: /home/rquiroga/github/runs-n-poses/runs-n-poses-datasets/symmetry_corrected/7l2y__1__1.A_2.A__1.J/7l2y__1__1.A_2.A__1.J_receptor_symm.pdb
  Total chains in output: 5
  -> ok

Processing 7l3m__1__1.A__1.B_1.D_1.E_1.F_1.G (proper chain: 1.E)
  Downloading https://files.rcsb.org/download/7l3m.cif
  Ligand written: /home/rquiroga/github/runs-n-poses/runs-n-poses-datasets/symmetry_corrected/7l3m__1__1.A__1.B_1.D_1.E_1.F_1.G/7l3m__1__1.A__1.B_1.D_1.E_1.F_1.G_ligand.pdb
  No symmetry contacts found — writing non-symm receptor only
  -> no_symmetry_contacts

Processing 7l8o__1__1.A__1.G_1.H (proper chain: 1.G)
  Downloading https://files.rcsb.org/download/7l8o.cif
  Ligand written: /home/rquiroga/github/runs-n-poses/runs-n-poses-datasets/symmetry_corrected/7l8o__1__1.A__1.G_1.H/7l8o__1__1.A__1.G_1.H_ligand.pdb
  No symmetry contacts found — writing non-symm receptor only
  -> no_symmetry_contacts

Processing 7l91__1__3.A__3.B_3.C_3.D (proper chain: 3.D)
  Downloading https://files.rcsb.org/download/7l91.cif
  Ligand written: /home/rquiroga/github/runs-n-poses/runs-n-poses-datasets/symmetry_corrected/7l91__1__3.A__3.B_3.C_3.D/7l91__1__3.A__3.B_3.C_3.D_ligand.pdb
  No symmetry contacts found — writing non-symm receptor only
  -> no_symmetry_contacts

Processing 7l9g__1__1.A__1.B_1.D (proper chain: 1.D)
  Downloading https://files.rcsb.org/download/7l9g.cif
  Ligand written: /home/rquiroga/github/runs-n-poses/runs-n-poses-datasets/symmetry_corrected/7l9g__1__1.A__1.B_1.D/7l9g__1__1.A__1.B_1.D_ligand.pdb
  Found 1 symmetry operations with contacts
  Receptor (symm) written: /home/rquiroga/github/runs-n-poses/runs-n-poses-datasets/symmetry_corrected/7l9g__1__1.A__1.B_1.D/7l9g__1__1.A__1.B_1.D_receptor_symm.pdb
  Total chains in output: 3
  -> ok

Processing 7lbv__1__1.A__1.B (proper chain: 1.B)
  Downloading https://files.rcsb.org/download/7lbv.cif
  Ligand written: /home/rquiroga/github/runs-n-poses/runs-n-poses-datasets/symmetry_corrected/7lbv__1__1.A__1.B/7lbv__1__1.A__1.B_ligand.pdb
  No symmetry contacts found — writing non-symm receptor only
  -> no_symmetry_contacts

Processing 7ldy__1__1.A_1.B__1.H (proper chain: 1.H)
  Downloading https://files.rcsb.org/download/7ldy.cif
  Ligand written: /home/rquiroga/github/runs-n-poses/runs-n-poses-datasets/symmetry_corrected/7ldy__1__1.A_1.B__1.H/7ldy__1__1.A_1.B__1.H_ligand.pdb
  No symmetry contacts found — writing non-symm receptor only
  -> no_symmetry_contacts

Processing 7le3__1__1.A_1.B__1.C (proper chain: 1.C)
  Downloading https://files.rcsb.org/download/7le3.cif
  Ligand written: /home/rquiroga/github/runs-n-poses/runs-n-poses-datasets/symmetry_corrected/7le3__1__1.A_1.B__1.C/7le3__1__1.A_1.B__1.C_ligand.pdb
  No symmetry contacts found — writing non-symm receptor only
  -> no_symmetry_contacts

Processing 7le5__1__1.A_1.B__1.H (proper chain: 1.H)
  Downloading https://files.rcsb.org/download/7le5.cif
  Ligand written: /home/rquiroga/github/runs-n-poses/runs-n-poses-datasets/symmetry_corrected/7le5__1__1.A_1.B__1.H/7le5__1__1.A_1.B__1.H_ligand.pdb
  No symmetry contacts found — writing non-symm receptor only
  -> no_symmetry_contacts

Processing 7le6__1__1.A_1.B__1.C (proper chain: 1.C)
  Downloading https://files.rcsb.org/download/7le6.cif
  Ligand written: /home/rquiroga/github/runs-n-poses/runs-n-poses-datasets/symmetry_corrected/7le6__1__1.A_1.B__1.C/7le6__1__1.A_1.B__1.C_ligand.pdb
  No symmetry contacts found — writing non-symm receptor only
  -> no_symmetry_contacts

Processing 7lff__1__1.A__1.C_1.D (proper chain: 1.C)
  Downloading https://files.rcsb.org/download/7lff.cif
  Ligand written: /home/rquiroga/github/runs-n-poses/runs-n-poses-datasets/symmetry_corrected/7lff__1__1.A__1.C_1.D/7lff__1__1.A__1.C_1.D_ligand.pdb
  No symmetry contacts found — writing non-symm receptor only
  -> no_symmetry_contacts

Processing 7lk0__1__1.A_2.A__1.D (proper chain: 1.D)
  Downloading https://files.rcsb.org/download/7lk0.cif
  Ligand written: /home/rquiroga/github/runs-n-poses/runs-n-poses-datasets/symmetry_corrected/7lk0__1__1.A_2.A__1.D/7lk0__1__1.A_2.A__1.D_ligand.pdb
  Found 1 symmetry operations with contacts
  Receptor (symm) written: /home/rquiroga/github/runs-n-poses/runs-n-poses-datasets/symmetry_corrected/7lk0__1__1.A_2.A__1.D/7lk0__1__1.A_2.A__1.D_receptor_symm.pdb
  Total chains in output: 5
  -> ok

Processing 7lm4__1__1.A__1.B_1.C_1.D (proper chain: 1.D)
  Downloading https://files.rcsb.org/download/7lm4.cif
  Ligand written: /home/rquiroga/github/runs-n-poses/runs-n-poses-datasets/symmetry_corrected/7lm4__1__1.A__1.B_1.C_1.D/7lm4__1__1.A__1.B_1.C_1.D_ligand.pdb
  No symmetry contacts found — writing non-symm receptor only
  -> no_symmetry_contacts

Processing 7lnh__1__2.A_2.B__2.E (proper chain: 2.E)
  Downloading https://files.rcsb.org/download/7lnh.cif
  Ligand written: /home/rquiroga/github/runs-n-poses/runs-n-poses-datasets/symmetry_corrected/7lnh__1__2.A_2.B__2.E/7lnh__1__2.A_2.B__2.E_ligand.pdb
  No symmetry contacts found — writing non-symm receptor only
  -> no_symmetry_contacts

Processing 7lp0__1__1.A__1.C (proper chain: 1.C)
  Downloading https://files.rcsb.org/download/7lp0.cif
  Ligand written: /home/rquiroga/github/runs-n-poses/runs-n-poses-datasets/symmetry_corrected/7lp0__1__1.A__1.C/7lp0__1__1.A__1.C_ligand.pdb
  No symmetry contacts found — writing non-symm receptor only
  -> no_symmetry_contacts

Processing 7lpk__1__1.A__1.C (proper chain: 1.C)
  Downloading https://files.rcsb.org/download/7lpk.cif
  Ligand written: /home/rquiroga/github/runs-n-poses/runs-n-poses-datasets/symmetry_corrected/7lpk__1__1.A__1.C/7lpk__1__1.A__1.C_ligand.pdb
  No symmetry contacts found — writing non-symm receptor only
  -> no_symmetry_contacts

Processing 7lpw__1__1.A_1.B__1.G (proper chain: 1.G)
  Downloading https://files.rcsb.org/download/7lpw.cif
  Ligand written: /home/rquiroga/github/runs-n-poses/runs-n-poses-datasets/symmetry_corrected/7lpw__1__1.A_1.B__1.G/7lpw__1__1.A_1.B__1.G_ligand.pdb
  No symmetry contacts found — writing non-symm receptor only
  -> no_symmetry_contacts

Processing 7lr9__1__1.A__1.C (proper chain: 1.C)
  Downloading https://files.rcsb.org/download/7lr9.cif
  Ligand written: /home/rquiroga/github/runs-n-poses/runs-n-poses-datasets/symmetry_corrected/7lr9__1__1.A__1.C/7lr9__1__1.A__1.C_ligand.pdb
  No symmetry contacts found — writing non-symm receptor only
  -> no_symmetry_contacts

Processing 7lrk__1__1.A__1.C (proper chain: 1.C)
  Downloading https://files.rcsb.org/download/7lrk.cif
  Ligand written: /home/rquiroga/github/runs-n-poses/runs-n-poses-datasets/symmetry_corrected/7lrk__1__1.A__1.C/7lrk__1__1.A__1.C_ligand.pdb
  No symmetry contacts found — writing non-symm receptor only
  -> no_symmetry_contacts

Processing 7lro__1__1.A__1.D (proper chain: 1.D)
  Downloading https://files.rcsb.org/download/7lro.cif
  Ligand written: /home/rquiroga/github/runs-n-poses/runs-n-poses-datasets/symmetry_corrected/7lro__1__1.A__1.D/7lro__1__1.A__1.D_ligand.pdb
  No symmetry contacts found — writing non-symm receptor only
  -> no_symmetry_contacts

Processing 7ltz__1__1.A__1.B_1.C (proper chain: 1.B)
  Downloading https://files.rcsb.org/download/7ltz.cif
  Ligand written: /home/rquiroga/github/runs-n-poses/runs-n-poses-datasets/symmetry_corrected/7ltz__1__1.A__1.B_1.C/7ltz__1__1.A__1.B_1.C_ligand.pdb
  No symmetry contacts found — writing non-symm receptor only
  -> no_symmetry_contacts

Processing 7lv3__1__1.A_1.B__1.C_1.D_1.E (proper chain: 1.E)
  Downloading https://files.rcsb.org/download/7lv3.cif
  Ligand written: /home/rquiroga/github/runs-n-poses/runs-n-poses-datasets/symmetry_corrected/7lv3__1__1.A_1.B__1.C_1.D_1.E/7lv3__1__1.A_1.B__1.C_1.D_1.E_ligand.pdb
  No symmetry contacts found — writing non-symm receptor only
  -> no_symmetry_contacts

Processing 7lxr__1__1.A__1.E_1.F (proper chain: 1.E)
  Downloading https://files.rcsb.org/download/7lxr.cif
  Ligand written: /home/rquiroga/github/runs-n-poses/runs-n-poses-datasets/symmetry_corrected/7lxr__1__1.A__1.E_1.F/7lxr__1__1.A__1.E_1.F_ligand.pdb
  No symmetry contacts found — writing non-symm receptor only
  -> no_symmetry_contacts

Processing 7lzr__1__1.A_1.B__1.H (proper chain: 1.H)
  Downloading https://files.rcsb.org/download/7lzr.cif
  Ligand written: /home/rquiroga/github/runs-n-poses/runs-n-poses-datasets/symmetry_corrected/7lzr__1__1.A_1.B__1.H/7lzr__1__1.A_1.B__1.H_ligand.pdb
  No symmetry contacts found — writing non-symm receptor only
  -> no_symmetry_contacts

Processing 7m0n__1__1.B__1.J_1.M_1.N (proper chain: 1.J)
  Downloading https://files.rcsb.org/download/7m0n.cif
  Ligand written: /home/rquiroga/github/runs-n-poses/runs-n-poses-datasets/symmetry_corrected/7m0n__1__1.B__1.J_1.M_1.N/7m0n__1__1.B__1.J_1.M_1.N_ligand.pdb
  No symmetry contacts found — writing non-symm receptor only
  -> no_symmetry_contacts

Processing 7m94__1__1.B__1.J (proper chain: 1.J)
  Downloading https://files.rcsb.org/download/7m94.cif
  Ligand written: /home/rquiroga/github/runs-n-poses/runs-n-poses-datasets/symmetry_corrected/7m94__1__1.B__1.J/7m94__1__1.B__1.J_ligand.pdb
  No symmetry contacts found — writing non-symm receptor only
  -> no_symmetry_contacts

Processing 7m95__1__1.B__1.K (proper chain: 1.K)
  Downloading https://files.rcsb.org/download/7m95.cif
  Ligand written: /home/rquiroga/github/runs-n-poses/runs-n-poses-datasets/symmetry_corrected/7m95__1__1.B__1.K/7m95__1__1.B__1.K_ligand.pdb
  No symmetry contacts found — writing non-symm receptor only
  -> no_symmetry_contacts

Processing 7m96__1__1.A__1.E (proper chain: 1.E)
  Downloading https://files.rcsb.org/download/7m96.cif
  Ligand written: /home/rquiroga/github/runs-n-poses/runs-n-poses-datasets/symmetry_corrected/7m96__1__1.A__1.E/7m96__1__1.A__1.E_ligand.pdb
  No symmetry contacts found — writing non-symm receptor only
  -> no_symmetry_contacts

Processing 7m9g__1__1.A_1.B__1.E (proper chain: 1.E)
  Downloading https://files.rcsb.org/download/7m9g.cif
  Ligand written: /home/rquiroga/github/runs-n-poses/runs-n-poses-datasets/symmetry_corrected/7m9g__1__1.A_1.B__1.E/7m9g__1__1.A_1.B__1.E_ligand.pdb
  No symmetry contacts found — writing non-symm receptor only
  -> no_symmetry_contacts

Processing 7m9h__1__1.A_1.B__1.E (proper chain: 1.E)
  Downloading https://files.rcsb.org/download/7m9h.cif
  Ligand written: /home/rquiroga/github/runs-n-poses/runs-n-poses-datasets/symmetry_corrected/7m9h__1__1.A_1.B__1.E/7m9h__1__1.A_1.B__1.E_ligand.pdb
  No symmetry contacts found — writing non-symm receptor only
  -> no_symmetry_contacts

Processing 7m9r__1__1.A_1.B__1.C (proper chain: 1.C)
  Downloading https://files.rcsb.org/download/7m9r.cif
  Ligand written: /home/rquiroga/github/runs-n-poses/runs-n-poses-datasets/symmetry_corrected/7m9r__1__1.A_1.B__1.C/7m9r__1__1.A_1.B__1.C_ligand.pdb
  No symmetry contacts found — writing non-symm receptor only
  -> no_symmetry_contacts

Processing 7m9t__1__1.A_1.B__1.D (proper chain: 1.D)
  Downloading https://files.rcsb.org/download/7m9t.cif
  Ligand written: /home/rquiroga/github/runs-n-poses/runs-n-poses-datasets/symmetry_corrected/7m9t__1__1.A_1.B__1.D/7m9t__1__1.A_1.B__1.D_ligand.pdb
  No symmetry contacts found — writing non-symm receptor only
  -> no_symmetry_contacts

Processing 7m9v__1__1.A_1.B__1.C (proper chain: 1.C)
  Downloading https://files.rcsb.org/download/7m9v.cif
  Ligand written: /home/rquiroga/github/runs-n-poses/runs-n-poses-datasets/symmetry_corrected/7m9v__1__1.A_1.B__1.C/7m9v__1__1.A_1.B__1.C_ligand.pdb
  No symmetry contacts found — writing non-symm receptor only
  -> no_symmetry_contacts

Processing 7m9x__1__1.A_1.B__1.C (proper chain: 1.C)
  Downloading https://files.rcsb.org/download/7m9x.cif
  Ligand written: /home/rquiroga/github/runs-n-poses/runs-n-poses-datasets/symmetry_corrected/7m9x__1__1.A_1.B__1.C/7m9x__1__1.A_1.B__1.C_ligand.pdb
  No symmetry contacts found — writing non-symm receptor only
  -> no_symmetry_contacts

Processing 7ma0__1__1.A_1.B__1.I (proper chain: 1.I)
  Downloading https://files.rcsb.org/download/7ma0.cif
  Ligand written: /home/rquiroga/github/runs-n-poses/runs-n-poses-datasets/symmetry_corrected/7ma0__1__1.A_1.B__1.I/7ma0__1__1.A_1.B__1.I_ligand.pdb
  No symmetry contacts found — writing non-symm receptor only
  -> no_symmetry_contacts

Processing 7ma1__1__1.A_1.B__1.M (proper chain: 1.M)
  Downloading https://files.rcsb.org/download/7ma1.cif
  Ligand written: /home/rquiroga/github/runs-n-poses/runs-n-poses-datasets/symmetry_corrected/7ma1__1__1.A_1.B__1.M/7ma1__1__1.A_1.B__1.M_ligand.pdb
  No symmetry contacts found — writing non-symm receptor only
  -> no_symmetry_contacts

Processing 7ma2__1__1.A_1.B__1.E (proper chain: 1.E)
  Downloading https://files.rcsb.org/download/7ma2.cif
  Ligand written: /home/rquiroga/github/runs-n-poses/runs-n-poses-datasets/symmetry_corrected/7ma2__1__1.A_1.B__1.E/7ma2__1__1.A_1.B__1.E_ligand.pdb
  No symmetry contacts found — writing non-symm receptor only
  -> no_symmetry_contacts

Processing 7ma3__1__1.A_1.B__1.E (proper chain: 1.E)
  Downloading https://files.rcsb.org/download/7ma3.cif
  Ligand written: /home/rquiroga/github/runs-n-poses/runs-n-poses-datasets/symmetry_corrected/7ma3__1__1.A_1.B__1.E/7ma3__1__1.A_1.B__1.E_ligand.pdb
  No symmetry contacts found — writing non-symm receptor only
  -> no_symmetry_contacts

Processing 7ma4__1__1.A_1.B__1.D (proper chain: 1.D)
  Downloading https://files.rcsb.org/download/7ma4.cif
  Ligand written: /home/rquiroga/github/runs-n-poses/runs-n-poses-datasets/symmetry_corrected/7ma4__1__1.A_1.B__1.D/7ma4__1__1.A_1.B__1.D_ligand.pdb
  No symmetry contacts found — writing non-symm receptor only
  -> no_symmetry_contacts

Processing 7ma5__1__1.A_1.B__1.G (proper chain: 1.G)
  Downloading https://files.rcsb.org/download/7ma5.cif
  Ligand written: /home/rquiroga/github/runs-n-poses/runs-n-poses-datasets/symmetry_corrected/7ma5__1__1.A_1.B__1.G/7ma5__1__1.A_1.B__1.G_ligand.pdb
  No symmetry contacts found — writing non-symm receptor only
  -> no_symmetry_contacts

Processing 7ma7__1__1.A_1.B__1.E (proper chain: 1.E)
  Downloading https://files.rcsb.org/download/7ma7.cif
  Ligand written: /home/rquiroga/github/runs-n-poses/runs-n-poses-datasets/symmetry_corrected/7ma7__1__1.A_1.B__1.E/7ma7__1__1.A_1.B__1.E_ligand.pdb
  No symmetry contacts found — writing non-symm receptor only
  -> no_symmetry_contacts

Processing 7ma8__1__1.A_1.B__1.E (proper chain: 1.E)
  Downloading https://files.rcsb.org/download/7ma8.cif
  Ligand written: /home/rquiroga/github/runs-n-poses/runs-n-poses-datasets/symmetry_corrected/7ma8__1__1.A_1.B__1.E/7ma8__1__1.A_1.B__1.E_ligand.pdb
  No symmetry contacts found — writing non-symm receptor only
  -> no_symmetry_contacts

Processing 7maq__1__1.A_1.B__1.C (proper chain: 1.C)
  Downloading https://files.rcsb.org/download/7maq.cif
  Ligand written: /home/rquiroga/github/runs-n-poses/runs-n-poses-datasets/symmetry_corrected/7maq__1__1.A_1.B__1.C/7maq__1__1.A_1.B__1.C_ligand.pdb
  No symmetry contacts found — writing non-symm receptor only
  -> no_symmetry_contacts

Processing 7mbw__1__1.A__1.E_1.F (proper chain: 1.E)
  Downloading https://files.rcsb.org/download/7mbw.cif
  Ligand written: /home/rquiroga/github/runs-n-poses/runs-n-poses-datasets/symmetry_corrected/7mbw__1__1.A__1.E_1.F/7mbw__1__1.A__1.E_1.F_ligand.pdb
  No symmetry contacts found — writing non-symm receptor only
  -> no_symmetry_contacts

Processing 7mcj__1__1.A__1.C_1.D (proper chain: 1.C)
  Downloading https://files.rcsb.org/download/7mcj.cif
  Ligand written: /home/rquiroga/github/runs-n-poses/runs-n-poses-datasets/symmetry_corrected/7mcj__1__1.A__1.C_1.D/7mcj__1__1.A__1.C_1.D_ligand.pdb
  No symmetry contacts found — writing non-symm receptor only
  -> no_symmetry_contacts

Processing 7mdp__1__1.A__1.D (proper chain: 1.D)
  Downloading https://files.rcsb.org/download/7mdp.cif
  Ligand written: /home/rquiroga/github/runs-n-poses/runs-n-poses-datasets/symmetry_corrected/7mdp__1__1.A__1.D/7mdp__1__1.A__1.D_ligand.pdb
  No symmetry contacts found — writing non-symm receptor only
  -> no_symmetry_contacts

Processing 7mgj__1__1.A__1.E (proper chain: 1.E)
  Downloading https://files.rcsb.org/download/7mgj.cif
  Ligand written: /home/rquiroga/github/runs-n-poses/runs-n-poses-datasets/symmetry_corrected/7mgj__1__1.A__1.E/7mgj__1__1.A__1.E_ligand.pdb
  No symmetry contacts found — writing non-symm receptor only
  -> no_symmetry_contacts

Processing 7mgk__1__1.A__1.E (proper chain: 1.E)
  Downloading https://files.rcsb.org/download/7mgk.cif
  Ligand written: /home/rquiroga/github/runs-n-poses/runs-n-poses-datasets/symmetry_corrected/7mgk__1__1.A__1.E/7mgk__1__1.A__1.E_ligand.pdb
  No symmetry contacts found — writing non-symm receptor only
  -> no_symmetry_contacts

Processing 7mgt__1__1.A__1.B_1.C_1.D (proper chain: 1.D)
  Downloading https://files.rcsb.org/download/7mgt.cif
  Ligand written: /home/rquiroga/github/runs-n-poses/runs-n-poses-datasets/symmetry_corrected/7mgt__1__1.A__1.B_1.C_1.D/7mgt__1__1.A__1.B_1.C_1.D_ligand.pdb
  No symmetry contacts found — writing non-symm receptor only
  -> no_symmetry_contacts

Processing 7mjd__1__1.B__1.S (proper chain: 1.S)
  Downloading https://files.rcsb.org/download/7mjd.cif
  Ligand written: /home/rquiroga/github/runs-n-poses/runs-n-poses-datasets/symmetry_corrected/7mjd__1__1.B__1.S/7mjd__1__1.B__1.S_ligand.pdb
  No symmetry contacts found — writing non-symm receptor only
  -> no_symmetry_contacts

Processing 7mkx__1__1.A__1.E (proper chain: 1.E)
  Downloading https://files.rcsb.org/download/7mkx.cif
  Ligand written: /home/rquiroga/github/runs-n-poses/runs-n-poses-datasets/symmetry_corrected/7mkx__1__1.A__1.E/7mkx__1__1.A__1.E_ligand.pdb
  No symmetry contacts found — writing non-symm receptor only
  -> no_symmetry_contacts

Processing 7mlo__1__1.A__1.C (proper chain: 1.C)
  Downloading https://files.rcsb.org/download/7mlo.cif
  Ligand written: /home/rquiroga/github/runs-n-poses/runs-n-poses-datasets/symmetry_corrected/7mlo__1__1.A__1.C/7mlo__1__1.A__1.C_ligand.pdb
  No symmetry contacts found — writing non-symm receptor only
  -> no_symmetry_contacts

Processing 7mlp__1__1.A__1.B (proper chain: 1.B)
  Downloading https://files.rcsb.org/download/7mlp.cif
  Ligand written: /home/rquiroga/github/runs-n-poses/runs-n-poses-datasets/symmetry_corrected/7mlp__1__1.A__1.B/7mlp__1__1.A__1.B_ligand.pdb
  No symmetry contacts found — writing non-symm receptor only
  -> no_symmetry_contacts

Processing 7mlt__1__1.A__1.W (proper chain: 1.W)
  Downloading https://files.rcsb.org/download/7mlt.cif
  Ligand written: /home/rquiroga/github/runs-n-poses/runs-n-poses-datasets/symmetry_corrected/7mlt__1__1.A__1.W/7mlt__1__1.A__1.W_ligand.pdb
  Found 1 symmetry operations with contacts
  Receptor (symm) written: /home/rquiroga/github/runs-n-poses/runs-n-poses-datasets/symmetry_corrected/7mlt__1__1.A__1.W/7mlt__1__1.A__1.W_receptor_symm.pdb
  Total chains in output: 3
  -> ok

Processing 7mmr__1__1.A_1.E__1.BA_1.CA_1.K (proper chain: 1.BA)
  Downloading https://files.rcsb.org/download/7mmr.cif
  Ligand written: /home/rquiroga/github/runs-n-poses/runs-n-poses-datasets/symmetry_corrected/7mmr__1__1.A_1.E__1.BA_1.CA_1.K/7mmr__1__1.A_1.E__1.BA_1.CA_1.K_ligand.pdb
  No symmetry contacts found — writing non-symm receptor only
  -> no_symmetry_contacts

Processing 7mnw__1__1.A__1.I_1.J (proper chain: 1.I)
  Downloading https://files.rcsb.org/download/7mnw.cif
  Ligand written: /home/rquiroga/github/runs-n-poses/runs-n-poses-datasets/symmetry_corrected/7mnw__1__1.A__1.I_1.J/7mnw__1__1.A__1.I_1.J_ligand.pdb
  No symmetry contacts found — writing non-symm receptor only
  -> no_symmetry_contacts

Processing 7mof__1__1.A__1.C (proper chain: 1.C)
  Downloading https://files.rcsb.org/download/7mof.cif
  Ligand written: /home/rquiroga/github/runs-n-poses/runs-n-poses-datasets/symmetry_corrected/7mof__1__1.A__1.C/7mof__1__1.A__1.C_ligand.pdb
  Found 2 symmetry operations with contacts
  Receptor (symm) written: /home/rquiroga/github/runs-n-poses/runs-n-poses-datasets/symmetry_corrected/7mof__1__1.A__1.C/7mof__1__1.A__1.C_receptor_symm.pdb
  Total chains in output: 5
  -> ok

Processing 7mog__1__1.A__1.C (proper chain: 1.C)
  Downloading https://files.rcsb.org/download/7mog.cif
  Ligand written: /home/rquiroga/github/runs-n-poses/runs-n-poses-datasets/symmetry_corrected/7mog__1__1.A__1.C/7mog__1__1.A__1.C_ligand.pdb
  Found 2 symmetry operations with contacts
  Receptor (symm) written: /home/rquiroga/github/runs-n-poses/runs-n-poses-datasets/symmetry_corrected/7mog__1__1.A__1.C/7mog__1__1.A__1.C_receptor_symm.pdb
  Total chains in output: 5
  -> ok

Processing 7msk__1__1.A__1.C_1.D (proper chain: 1.D)
  Downloading https://files.rcsb.org/download/7msk.cif
  Ligand written: /home/rquiroga/github/runs-n-poses/runs-n-poses-datasets/symmetry_corrected/7msk__1__1.A__1.C_1.D/7msk__1__1.A__1.C_1.D_ligand.pdb
  No symmetry contacts found — writing non-symm receptor only
  -> no_symmetry_contacts

Processing 7mt4__1__2.A_2.B__2.C (proper chain: 2.C)
  Downloading https://files.rcsb.org/download/7mt4.cif
  Ligand written: /home/rquiroga/github/runs-n-poses/runs-n-poses-datasets/symmetry_corrected/7mt4__1__2.A_2.B__2.C/7mt4__1__2.A_2.B__2.C_ligand.pdb
  No symmetry contacts found — writing non-symm receptor only
  -> no_symmetry_contacts

Processing 7mu0__1__1.A__1.C_1.F (proper chain: 1.C)
  Downloading https://files.rcsb.org/download/7mu0.cif
  Ligand written: /home/rquiroga/github/runs-n-poses/runs-n-poses-datasets/symmetry_corrected/7mu0__1__1.A__1.C_1.F/7mu0__1__1.A__1.C_1.F_ligand.pdb
  No symmetry contacts found — writing non-symm receptor only
  -> no_symmetry_contacts

Processing 7mwn__1__1.A_1.B__1.C (proper chain: 1.C)
  Downloading https://files.rcsb.org/download/7mwn.cif
  Ligand written: /home/rquiroga/github/runs-n-poses/runs-n-poses-datasets/symmetry_corrected/7mwn__1__1.A_1.B__1.C/7mwn__1__1.A_1.B__1.C_ligand.pdb
  No symmetry contacts found — writing non-symm receptor only
  -> no_symmetry_contacts

Processing 7mxh__1__1.A__1.D (proper chain: 1.D)
  Downloading https://files.rcsb.org/download/7mxh.cif
  Ligand written: /home/rquiroga/github/runs-n-poses/runs-n-poses-datasets/symmetry_corrected/7mxh__1__1.A__1.D/7mxh__1__1.A__1.D_ligand.pdb
  Found 1 symmetry operations with contacts
  Receptor (symm) written: /home/rquiroga/github/runs-n-poses/runs-n-poses-datasets/symmetry_corrected/7mxh__1__1.A__1.D/7mxh__1__1.A__1.D_receptor_symm.pdb
  Total chains in output: 3
  -> ok

Processing 7mxk__1__1.A__1.B_1.C (proper chain: 1.C)
  Downloading https://files.rcsb.org/download/7mxk.cif
  Ligand written: /home/rquiroga/github/runs-n-poses/runs-n-poses-datasets/symmetry_corrected/7mxk__1__1.A__1.B_1.C/7mxk__1__1.A__1.B_1.C_ligand.pdb
  No symmetry contacts found — writing non-symm receptor only
  -> no_symmetry_contacts

Processing 7mxn__1__1.A__1.C (proper chain: 1.C)
  Downloading https://files.rcsb.org/download/7mxn.cif
  Ligand written: /home/rquiroga/github/runs-n-poses/runs-n-poses-datasets/symmetry_corrected/7mxn__1__1.A__1.C/7mxn__1__1.A__1.C_ligand.pdb
  No symmetry contacts found — writing non-symm receptor only
  -> no_symmetry_contacts

Processing 7my0__1__1.A__1.C_1.F_1.G (proper chain: 1.C)
  Downloading https://files.rcsb.org/download/7my0.cif
  Ligand written: /home/rquiroga/github/runs-n-poses/runs-n-poses-datasets/symmetry_corrected/7my0__1__1.A__1.C_1.F_1.G/7my0__1__1.A__1.C_1.F_1.G_ligand.pdb
  No symmetry contacts found — writing non-symm receptor only
  -> no_symmetry_contacts

Processing 7myd__1__1.A__1.C_1.G (proper chain: 1.C)
  Downloading https://files.rcsb.org/download/7myd.cif
  Ligand written: /home/rquiroga/github/runs-n-poses/runs-n-poses-datasets/symmetry_corrected/7myd__1__1.A__1.C_1.G/7myd__1__1.A__1.C_1.G_ligand.pdb
  No symmetry contacts found — writing non-symm receptor only
  -> no_symmetry_contacts

Processing 7myj__1__1.A__1.G (proper chain: 1.G)
  Downloading https://files.rcsb.org/download/7myj.cif
  Ligand written: /home/rquiroga/github/runs-n-poses/runs-n-poses-datasets/symmetry_corrected/7myj__1__1.A__1.G/7myj__1__1.A__1.G_ligand.pdb
  No symmetry contacts found — writing non-symm receptor only
  -> no_symmetry_contacts

Processing 7n1r__1__1.A__1.P_1.Q_1.R (proper chain: 1.Q)
  Downloading https://files.rcsb.org/download/7n1r.cif
  Ligand written: /home/rquiroga/github/runs-n-poses/runs-n-poses-datasets/symmetry_corrected/7n1r__1__1.A__1.P_1.Q_1.R/7n1r__1__1.A__1.P_1.Q_1.R_ligand.pdb
  No symmetry contacts found — writing non-symm receptor only
  -> no_symmetry_contacts

Processing 7n4w__1__1.A__1.D (proper chain: 1.D)
  Downloading https://files.rcsb.org/download/7n4w.cif
  Ligand written: /home/rquiroga/github/runs-n-poses/runs-n-poses-datasets/symmetry_corrected/7n4w__1__1.A__1.D/7n4w__1__1.A__1.D_ligand.pdb
  No symmetry contacts found — writing non-symm receptor only
  -> no_symmetry_contacts

Processing 7n4z__1__1.A__1.F (proper chain: 1.F)
  Downloading https://files.rcsb.org/download/7n4z.cif
  Ligand written: /home/rquiroga/github/runs-n-poses/runs-n-poses-datasets/symmetry_corrected/7n4z__1__1.A__1.F/7n4z__1__1.A__1.F_ligand.pdb
  No symmetry contacts found — writing non-symm receptor only
  -> no_symmetry_contacts

Processing 7n53__1__1.A__1.D (proper chain: 1.D)
  Downloading https://files.rcsb.org/download/7n53.cif
  Ligand written: /home/rquiroga/github/runs-n-poses/runs-n-poses-datasets/symmetry_corrected/7n53__1__1.A__1.D/7n53__1__1.A__1.D_ligand.pdb
  No symmetry contacts found — writing non-symm receptor only
  -> no_symmetry_contacts

Processing 7n54__1__1.B__1.H (proper chain: 1.H)
  Downloading https://files.rcsb.org/download/7n54.cif
  Ligand written: /home/rquiroga/github/runs-n-poses/runs-n-poses-datasets/symmetry_corrected/7n54__1__1.B__1.H/7n54__1__1.B__1.H_ligand.pdb
  No symmetry contacts found — writing non-symm receptor only
  -> no_symmetry_contacts

Processing 7n8w__1__1.A_1.B__1.C_1.E (proper chain: 1.C)
  Downloading https://files.rcsb.org/download/7n8w.cif
  Ligand written: /home/rquiroga/github/runs-n-poses/runs-n-poses-datasets/symmetry_corrected/7n8w__1__1.A_1.B__1.C_1.E/7n8w__1__1.A_1.B__1.C_1.E_ligand.pdb
  No symmetry contacts found — writing non-symm receptor only
  -> no_symmetry_contacts

Processing 7n9d__1__1.A__1.D (proper chain: 1.D)
  Downloading https://files.rcsb.org/download/7n9d.cif
  Ligand written: /home/rquiroga/github/runs-n-poses/runs-n-poses-datasets/symmetry_corrected/7n9d__1__1.A__1.D/7n9d__1__1.A__1.D_ligand.pdb
  No symmetry contacts found — writing non-symm receptor only
  -> no_symmetry_contacts

Processing 7n9g__1__1.A__1.E_1.F (proper chain: 1.E)
  Downloading https://files.rcsb.org/download/7n9g.cif
  Ligand written: /home/rquiroga/github/runs-n-poses/runs-n-poses-datasets/symmetry_corrected/7n9g__1__1.A__1.E_1.F/7n9g__1__1.A__1.E_1.F_ligand.pdb
  No symmetry contacts found — writing non-symm receptor only
  -> no_symmetry_contacts

Processing 7nag__1__1.A__1.C (proper chain: 1.C)
  Downloading https://files.rcsb.org/download/7nag.cif
  Ligand written: /home/rquiroga/github/runs-n-poses/runs-n-poses-datasets/symmetry_corrected/7nag__1__1.A__1.C/7nag__1__1.A__1.C_ligand.pdb
  No symmetry contacts found — writing non-symm receptor only
  -> no_symmetry_contacts

Processing 7nah__1__1.A__1.C (proper chain: 1.C)
  Downloading https://files.rcsb.org/download/7nah.cif
  Ligand written: /home/rquiroga/github/runs-n-poses/runs-n-poses-datasets/symmetry_corrected/7nah__1__1.A__1.C/7nah__1__1.A__1.C_ligand.pdb
  No symmetry contacts found — writing non-symm receptor only
  -> no_symmetry_contacts

Processing 7nai__1__1.A__1.C (proper chain: 1.C)
  Downloading https://files.rcsb.org/download/7nai.cif
  Ligand written: /home/rquiroga/github/runs-n-poses/runs-n-poses-datasets/symmetry_corrected/7nai__1__1.A__1.C/7nai__1__1.A__1.C_ligand.pdb
  No symmetry contacts found — writing non-symm receptor only
  -> no_symmetry_contacts

Processing 7nb3__1__1.A__1.C (proper chain: 1.C)
  Downloading https://files.rcsb.org/download/7nb3.cif
  Ligand written: /home/rquiroga/github/runs-n-poses/runs-n-poses-datasets/symmetry_corrected/7nb3__1__1.A__1.C/7nb3__1__1.A__1.C_ligand.pdb
  No symmetry contacts found — writing non-symm receptor only
  -> no_symmetry_contacts

Processing 7nb7__1__1.A__1.E (proper chain: 1.E)
  Downloading https://files.rcsb.org/download/7nb7.cif
  Ligand written: /home/rquiroga/github/runs-n-poses/runs-n-poses-datasets/symmetry_corrected/7nb7__1__1.A__1.E/7nb7__1__1.A__1.E_ligand.pdb
  No symmetry contacts found — writing non-symm receptor only
  -> no_symmetry_contacts

Processing 7nbt__1__1.A_2.A__1.C (proper chain: 1.C)
  Downloading https://files.rcsb.org/download/7nbt.cif
  Ligand written: /home/rquiroga/github/runs-n-poses/runs-n-poses-datasets/symmetry_corrected/7nbt__1__1.A_2.A__1.C/7nbt__1__1.A_2.A__1.C_ligand.pdb
  Found 2 symmetry operations with contacts
  Receptor (symm) written: /home/rquiroga/github/runs-n-poses/runs-n-poses-datasets/symmetry_corrected/7nbt__1__1.A_2.A__1.C/7nbt__1__1.A_2.A__1.C_receptor_symm.pdb
  Total chains in output: 7
  -> ok

Processing 7nbw__1__1.A_2.A__1.B (proper chain: 1.B)
  Downloading https://files.rcsb.org/download/7nbw.cif
  Ligand written: /home/rquiroga/github/runs-n-poses/runs-n-poses-datasets/symmetry_corrected/7nbw__1__1.A_2.A__1.B/7nbw__1__1.A_2.A__1.B_ligand.pdb
  Found 1 symmetry operations with contacts
  Receptor (symm) written: /home/rquiroga/github/runs-n-poses/runs-n-poses-datasets/symmetry_corrected/7nbw__1__1.A_2.A__1.B/7nbw__1__1.A_2.A__1.B_receptor_symm.pdb
  Total chains in output: 4
  -> ok

Processing 7ng1__1__2.A__2.C_2.D (proper chain: 2.C)
  Downloading https://files.rcsb.org/download/7ng1.cif
  Ligand written: /home/rquiroga/github/runs-n-poses/runs-n-poses-datasets/symmetry_corrected/7ng1__1__2.A__2.C_2.D/7ng1__1__2.A__2.C_2.D_ligand.pdb
  No symmetry contacts found — writing non-symm receptor only
  -> no_symmetry_contacts

Processing 7ngd__1__1.A__1.B (proper chain: 1.B)
  Downloading https://files.rcsb.org/download/7ngd.cif
  Ligand written: /home/rquiroga/github/runs-n-poses/runs-n-poses-datasets/symmetry_corrected/7ngd__1__1.A__1.B/7ngd__1__1.A__1.B_ligand.pdb
  No symmetry contacts found — writing non-symm receptor only
  -> no_symmetry_contacts

Processing 7ngg__1__2.A__2.B (proper chain: 2.B)
  Downloading https://files.rcsb.org/download/7ngg.cif
  Ligand written: /home/rquiroga/github/runs-n-poses/runs-n-poses-datasets/symmetry_corrected/7ngg__1__2.A__2.B/7ngg__1__2.A__2.B_ligand.pdb
  No symmetry contacts found — writing non-symm receptor only
  -> no_symmetry_contacts

Processing 7ngi__1__2.A__2.C (proper chain: 2.C)
  Downloading https://files.rcsb.org/download/7ngi.cif
  Ligand written: /home/rquiroga/github/runs-n-poses/runs-n-poses-datasets/symmetry_corrected/7ngi__1__2.A__2.C/7ngi__1__2.A__2.C_ligand.pdb
  No symmetry contacts found — writing non-symm receptor only
  -> no_symmetry_contacts

Processing 7ngj__1__1.A__1.B (proper chain: 1.B)
  Downloading https://files.rcsb.org/download/7ngj.cif
  Ligand written: /home/rquiroga/github/runs-n-poses/runs-n-poses-datasets/symmetry_corrected/7ngj__1__1.A__1.B/7ngj__1__1.A__1.B_ligand.pdb
  No symmetry contacts found — writing non-symm receptor only
  -> no_symmetry_contacts

Processing 7ngk__1__2.A__2.C (proper chain: 2.C)
  Downloading https://files.rcsb.org/download/7ngk.cif
  Ligand written: /home/rquiroga/github/runs-n-poses/runs-n-poses-datasets/symmetry_corrected/7ngk__1__2.A__2.C/7ngk__1__2.A__2.C_ligand.pdb
  No symmetry contacts found — writing non-symm receptor only
  -> no_symmetry_contacts

Processing 7ngm__1__2.A__2.B (proper chain: 2.B)
  Downloading https://files.rcsb.org/download/7ngm.cif
  Ligand written: /home/rquiroga/github/runs-n-poses/runs-n-poses-datasets/symmetry_corrected/7ngm__1__2.A__2.B/7ngm__1__2.A__2.B_ligand.pdb
  No symmetry contacts found — writing non-symm receptor only
  -> no_symmetry_contacts

Processing 7ngs__1__1.A__1.B (proper chain: 1.B)
  Downloading https://files.rcsb.org/download/7ngs.cif
  Ligand written: /home/rquiroga/github/runs-n-poses/runs-n-poses-datasets/symmetry_corrected/7ngs__1__1.A__1.B/7ngs__1__1.A__1.B_ligand.pdb
  No symmetry contacts found — writing non-symm receptor only
  -> no_symmetry_contacts

Processing 7ngw__1__2.A__2.B (proper chain: 2.B)
  Downloading https://files.rcsb.org/download/7ngw.cif
  Ligand written: /home/rquiroga/github/runs-n-poses/runs-n-poses-datasets/symmetry_corrected/7ngw__1__2.A__2.B/7ngw__1__2.A__2.B_ligand.pdb
  No symmetry contacts found — writing non-symm receptor only
  -> no_symmetry_contacts

Processing 7ngx__1__1.A__1.B (proper chain: 1.B)
  Downloading https://files.rcsb.org/download/7ngx.cif
  Ligand written: /home/rquiroga/github/runs-n-poses/runs-n-poses-datasets/symmetry_corrected/7ngx__1__1.A__1.B/7ngx__1__1.A__1.B_ligand.pdb
  No symmetry contacts found — writing non-symm receptor only
  -> no_symmetry_contacts

Processing 7ngy__1__2.A__2.B (proper chain: 2.B)
  Downloading https://files.rcsb.org/download/7ngy.cif
  Ligand written: /home/rquiroga/github/runs-n-poses/runs-n-poses-datasets/symmetry_corrected/7ngy__1__2.A__2.B/7ngy__1__2.A__2.B_ligand.pdb
  No symmetry contacts found — writing non-symm receptor only
  -> no_symmetry_contacts

Processing 7nlk__1__1.A__1.C_1.E (proper chain: 1.E)
  Downloading https://files.rcsb.org/download/7nlk.cif
  Ligand written: /home/rquiroga/github/runs-n-poses/runs-n-poses-datasets/symmetry_corrected/7nlk__1__1.A__1.C_1.E/7nlk__1__1.A__1.C_1.E_ligand.pdb
  No symmetry contacts found — writing non-symm receptor only
  -> no_symmetry_contacts

Processing 7nlm__1__1.A__1.B_1.C (proper chain: 1.B)
  Downloading https://files.rcsb.org/download/7nlm.cif
  Ligand written: /home/rquiroga/github/runs-n-poses/runs-n-poses-datasets/symmetry_corrected/7nlm__1__1.A__1.B_1.C/7nlm__1__1.A__1.B_1.C_ligand.pdb
  No symmetry contacts found — writing non-symm receptor only
  -> no_symmetry_contacts

Processing 7nlv__1__1.A_1.C__1.G (proper chain: 1.G)
  Downloading https://files.rcsb.org/download/7nlv.cif
  Ligand written: /home/rquiroga/github/runs-n-poses/runs-n-poses-datasets/symmetry_corrected/7nlv__1__1.A_1.C__1.G/7nlv__1__1.A_1.C__1.G_ligand.pdb
  No symmetry contacts found — writing non-symm receptor only
  -> no_symmetry_contacts

Processing 7nqw__1__1.A__1.D_1.E_1.F (proper chain: 1.F)
  Downloading https://files.rcsb.org/download/7nqw.cif
  Ligand written: /home/rquiroga/github/runs-n-poses/runs-n-poses-datasets/symmetry_corrected/7nqw__1__1.A__1.D_1.E_1.F/7nqw__1__1.A__1.D_1.E_1.F_ligand.pdb
  No symmetry contacts found — writing non-symm receptor only
  -> no_symmetry_contacts

Processing 7nr5__1__1.A__1.F (proper chain: 1.F)
  Downloading https://files.rcsb.org/download/7nr5.cif
  Ligand written: /home/rquiroga/github/runs-n-poses/runs-n-poses-datasets/symmetry_corrected/7nr5__1__1.A__1.F/7nr5__1__1.A__1.F_ligand.pdb
  No symmetry contacts found — writing non-symm receptor only
  -> no_symmetry_contacts

Processing 7nr6__1__1.B__1.H (proper chain: 1.H)
  Downloading https://files.rcsb.org/download/7nr6.cif
  Ligand written: /home/rquiroga/github/runs-n-poses/runs-n-poses-datasets/symmetry_corrected/7nr6__1__1.B__1.H/7nr6__1__1.B__1.H_ligand.pdb
  No symmetry contacts found — writing non-symm receptor only
  -> no_symmetry_contacts

Processing 7nr8__1__1.A__1.F_1.I (proper chain: 1.I)
  Downloading https://files.rcsb.org/download/7nr8.cif
  Ligand written: /home/rquiroga/github/runs-n-poses/runs-n-poses-datasets/symmetry_corrected/7nr8__1__1.A__1.F_1.I/7nr8__1__1.A__1.F_1.I_ligand.pdb
  No symmetry contacts found — writing non-symm receptor only
  -> no_symmetry_contacts

Processing 7nsn__1__1.A__1.J (proper chain: 1.J)
  Downloading https://files.rcsb.org/download/7nsn.cif
  Ligand written: /home/rquiroga/github/runs-n-poses/runs-n-poses-datasets/symmetry_corrected/7nsn__1__1.A__1.J/7nsn__1__1.A__1.J_ligand.pdb
  No symmetry contacts found — writing non-symm receptor only
  -> no_symmetry_contacts

Processing 7ntb__1__1.A__1.B_1.C (proper chain: 1.C)
  Downloading https://files.rcsb.org/download/7ntb.cif
  Ligand written: /home/rquiroga/github/runs-n-poses/runs-n-poses-datasets/symmetry_corrected/7ntb__1__1.A__1.B_1.C/7ntb__1__1.A__1.B_1.C_ligand.pdb
  No symmetry contacts found — writing non-symm receptor only
  -> no_symmetry_contacts

Processing 7ntz__1__1.A__1.B (proper chain: 1.B)
  Downloading https://files.rcsb.org/download/7ntz.cif
  Ligand written: /home/rquiroga/github/runs-n-poses/runs-n-poses-datasets/symmetry_corrected/7ntz__1__1.A__1.B/7ntz__1__1.A__1.B_ligand.pdb
  No symmetry contacts found — writing non-symm receptor only
  -> no_symmetry_contacts

Processing 7nud__1__1.B__1.D (proper chain: 1.D)
  Downloading https://files.rcsb.org/download/7nud.cif
  Ligand written: /home/rquiroga/github/runs-n-poses/runs-n-poses-datasets/symmetry_corrected/7nud__1__1.B__1.D/7nud__1__1.B__1.D_ligand.pdb
  No symmetry contacts found — writing non-symm receptor only
  -> no_symmetry_contacts

Processing 7nue__1__1.A__1.C (proper chain: 1.C)
  Downloading https://files.rcsb.org/download/7nue.cif
  Ligand written: /home/rquiroga/github/runs-n-poses/runs-n-poses-datasets/symmetry_corrected/7nue__1__1.A__1.C/7nue__1__1.A__1.C_ligand.pdb
  No symmetry contacts found — writing non-symm receptor only
  -> no_symmetry_contacts

Processing 7nwa__1__1.A_1.B__1.E (proper chain: 1.E)
  Downloading https://files.rcsb.org/download/7nwa.cif
  Ligand written: /home/rquiroga/github/runs-n-poses/runs-n-poses-datasets/symmetry_corrected/7nwa__1__1.A_1.B__1.E/7nwa__1__1.A_1.B__1.E_ligand.pdb
  No symmetry contacts found — writing non-symm receptor only
  -> no_symmetry_contacts

Processing 7nwc__1__1.A_1.B__1.G (proper chain: 1.G)
  Downloading https://files.rcsb.org/download/7nwc.cif
  Ligand written: /home/rquiroga/github/runs-n-poses/runs-n-poses-datasets/symmetry_corrected/7nwc__1__1.A_1.B__1.G/7nwc__1__1.A_1.B__1.G_ligand.pdb
  No symmetry contacts found — writing non-symm receptor only
  -> no_symmetry_contacts

Processing 7nxu__1__1.A__1.B_1.C_1.D (proper chain: 1.D)
  Downloading https://files.rcsb.org/download/7nxu.cif
  Ligand written: /home/rquiroga/github/runs-n-poses/runs-n-poses-datasets/symmetry_corrected/7nxu__1__1.A__1.B_1.C_1.D/7nxu__1__1.A__1.B_1.C_1.D_ligand.pdb
  No symmetry contacts found — writing non-symm receptor only
  -> no_symmetry_contacts

Processing 7nya__1__1.A_1.B__1.F (proper chain: 1.F)
  Downloading https://files.rcsb.org/download/7nya.cif
  Ligand written: /home/rquiroga/github/runs-n-poses/runs-n-poses-datasets/symmetry_corrected/7nya__1__1.A_1.B__1.F/7nya__1__1.A_1.B__1.F_ligand.pdb
  No symmetry contacts found — writing non-symm receptor only
  -> no_symmetry_contacts

Processing 7nzn__1__1.A_2.A__1.B (proper chain: 1.B)
  Downloading https://files.rcsb.org/download/7nzn.cif
  Ligand written: /home/rquiroga/github/runs-n-poses/runs-n-poses-datasets/symmetry_corrected/7nzn__1__1.A_2.A__1.B/7nzn__1__1.A_2.A__1.B_ligand.pdb
  Found 1 symmetry operations with contacts
  Receptor (symm) written: /home/rquiroga/github/runs-n-poses/runs-n-poses-datasets/symmetry_corrected/7nzn__1__1.A_2.A__1.B/7nzn__1__1.A_2.A__1.B_receptor_symm.pdb
  Total chains in output: 4
  -> ok

Processing 7nzy__1__1.A__1.E (proper chain: 1.E)
  Downloading https://files.rcsb.org/download/7nzy.cif
  Ligand written: /home/rquiroga/github/runs-n-poses/runs-n-poses-datasets/symmetry_corrected/7nzy__1__1.A__1.E/7nzy__1__1.A__1.E_ligand.pdb
  No symmetry contacts found — writing non-symm receptor only
  -> no_symmetry_contacts

Processing 7o1b__1__1.A__1.E (proper chain: 1.E)
  Downloading https://files.rcsb.org/download/7o1b.cif
  Ligand written: /home/rquiroga/github/runs-n-poses/runs-n-poses-datasets/symmetry_corrected/7o1b__1__1.A__1.E/7o1b__1__1.A__1.E_ligand.pdb
  No symmetry contacts found — writing non-symm receptor only
  -> no_symmetry_contacts

Processing 7o2t__1__1.A_2.A__1.B (proper chain: 1.B)
  Downloading https://files.rcsb.org/download/7o2t.cif
  Ligand written: /home/rquiroga/github/runs-n-poses/runs-n-poses-datasets/symmetry_corrected/7o2t__1__1.A_2.A__1.B/7o2t__1__1.A_2.A__1.B_ligand.pdb
  Found 1 symmetry operations with contacts
  Receptor (symm) written: /home/rquiroga/github/runs-n-poses/runs-n-poses-datasets/symmetry_corrected/7o2t__1__1.A_2.A__1.B/7o2t__1__1.A_2.A__1.B_receptor_symm.pdb
  Total chains in output: 4
  -> ok

Processing 7o46__1__1.A_2.A__1.B (proper chain: 1.B)
  Downloading https://files.rcsb.org/download/7o46.cif
  Ligand written: /home/rquiroga/github/runs-n-poses/runs-n-poses-datasets/symmetry_corrected/7o46__1__1.A_2.A__1.B/7o46__1__1.A_2.A__1.B_ligand.pdb
  Found 2 symmetry operations with contacts
  Receptor (symm) written: /home/rquiroga/github/runs-n-poses/runs-n-poses-datasets/symmetry_corrected/7o46__1__1.A_2.A__1.B/7o46__1__1.A_2.A__1.B_receptor_symm.pdb
  Total chains in output: 7
  -> ok

Processing 7o6x__1__1.A__1.E (proper chain: 1.E)
  Downloading https://files.rcsb.org/download/7o6x.cif
  Ligand written: /home/rquiroga/github/runs-n-poses/runs-n-poses-datasets/symmetry_corrected/7o6x__1__1.A__1.E/7o6x__1__1.A__1.E_ligand.pdb
  No symmetry contacts found — writing non-symm receptor only
  -> no_symmetry_contacts

Processing 7o7j__1__1.A__1.B (proper chain: 1.B)
  Downloading https://files.rcsb.org/download/7o7j.cif
  Ligand written: /home/rquiroga/github/runs-n-poses/runs-n-poses-datasets/symmetry_corrected/7o7j__1__1.A__1.B/7o7j__1__1.A__1.B_ligand.pdb
  Found 1 symmetry operations with contacts
  Receptor (symm) written: /home/rquiroga/github/runs-n-poses/runs-n-poses-datasets/symmetry_corrected/7o7j__1__1.A__1.B/7o7j__1__1.A__1.B_receptor_symm.pdb
  Total chains in output: 3
  -> ok

Processing 7o7k__1__1.A__1.E (proper chain: 1.E)
  Downloading https://files.rcsb.org/download/7o7k.cif
  Ligand written: /home/rquiroga/github/runs-n-poses/runs-n-poses-datasets/symmetry_corrected/7o7k__1__1.A__1.E/7o7k__1__1.A__1.E_ligand.pdb
  No symmetry contacts found — writing non-symm receptor only
  -> no_symmetry_contacts

Processing 7o9i__1__1.A__1.B (proper chain: 1.B)
  Downloading https://files.rcsb.org/download/7o9i.cif
  Ligand written: /home/rquiroga/github/runs-n-poses/runs-n-poses-datasets/symmetry_corrected/7o9i__1__1.A__1.B/7o9i__1__1.A__1.B_ligand.pdb
  No symmetry contacts found — writing non-symm receptor only
  -> no_symmetry_contacts

Processing 7oa1__1__1.A__1.D_1.H (proper chain: 1.H)
  Downloading https://files.rcsb.org/download/7oa1.cif
  Ligand written: /home/rquiroga/github/runs-n-poses/runs-n-poses-datasets/symmetry_corrected/7oa1__1__1.A__1.D_1.H/7oa1__1__1.A__1.D_1.H_ligand.pdb
  No symmetry contacts found — writing non-symm receptor only
  -> no_symmetry_contacts

Processing 7oa4__1__1.A__1.E_1.F_1.H_1.I (proper chain: 1.E)
  Downloading https://files.rcsb.org/download/7oa4.cif
  Ligand written: /home/rquiroga/github/runs-n-poses/runs-n-poses-datasets/symmetry_corrected/7oa4__1__1.A__1.E_1.F_1.H_1.I/7oa4__1__1.A__1.E_1.F_1.H_1.I_ligand.pdb
  No symmetry contacts found — writing non-symm receptor only
  -> no_symmetry_contacts

Processing 7oat__1__1.B__1.F_1.G (proper chain: 1.F)
  Downloading https://files.rcsb.org/download/7oat.cif
  Ligand written: /home/rquiroga/github/runs-n-poses/runs-n-poses-datasets/symmetry_corrected/7oat__1__1.B__1.F_1.G/7oat__1__1.B__1.F_1.G_ligand.pdb
  No symmetry contacts found — writing non-symm receptor only
  -> no_symmetry_contacts

Processing 7ocp__1__1.B__1.J_1.K (proper chain: 1.J)
  Downloading https://files.rcsb.org/download/7ocp.cif
  Ligand written: /home/rquiroga/github/runs-n-poses/runs-n-poses-datasets/symmetry_corrected/7ocp__1__1.B__1.J_1.K/7ocp__1__1.B__1.J_1.K_ligand.pdb
  No symmetry contacts found — writing non-symm receptor only
  -> no_symmetry_contacts

Processing 7ocs__1__1.D__1.BB (proper chain: 1.BB)
  Downloading https://files.rcsb.org/download/7ocs.cif
  Ligand written: /home/rquiroga/github/runs-n-poses/runs-n-poses-datasets/symmetry_corrected/7ocs__1__1.D__1.BB/7ocs__1__1.D__1.BB_ligand.pdb
  No symmetry contacts found — writing non-symm receptor only
  -> no_symmetry_contacts

Processing 7odn__1__1.A_1.B__1.J (proper chain: 1.J)
  Downloading https://files.rcsb.org/download/7odn.cif
  Ligand written: /home/rquiroga/github/runs-n-poses/runs-n-poses-datasets/symmetry_corrected/7odn__1__1.A_1.B__1.J/7odn__1__1.A_1.B__1.J_ligand.pdb
  No symmetry contacts found — writing non-symm receptor only
  -> no_symmetry_contacts

Processing 7oed__1__1.A__1.C (proper chain: 1.C)
  Downloading https://files.rcsb.org/download/7oed.cif
  Ligand written: /home/rquiroga/github/runs-n-poses/runs-n-poses-datasets/symmetry_corrected/7oed__1__1.A__1.C/7oed__1__1.A__1.C_ligand.pdb
  No symmetry contacts found — writing non-symm receptor only
  -> no_symmetry_contacts

Processing 7of8__1__1.A__1.B (proper chain: 1.B)
  Downloading https://files.rcsb.org/download/7of8.cif
  Ligand written: /home/rquiroga/github/runs-n-poses/runs-n-poses-datasets/symmetry_corrected/7of8__1__1.A__1.B/7of8__1__1.A__1.B_ligand.pdb
  No symmetry contacts found — writing non-symm receptor only
  -> no_symmetry_contacts

Processing 7ofa__1__1.A__1.B_1.C (proper chain: 1.B)
  Downloading https://files.rcsb.org/download/7ofa.cif
  Ligand written: /home/rquiroga/github/runs-n-poses/runs-n-poses-datasets/symmetry_corrected/7ofa__1__1.A__1.B_1.C/7ofa__1__1.A__1.B_1.C_ligand.pdb
  No symmetry contacts found — writing non-symm receptor only
  -> no_symmetry_contacts

Processing 7ohg__1__1.A__1.B_1.D_1.E_1.F (proper chain: 1.B)
  Downloading https://files.rcsb.org/download/7ohg.cif
  Ligand written: /home/rquiroga/github/runs-n-poses/runs-n-poses-datasets/symmetry_corrected/7ohg__1__1.A__1.B_1.D_1.E_1.F/7ohg__1__1.A__1.B_1.D_1.E_1.F_ligand.pdb
  No symmetry contacts found — writing non-symm receptor only
  -> no_symmetry_contacts

Processing 7oj6__1__1.A_1.C__1.Y (proper chain: 1.Y)
  Downloading https://files.rcsb.org/download/7oj6.cif
  Ligand written: /home/rquiroga/github/runs-n-poses/runs-n-poses-datasets/symmetry_corrected/7oj6__1__1.A_1.C__1.Y/7oj6__1__1.A_1.C__1.Y_ligand.pdb
  No symmetry contacts found — writing non-symm receptor only
  -> no_symmetry_contacts

Processing 7ojq__1__1.A_1.C__1.F (proper chain: 1.F)
  Downloading https://files.rcsb.org/download/7ojq.cif
  Ligand written: /home/rquiroga/github/runs-n-poses/runs-n-poses-datasets/symmetry_corrected/7ojq__1__1.A_1.C__1.F/7ojq__1__1.A_1.C__1.F_ligand.pdb
  No symmetry contacts found — writing non-symm receptor only
  -> no_symmetry_contacts

Processing 7ojw__1__1.A_1.C__1.F (proper chain: 1.F)
  Downloading https://files.rcsb.org/download/7ojw.cif
  Ligand written: /home/rquiroga/github/runs-n-poses/runs-n-poses-datasets/symmetry_corrected/7ojw__1__1.A_1.C__1.F/7ojw__1__1.A_1.C__1.F_ligand.pdb
  No symmetry contacts found — writing non-symm receptor only
  -> no_symmetry_contacts

Processing 7ojy__1__1.A_1.B__1.D (proper chain: 1.D)
  Downloading https://files.rcsb.org/download/7ojy.cif
  Ligand written: /home/rquiroga/github/runs-n-poses/runs-n-poses-datasets/symmetry_corrected/7ojy__1__1.A_1.B__1.D/7ojy__1__1.A_1.B__1.D_ligand.pdb
  Found 1 symmetry operations with contacts
  Receptor (symm) written: /home/rquiroga/github/runs-n-poses/runs-n-poses-datasets/symmetry_corrected/7ojy__1__1.A_1.B__1.D/7ojy__1__1.A_1.B__1.D_receptor_symm.pdb
  Total chains in output: 4
  -> ok

Processing 7ok1__1__1.A_1.B__1.D (proper chain: 1.D)
  Downloading https://files.rcsb.org/download/7ok1.cif
  Ligand written: /home/rquiroga/github/runs-n-poses/runs-n-poses-datasets/symmetry_corrected/7ok1__1__1.A_1.B__1.D/7ok1__1__1.A_1.B__1.D_ligand.pdb
  Found 1 symmetry operations with contacts
  Receptor (symm) written: /home/rquiroga/github/runs-n-poses/runs-n-poses-datasets/symmetry_corrected/7ok1__1__1.A_1.B__1.D/7ok1__1__1.A_1.B__1.D_receptor_symm.pdb
  Total chains in output: 4
  -> ok

Processing 7ok8__1__1.A__1.B_1.C_1.D (proper chain: 1.D)
  Downloading https://files.rcsb.org/download/7ok8.cif
  Ligand written: /home/rquiroga/github/runs-n-poses/runs-n-poses-datasets/symmetry_corrected/7ok8__1__1.A__1.B_1.C_1.D/7ok8__1__1.A__1.B_1.C_1.D_ligand.pdb
  No symmetry contacts found — writing non-symm receptor only
  -> no_symmetry_contacts

Processing 7okc__1__1.A_2.A__2.B (proper chain: 2.B)
  Downloading https://files.rcsb.org/download/7okc.cif
  Ligand written: /home/rquiroga/github/runs-n-poses/runs-n-poses-datasets/symmetry_corrected/7okc__1__1.A_2.A__2.B/7okc__1__1.A_2.A__2.B_ligand.pdb
  Found 2 symmetry operations with contacts
  Receptor (symm) written: /home/rquiroga/github/runs-n-poses/runs-n-poses-datasets/symmetry_corrected/7okc__1__1.A_2.A__2.B/7okc__1__1.A_2.A__2.B_receptor_symm.pdb
  Total chains in output: 6
  -> ok

Processing 7oli__1__1.A__1.C (proper chain: 1.C)
  Downloading https://files.rcsb.org/download/7oli.cif
  Ligand written: /home/rquiroga/github/runs-n-poses/runs-n-poses-datasets/symmetry_corrected/7oli__1__1.A__1.C/7oli__1__1.A__1.C_ligand.pdb
  No symmetry contacts found — writing non-symm receptor only
  -> no_symmetry_contacts

Processing 7olj__1__1.A_1.B__1.E (proper chain: 1.E)
  Downloading https://files.rcsb.org/download/7olj.cif
  Ligand written: /home/rquiroga/github/runs-n-poses/runs-n-poses-datasets/symmetry_corrected/7olj__1__1.A_1.B__1.E/7olj__1__1.A_1.B__1.E_ligand.pdb
  No symmetry contacts found — writing non-symm receptor only
  -> no_symmetry_contacts

Processing 7oll__1__1.A_2.A__2.B_2.C_2.D (proper chain: 2.C)
  Downloading https://files.rcsb.org/download/7oll.cif
  Ligand written: /home/rquiroga/github/runs-n-poses/runs-n-poses-datasets/symmetry_corrected/7oll__1__1.A_2.A__2.B_2.C_2.D/7oll__1__1.A_2.A__2.B_2.C_2.D_ligand.pdb
  Found 1 symmetry operations with contacts
  Receptor (symm) written: /home/rquiroga/github/runs-n-poses/runs-n-poses-datasets/symmetry_corrected/7oll__1__1.A_2.A__2.B_2.C_2.D/7oll__1__1.A_2.A__2.B_2.C_2.D_receptor_symm.pdb
  Total chains in output: 7
  -> ok

Processing 7om1__1__1.A_1.B__1.E (proper chain: 1.E)
  Downloading https://files.rcsb.org/download/7om1.cif
  Ligand written: /home/rquiroga/github/runs-n-poses/runs-n-poses-datasets/symmetry_corrected/7om1__1__1.A_1.B__1.E/7om1__1__1.A_1.B__1.E_ligand.pdb
  No symmetry contacts found — writing non-symm receptor only
  -> no_symmetry_contacts

Processing 7omd__1__1.A__1.C_1.D (proper chain: 1.C)
  Downloading https://files.rcsb.org/download/7omd.cif
  Ligand written: /home/rquiroga/github/runs-n-poses/runs-n-poses-datasets/symmetry_corrected/7omd__1__1.A__1.C_1.D/7omd__1__1.A__1.C_1.D_ligand.pdb
  No symmetry contacts found — writing non-symm receptor only
  -> no_symmetry_contacts

Processing 7ome__1__1.A__1.B (proper chain: 1.B)
  Downloading https://files.rcsb.org/download/7ome.cif
  Ligand written: /home/rquiroga/github/runs-n-poses/runs-n-poses-datasets/symmetry_corrected/7ome__1__1.A__1.B/7ome__1__1.A__1.B_ligand.pdb
  No symmetry contacts found — writing non-symm receptor only
  -> no_symmetry_contacts

Processing 7omo__1__1.A__1.C (proper chain: 1.C)
  Downloading https://files.rcsb.org/download/7omo.cif
  Ligand written: /home/rquiroga/github/runs-n-poses/runs-n-poses-datasets/symmetry_corrected/7omo__1__1.A__1.C/7omo__1__1.A__1.C_ligand.pdb
  No symmetry contacts found — writing non-symm receptor only
  -> no_symmetry_contacts

Processing 7omr__1__1.A__1.B (proper chain: 1.B)
  Downloading https://files.rcsb.org/download/7omr.cif
  Ligand written: /home/rquiroga/github/runs-n-poses/runs-n-poses-datasets/symmetry_corrected/7omr__1__1.A__1.B/7omr__1__1.A__1.B_ligand.pdb
  No symmetry contacts found — writing non-symm receptor only
  -> no_symmetry_contacts

Processing 7on9__1__1.A__1.E_1.F (proper chain: 1.E)
  Downloading https://files.rcsb.org/download/7on9.cif
  Ligand written: /home/rquiroga/github/runs-n-poses/runs-n-poses-datasets/symmetry_corrected/7on9__1__1.A__1.E_1.F/7on9__1__1.A__1.E_1.F_ligand.pdb
  No symmetry contacts found — writing non-symm receptor only
  -> no_symmetry_contacts

Processing 7onf__1__1.A_2.A__1.C (proper chain: 1.C)
  Downloading https://files.rcsb.org/download/7onf.cif
  Ligand written: /home/rquiroga/github/runs-n-poses/runs-n-poses-datasets/symmetry_corrected/7onf__1__1.A_2.A__1.C/7onf__1__1.A_2.A__1.C_ligand.pdb
  Found 3 symmetry operations with contacts
  Receptor (symm) written: /home/rquiroga/github/runs-n-poses/runs-n-poses-datasets/symmetry_corrected/7onf__1__1.A_2.A__1.C/7onf__1__1.A_2.A__1.C_receptor_symm.pdb
  Total chains in output: 9
  -> ok

Processing 7opm__1__1.A__1.D (proper chain: 1.D)
  Downloading https://files.rcsb.org/download/7opm.cif
  Ligand written: /home/rquiroga/github/runs-n-poses/runs-n-poses-datasets/symmetry_corrected/7opm__1__1.A__1.D/7opm__1__1.A__1.D_ligand.pdb
  No symmetry contacts found — writing non-symm receptor only
  -> no_symmetry_contacts

Processing 7oq6__1__1.B__1.H_1.J (proper chain: 1.H)
  Downloading https://files.rcsb.org/download/7oq6.cif
  Ligand written: /home/rquiroga/github/runs-n-poses/runs-n-poses-datasets/symmetry_corrected/7oq6__1__1.B__1.H_1.J/7oq6__1__1.B__1.H_1.J_ligand.pdb
  No symmetry contacts found — writing non-symm receptor only
  -> no_symmetry_contacts

Processing 7orq__1__1.A__1.B_1.C_1.D (proper chain: 1.D)
  Downloading https://files.rcsb.org/download/7orq.cif
  Ligand written: /home/rquiroga/github/runs-n-poses/runs-n-poses-datasets/symmetry_corrected/7orq__1__1.A__1.B_1.C_1.D/7orq__1__1.A__1.B_1.C_1.D_ligand.pdb
  No symmetry contacts found — writing non-symm receptor only
  -> no_symmetry_contacts

Processing 7osx__1__1.A__1.C (proper chain: 1.C)
  Downloading https://files.rcsb.org/download/7osx.cif
  Ligand written: /home/rquiroga/github/runs-n-poses/runs-n-poses-datasets/symmetry_corrected/7osx__1__1.A__1.C/7osx__1__1.A__1.C_ligand.pdb
  No symmetry contacts found — writing non-symm receptor only
  -> no_symmetry_contacts

Processing 7ou8__1__1.A__1.C (proper chain: 1.C)
  Downloading https://files.rcsb.org/download/7ou8.cif
  Ligand written: /home/rquiroga/github/runs-n-poses/runs-n-poses-datasets/symmetry_corrected/7ou8__1__1.A__1.C/7ou8__1__1.A__1.C_ligand.pdb
  No symmetry contacts found — writing non-symm receptor only
  -> no_symmetry_contacts

Processing 7oum__1__1.A__1.K (proper chain: 1.K)
  Downloading https://files.rcsb.org/download/7oum.cif
  Ligand written: /home/rquiroga/github/runs-n-poses/runs-n-poses-datasets/symmetry_corrected/7oum__1__1.A__1.K/7oum__1__1.A__1.K_ligand.pdb
  No symmetry contacts found — writing non-symm receptor only
  -> no_symmetry_contacts

Processing 7ouw__1__1.A__1.C (proper chain: 1.C)
  Downloading https://files.rcsb.org/download/7ouw.cif
  Ligand written: /home/rquiroga/github/runs-n-poses/runs-n-poses-datasets/symmetry_corrected/7ouw__1__1.A__1.C/7ouw__1__1.A__1.C_ligand.pdb
  No symmetry contacts found — writing non-symm receptor only
  -> no_symmetry_contacts

Processing 7ouy__1__1.A_1.B__1.M_1.N (proper chain: 1.M)
  Downloading https://files.rcsb.org/download/7ouy.cif
  Ligand written: /home/rquiroga/github/runs-n-poses/runs-n-poses-datasets/symmetry_corrected/7ouy__1__1.A_1.B__1.M_1.N/7ouy__1__1.A_1.B__1.M_1.N_ligand.pdb
  No symmetry contacts found — writing non-symm receptor only
  -> no_symmetry_contacts

Processing 7ovd__1__1.A__1.B (proper chain: 1.B)
  Downloading https://files.rcsb.org/download/7ovd.cif
  Ligand written: /home/rquiroga/github/runs-n-poses/runs-n-poses-datasets/symmetry_corrected/7ovd__1__1.A__1.B/7ovd__1__1.A__1.B_ligand.pdb
  No symmetry contacts found — writing non-symm receptor only
  -> no_symmetry_contacts

Processing 7oy5__1__1.A__1.C (proper chain: 1.C)
  Downloading https://files.rcsb.org/download/7oy5.cif
  Ligand written: /home/rquiroga/github/runs-n-poses/runs-n-poses-datasets/symmetry_corrected/7oy5__1__1.A__1.C/7oy5__1__1.A__1.C_ligand.pdb
  No symmetry contacts found — writing non-symm receptor only
  -> no_symmetry_contacts

Processing 7oyf__1__1.A_1.B__1.C_1.D_1.E_1.F_1.S (proper chain: 1.F)
  Downloading https://files.rcsb.org/download/7oyf.cif
  Ligand written: /home/rquiroga/github/runs-n-poses/runs-n-poses-datasets/symmetry_corrected/7oyf__1__1.A_1.B__1.C_1.D_1.E_1.F_1.S/7oyf__1__1.A_1.B__1.C_1.D_1.E_1.F_1.S_ligand.pdb
  No symmetry contacts found — writing non-symm receptor only
  -> no_symmetry_contacts

Processing 7oze__1__1.A__1.E_1.F (proper chain: 1.E)
  Downloading https://files.rcsb.org/download/7oze.cif
  Ligand written: /home/rquiroga/github/runs-n-poses/runs-n-poses-datasets/symmetry_corrected/7oze__1__1.A__1.E_1.F/7oze__1__1.A__1.E_1.F_ligand.pdb
  No symmetry contacts found — writing non-symm receptor only
  -> no_symmetry_contacts

Processing 7p0h__1__1.C__1.V_1.W (proper chain: 1.V)
  Downloading https://files.rcsb.org/download/7p0h.cif
  Ligand written: /home/rquiroga/github/runs-n-poses/runs-n-poses-datasets/symmetry_corrected/7p0h__1__1.C__1.V_1.W/7p0h__1__1.C__1.V_1.W_ligand.pdb
  No symmetry contacts found — writing non-symm receptor only
  -> no_symmetry_contacts

Processing 7p0x__1__1.A_1.B__1.D_1.G (proper chain: 1.D)
  Downloading https://files.rcsb.org/download/7p0x.cif
  Ligand written: /home/rquiroga/github/runs-n-poses/runs-n-poses-datasets/symmetry_corrected/7p0x__1__1.A_1.B__1.D_1.G/7p0x__1__1.A_1.B__1.D_1.G_ligand.pdb
  No symmetry contacts found — writing non-symm receptor only
  -> no_symmetry_contacts

Processing 7p1a__1__1.A__1.B_1.D (proper chain: 1.D)
  Downloading https://files.rcsb.org/download/7p1a.cif
  Ligand written: /home/rquiroga/github/runs-n-poses/runs-n-poses-datasets/symmetry_corrected/7p1a__1__1.A__1.B_1.D/7p1a__1__1.A__1.B_1.D_ligand.pdb
  Found 1 symmetry operations with contacts
  Receptor (symm) written: /home/rquiroga/github/runs-n-poses/runs-n-poses-datasets/symmetry_corrected/7p1a__1__1.A__1.B_1.D/7p1a__1__1.A__1.B_1.D_receptor_symm.pdb
  Total chains in output: 4
  -> ok

Processing 7p1e__1__1.A__1.C_1.G (proper chain: 1.C)
  Downloading https://files.rcsb.org/download/7p1e.cif
  Ligand written: /home/rquiroga/github/runs-n-poses/runs-n-poses-datasets/symmetry_corrected/7p1e__1__1.A__1.C_1.G/7p1e__1__1.A__1.C_1.G_ligand.pdb
  Found 1 symmetry operations with contacts
  Receptor (symm) written: /home/rquiroga/github/runs-n-poses/runs-n-poses-datasets/symmetry_corrected/7p1e__1__1.A__1.C_1.G/7p1e__1__1.A__1.C_1.G_receptor_symm.pdb
  Total chains in output: 4
  -> ok

Processing 7p1f__1__1.A__1.C (proper chain: 1.C)
  Downloading https://files.rcsb.org/download/7p1f.cif
  Ligand written: /home/rquiroga/github/runs-n-poses/runs-n-poses-datasets/symmetry_corrected/7p1f__1__1.A__1.C/7p1f__1__1.A__1.C_ligand.pdb
  No symmetry contacts found — writing non-symm receptor only
  -> no_symmetry_contacts

Processing 7p1o__1__1.A__1.D (proper chain: 1.D)
  Downloading https://files.rcsb.org/download/7p1o.cif
  Ligand written: /home/rquiroga/github/runs-n-poses/runs-n-poses-datasets/symmetry_corrected/7p1o__1__1.A__1.D/7p1o__1__1.A__1.D_ligand.pdb
  No symmetry contacts found — writing non-symm receptor only
  -> no_symmetry_contacts

Processing 7p1s__1__1.A__1.E (proper chain: 1.E)
  Downloading https://files.rcsb.org/download/7p1s.cif
  Ligand written: /home/rquiroga/github/runs-n-poses/runs-n-poses-datasets/symmetry_corrected/7p1s__1__1.A__1.E/7p1s__1__1.A__1.E_ligand.pdb
  No symmetry contacts found — writing non-symm receptor only
  -> no_symmetry_contacts

Processing 7p1u__1__1.A__1.C_1.D (proper chain: 1.C)
  Downloading https://files.rcsb.org/download/7p1u.cif
  Ligand written: /home/rquiroga/github/runs-n-poses/runs-n-poses-datasets/symmetry_corrected/7p1u__1__1.A__1.C_1.D/7p1u__1__1.A__1.C_1.D_ligand.pdb
  No symmetry contacts found — writing non-symm receptor only
  -> no_symmetry_contacts

Processing 7p2t__1__1.A__1.E_1.H (proper chain: 1.H)
  Downloading https://files.rcsb.org/download/7p2t.cif
  Ligand written: /home/rquiroga/github/runs-n-poses/runs-n-poses-datasets/symmetry_corrected/7p2t__1__1.A__1.E_1.H/7p2t__1__1.A__1.E_1.H_ligand.pdb
  No symmetry contacts found — writing non-symm receptor only
  -> no_symmetry_contacts

Processing 7p3b__1__1.A__1.C_1.D_1.E (proper chain: 1.C)
  Downloading https://files.rcsb.org/download/7p3b.cif
  Ligand written: /home/rquiroga/github/runs-n-poses/runs-n-poses-datasets/symmetry_corrected/7p3b__1__1.A__1.C_1.D_1.E/7p3b__1__1.A__1.C_1.D_1.E_ligand.pdb
  No symmetry contacts found — writing non-symm receptor only
  -> no_symmetry_contacts

Processing 7p3v__1__1.B__1.D (proper chain: 1.D)
  Downloading https://files.rcsb.org/download/7p3v.cif
  Ligand written: /home/rquiroga/github/runs-n-poses/runs-n-poses-datasets/symmetry_corrected/7p3v__1__1.B__1.D/7p3v__1__1.B__1.D_ligand.pdb
  No symmetry contacts found — writing non-symm receptor only
  -> no_symmetry_contacts

Processing 7p4c__1__1.A__1.E_1.F (proper chain: 1.F)
  Downloading https://files.rcsb.org/download/7p4c.cif
  Ligand written: /home/rquiroga/github/runs-n-poses/runs-n-poses-datasets/symmetry_corrected/7p4c__1__1.A__1.E_1.F/7p4c__1__1.A__1.E_1.F_ligand.pdb
  No symmetry contacts found — writing non-symm receptor only
  -> no_symmetry_contacts

Processing 7p4v__1__1.A_3.A__1.B (proper chain: 1.B)
  Downloading https://files.rcsb.org/download/7p4v.cif
  Ligand written: /home/rquiroga/github/runs-n-poses/runs-n-poses-datasets/symmetry_corrected/7p4v__1__1.A_3.A__1.B/7p4v__1__1.A_3.A__1.B_ligand.pdb
  Found 2 symmetry operations with contacts
  Receptor (symm) written: /home/rquiroga/github/runs-n-poses/runs-n-poses-datasets/symmetry_corrected/7p4v__1__1.A_3.A__1.B/7p4v__1__1.A_3.A__1.B_receptor_symm.pdb
  Total chains in output: 6
  -> ok

Processing 7p5e__1__1.A__1.B_1.D (proper chain: 1.D)
  Downloading https://files.rcsb.org/download/7p5e.cif
  Ligand written: /home/rquiroga/github/runs-n-poses/runs-n-poses-datasets/symmetry_corrected/7p5e__1__1.A__1.B_1.D/7p5e__1__1.A__1.B_1.D_ligand.pdb
  No symmetry contacts found — writing non-symm receptor only
  -> no_symmetry_contacts

Processing 7p5f__1__1.A__1.C (proper chain: 1.C)
  Downloading https://files.rcsb.org/download/7p5f.cif
  Ligand written: /home/rquiroga/github/runs-n-poses/runs-n-poses-datasets/symmetry_corrected/7p5f__1__1.A__1.C/7p5f__1__1.A__1.C_ligand.pdb
  No symmetry contacts found — writing non-symm receptor only
  -> no_symmetry_contacts

Processing 7p5i__1__1.A__1.D (proper chain: 1.D)
  Downloading https://files.rcsb.org/download/7p5i.cif
  Ligand written: /home/rquiroga/github/runs-n-poses/runs-n-poses-datasets/symmetry_corrected/7p5i__1__1.A__1.D/7p5i__1__1.A__1.D_ligand.pdb
  No symmetry contacts found — writing non-symm receptor only
  -> no_symmetry_contacts

Processing 7p5k__1__1.A__1.C (proper chain: 1.C)
  Downloading https://files.rcsb.org/download/7p5k.cif
  Ligand written: /home/rquiroga/github/runs-n-poses/runs-n-poses-datasets/symmetry_corrected/7p5k__1__1.A__1.C/7p5k__1__1.A__1.C_ligand.pdb
  No symmetry contacts found — writing non-symm receptor only
  -> no_symmetry_contacts

Processing 7p5n__1__1.A__1.C (proper chain: 1.C)
  Downloading https://files.rcsb.org/download/7p5n.cif
  Ligand written: /home/rquiroga/github/runs-n-poses/runs-n-poses-datasets/symmetry_corrected/7p5n__1__1.A__1.C/7p5n__1__1.A__1.C_ligand.pdb
  No symmetry contacts found — writing non-symm receptor only
  -> no_symmetry_contacts

Processing 7p5p__1__1.A__1.D (proper chain: 1.D)
  Downloading https://files.rcsb.org/download/7p5p.cif
  Ligand written: /home/rquiroga/github/runs-n-poses/runs-n-poses-datasets/symmetry_corrected/7p5p__1__1.A__1.D/7p5p__1__1.A__1.D_ligand.pdb
  No symmetry contacts found — writing non-symm receptor only
  -> no_symmetry_contacts

Processing 7p84__1__1.A_1.B__1.E_1.F_1.G_1.H (proper chain: 1.H)
  Downloading https://files.rcsb.org/download/7p84.cif
  Ligand written: /home/rquiroga/github/runs-n-poses/runs-n-poses-datasets/symmetry_corrected/7p84__1__1.A_1.B__1.E_1.F_1.G_1.H/7p84__1__1.A_1.B__1.E_1.F_1.G_1.H_ligand.pdb
  No symmetry contacts found — writing non-symm receptor only
  -> no_symmetry_contacts

Processing 7p8m__1__1.A_1.B__1.E_1.F_1.G_1.H (proper chain: 1.H)
  Downloading https://files.rcsb.org/download/7p8m.cif
  Ligand written: /home/rquiroga/github/runs-n-poses/runs-n-poses-datasets/symmetry_corrected/7p8m__1__1.A_1.B__1.E_1.F_1.G_1.H/7p8m__1__1.A_1.B__1.E_1.F_1.G_1.H_ligand.pdb
  No symmetry contacts found — writing non-symm receptor only
  -> no_symmetry_contacts

Processing 7p97__1__1.A__1.C_1.D_1.E (proper chain: 1.C)
  Downloading https://files.rcsb.org/download/7p97.cif
  Ligand written: /home/rquiroga/github/runs-n-poses/runs-n-poses-datasets/symmetry_corrected/7p97__1__1.A__1.C_1.D_1.E/7p97__1__1.A__1.C_1.D_1.E_ligand.pdb
  No symmetry contacts found — writing non-symm receptor only
  -> no_symmetry_contacts

Processing 7pa1__1__1.A__1.D (proper chain: 1.D)
  Downloading https://files.rcsb.org/download/7pa1.cif
  Ligand written: /home/rquiroga/github/runs-n-poses/runs-n-poses-datasets/symmetry_corrected/7pa1__1__1.A__1.D/7pa1__1__1.A__1.D_ligand.pdb
  No symmetry contacts found — writing non-symm receptor only
  -> no_symmetry_contacts

Processing 7paw__1__1.B__1.C (proper chain: 1.C)
  Downloading https://files.rcsb.org/download/7paw.cif
  Ligand written: /home/rquiroga/github/runs-n-poses/runs-n-poses-datasets/symmetry_corrected/7paw__1__1.B__1.C/7paw__1__1.B__1.C_ligand.pdb
  No symmetry contacts found — writing non-symm receptor only
  -> no_symmetry_contacts

Processing 7pcc__1__1.A_1.B__1.C_1.I (proper chain: 1.C)
  Downloading https://files.rcsb.org/download/7pcc.cif
  Ligand written: /home/rquiroga/github/runs-n-poses/runs-n-poses-datasets/symmetry_corrected/7pcc__1__1.A_1.B__1.C_1.I/7pcc__1__1.A_1.B__1.C_1.I_ligand.pdb
  No symmetry contacts found — writing non-symm receptor only
  -> no_symmetry_contacts

Processing 7pcs__1__1.B__1.G_1.H (proper chain: 1.G)
  Downloading https://files.rcsb.org/download/7pcs.cif
  Ligand written: /home/rquiroga/github/runs-n-poses/runs-n-poses-datasets/symmetry_corrected/7pcs__1__1.B__1.G_1.H/7pcs__1__1.B__1.G_1.H_ligand.pdb
  No symmetry contacts found — writing non-symm receptor only
  -> no_symmetry_contacts

Processing 7pd6__1__1.A_1.B__1.K (proper chain: 1.K)
  Downloading https://files.rcsb.org/download/7pd6.cif
  Ligand written: /home/rquiroga/github/runs-n-poses/runs-n-poses-datasets/symmetry_corrected/7pd6__1__1.A_1.B__1.K/7pd6__1__1.A_1.B__1.K_ligand.pdb
  No symmetry contacts found — writing non-symm receptor only
  -> no_symmetry_contacts

Processing 7pdb__1__1.C_1.D__1.H (proper chain: 1.H)
  Downloading https://files.rcsb.org/download/7pdb.cif
  Ligand written: /home/rquiroga/github/runs-n-poses/runs-n-poses-datasets/symmetry_corrected/7pdb__1__1.C_1.D__1.H/7pdb__1__1.C_1.D__1.H_ligand.pdb
  No symmetry contacts found — writing non-symm receptor only
  -> no_symmetry_contacts

Processing 7pdr__1__1.A_1.E__1.I (proper chain: 1.I)
  Downloading https://files.rcsb.org/download/7pdr.cif
  Ligand written: /home/rquiroga/github/runs-n-poses/runs-n-poses-datasets/symmetry_corrected/7pdr__1__1.A_1.E__1.I/7pdr__1__1.A_1.E__1.I_ligand.pdb
  No symmetry contacts found — writing non-symm receptor only
  -> no_symmetry_contacts

Processing 7pdt__1__1.A__1.E (proper chain: 1.E)
  Downloading https://files.rcsb.org/download/7pdt.cif
  Ligand written: /home/rquiroga/github/runs-n-poses/runs-n-poses-datasets/symmetry_corrected/7pdt__1__1.A__1.E/7pdt__1__1.A__1.E_ligand.pdb
  No symmetry contacts found — writing non-symm receptor only
  -> no_symmetry_contacts

Processing 7pe4__1__1.A__1.B_1.C (proper chain: 1.B)
  Downloading https://files.rcsb.org/download/7pe4.cif
  Ligand written: /home/rquiroga/github/runs-n-poses/runs-n-poses-datasets/symmetry_corrected/7pe4__1__1.A__1.B_1.C/7pe4__1__1.A__1.B_1.C_ligand.pdb
  No symmetry contacts found — writing non-symm receptor only
  -> no_symmetry_contacts

Processing 7pe5__1__1.D_1.E__1.I (proper chain: 1.I)
  Downloading https://files.rcsb.org/download/7pe5.cif
  Ligand written: /home/rquiroga/github/runs-n-poses/runs-n-poses-datasets/symmetry_corrected/7pe5__1__1.D_1.E__1.I/7pe5__1__1.D_1.E__1.I_ligand.pdb
  No symmetry contacts found — writing non-symm receptor only
  -> no_symmetry_contacts

Processing 7pe6__1__1.A_1.B__1.F (proper chain: 1.F)
  Downloading https://files.rcsb.org/download/7pe6.cif
  Ligand written: /home/rquiroga/github/runs-n-poses/runs-n-poses-datasets/symmetry_corrected/7pe6__1__1.A_1.B__1.F/7pe6__1__1.A_1.B__1.F_ligand.pdb
  No symmetry contacts found — writing non-symm receptor only
  -> no_symmetry_contacts

Processing 7pfm__1__1.A_1.B__1.C (proper chain: 1.C)
  Downloading https://files.rcsb.org/download/7pfm.cif
  Ligand written: /home/rquiroga/github/runs-n-poses/runs-n-poses-datasets/symmetry_corrected/7pfm__1__1.A_1.B__1.C/7pfm__1__1.A_1.B__1.C_ligand.pdb
  No symmetry contacts found — writing non-symm receptor only
  -> no_symmetry_contacts

Processing 7pfs__1__1.B__1.AA_1.W (proper chain: 1.W)
  Downloading https://files.rcsb.org/download/7pfs.cif
  Ligand written: /home/rquiroga/github/runs-n-poses/runs-n-poses-datasets/symmetry_corrected/7pfs__1__1.B__1.AA_1.W/7pfs__1__1.B__1.AA_1.W_ligand.pdb
  No symmetry contacts found — writing non-symm receptor only
  -> no_symmetry_contacts

Processing 7phe__1__1.A__1.C (proper chain: 1.C)
  Downloading https://files.rcsb.org/download/7phe.cif
  Ligand written: /home/rquiroga/github/runs-n-poses/runs-n-poses-datasets/symmetry_corrected/7phe__1__1.A__1.C/7phe__1__1.A__1.C_ligand.pdb
  No symmetry contacts found — writing non-symm receptor only
  -> no_symmetry_contacts

Processing 7phj__1__1.A__1.B_1.C (proper chain: 1.C)
  Downloading https://files.rcsb.org/download/7phj.cif
  Ligand written: /home/rquiroga/github/runs-n-poses/runs-n-poses-datasets/symmetry_corrected/7phj__1__1.A__1.B_1.C/7phj__1__1.A__1.B_1.C_ligand.pdb
  Found 1 symmetry operations with contacts
  Receptor (symm) written: /home/rquiroga/github/runs-n-poses/runs-n-poses-datasets/symmetry_corrected/7phj__1__1.A__1.B_1.C/7phj__1__1.A__1.B_1.C_receptor_symm.pdb
  Total chains in output: 4
  -> ok

Processing 7phn__1__1.A__1.B_1.C (proper chain: 1.C)
  Downloading https://files.rcsb.org/download/7phn.cif
  Ligand written: /home/rquiroga/github/runs-n-poses/runs-n-poses-datasets/symmetry_corrected/7phn__1__1.A__1.B_1.C/7phn__1__1.A__1.B_1.C_ligand.pdb
  No symmetry contacts found — writing non-symm receptor only
  -> no_symmetry_contacts

Processing 7pi1__1__1.A__1.F (proper chain: 1.F)
  Downloading https://files.rcsb.org/download/7pi1.cif
  Ligand written: /home/rquiroga/github/runs-n-poses/runs-n-poses-datasets/symmetry_corrected/7pi1__1__1.A__1.F/7pi1__1__1.A__1.F_ligand.pdb
  No symmetry contacts found — writing non-symm receptor only
  -> no_symmetry_contacts

Processing 7pj9__1__1.A__1.C (proper chain: 1.C)
  Downloading https://files.rcsb.org/download/7pj9.cif
  Ligand written: /home/rquiroga/github/runs-n-poses/runs-n-poses-datasets/symmetry_corrected/7pj9__1__1.A__1.C/7pj9__1__1.A__1.C_ligand.pdb
  No symmetry contacts found — writing non-symm receptor only
  -> no_symmetry_contacts

Processing 7pjk__1__1.A__1.E (proper chain: 1.E)
  Downloading https://files.rcsb.org/download/7pjk.cif
  Ligand written: /home/rquiroga/github/runs-n-poses/runs-n-poses-datasets/symmetry_corrected/7pjk__1__1.A__1.E/7pjk__1__1.A__1.E_ligand.pdb
  No symmetry contacts found — writing non-symm receptor only
  -> no_symmetry_contacts

Processing 7plf__1__1.A__1.C_1.D (proper chain: 1.D)
  Downloading https://files.rcsb.org/download/7plf.cif
  Ligand written: /home/rquiroga/github/runs-n-poses/runs-n-poses-datasets/symmetry_corrected/7plf__1__1.A__1.C_1.D/7plf__1__1.A__1.C_1.D_ligand.pdb
  No symmetry contacts found — writing non-symm receptor only
  -> no_symmetry_contacts

Processing 7pn9__1__1.A__1.B_1.C (proper chain: 1.B)
  Downloading https://files.rcsb.org/download/7pn9.cif
  Ligand written: /home/rquiroga/github/runs-n-poses/runs-n-poses-datasets/symmetry_corrected/7pn9__1__1.A__1.B_1.C/7pn9__1__1.A__1.B_1.C_ligand.pdb
  No symmetry contacts found — writing non-symm receptor only
  -> no_symmetry_contacts

Processing 7pom__1__1.C__1.I_1.J (proper chain: 1.J)
  Downloading https://files.rcsb.org/download/7pom.cif
  Ligand written: /home/rquiroga/github/runs-n-poses/runs-n-poses-datasets/symmetry_corrected/7pom__1__1.C__1.I_1.J/7pom__1__1.C__1.I_1.J_ligand.pdb
  No symmetry contacts found — writing non-symm receptor only
  -> no_symmetry_contacts

Processing 7poo__1__1.A_1.B__1.G (proper chain: 1.G)
  Downloading https://files.rcsb.org/download/7poo.cif
  Ligand written: /home/rquiroga/github/runs-n-poses/runs-n-poses-datasets/symmetry_corrected/7poo__1__1.A_1.B__1.G/7poo__1__1.A_1.B__1.G_ligand.pdb
  No symmetry contacts found — writing non-symm receptor only
  -> no_symmetry_contacts

Processing 7pox__1__1.A__1.C (proper chain: 1.C)
  Downloading https://files.rcsb.org/download/7pox.cif
  Ligand written: /home/rquiroga/github/runs-n-poses/runs-n-poses-datasets/symmetry_corrected/7pox__1__1.A__1.C/7pox__1__1.A__1.C_ligand.pdb
  No symmetry contacts found — writing non-symm receptor only
  -> no_symmetry_contacts

Processing 7ppg__1__1.A_1.B__1.E_1.G_1.H (proper chain: 1.G)
  Downloading https://files.rcsb.org/download/7ppg.cif
  Ligand written: /home/rquiroga/github/runs-n-poses/runs-n-poses-datasets/symmetry_corrected/7ppg__1__1.A_1.B__1.E_1.G_1.H/7ppg__1__1.A_1.B__1.E_1.G_1.H_ligand.pdb
  No symmetry contacts found — writing non-symm receptor only
  -> no_symmetry_contacts

Processing 7pph__1__1.A_1.B__1.H_1.J (proper chain: 1.H)
  Downloading https://files.rcsb.org/download/7pph.cif
  Ligand written: /home/rquiroga/github/runs-n-poses/runs-n-poses-datasets/symmetry_corrected/7pph__1__1.A_1.B__1.H_1.J/7pph__1__1.A_1.B__1.H_1.J_ligand.pdb
  No symmetry contacts found — writing non-symm receptor only
  -> no_symmetry_contacts

Processing 7ppq__1__1.B__1.H (proper chain: 1.H)
  Downloading https://files.rcsb.org/download/7ppq.cif
  Ligand written: /home/rquiroga/github/runs-n-poses/runs-n-poses-datasets/symmetry_corrected/7ppq__1__1.B__1.H/7ppq__1__1.B__1.H_ligand.pdb
  No symmetry contacts found — writing non-symm receptor only
  -> no_symmetry_contacts

Processing 7ppy__1__1.A_1.B__1.E_1.F (proper chain: 1.E)
  Downloading https://files.rcsb.org/download/7ppy.cif
  Ligand written: /home/rquiroga/github/runs-n-poses/runs-n-poses-datasets/symmetry_corrected/7ppy__1__1.A_1.B__1.E_1.F/7ppy__1__1.A_1.B__1.E_1.F_ligand.pdb
  No symmetry contacts found — writing non-symm receptor only
  -> no_symmetry_contacts

Processing 7pqs__1__1.A__1.C (proper chain: 1.C)
  Downloading https://files.rcsb.org/download/7pqs.cif
  Ligand written: /home/rquiroga/github/runs-n-poses/runs-n-poses-datasets/symmetry_corrected/7pqs__1__1.A__1.C/7pqs__1__1.A__1.C_ligand.pdb
  No symmetry contacts found — writing non-symm receptor only
  -> no_symmetry_contacts

Processing 7pqv__1__1.A__1.B (proper chain: 1.B)
  Downloading https://files.rcsb.org/download/7pqv.cif
  Ligand written: /home/rquiroga/github/runs-n-poses/runs-n-poses-datasets/symmetry_corrected/7pqv__1__1.A__1.B/7pqv__1__1.A__1.B_ligand.pdb
  No symmetry contacts found — writing non-symm receptor only
  -> no_symmetry_contacts

Processing 7pri__1__1.A__1.C_1.F (proper chain: 1.F)
  Downloading https://files.rcsb.org/download/7pri.cif
  Ligand written: /home/rquiroga/github/runs-n-poses/runs-n-poses-datasets/symmetry_corrected/7pri__1__1.A__1.C_1.F/7pri__1__1.A__1.C_1.F_ligand.pdb
  No symmetry contacts found — writing non-symm receptor only
  -> no_symmetry_contacts

Processing 7psc__1__1.A_1.B__1.C_1.D (proper chain: 1.C)
  Downloading https://files.rcsb.org/download/7psc.cif
  Ligand written: /home/rquiroga/github/runs-n-poses/runs-n-poses-datasets/symmetry_corrected/7psc__1__1.A_1.B__1.C_1.D/7psc__1__1.A_1.B__1.C_1.D_ligand.pdb
  No symmetry contacts found — writing non-symm receptor only
  -> no_symmetry_contacts

Processing 7pu8__1__1.A_1.B__1.H (proper chain: 1.H)
  Downloading https://files.rcsb.org/download/7pu8.cif
  Ligand written: /home/rquiroga/github/runs-n-poses/runs-n-poses-datasets/symmetry_corrected/7pu8__1__1.A_1.B__1.H/7pu8__1__1.A_1.B__1.H_ligand.pdb
  No symmetry contacts found — writing non-symm receptor only
  -> no_symmetry_contacts

Processing 7puc__1__1.C_1.D__1.I (proper chain: 1.I)
  Downloading https://files.rcsb.org/download/7puc.cif
  Ligand written: /home/rquiroga/github/runs-n-poses/runs-n-poses-datasets/symmetry_corrected/7puc__1__1.C_1.D__1.I/7puc__1__1.C_1.D__1.I_ligand.pdb
  No symmetry contacts found — writing non-symm receptor only
  -> no_symmetry_contacts

Processing 7puq__1__1.C_1.D__1.K (proper chain: 1.K)
  Downloading https://files.rcsb.org/download/7puq.cif
  Ligand written: /home/rquiroga/github/runs-n-poses/runs-n-poses-datasets/symmetry_corrected/7puq__1__1.C_1.D__1.K/7puq__1__1.C_1.D__1.K_ligand.pdb
  No symmetry contacts found — writing non-symm receptor only
  -> no_symmetry_contacts

Processing 7put__1__1.A__1.I (proper chain: 1.I)
  Downloading https://files.rcsb.org/download/7put.cif
  Ligand written: /home/rquiroga/github/runs-n-poses/runs-n-poses-datasets/symmetry_corrected/7put__1__1.A__1.I/7put__1__1.A__1.I_ligand.pdb
  No symmetry contacts found — writing non-symm receptor only
  -> no_symmetry_contacts

Processing 7puw__1__1.B__1.G_1.H (proper chain: 1.H)
  Downloading https://files.rcsb.org/download/7puw.cif
  Ligand written: /home/rquiroga/github/runs-n-poses/runs-n-poses-datasets/symmetry_corrected/7puw__1__1.B__1.G_1.H/7puw__1__1.B__1.G_1.H_ligand.pdb
  No symmetry contacts found — writing non-symm receptor only
  -> no_symmetry_contacts

Processing 7pv6__1__1.A_1.B__1.E_1.H (proper chain: 1.E)
  Downloading https://files.rcsb.org/download/7pv6.cif
  Ligand written: /home/rquiroga/github/runs-n-poses/runs-n-poses-datasets/symmetry_corrected/7pv6__1__1.A_1.B__1.E_1.H/7pv6__1__1.A_1.B__1.E_1.H_ligand.pdb
  No symmetry contacts found — writing non-symm receptor only
  -> no_symmetry_contacts

Processing 7pvn__1__1.A__1.C_1.H_1.J (proper chain: 1.C)
  Downloading https://files.rcsb.org/download/7pvn.cif
  Ligand written: /home/rquiroga/github/runs-n-poses/runs-n-poses-datasets/symmetry_corrected/7pvn__1__1.A__1.C_1.H_1.J/7pvn__1__1.A__1.C_1.H_1.J_ligand.pdb
  No symmetry contacts found — writing non-symm receptor only
  -> no_symmetry_contacts

Processing 7pwd__1__1.A__1.D (proper chain: 1.D)
  Downloading https://files.rcsb.org/download/7pwd.cif
  Ligand written: /home/rquiroga/github/runs-n-poses/runs-n-poses-datasets/symmetry_corrected/7pwd__1__1.A__1.D/7pwd__1__1.A__1.D_ligand.pdb
  No symmetry contacts found — writing non-symm receptor only
  -> no_symmetry_contacts

Processing 7pwu__1__1.A__1.C (proper chain: 1.C)
  Downloading https://files.rcsb.org/download/7pwu.cif
  Ligand written: /home/rquiroga/github/runs-n-poses/runs-n-poses-datasets/symmetry_corrected/7pwu__1__1.A__1.C/7pwu__1__1.A__1.C_ligand.pdb
  Found 1 symmetry operations with contacts
  Receptor (symm) written: /home/rquiroga/github/runs-n-poses/runs-n-poses-datasets/symmetry_corrected/7pwu__1__1.A__1.C/7pwu__1__1.A__1.C_receptor_symm.pdb
  Total chains in output: 3
  -> ok

Processing 7pwy__1__1.A_1.B__1.I_1.J (proper chain: 1.J)
  Downloading https://files.rcsb.org/download/7pwy.cif
  Ligand written: /home/rquiroga/github/runs-n-poses/runs-n-poses-datasets/symmetry_corrected/7pwy__1__1.A_1.B__1.I_1.J/7pwy__1__1.A_1.B__1.I_1.J_ligand.pdb
  No symmetry contacts found — writing non-symm receptor only
  -> no_symmetry_contacts

Processing 7px0__1__1.B__1.T_1.W (proper chain: 1.T)
  Downloading https://files.rcsb.org/download/7px0.cif
  Ligand written: /home/rquiroga/github/runs-n-poses/runs-n-poses-datasets/symmetry_corrected/7px0__1__1.B__1.T_1.W/7px0__1__1.B__1.T_1.W_ligand.pdb
  No symmetry contacts found — writing non-symm receptor only
  -> no_symmetry_contacts

Processing 7pz1__1__1.A__1.D (proper chain: 1.D)
  Downloading https://files.rcsb.org/download/7pz1.cif
  Ligand written: /home/rquiroga/github/runs-n-poses/runs-n-poses-datasets/symmetry_corrected/7pz1__1__1.A__1.D/7pz1__1__1.A__1.D_ligand.pdb
  No symmetry contacts found — writing non-symm receptor only
  -> no_symmetry_contacts

Processing 7pzu__1__1.A__1.B_1.C (proper chain: 1.C)
  Downloading https://files.rcsb.org/download/7pzu.cif
  Ligand written: /home/rquiroga/github/runs-n-poses/runs-n-poses-datasets/symmetry_corrected/7pzu__1__1.A__1.B_1.C/7pzu__1__1.A__1.B_1.C_ligand.pdb
  No symmetry contacts found — writing non-symm receptor only
  -> no_symmetry_contacts

Processing 7pzv__1__1.A__1.B_1.C (proper chain: 1.C)
  Downloading https://files.rcsb.org/download/7pzv.cif
  Ligand written: /home/rquiroga/github/runs-n-poses/runs-n-poses-datasets/symmetry_corrected/7pzv__1__1.A__1.B_1.C/7pzv__1__1.A__1.B_1.C_ligand.pdb
  No symmetry contacts found — writing non-symm receptor only
  -> no_symmetry_contacts

Processing 7q29__1__1.A__1.G_1.I_1.J_1.O (proper chain: 1.I)
  Downloading https://files.rcsb.org/download/7q29.cif
  Ligand written: /home/rquiroga/github/runs-n-poses/runs-n-poses-datasets/symmetry_corrected/7q29__1__1.A__1.G_1.I_1.J_1.O/7q29__1__1.A__1.G_1.I_1.J_1.O_ligand.pdb
  No symmetry contacts found — writing non-symm receptor only
  -> no_symmetry_contacts

Processing 7q2o__1__1.A_1.B__1.D (proper chain: 1.D)
  Downloading https://files.rcsb.org/download/7q2o.cif
  Ligand written: /home/rquiroga/github/runs-n-poses/runs-n-poses-datasets/symmetry_corrected/7q2o__1__1.A_1.B__1.D/7q2o__1__1.A_1.B__1.D_ligand.pdb
  No symmetry contacts found — writing non-symm receptor only
  -> no_symmetry_contacts

Processing 7q4f__1__1.A_1.C__1.J (proper chain: 1.J)
  Downloading https://files.rcsb.org/download/7q4f.cif
  Ligand written: /home/rquiroga/github/runs-n-poses/runs-n-poses-datasets/symmetry_corrected/7q4f__1__1.A_1.C__1.J/7q4f__1__1.A_1.C__1.J_ligand.pdb
  No symmetry contacts found — writing non-symm receptor only
  -> no_symmetry_contacts

Processing 7q6f__1__1.A__1.C_1.D (proper chain: 1.C)
  Downloading https://files.rcsb.org/download/7q6f.cif
  Ligand written: /home/rquiroga/github/runs-n-poses/runs-n-poses-datasets/symmetry_corrected/7q6f__1__1.A__1.C_1.D/7q6f__1__1.A__1.C_1.D_ligand.pdb
  No symmetry contacts found — writing non-symm receptor only
  -> no_symmetry_contacts

Processing 7q6g__1__1.A__1.B_1.C (proper chain: 1.B)
  Downloading https://files.rcsb.org/download/7q6g.cif
  Ligand written: /home/rquiroga/github/runs-n-poses/runs-n-poses-datasets/symmetry_corrected/7q6g__1__1.A__1.B_1.C/7q6g__1__1.A__1.B_1.C_ligand.pdb
  No symmetry contacts found — writing non-symm receptor only
  -> no_symmetry_contacts

Processing 7q6v__1__1.A__1.E (proper chain: 1.E)
  Downloading https://files.rcsb.org/download/7q6v.cif
  Ligand written: /home/rquiroga/github/runs-n-poses/runs-n-poses-datasets/symmetry_corrected/7q6v__1__1.A__1.E/7q6v__1__1.A__1.E_ligand.pdb
  No symmetry contacts found — writing non-symm receptor only
  -> no_symmetry_contacts

Processing 7q6w__1__1.A__1.E (proper chain: 1.E)
  Downloading https://files.rcsb.org/download/7q6w.cif
  Ligand written: /home/rquiroga/github/runs-n-poses/runs-n-poses-datasets/symmetry_corrected/7q6w__1__1.A__1.E/7q6w__1__1.A__1.E_ligand.pdb
  Found 1 symmetry operations with contacts
  Receptor (symm) written: /home/rquiroga/github/runs-n-poses/runs-n-poses-datasets/symmetry_corrected/7q6w__1__1.A__1.E/7q6w__1__1.A__1.E_receptor_symm.pdb
  Total chains in output: 3
  -> ok

Processing 7q7c__1__1.A__1.B_1.C (proper chain: 1.C)
  Downloading https://files.rcsb.org/download/7q7c.cif
  Ligand written: /home/rquiroga/github/runs-n-poses/runs-n-poses-datasets/symmetry_corrected/7q7c__1__1.A__1.B_1.C/7q7c__1__1.A__1.B_1.C_ligand.pdb
  No symmetry contacts found — writing non-symm receptor only
  -> no_symmetry_contacts

Processing 7q7i__1__1.A__1.B (proper chain: 1.B)
  Downloading https://files.rcsb.org/download/7q7i.cif
  Ligand written: /home/rquiroga/github/runs-n-poses/runs-n-poses-datasets/symmetry_corrected/7q7i__1__1.A__1.B/7q7i__1__1.A__1.B_ligand.pdb
  No symmetry contacts found — writing non-symm receptor only
  -> no_symmetry_contacts

Processing 7q7k__1__1.A__1.B (proper chain: 1.B)
  Downloading https://files.rcsb.org/download/7q7k.cif
  Ligand written: /home/rquiroga/github/runs-n-poses/runs-n-poses-datasets/symmetry_corrected/7q7k__1__1.A__1.B/7q7k__1__1.A__1.B_ligand.pdb
  No symmetry contacts found — writing non-symm receptor only
  -> no_symmetry_contacts

Processing 7q7t__1__1.A_2.A__2.C (proper chain: 2.C)
  Downloading https://files.rcsb.org/download/7q7t.cif
  Ligand written: /home/rquiroga/github/runs-n-poses/runs-n-poses-datasets/symmetry_corrected/7q7t__1__1.A_2.A__2.C/7q7t__1__1.A_2.A__2.C_ligand.pdb
  Found 1 symmetry operations with contacts
  Receptor (symm) written: /home/rquiroga/github/runs-n-poses/runs-n-poses-datasets/symmetry_corrected/7q7t__1__1.A_2.A__2.C/7q7t__1__1.A_2.A__2.C_receptor_symm.pdb
  Total chains in output: 5
  -> ok

Processing 7q7v__1__1.A_2.A__2.B (proper chain: 2.B)
  Downloading https://files.rcsb.org/download/7q7v.cif
  Ligand written: /home/rquiroga/github/runs-n-poses/runs-n-poses-datasets/symmetry_corrected/7q7v__1__1.A_2.A__2.B/7q7v__1__1.A_2.A__2.B_ligand.pdb
  Found 1 symmetry operations with contacts
  Receptor (symm) written: /home/rquiroga/github/runs-n-poses/runs-n-poses-datasets/symmetry_corrected/7q7v__1__1.A_2.A__2.B/7q7v__1__1.A_2.A__2.B_receptor_symm.pdb
  Total chains in output: 5
  -> ok

Processing 7q8k__1__1.A__1.C_1.F_1.H (proper chain: 1.C)
  Downloading https://files.rcsb.org/download/7q8k.cif
  Ligand written: /home/rquiroga/github/runs-n-poses/runs-n-poses-datasets/symmetry_corrected/7q8k__1__1.A__1.C_1.F_1.H/7q8k__1__1.A__1.C_1.F_1.H_ligand.pdb
  No symmetry contacts found — writing non-symm receptor only
  -> no_symmetry_contacts

Processing 7q8q__1__1.A__1.C_1.E_1.J (proper chain: 1.C)
  Downloading https://files.rcsb.org/download/7q8q.cif
  Ligand written: /home/rquiroga/github/runs-n-poses/runs-n-poses-datasets/symmetry_corrected/7q8q__1__1.A__1.C_1.E_1.J/7q8q__1__1.A__1.C_1.E_1.J_ligand.pdb
  No symmetry contacts found — writing non-symm receptor only
  -> no_symmetry_contacts

Processing 7q8z__1__1.A__1.E (proper chain: 1.E)
  Downloading https://files.rcsb.org/download/7q8z.cif
  Ligand written: /home/rquiroga/github/runs-n-poses/runs-n-poses-datasets/symmetry_corrected/7q8z__1__1.A__1.E/7q8z__1__1.A__1.E_ligand.pdb
  No symmetry contacts found — writing non-symm receptor only
  -> no_symmetry_contacts

Processing 7q90__1__1.A__1.D (proper chain: 1.D)
  Downloading https://files.rcsb.org/download/7q90.cif
  Ligand written: /home/rquiroga/github/runs-n-poses/runs-n-poses-datasets/symmetry_corrected/7q90__1__1.A__1.D/7q90__1__1.A__1.D_ligand.pdb
  No symmetry contacts found — writing non-symm receptor only
  -> no_symmetry_contacts

Processing 7qa3__1__1.A__1.C (proper chain: 1.C)
  Downloading https://files.rcsb.org/download/7qa3.cif
  Ligand written: /home/rquiroga/github/runs-n-poses/runs-n-poses-datasets/symmetry_corrected/7qa3__1__1.A__1.C/7qa3__1__1.A__1.C_ligand.pdb
  No symmetry contacts found — writing non-symm receptor only
  -> no_symmetry_contacts

Processing 7qaa__1__1.B__1.D (proper chain: 1.D)
  Downloading https://files.rcsb.org/download/7qaa.cif
  Ligand written: /home/rquiroga/github/runs-n-poses/runs-n-poses-datasets/symmetry_corrected/7qaa__1__1.B__1.D/7qaa__1__1.B__1.D_ligand.pdb
  No symmetry contacts found — writing non-symm receptor only
  -> no_symmetry_contacts

Processing 7qan__1__1.A__1.C_1.D (proper chain: 1.C)
  Ligand written: /home/rquiroga/github/runs-n-poses/runs-n-poses-datasets/symmetry_corrected/7qan__1__1.A__1.C_1.D/7qan__1__1.A__1.C_1.D_ligand.pdb
  No symmetry contacts found — writing non-symm receptor only
  -> no_symmetry_contacts

Processing 7qdt__1__1.A__1.B (proper chain: 1.B)
  Downloading https://files.rcsb.org/download/7qdt.cif
  Ligand written: /home/rquiroga/github/runs-n-poses/runs-n-poses-datasets/symmetry_corrected/7qdt__1__1.A__1.B/7qdt__1__1.A__1.B_ligand.pdb
  Found 1 symmetry operations with contacts
  Receptor (symm) written: /home/rquiroga/github/runs-n-poses/runs-n-poses-datasets/symmetry_corrected/7qdt__1__1.A__1.B/7qdt__1__1.A__1.B_receptor_symm.pdb
  Total chains in output: 3
  -> ok

Processing 7qea__1__1.A__1.C (proper chain: 1.C)
  Downloading https://files.rcsb.org/download/7qea.cif
  Ligand written: /home/rquiroga/github/runs-n-poses/runs-n-poses-datasets/symmetry_corrected/7qea__1__1.A__1.C/7qea__1__1.A__1.C_ligand.pdb
  No symmetry contacts found — writing non-symm receptor only
  -> no_symmetry_contacts

Processing 7qei__1__1.A__1.B (proper chain: 1.B)
  Downloading https://files.rcsb.org/download/7qei.cif
  Ligand written: /home/rquiroga/github/runs-n-poses/runs-n-poses-datasets/symmetry_corrected/7qei__1__1.A__1.B/7qei__1__1.A__1.B_ligand.pdb
  No symmetry contacts found — writing non-symm receptor only
  -> no_symmetry_contacts

Processing 7qfe__1__1.A__1.D (proper chain: 1.D)
  Downloading https://files.rcsb.org/download/7qfe.cif
  Ligand written: /home/rquiroga/github/runs-n-poses/runs-n-poses-datasets/symmetry_corrected/7qfe__1__1.A__1.D/7qfe__1__1.A__1.D_ligand.pdb
  No symmetry contacts found — writing non-symm receptor only
  -> no_symmetry_contacts

Processing 7qfo__1__1.A_2.A__1.C_1.D (proper chain: 1.C)
  Downloading https://files.rcsb.org/download/7qfo.cif
  Ligand written: /home/rquiroga/github/runs-n-poses/runs-n-poses-datasets/symmetry_corrected/7qfo__1__1.A_2.A__1.C_1.D/7qfo__1__1.A_2.A__1.C_1.D_ligand.pdb
  Found 1 symmetry operations with contacts
  Receptor (symm) written: /home/rquiroga/github/runs-n-poses/runs-n-poses-datasets/symmetry_corrected/7qfo__1__1.A_2.A__1.C_1.D/7qfo__1__1.A_2.A__1.C_1.D_receptor_symm.pdb
  Total chains in output: 6
  -> ok

Processing 7qg1__1__1.A__1.C (proper chain: 1.C)
  Downloading https://files.rcsb.org/download/7qg1.cif
  Ligand written: /home/rquiroga/github/runs-n-poses/runs-n-poses-datasets/symmetry_corrected/7qg1__1__1.A__1.C/7qg1__1__1.A__1.C_ligand.pdb
  No symmetry contacts found — writing non-symm receptor only
  -> no_symmetry_contacts

Processing 7qg3__1__1.A__1.C (proper chain: 1.C)
  Downloading https://files.rcsb.org/download/7qg3.cif
  Ligand written: /home/rquiroga/github/runs-n-poses/runs-n-poses-datasets/symmetry_corrected/7qg3__1__1.A__1.C/7qg3__1__1.A__1.C_ligand.pdb
  No symmetry contacts found — writing non-symm receptor only
  -> no_symmetry_contacts

Processing 7qg5__1__1.A__1.C (proper chain: 1.C)
  Downloading https://files.rcsb.org/download/7qg5.cif
  Ligand written: /home/rquiroga/github/runs-n-poses/runs-n-poses-datasets/symmetry_corrected/7qg5__1__1.A__1.C/7qg5__1__1.A__1.C_ligand.pdb
  No symmetry contacts found — writing non-symm receptor only
  -> no_symmetry_contacts

Processing 7qgm__1__2.A__2.B_2.C_2.E (proper chain: 2.E)
  Downloading https://files.rcsb.org/download/7qgm.cif
  Ligand written: /home/rquiroga/github/runs-n-poses/runs-n-poses-datasets/symmetry_corrected/7qgm__1__2.A__2.B_2.C_2.E/7qgm__1__2.A__2.B_2.C_2.E_ligand.pdb
  No symmetry contacts found — writing non-symm receptor only
  -> no_symmetry_contacts

Processing 7qgt__1__1.B__1.F (proper chain: 1.F)
  Downloading https://files.rcsb.org/download/7qgt.cif
  Ligand written: /home/rquiroga/github/runs-n-poses/runs-n-poses-datasets/symmetry_corrected/7qgt__1__1.B__1.F/7qgt__1__1.B__1.F_ligand.pdb
  No symmetry contacts found — writing non-symm receptor only
  -> no_symmetry_contacts

Processing 7qgz__1__1.A__1.B_1.C (proper chain: 1.C)
  Downloading https://files.rcsb.org/download/7qgz.cif
  Ligand written: /home/rquiroga/github/runs-n-poses/runs-n-poses-datasets/symmetry_corrected/7qgz__1__1.A__1.B_1.C/7qgz__1__1.A__1.B_1.C_ligand.pdb
  No symmetry contacts found — writing non-symm receptor only
  -> no_symmetry_contacts

Processing 7qh1__1__1.A__1.E_1.F (proper chain: 1.F)
  Downloading https://files.rcsb.org/download/7qh1.cif
  Ligand written: /home/rquiroga/github/runs-n-poses/runs-n-poses-datasets/symmetry_corrected/7qh1__1__1.A__1.E_1.F/7qh1__1__1.A__1.E_1.F_ligand.pdb
  No symmetry contacts found — writing non-symm receptor only
  -> no_symmetry_contacts

Processing 7qhd__1__1.A__1.J_1.P (proper chain: 1.J)
  Downloading https://files.rcsb.org/download/7qhd.cif
  Ligand written: /home/rquiroga/github/runs-n-poses/runs-n-poses-datasets/symmetry_corrected/7qhd__1__1.A__1.J_1.P/7qhd__1__1.A__1.J_1.P_ligand.pdb
  No symmetry contacts found — writing non-symm receptor only
  -> no_symmetry_contacts

Processing 7qhe__1__1.A__1.I (proper chain: 1.I)
  Downloading https://files.rcsb.org/download/7qhe.cif
  Ligand written: /home/rquiroga/github/runs-n-poses/runs-n-poses-datasets/symmetry_corrected/7qhe__1__1.A__1.I/7qhe__1__1.A__1.I_ligand.pdb
  No symmetry contacts found — writing non-symm receptor only
  -> no_symmetry_contacts

Processing 7qhl__1__1.A__1.E (proper chain: 1.E)
  Downloading https://files.rcsb.org/download/7qhl.cif
  Ligand written: /home/rquiroga/github/runs-n-poses/runs-n-poses-datasets/symmetry_corrected/7qhl__1__1.A__1.E/7qhl__1__1.A__1.E_ligand.pdb
  No symmetry contacts found — writing non-symm receptor only
  -> no_symmetry_contacts

Processing 7qhz__1__1.A__1.B (proper chain: 1.B)
  Downloading https://files.rcsb.org/download/7qhz.cif
  Ligand written: /home/rquiroga/github/runs-n-poses/runs-n-poses-datasets/symmetry_corrected/7qhz__1__1.A__1.B/7qhz__1__1.A__1.B_ligand.pdb
  No symmetry contacts found — writing non-symm receptor only
  -> no_symmetry_contacts

Processing 7qi0__1__1.A__1.C (proper chain: 1.C)
  Downloading https://files.rcsb.org/download/7qi0.cif
  Ligand written: /home/rquiroga/github/runs-n-poses/runs-n-poses-datasets/symmetry_corrected/7qi0__1__1.A__1.C/7qi0__1__1.A__1.C_ligand.pdb
  No symmetry contacts found — writing non-symm receptor only
  -> no_symmetry_contacts

Processing 7qk0__1__1.A_2.A__1.B_2.E (proper chain: 1.B)
  Downloading https://files.rcsb.org/download/7qk0.cif
  Ligand written: /home/rquiroga/github/runs-n-poses/runs-n-poses-datasets/symmetry_corrected/7qk0__1__1.A_2.A__1.B_2.E/7qk0__1__1.A_2.A__1.B_2.E_ligand.pdb
  Found 1 symmetry operations with contacts
  Receptor (symm) written: /home/rquiroga/github/runs-n-poses/runs-n-poses-datasets/symmetry_corrected/7qk0__1__1.A_2.A__1.B_2.E/7qk0__1__1.A_2.A__1.B_2.E_receptor_symm.pdb
  Total chains in output: 6
  -> ok

Processing 7qnh__1__1.B__1.E_1.F (proper chain: 1.E)
  Downloading https://files.rcsb.org/download/7qnh.cif
  Ligand written: /home/rquiroga/github/runs-n-poses/runs-n-poses-datasets/symmetry_corrected/7qnh__1__1.B__1.E_1.F/7qnh__1__1.B__1.E_1.F_ligand.pdb
  No symmetry contacts found — writing non-symm receptor only
  -> no_symmetry_contacts

Processing 7qnn__1__1.A__1.C (proper chain: 1.C)
  Downloading https://files.rcsb.org/download/7qnn.cif
  Ligand written: /home/rquiroga/github/runs-n-poses/runs-n-poses-datasets/symmetry_corrected/7qnn__1__1.A__1.C/7qnn__1__1.A__1.C_ligand.pdb
  No symmetry contacts found — writing non-symm receptor only
  -> no_symmetry_contacts

Processing 7qoz__1__1.B__1.L_1.M (proper chain: 1.L)
  Downloading https://files.rcsb.org/download/7qoz.cif
  Ligand written: /home/rquiroga/github/runs-n-poses/runs-n-poses-datasets/symmetry_corrected/7qoz__1__1.B__1.L_1.M/7qoz__1__1.B__1.L_1.M_ligand.pdb
  No symmetry contacts found — writing non-symm receptor only
  -> no_symmetry_contacts

Processing 7qqa__1__1.A_1.B__1.H_1.I (proper chain: 1.H)
  Downloading https://files.rcsb.org/download/7qqa.cif
  Ligand written: /home/rquiroga/github/runs-n-poses/runs-n-poses-datasets/symmetry_corrected/7qqa__1__1.A_1.B__1.H_1.I/7qqa__1__1.A_1.B__1.H_1.I_ligand.pdb
  No symmetry contacts found — writing non-symm receptor only
  -> no_symmetry_contacts

Processing 7qrb__1__1.A__1.G (proper chain: 1.G)
  Downloading https://files.rcsb.org/download/7qrb.cif
  Ligand written: /home/rquiroga/github/runs-n-poses/runs-n-poses-datasets/symmetry_corrected/7qrb__1__1.A__1.G/7qrb__1__1.A__1.G_ligand.pdb
  No symmetry contacts found — writing non-symm receptor only
  -> no_symmetry_contacts

Processing 7qrc__1__1.A__1.D (proper chain: 1.D)
  Downloading https://files.rcsb.org/download/7qrc.cif
  Ligand written: /home/rquiroga/github/runs-n-poses/runs-n-poses-datasets/symmetry_corrected/7qrc__1__1.A__1.D/7qrc__1__1.A__1.D_ligand.pdb
  No symmetry contacts found — writing non-symm receptor only
  -> no_symmetry_contacts

Processing 7qrk__1__1.A__1.B_1.C_1.D (proper chain: 1.D)
  Downloading https://files.rcsb.org/download/7qrk.cif
  Ligand written: /home/rquiroga/github/runs-n-poses/runs-n-poses-datasets/symmetry_corrected/7qrk__1__1.A__1.B_1.C_1.D/7qrk__1__1.A__1.B_1.C_1.D_ligand.pdb
  No symmetry contacts found — writing non-symm receptor only
  -> no_symmetry_contacts

Processing 7qt2__1__1.A_1.B__1.E (proper chain: 1.E)
  Downloading https://files.rcsb.org/download/7qt2.cif
  Ligand written: /home/rquiroga/github/runs-n-poses/runs-n-poses-datasets/symmetry_corrected/7qt2__1__1.A_1.B__1.E/7qt2__1__1.A_1.B__1.E_ligand.pdb
  No symmetry contacts found — writing non-symm receptor only
  -> no_symmetry_contacts

Processing 7qt6__1__1.A__1.B (proper chain: 1.B)
  Downloading https://files.rcsb.org/download/7qt6.cif
  Ligand written: /home/rquiroga/github/runs-n-poses/runs-n-poses-datasets/symmetry_corrected/7qt6__1__1.A__1.B/7qt6__1__1.A__1.B_ligand.pdb
  No symmetry contacts found — writing non-symm receptor only
  -> no_symmetry_contacts

Processing 7qty__1__1.A__1.C (proper chain: 1.C)
  Downloading https://files.rcsb.org/download/7qty.cif
  Ligand written: /home/rquiroga/github/runs-n-poses/runs-n-poses-datasets/symmetry_corrected/7qty__1__1.A__1.C/7qty__1__1.A__1.C_ligand.pdb
  No symmetry contacts found — writing non-symm receptor only
  -> no_symmetry_contacts

Processing 7qv8__1__1.A__1.C_1.D (proper chain: 1.D)
  Downloading https://files.rcsb.org/download/7qv8.cif
  Ligand written: /home/rquiroga/github/runs-n-poses/runs-n-poses-datasets/symmetry_corrected/7qv8__1__1.A__1.C_1.D/7qv8__1__1.A__1.C_1.D_ligand.pdb
  Found 1 symmetry operations with contacts
  Receptor (symm) written: /home/rquiroga/github/runs-n-poses/runs-n-poses-datasets/symmetry_corrected/7qv8__1__1.A__1.C_1.D/7qv8__1__1.A__1.C_1.D_receptor_symm.pdb
  Total chains in output: 4
  -> ok

Processing 7qy9__1__1.A__1.C (proper chain: 1.C)
  Downloading https://files.rcsb.org/download/7qy9.cif
  Ligand written: /home/rquiroga/github/runs-n-poses/runs-n-poses-datasets/symmetry_corrected/7qy9__1__1.A__1.C/7qy9__1__1.A__1.C_ligand.pdb
  No symmetry contacts found — writing non-symm receptor only
  -> no_symmetry_contacts

Processing 7qyn__1__1.B__1.O (proper chain: 1.O)
  Downloading https://files.rcsb.org/download/7qyn.cif
  Ligand written: /home/rquiroga/github/runs-n-poses/runs-n-poses-datasets/symmetry_corrected/7qyn__1__1.B__1.O/7qyn__1__1.B__1.O_ligand.pdb
  No symmetry contacts found — writing non-symm receptor only
  -> no_symmetry_contacts

Processing 7r02__1__1.B__1.L (proper chain: 1.L)
  Downloading https://files.rcsb.org/download/7r02.cif
  Ligand written: /home/rquiroga/github/runs-n-poses/runs-n-poses-datasets/symmetry_corrected/7r02__1__1.B__1.L/7r02__1__1.B__1.L_ligand.pdb
  No symmetry contacts found — writing non-symm receptor only
  -> no_symmetry_contacts

Processing 7r0a__1__1.A__1.C (proper chain: 1.C)
  Downloading https://files.rcsb.org/download/7r0a.cif
  Ligand written: /home/rquiroga/github/runs-n-poses/runs-n-poses-datasets/symmetry_corrected/7r0a__1__1.A__1.C/7r0a__1__1.A__1.C_ligand.pdb
  No symmetry contacts found — writing non-symm receptor only
  -> no_symmetry_contacts

Processing 7r0d__1__1.A_1.B__1.E_1.F (proper chain: 1.E)
  Downloading https://files.rcsb.org/download/7r0d.cif
  Ligand written: /home/rquiroga/github/runs-n-poses/runs-n-poses-datasets/symmetry_corrected/7r0d__1__1.A_1.B__1.E_1.F/7r0d__1__1.A_1.B__1.E_1.F_ligand.pdb
  No symmetry contacts found — writing non-symm receptor only
  -> no_symmetry_contacts

Processing 7r26__1__1.A__1.B (proper chain: 1.B)
  Downloading https://files.rcsb.org/download/7r26.cif
  Ligand written: /home/rquiroga/github/runs-n-poses/runs-n-poses-datasets/symmetry_corrected/7r26__1__1.A__1.B/7r26__1__1.A__1.B_ligand.pdb
  No symmetry contacts found — writing non-symm receptor only
  -> no_symmetry_contacts

Processing 7r2v__1__1.A__1.C_1.D (proper chain: 1.C)
  Downloading https://files.rcsb.org/download/7r2v.cif
  Ligand written: /home/rquiroga/github/runs-n-poses/runs-n-poses-datasets/symmetry_corrected/7r2v__1__1.A__1.C_1.D/7r2v__1__1.A__1.C_1.D_ligand.pdb
  No symmetry contacts found — writing non-symm receptor only
  -> no_symmetry_contacts

Processing 7r2y__1__1.A_1.C__1.G_1.H (proper chain: 1.G)
  Downloading https://files.rcsb.org/download/7r2y.cif
  Ligand written: /home/rquiroga/github/runs-n-poses/runs-n-poses-datasets/symmetry_corrected/7r2y__1__1.A_1.C__1.G_1.H/7r2y__1__1.A_1.C__1.G_1.H_ligand.pdb
  No symmetry contacts found — writing non-symm receptor only
  -> no_symmetry_contacts

Processing 7r4a__1__1.A__1.C (proper chain: 1.C)
  Downloading https://files.rcsb.org/download/7r4a.cif
  Ligand written: /home/rquiroga/github/runs-n-poses/runs-n-poses-datasets/symmetry_corrected/7r4a__1__1.A__1.C/7r4a__1__1.A__1.C_ligand.pdb
  No symmetry contacts found — writing non-symm receptor only
  -> no_symmetry_contacts

Processing 7r4m__1__1.A_2.A__1.B_1.C (proper chain: 1.B)
  Downloading https://files.rcsb.org/download/7r4m.cif
  Ligand written: /home/rquiroga/github/runs-n-poses/runs-n-poses-datasets/symmetry_corrected/7r4m__1__1.A_2.A__1.B_1.C/7r4m__1__1.A_2.A__1.B_1.C_ligand.pdb
  Found 1 symmetry operations with contacts
  Receptor (symm) written: /home/rquiroga/github/runs-n-poses/runs-n-poses-datasets/symmetry_corrected/7r4m__1__1.A_2.A__1.B_1.C/7r4m__1__1.A_2.A__1.B_1.C_receptor_symm.pdb
  Total chains in output: 6
  -> ok

Processing 7r5d__1__1.A__1.C (proper chain: 1.C)
  Downloading https://files.rcsb.org/download/7r5d.cif
  Ligand written: /home/rquiroga/github/runs-n-poses/runs-n-poses-datasets/symmetry_corrected/7r5d__1__1.A__1.C/7r5d__1__1.A__1.C_ligand.pdb
  Found 1 symmetry operations with contacts
  Receptor (symm) written: /home/rquiroga/github/runs-n-poses/runs-n-poses-datasets/symmetry_corrected/7r5d__1__1.A__1.C/7r5d__1__1.A__1.C_receptor_symm.pdb
  Total chains in output: 3
  -> ok

Processing 7r6g__1__1.A__1.C (proper chain: 1.C)
  Downloading https://files.rcsb.org/download/7r6g.cif
  Ligand written: /home/rquiroga/github/runs-n-poses/runs-n-poses-datasets/symmetry_corrected/7r6g__1__1.A__1.C/7r6g__1__1.A__1.C_ligand.pdb
  No symmetry contacts found — writing non-symm receptor only
  -> no_symmetry_contacts

Processing 7r6z__1__1.A__1.C_1.E_1.F (proper chain: 1.C)
  Downloading https://files.rcsb.org/download/7r6z.cif
  Ligand written: /home/rquiroga/github/runs-n-poses/runs-n-poses-datasets/symmetry_corrected/7r6z__1__1.A__1.C_1.E_1.F/7r6z__1__1.A__1.C_1.E_1.F_ligand.pdb
  No symmetry contacts found — writing non-symm receptor only
  -> no_symmetry_contacts

Processing 7r7e__1__1.A__1.C_1.D_1.F (proper chain: 1.C)
  Downloading https://files.rcsb.org/download/7r7e.cif
  Ligand written: /home/rquiroga/github/runs-n-poses/runs-n-poses-datasets/symmetry_corrected/7r7e__1__1.A__1.C_1.D_1.F/7r7e__1__1.A__1.C_1.D_1.F_ligand.pdb
  No symmetry contacts found — writing non-symm receptor only
  -> no_symmetry_contacts

Processing 7r7l__1__1.A__1.C (proper chain: 1.C)
  Downloading https://files.rcsb.org/download/7r7l.cif
  Ligand written: /home/rquiroga/github/runs-n-poses/runs-n-poses-datasets/symmetry_corrected/7r7l__1__1.A__1.C/7r7l__1__1.A__1.C_ligand.pdb
  No symmetry contacts found — writing non-symm receptor only
  -> no_symmetry_contacts

Processing 7r7r__1__1.A__1.B (proper chain: 1.B)
  Downloading https://files.rcsb.org/download/7r7r.cif
  Ligand written: /home/rquiroga/github/runs-n-poses/runs-n-poses-datasets/symmetry_corrected/7r7r__1__1.A__1.B/7r7r__1__1.A__1.B_ligand.pdb
  No symmetry contacts found — writing non-symm receptor only
  -> no_symmetry_contacts

Processing 7r9n__1__1.B__1.E (proper chain: 1.E)
  Downloading https://files.rcsb.org/download/7r9n.cif
  Ligand written: /home/rquiroga/github/runs-n-poses/runs-n-poses-datasets/symmetry_corrected/7r9n__1__1.B__1.E/7r9n__1__1.B__1.E_ligand.pdb
  No symmetry contacts found — writing non-symm receptor only
  -> no_symmetry_contacts

Processing 7r9p__1__1.A__1.C (proper chain: 1.C)
  Downloading https://files.rcsb.org/download/7r9p.cif
  Ligand written: /home/rquiroga/github/runs-n-poses/runs-n-poses-datasets/symmetry_corrected/7r9p__1__1.A__1.C/7r9p__1__1.A__1.C_ligand.pdb
  No symmetry contacts found — writing non-symm receptor only
  -> no_symmetry_contacts

Processing 7r9t__1__1.A__1.C (proper chain: 1.C)
  Downloading https://files.rcsb.org/download/7r9t.cif
  Ligand written: /home/rquiroga/github/runs-n-poses/runs-n-poses-datasets/symmetry_corrected/7r9t__1__1.A__1.C/7r9t__1__1.A__1.C_ligand.pdb
  No symmetry contacts found — writing non-symm receptor only
  -> no_symmetry_contacts

Processing 7rae__1__1.A__1.C (proper chain: 1.C)
  Downloading https://files.rcsb.org/download/7rae.cif
  Ligand written: /home/rquiroga/github/runs-n-poses/runs-n-poses-datasets/symmetry_corrected/7rae__1__1.A__1.C/7rae__1__1.A__1.C_ligand.pdb
  No symmetry contacts found — writing non-symm receptor only
  -> no_symmetry_contacts

Processing 7raf__1__1.A__1.C (proper chain: 1.C)
  Downloading https://files.rcsb.org/download/7raf.cif
  Ligand written: /home/rquiroga/github/runs-n-poses/runs-n-poses-datasets/symmetry_corrected/7raf__1__1.A__1.C/7raf__1__1.A__1.C_ligand.pdb
  No symmetry contacts found — writing non-symm receptor only
  -> no_symmetry_contacts

Processing 7rbw__1__1.A__1.C (proper chain: 1.C)
  Downloading https://files.rcsb.org/download/7rbw.cif
  Ligand written: /home/rquiroga/github/runs-n-poses/runs-n-poses-datasets/symmetry_corrected/7rbw__1__1.A__1.C/7rbw__1__1.A__1.C_ligand.pdb
  No symmetry contacts found — writing non-symm receptor only
  -> no_symmetry_contacts

Processing 7rc9__1__1.A_1.B__1.X (proper chain: 1.X)
  Downloading https://files.rcsb.org/download/7rc9.cif
  Ligand written: /home/rquiroga/github/runs-n-poses/runs-n-poses-datasets/symmetry_corrected/7rc9__1__1.A_1.B__1.X/7rc9__1__1.A_1.B__1.X_ligand.pdb
  No symmetry contacts found — writing non-symm receptor only
  -> no_symmetry_contacts

Processing 7rck__1__1.A__1.C_1.D (proper chain: 1.C)
  Downloading https://files.rcsb.org/download/7rck.cif
  Ligand written: /home/rquiroga/github/runs-n-poses/runs-n-poses-datasets/symmetry_corrected/7rck__1__1.A__1.C_1.D/7rck__1__1.A__1.C_1.D_ligand.pdb
  No symmetry contacts found — writing non-symm receptor only
  -> no_symmetry_contacts

Processing 7rdp__1__1.A__1.B (proper chain: 1.B)
  Downloading https://files.rcsb.org/download/7rdp.cif
  Ligand written: /home/rquiroga/github/runs-n-poses/runs-n-poses-datasets/symmetry_corrected/7rdp__1__1.A__1.B/7rdp__1__1.A__1.B_ligand.pdb
  Found 1 symmetry operations with contacts
  Receptor (symm) written: /home/rquiroga/github/runs-n-poses/runs-n-poses-datasets/symmetry_corrected/7rdp__1__1.A__1.B/7rdp__1__1.A__1.B_receptor_symm.pdb
  Total chains in output: 3
  -> ok

Processing 7rf9__1__1.A_1.B__1.G (proper chain: 1.G)
  Downloading https://files.rcsb.org/download/7rf9.cif
  Ligand written: /home/rquiroga/github/runs-n-poses/runs-n-poses-datasets/symmetry_corrected/7rf9__1__1.A_1.B__1.G/7rf9__1__1.A_1.B__1.G_ligand.pdb
  No symmetry contacts found — writing non-symm receptor only
  -> no_symmetry_contacts

Processing 7rh1__1__1.A__1.D (proper chain: 1.D)
  Downloading https://files.rcsb.org/download/7rh1.cif
  Ligand written: /home/rquiroga/github/runs-n-poses/runs-n-poses-datasets/symmetry_corrected/7rh1__1__1.A__1.D/7rh1__1__1.A__1.D_ligand.pdb
  Found 1 symmetry operations with contacts
  Receptor (symm) written: /home/rquiroga/github/runs-n-poses/runs-n-poses-datasets/symmetry_corrected/7rh1__1__1.A__1.D/7rh1__1__1.A__1.D_receptor_symm.pdb
  Total chains in output: 3
  -> ok

Processing 7rh3__1__1.A__1.C (proper chain: 1.C)
  Downloading https://files.rcsb.org/download/7rh3.cif
  Ligand written: /home/rquiroga/github/runs-n-poses/runs-n-poses-datasets/symmetry_corrected/7rh3__1__1.A__1.C/7rh3__1__1.A__1.C_ligand.pdb
  No symmetry contacts found — writing non-symm receptor only
  -> no_symmetry_contacts

Processing 7rh4__1__1.A__1.C (proper chain: 1.C)
  Downloading https://files.rcsb.org/download/7rh4.cif
  Ligand written: /home/rquiroga/github/runs-n-poses/runs-n-poses-datasets/symmetry_corrected/7rh4__1__1.A__1.C/7rh4__1__1.A__1.C_ligand.pdb
  No symmetry contacts found — writing non-symm receptor only
  -> no_symmetry_contacts

Processing 7rke__1__1.A__1.E (proper chain: 1.E)
  Downloading https://files.rcsb.org/download/7rke.cif
  Ligand written: /home/rquiroga/github/runs-n-poses/runs-n-poses-datasets/symmetry_corrected/7rke__1__1.A__1.E/7rke__1__1.A__1.E_ligand.pdb
  No symmetry contacts found — writing non-symm receptor only
  -> no_symmetry_contacts

Processing 7rl2__1__1.A__1.C (proper chain: 1.C)
  Downloading https://files.rcsb.org/download/7rl2.cif
  Ligand written: /home/rquiroga/github/runs-n-poses/runs-n-poses-datasets/symmetry_corrected/7rl2__1__1.A__1.C/7rl2__1__1.A__1.C_ligand.pdb
  No symmetry contacts found — writing non-symm receptor only
  -> no_symmetry_contacts

Processing 7rls__1__1.A_2.A__2.B (proper chain: 2.B)
  Downloading https://files.rcsb.org/download/7rls.cif
  Ligand written: /home/rquiroga/github/runs-n-poses/runs-n-poses-datasets/symmetry_corrected/7rls__1__1.A_2.A__2.B/7rls__1__1.A_2.A__2.B_ligand.pdb
  Found 1 symmetry operations with contacts
  Receptor (symm) written: /home/rquiroga/github/runs-n-poses/runs-n-poses-datasets/symmetry_corrected/7rls__1__1.A_2.A__2.B/7rls__1__1.A_2.A__2.B_receptor_symm.pdb
  Total chains in output: 5
  -> ok

Processing 7rmb__1__1.A_2.A__2.B (proper chain: 2.B)
  Downloading https://files.rcsb.org/download/7rmb.cif
  Ligand written: /home/rquiroga/github/runs-n-poses/runs-n-poses-datasets/symmetry_corrected/7rmb__1__1.A_2.A__2.B/7rmb__1__1.A_2.A__2.B_ligand.pdb
  Found 1 symmetry operations with contacts
  Receptor (symm) written: /home/rquiroga/github/runs-n-poses/runs-n-poses-datasets/symmetry_corrected/7rmb__1__1.A_2.A__2.B/7rmb__1__1.A_2.A__2.B_receptor_symm.pdb
  Total chains in output: 5
  -> ok

Processing 7rmw__1__1.A__1.G (proper chain: 1.G)
  Downloading https://files.rcsb.org/download/7rmw.cif
  Ligand written: /home/rquiroga/github/runs-n-poses/runs-n-poses-datasets/symmetry_corrected/7rmw__1__1.A__1.G/7rmw__1__1.A__1.G_ligand.pdb
  No symmetry contacts found — writing non-symm receptor only
  -> no_symmetry_contacts

Processing 7rn4__1__1.A_2.A__2.B (proper chain: 2.B)
  Downloading https://files.rcsb.org/download/7rn4.cif
  Ligand written: /home/rquiroga/github/runs-n-poses/runs-n-poses-datasets/symmetry_corrected/7rn4__1__1.A_2.A__2.B/7rn4__1__1.A_2.A__2.B_ligand.pdb
  Found 1 symmetry operations with contacts
  Receptor (symm) written: /home/rquiroga/github/runs-n-poses/runs-n-poses-datasets/symmetry_corrected/7rn4__1__1.A_2.A__2.B/7rn4__1__1.A_2.A__2.B_receptor_symm.pdb
  Total chains in output: 5
  -> ok

Processing 7rnk__1__1.A_2.A__2.B (proper chain: 2.B)
  Downloading https://files.rcsb.org/download/7rnk.cif
  Ligand written: /home/rquiroga/github/runs-n-poses/runs-n-poses-datasets/symmetry_corrected/7rnk__1__1.A_2.A__2.B/7rnk__1__1.A_2.A__2.B_ligand.pdb
  Found 1 symmetry operations with contacts
  Receptor (symm) written: /home/rquiroga/github/runs-n-poses/runs-n-poses-datasets/symmetry_corrected/7rnk__1__1.A_2.A__2.B/7rnk__1__1.A_2.A__2.B_receptor_symm.pdb
  Total chains in output: 5
  -> ok

Processing 7rnm__1__1.B__1.F (proper chain: 1.F)
  Downloading https://files.rcsb.org/download/7rnm.cif
  Ligand written: /home/rquiroga/github/runs-n-poses/runs-n-poses-datasets/symmetry_corrected/7rnm__1__1.B__1.F/7rnm__1__1.B__1.F_ligand.pdb
  No symmetry contacts found — writing non-symm receptor only
  -> no_symmetry_contacts

Processing 7rnp__1__1.A__1.E (proper chain: 1.E)
  Downloading https://files.rcsb.org/download/7rnp.cif
  Ligand written: /home/rquiroga/github/runs-n-poses/runs-n-poses-datasets/symmetry_corrected/7rnp__1__1.A__1.E/7rnp__1__1.A__1.E_ligand.pdb
  No symmetry contacts found — writing non-symm receptor only
  -> no_symmetry_contacts

Processing 7rof__1__1.A__1.E (proper chain: 1.E)
  Downloading https://files.rcsb.org/download/7rof.cif
  Ligand written: /home/rquiroga/github/runs-n-poses/runs-n-poses-datasets/symmetry_corrected/7rof__1__1.A__1.E/7rof__1__1.A__1.E_ligand.pdb
  No symmetry contacts found — writing non-symm receptor only
  -> no_symmetry_contacts

Processing 7ror__1__1.A__1.C_1.D (proper chain: 1.C)
  Downloading https://files.rcsb.org/download/7ror.cif
  Ligand written: /home/rquiroga/github/runs-n-poses/runs-n-poses-datasets/symmetry_corrected/7ror__1__1.A__1.C_1.D/7ror__1__1.A__1.C_1.D_ligand.pdb
  No symmetry contacts found — writing non-symm receptor only
  -> no_symmetry_contacts

Processing 7ros__1__1.A__1.C (proper chain: 1.C)
  Downloading https://files.rcsb.org/download/7ros.cif
  Ligand written: /home/rquiroga/github/runs-n-poses/runs-n-poses-datasets/symmetry_corrected/7ros__1__1.A__1.C/7ros__1__1.A__1.C_ligand.pdb
  No symmetry contacts found — writing non-symm receptor only
  -> no_symmetry_contacts

Processing 7rq0__1__1.A_1.B__1.L (proper chain: 1.L)
  Downloading https://files.rcsb.org/download/7rq0.cif
  Ligand written: /home/rquiroga/github/runs-n-poses/runs-n-poses-datasets/symmetry_corrected/7rq0__1__1.A_1.B__1.L/7rq0__1__1.A_1.B__1.L_ligand.pdb
  No symmetry contacts found — writing non-symm receptor only
  -> no_symmetry_contacts

Processing 7rrb__1__1.A__1.C (proper chain: 1.C)
  Downloading https://files.rcsb.org/download/7rrb.cif
  Ligand written: /home/rquiroga/github/runs-n-poses/runs-n-poses-datasets/symmetry_corrected/7rrb__1__1.A__1.C/7rrb__1__1.A__1.C_ligand.pdb
  No symmetry contacts found — writing non-symm receptor only
  -> no_symmetry_contacts

Processing 7rrc__1__1.A__1.C (proper chain: 1.C)
  Downloading https://files.rcsb.org/download/7rrc.cif
  Ligand written: /home/rquiroga/github/runs-n-poses/runs-n-poses-datasets/symmetry_corrected/7rrc__1__1.A__1.C/7rrc__1__1.A__1.C_ligand.pdb
  No symmetry contacts found — writing non-symm receptor only
  -> no_symmetry_contacts

Processing 7rre__1__1.A__1.B_1.C_1.D (proper chain: 1.B)
  Downloading https://files.rcsb.org/download/7rre.cif
  Ligand written: /home/rquiroga/github/runs-n-poses/runs-n-poses-datasets/symmetry_corrected/7rre__1__1.A__1.B_1.C_1.D/7rre__1__1.A__1.B_1.C_1.D_ligand.pdb
  No symmetry contacts found — writing non-symm receptor only
  -> no_symmetry_contacts

Processing 7rsp__1__1.A__1.C_1.D (proper chain: 1.D)
  Downloading https://files.rcsb.org/download/7rsp.cif
  Ligand written: /home/rquiroga/github/runs-n-poses/runs-n-poses-datasets/symmetry_corrected/7rsp__1__1.A__1.C_1.D/7rsp__1__1.A__1.C_1.D_ligand.pdb
  No symmetry contacts found — writing non-symm receptor only
  -> no_symmetry_contacts

Processing 7rst__1__1.A__1.E_1.F (proper chain: 1.F)
  Downloading https://files.rcsb.org/download/7rst.cif
  Ligand written: /home/rquiroga/github/runs-n-poses/runs-n-poses-datasets/symmetry_corrected/7rst__1__1.A__1.E_1.F/7rst__1__1.A__1.E_1.F_ligand.pdb
  No symmetry contacts found — writing non-symm receptor only
  -> no_symmetry_contacts

Processing 7rsv__1__1.A__1.C_1.D (proper chain: 1.C)
  Downloading https://files.rcsb.org/download/7rsv.cif
  Ligand written: /home/rquiroga/github/runs-n-poses/runs-n-poses-datasets/symmetry_corrected/7rsv__1__1.A__1.C_1.D/7rsv__1__1.A__1.C_1.D_ligand.pdb
  No symmetry contacts found — writing non-symm receptor only
  -> no_symmetry_contacts

Processing 7rwe__1__1.A__1.B (proper chain: 1.B)
  Downloading https://files.rcsb.org/download/7rwe.cif
  Ligand written: /home/rquiroga/github/runs-n-poses/runs-n-poses-datasets/symmetry_corrected/7rwe__1__1.A__1.B/7rwe__1__1.A__1.B_ligand.pdb
  No symmetry contacts found — writing non-symm receptor only
  -> no_symmetry_contacts

Processing 7rwf__1__1.A__1.C (proper chain: 1.C)
  Downloading https://files.rcsb.org/download/7rwf.cif
  Ligand written: /home/rquiroga/github/runs-n-poses/runs-n-poses-datasets/symmetry_corrected/7rwf__1__1.A__1.C/7rwf__1__1.A__1.C_ligand.pdb
  No symmetry contacts found — writing non-symm receptor only
  -> no_symmetry_contacts

Processing 7rxo__1__1.A__1.C (proper chain: 1.C)
  Downloading https://files.rcsb.org/download/7rxo.cif
  Ligand written: /home/rquiroga/github/runs-n-poses/runs-n-poses-datasets/symmetry_corrected/7rxo__1__1.A__1.C/7rxo__1__1.A__1.C_ligand.pdb
  No symmetry contacts found — writing non-symm receptor only
  -> no_symmetry_contacts

Processing 7s14__1__1.A_1.B__1.E_1.K (proper chain: 1.E)
  Downloading https://files.rcsb.org/download/7s14.cif
  Ligand written: /home/rquiroga/github/runs-n-poses/runs-n-poses-datasets/symmetry_corrected/7s14__1__1.A_1.B__1.E_1.K/7s14__1__1.A_1.B__1.E_1.K_ligand.pdb
  No symmetry contacts found — writing non-symm receptor only
  -> no_symmetry_contacts

Processing 7s1c__1__1.A__1.C (proper chain: 1.C)
  Downloading https://files.rcsb.org/download/7s1c.cif
  Ligand written: /home/rquiroga/github/runs-n-poses/runs-n-poses-datasets/symmetry_corrected/7s1c__1__1.A__1.C/7s1c__1__1.A__1.C_ligand.pdb
  No symmetry contacts found — writing non-symm receptor only
  -> no_symmetry_contacts

Processing 7s1d__1__1.A__1.C (proper chain: 1.C)
  Downloading https://files.rcsb.org/download/7s1d.cif
  Ligand written: /home/rquiroga/github/runs-n-poses/runs-n-poses-datasets/symmetry_corrected/7s1d__1__1.A__1.C/7s1d__1__1.A__1.C_ligand.pdb
  No symmetry contacts found — writing non-symm receptor only
  -> no_symmetry_contacts

Processing 7s6u__1__1.A__1.B (proper chain: 1.B)
  Downloading https://files.rcsb.org/download/7s6u.cif
  Ligand written: /home/rquiroga/github/runs-n-poses/runs-n-poses-datasets/symmetry_corrected/7s6u__1__1.A__1.B/7s6u__1__1.A__1.B_ligand.pdb
  No symmetry contacts found — writing non-symm receptor only
  -> no_symmetry_contacts

Processing 7s6v__1__1.A__1.B (proper chain: 1.B)
  Downloading https://files.rcsb.org/download/7s6v.cif
  Ligand written: /home/rquiroga/github/runs-n-poses/runs-n-poses-datasets/symmetry_corrected/7s6v__1__1.A__1.B/7s6v__1__1.A__1.B_ligand.pdb
  No symmetry contacts found — writing non-symm receptor only
  -> no_symmetry_contacts

Processing 7s7t__1__1.A__1.B (proper chain: 1.B)
  Downloading https://files.rcsb.org/download/7s7t.cif
  Ligand written: /home/rquiroga/github/runs-n-poses/runs-n-poses-datasets/symmetry_corrected/7s7t__1__1.A__1.B/7s7t__1__1.A__1.B_ligand.pdb
  No symmetry contacts found — writing non-symm receptor only
  -> no_symmetry_contacts

Processing 7s7x__1__1.A__1.D (proper chain: 1.D)
  Downloading https://files.rcsb.org/download/7s7x.cif
  Ligand written: /home/rquiroga/github/runs-n-poses/runs-n-poses-datasets/symmetry_corrected/7s7x__1__1.A__1.D/7s7x__1__1.A__1.D_ligand.pdb
  No symmetry contacts found — writing non-symm receptor only
  -> no_symmetry_contacts

Processing 7s84__1__1.A__1.B (proper chain: 1.B)
  Downloading https://files.rcsb.org/download/7s84.cif
  Ligand written: /home/rquiroga/github/runs-n-poses/runs-n-poses-datasets/symmetry_corrected/7s84__1__1.A__1.B/7s84__1__1.A__1.B_ligand.pdb
  No symmetry contacts found — writing non-symm receptor only
  -> no_symmetry_contacts

Processing 7sa0__1__1.A__1.F (proper chain: 1.F)
  Downloading https://files.rcsb.org/download/7sa0.cif
  Ligand written: /home/rquiroga/github/runs-n-poses/runs-n-poses-datasets/symmetry_corrected/7sa0__1__1.A__1.F/7sa0__1__1.A__1.F_ligand.pdb
  No symmetry contacts found — writing non-symm receptor only
  -> no_symmetry_contacts

Processing 7scr__1__1.E__1.K (proper chain: 1.K)
  Downloading https://files.rcsb.org/download/7scr.cif
  Ligand written: /home/rquiroga/github/runs-n-poses/runs-n-poses-datasets/symmetry_corrected/7scr__1__1.E__1.K/7scr__1__1.E__1.K_ligand.pdb
  No symmetry contacts found — writing non-symm receptor only
  -> no_symmetry_contacts

Processing 7scw__1__1.A_1.B__1.C_1.D (proper chain: 1.D)
  Downloading https://files.rcsb.org/download/7scw.cif
  Ligand written: /home/rquiroga/github/runs-n-poses/runs-n-poses-datasets/symmetry_corrected/7scw__1__1.A_1.B__1.C_1.D/7scw__1__1.A_1.B__1.C_1.D_ligand.pdb
  No symmetry contacts found — writing non-symm receptor only
  -> no_symmetry_contacts

Processing 7sdd__1__2.A__2.B (proper chain: 2.B)
  Downloading https://files.rcsb.org/download/7sdd.cif
  Ligand written: /home/rquiroga/github/runs-n-poses/runs-n-poses-datasets/symmetry_corrected/7sdd__1__2.A__2.B/7sdd__1__2.A__2.B_ligand.pdb
  No symmetry contacts found — writing non-symm receptor only
  -> no_symmetry_contacts

Processing 7sdr__1__1.A__1.D (proper chain: 1.D)
  Downloading https://files.rcsb.org/download/7sdr.cif
  Ligand written: /home/rquiroga/github/runs-n-poses/runs-n-poses-datasets/symmetry_corrected/7sdr__1__1.A__1.D/7sdr__1__1.A__1.D_ligand.pdb
  No symmetry contacts found — writing non-symm receptor only
  -> no_symmetry_contacts

Processing 7se9__1__1.A__1.C_1.D (proper chain: 1.C)
  Downloading https://files.rcsb.org/download/7se9.cif
  Ligand written: /home/rquiroga/github/runs-n-poses/runs-n-poses-datasets/symmetry_corrected/7se9__1__1.A__1.C_1.D/7se9__1__1.A__1.C_1.D_ligand.pdb
  No symmetry contacts found — writing non-symm receptor only
  -> no_symmetry_contacts

Processing 7sec__1__1.A__1.D_1.G (proper chain: 1.D)
  Downloading https://files.rcsb.org/download/7sec.cif
  Ligand written: /home/rquiroga/github/runs-n-poses/runs-n-poses-datasets/symmetry_corrected/7sec__1__1.A__1.D_1.G/7sec__1__1.A__1.D_1.G_ligand.pdb
  Found 1 symmetry operations with contacts
  Receptor (symm) written: /home/rquiroga/github/runs-n-poses/runs-n-poses-datasets/symmetry_corrected/7sec__1__1.A__1.D_1.G/7sec__1__1.A__1.D_1.G_receptor_symm.pdb
  Total chains in output: 4
  -> ok

Processing 7sel__1__1.A__1.C (proper chain: 1.C)
  Downloading https://files.rcsb.org/download/7sel.cif
  Ligand written: /home/rquiroga/github/runs-n-poses/runs-n-poses-datasets/symmetry_corrected/7sel__1__1.A__1.C/7sel__1__1.A__1.C_ligand.pdb
  No symmetry contacts found — writing non-symm receptor only
  -> no_symmetry_contacts

Processing 7sez__1__1.A__1.B (proper chain: 1.B)
  Downloading https://files.rcsb.org/download/7sez.cif
  Ligand written: /home/rquiroga/github/runs-n-poses/runs-n-poses-datasets/symmetry_corrected/7sez__1__1.A__1.B/7sez__1__1.A__1.B_ligand.pdb
  No symmetry contacts found — writing non-symm receptor only
  -> no_symmetry_contacts

Processing 7sfo__1__1.A__1.E (proper chain: 1.E)
  Downloading https://files.rcsb.org/download/7sfo.cif
  Ligand written: /home/rquiroga/github/runs-n-poses/runs-n-poses-datasets/symmetry_corrected/7sfo__1__1.A__1.E/7sfo__1__1.A__1.E_ligand.pdb
  No symmetry contacts found — writing non-symm receptor only
  -> no_symmetry_contacts

Processing 7sgg__1__1.A__1.B_1.D (proper chain: 1.B)
  Downloading https://files.rcsb.org/download/7sgg.cif
  Ligand written: /home/rquiroga/github/runs-n-poses/runs-n-poses-datasets/symmetry_corrected/7sgg__1__1.A__1.B_1.D/7sgg__1__1.A__1.B_1.D_ligand.pdb
  No symmetry contacts found — writing non-symm receptor only
  -> no_symmetry_contacts

Processing 7sgi__1__1.A__1.B_1.C (proper chain: 1.B)
  Downloading https://files.rcsb.org/download/7sgi.cif
  Ligand written: /home/rquiroga/github/runs-n-poses/runs-n-poses-datasets/symmetry_corrected/7sgi__1__1.A__1.B_1.C/7sgi__1__1.A__1.B_1.C_ligand.pdb
  No symmetry contacts found — writing non-symm receptor only
  -> no_symmetry_contacts

Processing 7sgj__1__1.A__1.B_1.E (proper chain: 1.B)
  Downloading https://files.rcsb.org/download/7sgj.cif
  Ligand written: /home/rquiroga/github/runs-n-poses/runs-n-poses-datasets/symmetry_corrected/7sgj__1__1.A__1.B_1.E/7sgj__1__1.A__1.B_1.E_ligand.pdb
  No symmetry contacts found — writing non-symm receptor only
  -> no_symmetry_contacts

Processing 7sgk__1__1.A__1.B_1.C (proper chain: 1.B)
  Downloading https://files.rcsb.org/download/7sgk.cif
  Ligand written: /home/rquiroga/github/runs-n-poses/runs-n-poses-datasets/symmetry_corrected/7sgk__1__1.A__1.B_1.C/7sgk__1__1.A__1.B_1.C_ligand.pdb
  No symmetry contacts found — writing non-symm receptor only
  -> no_symmetry_contacts

Processing 7sh0__1__1.A__1.C_1.D_1.H (proper chain: 1.D)
  Downloading https://files.rcsb.org/download/7sh0.cif
  Ligand written: /home/rquiroga/github/runs-n-poses/runs-n-poses-datasets/symmetry_corrected/7sh0__1__1.A__1.C_1.D_1.H/7sh0__1__1.A__1.C_1.D_1.H_ligand.pdb
  No symmetry contacts found — writing non-symm receptor only
  -> no_symmetry_contacts

Processing 7sh1__1__1.A__1.C_1.J (proper chain: 1.C)
  Downloading https://files.rcsb.org/download/7sh1.cif
  Ligand written: /home/rquiroga/github/runs-n-poses/runs-n-poses-datasets/symmetry_corrected/7sh1__1__1.A__1.C_1.J/7sh1__1__1.A__1.C_1.J_ligand.pdb
  No symmetry contacts found — writing non-symm receptor only
  -> no_symmetry_contacts

Processing 7shh__1__1.A__1.E (proper chain: 1.E)
  Downloading https://files.rcsb.org/download/7shh.cif
  Ligand written: /home/rquiroga/github/runs-n-poses/runs-n-poses-datasets/symmetry_corrected/7shh__1__1.A__1.E/7shh__1__1.A__1.E_ligand.pdb
  No symmetry contacts found — writing non-symm receptor only
  -> no_symmetry_contacts

Processing 7si4__1__1.A__1.B (proper chain: 1.B)
  Downloading https://files.rcsb.org/download/7si4.cif
  Ligand written: /home/rquiroga/github/runs-n-poses/runs-n-poses-datasets/symmetry_corrected/7si4__1__1.A__1.B/7si4__1__1.A__1.B_ligand.pdb
  No symmetry contacts found — writing non-symm receptor only
  -> no_symmetry_contacts

Processing 7si5__1__1.A__1.D (proper chain: 1.D)
  Downloading https://files.rcsb.org/download/7si5.cif
  Ligand written: /home/rquiroga/github/runs-n-poses/runs-n-poses-datasets/symmetry_corrected/7si5__1__1.A__1.D/7si5__1__1.A__1.D_ligand.pdb
  No symmetry contacts found — writing non-symm receptor only
  -> no_symmetry_contacts

Processing 7sia__1__1.A_1.B__1.C (proper chain: 1.C)
  Downloading https://files.rcsb.org/download/7sia.cif
  Ligand written: /home/rquiroga/github/runs-n-poses/runs-n-poses-datasets/symmetry_corrected/7sia__1__1.A_1.B__1.C/7sia__1__1.A_1.B__1.C_ligand.pdb
  No symmetry contacts found — writing non-symm receptor only
  -> no_symmetry_contacts

Processing 7siu__1__1.A__1.C (proper chain: 1.C)
  Downloading https://files.rcsb.org/download/7siu.cif
  Ligand written: /home/rquiroga/github/runs-n-poses/runs-n-poses-datasets/symmetry_corrected/7siu__1__1.A__1.C/7siu__1__1.A__1.C_ligand.pdb
  No symmetry contacts found — writing non-symm receptor only
  -> no_symmetry_contacts

Processing 7sj2__1__1.A__1.K_1.M (proper chain: 1.M)
  Downloading https://files.rcsb.org/download/7sj2.cif
  Ligand written: /home/rquiroga/github/runs-n-poses/runs-n-poses-datasets/symmetry_corrected/7sj2__1__1.A__1.K_1.M/7sj2__1__1.A__1.K_1.M_ligand.pdb
  No symmetry contacts found — writing non-symm receptor only
  -> no_symmetry_contacts

Processing 7slr__1__1.A_1.B__1.C (proper chain: 1.C)
  Downloading https://files.rcsb.org/download/7slr.cif
  Ligand written: /home/rquiroga/github/runs-n-poses/runs-n-poses-datasets/symmetry_corrected/7slr__1__1.A_1.B__1.C/7slr__1__1.A_1.B__1.C_ligand.pdb
  No symmetry contacts found — writing non-symm receptor only
  -> no_symmetry_contacts

Processing 7sls__1__1.A_1.B__1.C (proper chain: 1.C)
  Downloading https://files.rcsb.org/download/7sls.cif
  Ligand written: /home/rquiroga/github/runs-n-poses/runs-n-poses-datasets/symmetry_corrected/7sls__1__1.A_1.B__1.C/7sls__1__1.A_1.B__1.C_ligand.pdb
  No symmetry contacts found — writing non-symm receptor only
  -> no_symmetry_contacts

Processing 7slz__1__1.A__1.B (proper chain: 1.B)
  Downloading https://files.rcsb.org/download/7slz.cif
  Ligand written: /home/rquiroga/github/runs-n-poses/runs-n-poses-datasets/symmetry_corrected/7slz__1__1.A__1.B/7slz__1__1.A__1.B_ligand.pdb
  No symmetry contacts found — writing non-symm receptor only
  -> no_symmetry_contacts

Processing 7snz__1__1.A_1.B__1.C (proper chain: 1.C)
  Downloading https://files.rcsb.org/download/7snz.cif
  Ligand written: /home/rquiroga/github/runs-n-poses/runs-n-poses-datasets/symmetry_corrected/7snz__1__1.A_1.B__1.C/7snz__1__1.A_1.B__1.C_ligand.pdb
  No symmetry contacts found — writing non-symm receptor only
  -> no_symmetry_contacts

Processing 7so1__1__1.A_1.B__1.C (proper chain: 1.C)
  Downloading https://files.rcsb.org/download/7so1.cif
  Ligand written: /home/rquiroga/github/runs-n-poses/runs-n-poses-datasets/symmetry_corrected/7so1__1__1.A_1.B__1.C/7so1__1__1.A_1.B__1.C_ligand.pdb
  No symmetry contacts found — writing non-symm receptor only
  -> no_symmetry_contacts

Processing 7sok__1__1.A__1.E (proper chain: 1.E)
  Downloading https://files.rcsb.org/download/7sok.cif
  Ligand written: /home/rquiroga/github/runs-n-poses/runs-n-poses-datasets/symmetry_corrected/7sok__1__1.A__1.E/7sok__1__1.A__1.E_ligand.pdb
  No symmetry contacts found — writing non-symm receptor only
  -> no_symmetry_contacts

Processing 7spy__1__1.A_2.A__2.B_2.C (proper chain: 2.B)
  Downloading https://files.rcsb.org/download/7spy.cif
  Ligand written: /home/rquiroga/github/runs-n-poses/runs-n-poses-datasets/symmetry_corrected/7spy__1__1.A_2.A__2.B_2.C/7spy__1__1.A_2.A__2.B_2.C_ligand.pdb
  Found 1 symmetry operations with contacts
  Receptor (symm) written: /home/rquiroga/github/runs-n-poses/runs-n-poses-datasets/symmetry_corrected/7spy__1__1.A_2.A__2.B_2.C/7spy__1__1.A_2.A__2.B_2.C_receptor_symm.pdb
  Total chains in output: 6
  -> ok

Processing 7sqe__1__1.A__1.D (proper chain: 1.D)
  Downloading https://files.rcsb.org/download/7sqe.cif
  Ligand written: /home/rquiroga/github/runs-n-poses/runs-n-poses-datasets/symmetry_corrected/7sqe__1__1.A__1.D/7sqe__1__1.A__1.D_ligand.pdb
  No symmetry contacts found — writing non-symm receptor only
  -> no_symmetry_contacts

Processing 7sqm__1__1.A__1.B (proper chain: 1.B)
  Downloading https://files.rcsb.org/download/7sqm.cif
  Ligand written: /home/rquiroga/github/runs-n-poses/runs-n-poses-datasets/symmetry_corrected/7sqm__1__1.A__1.B/7sqm__1__1.A__1.B_ligand.pdb
  No symmetry contacts found — writing non-symm receptor only
  -> no_symmetry_contacts

Processing 7ssj__1__1.A__1.G_1.H (proper chain: 1.G)
  Downloading https://files.rcsb.org/download/7ssj.cif
  Ligand written: /home/rquiroga/github/runs-n-poses/runs-n-poses-datasets/symmetry_corrected/7ssj__1__1.A__1.G_1.H/7ssj__1__1.A__1.G_1.H_ligand.pdb
  No symmetry contacts found — writing non-symm receptor only
  -> no_symmetry_contacts

Processing 7suf__1__1.A__1.B_1.D (proper chain: 1.B)
  Downloading https://files.rcsb.org/download/7suf.cif
  Ligand written: /home/rquiroga/github/runs-n-poses/runs-n-poses-datasets/symmetry_corrected/7suf__1__1.A__1.B_1.D/7suf__1__1.A__1.B_1.D_ligand.pdb
  No symmetry contacts found — writing non-symm receptor only
  -> no_symmetry_contacts

Processing 7sv1__1__1.A__1.C_1.D (proper chain: 1.D)
  Downloading https://files.rcsb.org/download/7sv1.cif
  Ligand written: /home/rquiroga/github/runs-n-poses/runs-n-poses-datasets/symmetry_corrected/7sv1__1__1.A__1.C_1.D/7sv1__1__1.A__1.C_1.D_ligand.pdb
  Found 1 symmetry operations with contacts
  Receptor (symm) written: /home/rquiroga/github/runs-n-poses/runs-n-poses-datasets/symmetry_corrected/7sv1__1__1.A__1.C_1.D/7sv1__1__1.A__1.C_1.D_receptor_symm.pdb
  Total chains in output: 4
  -> ok

Processing 7sv5__1__1.A__1.C_1.D (proper chain: 1.D)
  Downloading https://files.rcsb.org/download/7sv5.cif
  Ligand written: /home/rquiroga/github/runs-n-poses/runs-n-poses-datasets/symmetry_corrected/7sv5__1__1.A__1.C_1.D/7sv5__1__1.A__1.C_1.D_ligand.pdb
  No symmetry contacts found — writing non-symm receptor only
  -> no_symmetry_contacts

Processing 7sxg__1__1.A__1.C (proper chain: 1.C)
  Downloading https://files.rcsb.org/download/7sxg.cif
  Ligand written: /home/rquiroga/github/runs-n-poses/runs-n-poses-datasets/symmetry_corrected/7sxg__1__1.A__1.C/7sxg__1__1.A__1.C_ligand.pdb
  No symmetry contacts found — writing non-symm receptor only
  -> no_symmetry_contacts

Processing 7sxj__1__1.A__1.C (proper chain: 1.C)
  Downloading https://files.rcsb.org/download/7sxj.cif
  Ligand written: /home/rquiroga/github/runs-n-poses/runs-n-poses-datasets/symmetry_corrected/7sxj__1__1.A__1.C/7sxj__1__1.A__1.C_ligand.pdb
  No symmetry contacts found — writing non-symm receptor only
  -> no_symmetry_contacts

Processing 7sz3__1__1.B__1.I (proper chain: 1.I)
  Downloading https://files.rcsb.org/download/7sz3.cif
  Ligand written: /home/rquiroga/github/runs-n-poses/runs-n-poses-datasets/symmetry_corrected/7sz3__1__1.B__1.I/7sz3__1__1.B__1.I_ligand.pdb
  No symmetry contacts found — writing non-symm receptor only
  -> no_symmetry_contacts

Processing 7sza__1__1.A__1.E (proper chain: 1.E)
  Downloading https://files.rcsb.org/download/7sza.cif
  Ligand written: /home/rquiroga/github/runs-n-poses/runs-n-poses-datasets/symmetry_corrected/7sza__1__1.A__1.E/7sza__1__1.A__1.E_ligand.pdb
  No symmetry contacts found — writing non-symm receptor only
  -> no_symmetry_contacts

Processing 7szb__1__1.A__1.E (proper chain: 1.E)
  Downloading https://files.rcsb.org/download/7szb.cif
  Ligand written: /home/rquiroga/github/runs-n-poses/runs-n-poses-datasets/symmetry_corrected/7szb__1__1.A__1.E/7szb__1__1.A__1.E_ligand.pdb
  No symmetry contacts found — writing non-symm receptor only
  -> no_symmetry_contacts

Processing 7szc__1__1.A__1.F (proper chain: 1.F)
  Downloading https://files.rcsb.org/download/7szc.cif
  Ligand written: /home/rquiroga/github/runs-n-poses/runs-n-poses-datasets/symmetry_corrected/7szc__1__1.A__1.F/7szc__1__1.A__1.F_ligand.pdb
  No symmetry contacts found — writing non-symm receptor only
  -> no_symmetry_contacts

Processing 7szp__1__1.A_1.B__1.E_1.J (proper chain: 1.E)
  Downloading https://files.rcsb.org/download/7szp.cif
  Ligand written: /home/rquiroga/github/runs-n-poses/runs-n-poses-datasets/symmetry_corrected/7szp__1__1.A_1.B__1.E_1.J/7szp__1__1.A_1.B__1.E_1.J_ligand.pdb
  No symmetry contacts found — writing non-symm receptor only
  -> no_symmetry_contacts

Processing 7szr__1__1.A__1.G (proper chain: 1.G)
  Downloading https://files.rcsb.org/download/7szr.cif
  Ligand written: /home/rquiroga/github/runs-n-poses/runs-n-poses-datasets/symmetry_corrected/7szr__1__1.A__1.G/7szr__1__1.A__1.G_ligand.pdb
  No symmetry contacts found — writing non-symm receptor only
  -> no_symmetry_contacts

Processing 7t0a__1__1.A_1.B__1.BA_1.CA_1.GA_1.HA (proper chain: 1.GA)
  Downloading https://files.rcsb.org/download/7t0a.cif
  Ligand written: /home/rquiroga/github/runs-n-poses/runs-n-poses-datasets/symmetry_corrected/7t0a__1__1.A_1.B__1.BA_1.CA_1.GA_1.HA/7t0a__1__1.A_1.B__1.BA_1.CA_1.GA_1.HA_ligand.pdb
  No symmetry contacts found — writing non-symm receptor only
  -> no_symmetry_contacts

Processing 7t0c__1__1.A_1.B__1.VA (proper chain: 1.VA)
  Downloading https://files.rcsb.org/download/7t0c.cif
  Ligand written: /home/rquiroga/github/runs-n-poses/runs-n-poses-datasets/symmetry_corrected/7t0c__1__1.A_1.B__1.VA/7t0c__1__1.A_1.B__1.VA_ligand.pdb
  No symmetry contacts found — writing non-symm receptor only
  -> no_symmetry_contacts

Processing 7t0f__1__1.A_1.B__1.C (proper chain: 1.C)
  Downloading https://files.rcsb.org/download/7t0f.cif
  Ligand written: /home/rquiroga/github/runs-n-poses/runs-n-poses-datasets/symmetry_corrected/7t0f__1__1.A_1.B__1.C/7t0f__1__1.A_1.B__1.C_ligand.pdb
  No symmetry contacts found — writing non-symm receptor only
  -> no_symmetry_contacts

Processing 7t1d__1__1.A_1.B__1.G_1.I (proper chain: 1.I)
  Downloading https://files.rcsb.org/download/7t1d.cif
  Ligand written: /home/rquiroga/github/runs-n-poses/runs-n-poses-datasets/symmetry_corrected/7t1d__1__1.A_1.B__1.G_1.I/7t1d__1__1.A_1.B__1.G_1.I_ligand.pdb
  No symmetry contacts found — writing non-symm receptor only
  -> no_symmetry_contacts

Processing 7t39__1__1.A__1.B (proper chain: 1.B)
  Downloading https://files.rcsb.org/download/7t39.cif
  Ligand written: /home/rquiroga/github/runs-n-poses/runs-n-poses-datasets/symmetry_corrected/7t39__1__1.A__1.B/7t39__1__1.A__1.B_ligand.pdb
  No symmetry contacts found — writing non-symm receptor only
  -> no_symmetry_contacts

Processing 7t4t__1__1.A__1.C_1.E (proper chain: 1.C)
  Downloading https://files.rcsb.org/download/7t4t.cif
  Ligand written: /home/rquiroga/github/runs-n-poses/runs-n-poses-datasets/symmetry_corrected/7t4t__1__1.A__1.C_1.E/7t4t__1__1.A__1.C_1.E_ligand.pdb
  No symmetry contacts found — writing non-symm receptor only
  -> no_symmetry_contacts

Processing 7t5k__1__1.A__1.D (proper chain: 1.D)
  Downloading https://files.rcsb.org/download/7t5k.cif
  Ligand written: /home/rquiroga/github/runs-n-poses/runs-n-poses-datasets/symmetry_corrected/7t5k__1__1.A__1.D/7t5k__1__1.A__1.D_ligand.pdb
  No symmetry contacts found — writing non-symm receptor only
  -> no_symmetry_contacts

Processing 7t5x__1__1.A_1.C__1.I (proper chain: 1.I)
  Downloading https://files.rcsb.org/download/7t5x.cif
  Ligand written: /home/rquiroga/github/runs-n-poses/runs-n-poses-datasets/symmetry_corrected/7t5x__1__1.A_1.C__1.I/7t5x__1__1.A_1.C__1.I_ligand.pdb
  No symmetry contacts found — writing non-symm receptor only
  -> no_symmetry_contacts

Processing 7t5y__1__1.B__1.G (proper chain: 1.G)
  Downloading https://files.rcsb.org/download/7t5y.cif
  Ligand written: /home/rquiroga/github/runs-n-poses/runs-n-poses-datasets/symmetry_corrected/7t5y__1__1.B__1.G/7t5y__1__1.B__1.G_ligand.pdb
  No symmetry contacts found — writing non-symm receptor only
  -> no_symmetry_contacts

Processing 7t5z__1__1.A_1.C__1.I (proper chain: 1.I)
  Downloading https://files.rcsb.org/download/7t5z.cif
  Ligand written: /home/rquiroga/github/runs-n-poses/runs-n-poses-datasets/symmetry_corrected/7t5z__1__1.A_1.C__1.I/7t5z__1__1.A_1.C__1.I_ligand.pdb
  No symmetry contacts found — writing non-symm receptor only
  -> no_symmetry_contacts

Processing 7t60__1__1.B_1.C__1.M (proper chain: 1.M)
  Downloading https://files.rcsb.org/download/7t60.cif
  Ligand written: /home/rquiroga/github/runs-n-poses/runs-n-poses-datasets/symmetry_corrected/7t60__1__1.B_1.C__1.M/7t60__1__1.B_1.C__1.M_ligand.pdb
  No symmetry contacts found — writing non-symm receptor only
  -> no_symmetry_contacts

Processing 7t61__1__1.B_1.C__1.L (proper chain: 1.L)
  Downloading https://files.rcsb.org/download/7t61.cif
  Ligand written: /home/rquiroga/github/runs-n-poses/runs-n-poses-datasets/symmetry_corrected/7t61__1__1.B_1.C__1.L/7t61__1__1.B_1.C__1.L_ligand.pdb
  No symmetry contacts found — writing non-symm receptor only
  -> no_symmetry_contacts

Processing 7t6c__1__1.A__1.E (proper chain: 1.E)
  Downloading https://files.rcsb.org/download/7t6c.cif
  Ligand written: /home/rquiroga/github/runs-n-poses/runs-n-poses-datasets/symmetry_corrected/7t6c__1__1.A__1.E/7t6c__1__1.A__1.E_ligand.pdb
  No symmetry contacts found — writing non-symm receptor only
  -> no_symmetry_contacts

Processing 7t7m__1__1.A__1.I (proper chain: 1.I)
  Downloading https://files.rcsb.org/download/7t7m.cif
  Ligand written: /home/rquiroga/github/runs-n-poses/runs-n-poses-datasets/symmetry_corrected/7t7m__1__1.A__1.I/7t7m__1__1.A__1.I_ligand.pdb
  No symmetry contacts found — writing non-symm receptor only
  -> no_symmetry_contacts

Processing 7t9r__1__1.A__1.F (proper chain: 1.F)
  Downloading https://files.rcsb.org/download/7t9r.cif
  Ligand written: /home/rquiroga/github/runs-n-poses/runs-n-poses-datasets/symmetry_corrected/7t9r__1__1.A__1.F/7t9r__1__1.A__1.F_ligand.pdb
  No symmetry contacts found — writing non-symm receptor only
  -> no_symmetry_contacts

Processing 7tab__1__1.A__1.B (proper chain: 1.B)
  Downloading https://files.rcsb.org/download/7tab.cif
  Ligand written: /home/rquiroga/github/runs-n-poses/runs-n-poses-datasets/symmetry_corrected/7tab__1__1.A__1.B/7tab__1__1.A__1.B_ligand.pdb
  No symmetry contacts found — writing non-symm receptor only
  -> no_symmetry_contacts

Processing 7taz__1__1.A__1.C (proper chain: 1.C)
  Downloading https://files.rcsb.org/download/7taz.cif
  Ligand written: /home/rquiroga/github/runs-n-poses/runs-n-poses-datasets/symmetry_corrected/7taz__1__1.A__1.C/7taz__1__1.A__1.C_ligand.pdb
  No symmetry contacts found — writing non-symm receptor only
  -> no_symmetry_contacts

Processing 7tba__1__1.A__1.U_1.V_1.W (proper chain: 1.U)
  Downloading https://files.rcsb.org/download/7tba.cif
  Ligand written: /home/rquiroga/github/runs-n-poses/runs-n-poses-datasets/symmetry_corrected/7tba__1__1.A__1.U_1.V_1.W/7tba__1__1.A__1.U_1.V_1.W_ligand.pdb
  No symmetry contacts found — writing non-symm receptor only
  -> no_symmetry_contacts

Processing 7tbc__1__1.A__1.B_1.J_1.L_1.S (proper chain: 1.S)
  Downloading https://files.rcsb.org/download/7tbc.cif
  Ligand written: /home/rquiroga/github/runs-n-poses/runs-n-poses-datasets/symmetry_corrected/7tbc__1__1.A__1.B_1.J_1.L_1.S/7tbc__1__1.A__1.B_1.J_1.L_1.S_ligand.pdb
  No symmetry contacts found — writing non-symm receptor only
  -> no_symmetry_contacts

Processing 7tbd__1__1.A__1.E (proper chain: 1.E)
  Downloading https://files.rcsb.org/download/7tbd.cif
  Ligand written: /home/rquiroga/github/runs-n-poses/runs-n-poses-datasets/symmetry_corrected/7tbd__1__1.A__1.E/7tbd__1__1.A__1.E_ligand.pdb
  No symmetry contacts found — writing non-symm receptor only
  -> no_symmetry_contacts

Processing 7tbu__1__1.A__1.D (proper chain: 1.D)
  Downloading https://files.rcsb.org/download/7tbu.cif
  Ligand written: /home/rquiroga/github/runs-n-poses/runs-n-poses-datasets/symmetry_corrected/7tbu__1__1.A__1.D/7tbu__1__1.A__1.D_ligand.pdb
  No symmetry contacts found — writing non-symm receptor only
  -> no_symmetry_contacts

Processing 7td8__1__1.A_1.B__1.AA_1.W (proper chain: 1.AA)
  Downloading https://files.rcsb.org/download/7td8.cif
  Ligand written: /home/rquiroga/github/runs-n-poses/runs-n-poses-datasets/symmetry_corrected/7td8__1__1.A_1.B__1.AA_1.W/7td8__1__1.A_1.B__1.AA_1.W_ligand.pdb
  No symmetry contacts found — writing non-symm receptor only
  -> no_symmetry_contacts

Processing 7te8__1__1.A_1.B__1.E (proper chain: 1.E)
  Downloading https://files.rcsb.org/download/7te8.cif
  Ligand written: /home/rquiroga/github/runs-n-poses/runs-n-poses-datasets/symmetry_corrected/7te8__1__1.A_1.B__1.E/7te8__1__1.A_1.B__1.E_ligand.pdb
  No symmetry contacts found — writing non-symm receptor only
  -> no_symmetry_contacts

Processing 7tem__1__1.A__1.C_1.G (proper chain: 1.C)
  Downloading https://files.rcsb.org/download/7tem.cif
  Ligand written: /home/rquiroga/github/runs-n-poses/runs-n-poses-datasets/symmetry_corrected/7tem__1__1.A__1.C_1.G/7tem__1__1.A__1.C_1.G_ligand.pdb
  No symmetry contacts found — writing non-symm receptor only
  -> no_symmetry_contacts

Processing 7tev__1__1.A_2.A__2.D (proper chain: 2.D)
  Downloading https://files.rcsb.org/download/7tev.cif
  Ligand written: /home/rquiroga/github/runs-n-poses/runs-n-poses-datasets/symmetry_corrected/7tev__1__1.A_2.A__2.D/7tev__1__1.A_2.A__2.D_ligand.pdb
  Found 1 symmetry operations with contacts
  Receptor (symm) written: /home/rquiroga/github/runs-n-poses/runs-n-poses-datasets/symmetry_corrected/7tev__1__1.A_2.A__2.D/7tev__1__1.A_2.A__2.D_receptor_symm.pdb
  Total chains in output: 5
  -> ok

Processing 7tgk__1__1.A__1.Q_1.R_1.S (proper chain: 1.Q)
  Downloading https://files.rcsb.org/download/7tgk.cif
  Ligand written: /home/rquiroga/github/runs-n-poses/runs-n-poses-datasets/symmetry_corrected/7tgk__1__1.A__1.Q_1.R_1.S/7tgk__1__1.A__1.Q_1.R_1.S_ligand.pdb
  No symmetry contacts found — writing non-symm receptor only
  -> no_symmetry_contacts

Processing 7tgl__1__1.B__1.R_1.S_1.U_1.W_1.X (proper chain: 1.S)
  Downloading https://files.rcsb.org/download/7tgl.cif
  Ligand written: /home/rquiroga/github/runs-n-poses/runs-n-poses-datasets/symmetry_corrected/7tgl__1__1.B__1.R_1.S_1.U_1.W_1.X/7tgl__1__1.B__1.R_1.S_1.U_1.W_1.X_ligand.pdb
  No symmetry contacts found — writing non-symm receptor only
  -> no_symmetry_contacts

Processing 7tjo__1__1.A__1.E (proper chain: 1.E)
  Downloading https://files.rcsb.org/download/7tjo.cif
  Ligand written: /home/rquiroga/github/runs-n-poses/runs-n-poses-datasets/symmetry_corrected/7tjo__1__1.A__1.E/7tjo__1__1.A__1.E_ligand.pdb
  No symmetry contacts found — writing non-symm receptor only
  -> no_symmetry_contacts

Processing 7tm5__1__1.A__1.C_1.D_1.E (proper chain: 1.C)
  Downloading https://files.rcsb.org/download/7tm5.cif
  Ligand written: /home/rquiroga/github/runs-n-poses/runs-n-poses-datasets/symmetry_corrected/7tm5__1__1.A__1.C_1.D_1.E/7tm5__1__1.A__1.C_1.D_1.E_ligand.pdb
  No symmetry contacts found — writing non-symm receptor only
  -> no_symmetry_contacts

Processing 7tmf__1__1.A_1.B__1.J_1.P (proper chain: 1.J)
  Downloading https://files.rcsb.org/download/7tmf.cif
  Ligand written: /home/rquiroga/github/runs-n-poses/runs-n-poses-datasets/symmetry_corrected/7tmf__1__1.A_1.B__1.J_1.P/7tmf__1__1.A_1.B__1.J_1.P_ligand.pdb
  No symmetry contacts found — writing non-symm receptor only
  -> no_symmetry_contacts

Processing 7tmz__1__1.A_1.B__1.V_1.Z (proper chain: 1.Z)
  Downloading https://files.rcsb.org/download/7tmz.cif
  Ligand written: /home/rquiroga/github/runs-n-poses/runs-n-poses-datasets/symmetry_corrected/7tmz__1__1.A_1.B__1.V_1.Z/7tmz__1__1.A_1.B__1.V_1.Z_ligand.pdb
  No symmetry contacts found — writing non-symm receptor only
  -> no_symmetry_contacts

Processing 7toc__1__1.A_1.B__1.C_1.D_1.G_1.L (proper chain: 1.C)
  Downloading https://files.rcsb.org/download/7toc.cif
  Ligand written: /home/rquiroga/github/runs-n-poses/runs-n-poses-datasets/symmetry_corrected/7toc__1__1.A_1.B__1.C_1.D_1.G_1.L/7toc__1__1.A_1.B__1.C_1.D_1.G_1.L_ligand.pdb
  No symmetry contacts found — writing non-symm receptor only
  -> no_symmetry_contacts

Processing 7tt8__1__1.A__1.C (proper chain: 1.C)
  Downloading https://files.rcsb.org/download/7tt8.cif
  Ligand written: /home/rquiroga/github/runs-n-poses/runs-n-poses-datasets/symmetry_corrected/7tt8__1__1.A__1.C/7tt8__1__1.A__1.C_ligand.pdb
  Found 2 symmetry operations with contacts
  Receptor (symm) written: /home/rquiroga/github/runs-n-poses/runs-n-poses-datasets/symmetry_corrected/7tt8__1__1.A__1.C/7tt8__1__1.A__1.C_receptor_symm.pdb
  Total chains in output: 5
  -> ok

Processing 7ttp__1__1.A__1.B_1.C (proper chain: 1.B)
  Downloading https://files.rcsb.org/download/7ttp.cif
  Ligand written: /home/rquiroga/github/runs-n-poses/runs-n-poses-datasets/symmetry_corrected/7ttp__1__1.A__1.B_1.C/7ttp__1__1.A__1.B_1.C_ligand.pdb
  No symmetry contacts found — writing non-symm receptor only
  -> no_symmetry_contacts

Processing 7tuo__1__1.A__1.B (proper chain: 1.B)
  Downloading https://files.rcsb.org/download/7tuo.cif
  Ligand written: /home/rquiroga/github/runs-n-poses/runs-n-poses-datasets/symmetry_corrected/7tuo__1__1.A__1.B/7tuo__1__1.A__1.B_ligand.pdb
  No symmetry contacts found — writing non-symm receptor only
  -> no_symmetry_contacts

Processing 7twu__1__1.B__1.N (proper chain: 1.N)
  Downloading https://files.rcsb.org/download/7twu.cif
  Ligand written: /home/rquiroga/github/runs-n-poses/runs-n-poses-datasets/symmetry_corrected/7twu__1__1.B__1.N/7twu__1__1.B__1.N_ligand.pdb
  No symmetry contacts found — writing non-symm receptor only
  -> no_symmetry_contacts

Processing 7twz__1__1.A__1.G_1.K (proper chain: 1.G)
  Downloading https://files.rcsb.org/download/7twz.cif
  Ligand written: /home/rquiroga/github/runs-n-poses/runs-n-poses-datasets/symmetry_corrected/7twz__1__1.A__1.G_1.K/7twz__1__1.A__1.G_1.K_ligand.pdb
  No symmetry contacts found — writing non-symm receptor only
  -> no_symmetry_contacts

Processing 7txh__1__1.A__1.G_1.H_1.I (proper chain: 1.G)
  Downloading https://files.rcsb.org/download/7txh.cif
  Ligand written: /home/rquiroga/github/runs-n-poses/runs-n-poses-datasets/symmetry_corrected/7txh__1__1.A__1.G_1.H_1.I/7txh__1__1.A__1.G_1.H_1.I_ligand.pdb
  No symmetry contacts found — writing non-symm receptor only
  -> no_symmetry_contacts

Processing 7txk__1__1.A__1.C (proper chain: 1.C)
  Downloading https://files.rcsb.org/download/7txk.cif
  Ligand written: /home/rquiroga/github/runs-n-poses/runs-n-poses-datasets/symmetry_corrected/7txk__1__1.A__1.C/7txk__1__1.A__1.C_ligand.pdb
  No symmetry contacts found — writing non-symm receptor only
  -> no_symmetry_contacts

Processing 7txp__1__1.A_2.A__2.B (proper chain: 2.B)
  Downloading https://files.rcsb.org/download/7txp.cif
  Ligand written: /home/rquiroga/github/runs-n-poses/runs-n-poses-datasets/symmetry_corrected/7txp__1__1.A_2.A__2.B/7txp__1__1.A_2.A__2.B_ligand.pdb
  Found 4 symmetry operations with contacts
  Receptor (symm) written: /home/rquiroga/github/runs-n-poses/runs-n-poses-datasets/symmetry_corrected/7txp__1__1.A_2.A__2.B/7txp__1__1.A_2.A__2.B_receptor_symm.pdb
  Total chains in output: 10
  -> ok

Processing 7tz7__1__1.A__1.C (proper chain: 1.C)
  Downloading https://files.rcsb.org/download/7tz7.cif
  Ligand written: /home/rquiroga/github/runs-n-poses/runs-n-poses-datasets/symmetry_corrected/7tz7__1__1.A__1.C/7tz7__1__1.A__1.C_ligand.pdb
  Found 1 symmetry operations with contacts
  Receptor (symm) written: /home/rquiroga/github/runs-n-poses/runs-n-poses-datasets/symmetry_corrected/7tz7__1__1.A__1.C/7tz7__1__1.A__1.C_receptor_symm.pdb
  Total chains in output: 3
  -> ok

Processing 7tzb__1__1.A__1.C (proper chain: 1.C)
  Downloading https://files.rcsb.org/download/7tzb.cif
  Ligand written: /home/rquiroga/github/runs-n-poses/runs-n-poses-datasets/symmetry_corrected/7tzb__1__1.A__1.C/7tzb__1__1.A__1.C_ligand.pdb
  No symmetry contacts found — writing non-symm receptor only
  -> no_symmetry_contacts

Processing 7u0t__1__1.A_1.B__1.H (proper chain: 1.H)
  Downloading https://files.rcsb.org/download/7u0t.cif
  Ligand written: /home/rquiroga/github/runs-n-poses/runs-n-poses-datasets/symmetry_corrected/7u0t__1__1.A_1.B__1.H/7u0t__1__1.A_1.B__1.H_ligand.pdb
  No symmetry contacts found — writing non-symm receptor only
  -> no_symmetry_contacts

Processing 7u1m__1__1.A__1.D (proper chain: 1.D)
  Downloading https://files.rcsb.org/download/7u1m.cif
  Ligand written: /home/rquiroga/github/runs-n-poses/runs-n-poses-datasets/symmetry_corrected/7u1m__1__1.A__1.D/7u1m__1__1.A__1.D_ligand.pdb
  No symmetry contacts found — writing non-symm receptor only
  -> no_symmetry_contacts

Processing 7u1u__1__1.A_2.A__1.B_1.D (proper chain: 1.D)
  Downloading https://files.rcsb.org/download/7u1u.cif
  Ligand written: /home/rquiroga/github/runs-n-poses/runs-n-poses-datasets/symmetry_corrected/7u1u__1__1.A_2.A__1.B_1.D/7u1u__1__1.A_2.A__1.B_1.D_ligand.pdb
  Found 1 symmetry operations with contacts
  Receptor (symm) written: /home/rquiroga/github/runs-n-poses/runs-n-poses-datasets/symmetry_corrected/7u1u__1__1.A_2.A__1.B_1.D/7u1u__1__1.A_2.A__1.B_1.D_receptor_symm.pdb
  Total chains in output: 6
  -> ok

Processing 7u2p__1__1.A_1.B__1.C_1.D (proper chain: 1.C)
  Downloading https://files.rcsb.org/download/7u2p.cif
  Ligand written: /home/rquiroga/github/runs-n-poses/runs-n-poses-datasets/symmetry_corrected/7u2p__1__1.A_1.B__1.C_1.D/7u2p__1__1.A_1.B__1.C_1.D_ligand.pdb
  No symmetry contacts found — writing non-symm receptor only
  -> no_symmetry_contacts

Processing 7u2z__1__1.A__1.C (proper chain: 1.C)
  Downloading https://files.rcsb.org/download/7u2z.cif
  Ligand written: /home/rquiroga/github/runs-n-poses/runs-n-poses-datasets/symmetry_corrected/7u2z__1__1.A__1.C/7u2z__1__1.A__1.C_ligand.pdb
  No symmetry contacts found — writing non-symm receptor only
  -> no_symmetry_contacts

Processing 7u30__1__1.A__1.I (proper chain: 1.I)
  Downloading https://files.rcsb.org/download/7u30.cif
  Ligand written: /home/rquiroga/github/runs-n-poses/runs-n-poses-datasets/symmetry_corrected/7u30__1__1.A__1.I/7u30__1__1.A__1.I_ligand.pdb
  No symmetry contacts found — writing non-symm receptor only
  -> no_symmetry_contacts

Processing 7u31__1__1.A__1.D (proper chain: 1.D)
  Downloading https://files.rcsb.org/download/7u31.cif
  Ligand written: /home/rquiroga/github/runs-n-poses/runs-n-poses-datasets/symmetry_corrected/7u31__1__1.A__1.D/7u31__1__1.A__1.D_ligand.pdb
  No symmetry contacts found — writing non-symm receptor only
  -> no_symmetry_contacts

Processing 7u3m__1__1.A__1.B_1.C (proper chain: 1.B)
  Downloading https://files.rcsb.org/download/7u3m.cif
  Ligand written: /home/rquiroga/github/runs-n-poses/runs-n-poses-datasets/symmetry_corrected/7u3m__1__1.A__1.B_1.C/7u3m__1__1.A__1.B_1.C_ligand.pdb
  No symmetry contacts found — writing non-symm receptor only
  -> no_symmetry_contacts

Processing 7u4g__1__4.A__4.E (proper chain: 4.E)
  Downloading https://files.rcsb.org/download/7u4g.cif
  Ligand written: /home/rquiroga/github/runs-n-poses/runs-n-poses-datasets/symmetry_corrected/7u4g__1__4.A__4.E/7u4g__1__4.A__4.E_ligand.pdb
  No symmetry contacts found — writing non-symm receptor only
  -> no_symmetry_contacts

Processing 7u4o__1__1.A__1.G (proper chain: 1.G)
  Downloading https://files.rcsb.org/download/7u4o.cif
  Ligand written: /home/rquiroga/github/runs-n-poses/runs-n-poses-datasets/symmetry_corrected/7u4o__1__1.A__1.G/7u4o__1__1.A__1.G_ligand.pdb
  No symmetry contacts found — writing non-symm receptor only
  -> no_symmetry_contacts

Processing 7u59__1__1.A__1.E_1.F (proper chain: 1.E)
  Downloading https://files.rcsb.org/download/7u59.cif
  Ligand written: /home/rquiroga/github/runs-n-poses/runs-n-poses-datasets/symmetry_corrected/7u59__1__1.A__1.E_1.F/7u59__1__1.A__1.E_1.F_ligand.pdb
  No symmetry contacts found — writing non-symm receptor only
  -> no_symmetry_contacts

Processing 7u5z__1__1.A_1.B__1.C (proper chain: 1.C)
  Downloading https://files.rcsb.org/download/7u5z.cif
  Ligand written: /home/rquiroga/github/runs-n-poses/runs-n-poses-datasets/symmetry_corrected/7u5z__1__1.A_1.B__1.C/7u5z__1__1.A_1.B__1.C_ligand.pdb
  No symmetry contacts found — writing non-symm receptor only
  -> no_symmetry_contacts

Processing 7u64__1__1.A_1.B__1.S (proper chain: 1.S)
  Downloading https://files.rcsb.org/download/7u64.cif
  Ligand written: /home/rquiroga/github/runs-n-poses/runs-n-poses-datasets/symmetry_corrected/7u64__1__1.A_1.B__1.S/7u64__1__1.A_1.B__1.S_ligand.pdb
  No symmetry contacts found — writing non-symm receptor only
  -> no_symmetry_contacts

Processing 7u6a__1__1.A__1.B_1.F (proper chain: 1.B)
  Downloading https://files.rcsb.org/download/7u6a.cif
  Ligand written: /home/rquiroga/github/runs-n-poses/runs-n-poses-datasets/symmetry_corrected/7u6a__1__1.A__1.B_1.F/7u6a__1__1.A__1.B_1.F_ligand.pdb
  No symmetry contacts found — writing non-symm receptor only
  -> no_symmetry_contacts

Processing 7u6b__1__1.A__1.B_1.E (proper chain: 1.B)
  Downloading https://files.rcsb.org/download/7u6b.cif
  Ligand written: /home/rquiroga/github/runs-n-poses/runs-n-poses-datasets/symmetry_corrected/7u6b__1__1.A__1.B_1.E/7u6b__1__1.A__1.B_1.E_ligand.pdb
  No symmetry contacts found — writing non-symm receptor only
  -> no_symmetry_contacts

Processing 7u70__1__1.A__1.C (proper chain: 1.C)
  Downloading https://files.rcsb.org/download/7u70.cif
  Ligand written: /home/rquiroga/github/runs-n-poses/runs-n-poses-datasets/symmetry_corrected/7u70__1__1.A__1.C/7u70__1__1.A__1.C_ligand.pdb
  No symmetry contacts found — writing non-symm receptor only
  -> no_symmetry_contacts

Processing 7u8v__1__1.A__1.C (proper chain: 1.C)
  Downloading https://files.rcsb.org/download/7u8v.cif
  Ligand written: /home/rquiroga/github/runs-n-poses/runs-n-poses-datasets/symmetry_corrected/7u8v__1__1.A__1.C/7u8v__1__1.A__1.C_ligand.pdb
  No symmetry contacts found — writing non-symm receptor only
  -> no_symmetry_contacts

Processing 7u8w__1__1.A__1.C (proper chain: 1.C)
  Downloading https://files.rcsb.org/download/7u8w.cif
  Ligand written: /home/rquiroga/github/runs-n-poses/runs-n-poses-datasets/symmetry_corrected/7u8w__1__1.A__1.C/7u8w__1__1.A__1.C_ligand.pdb
  No symmetry contacts found — writing non-symm receptor only
  -> no_symmetry_contacts

Processing 7u8x__1__1.A__1.B (proper chain: 1.B)
  Downloading https://files.rcsb.org/download/7u8x.cif
  Ligand written: /home/rquiroga/github/runs-n-poses/runs-n-poses-datasets/symmetry_corrected/7u8x__1__1.A__1.B/7u8x__1__1.A__1.B_ligand.pdb
  No symmetry contacts found — writing non-symm receptor only
  -> no_symmetry_contacts

Processing 7u8z__1__1.A__1.F_1.G (proper chain: 1.F)
  Downloading https://files.rcsb.org/download/7u8z.cif
  Ligand written: /home/rquiroga/github/runs-n-poses/runs-n-poses-datasets/symmetry_corrected/7u8z__1__1.A__1.F_1.G/7u8z__1__1.A__1.F_1.G_ligand.pdb
  No symmetry contacts found — writing non-symm receptor only
  -> no_symmetry_contacts

Processing 7u91__1__1.A__1.C_1.D (proper chain: 1.C)
  Downloading https://files.rcsb.org/download/7u91.cif
  Ligand written: /home/rquiroga/github/runs-n-poses/runs-n-poses-datasets/symmetry_corrected/7u91__1__1.A__1.C_1.D/7u91__1__1.A__1.C_1.D_ligand.pdb
  No symmetry contacts found — writing non-symm receptor only
  -> no_symmetry_contacts

Processing 7u98__1__1.A__1.E (proper chain: 1.E)
  Downloading https://files.rcsb.org/download/7u98.cif
  Ligand written: /home/rquiroga/github/runs-n-poses/runs-n-poses-datasets/symmetry_corrected/7u98__1__1.A__1.E/7u98__1__1.A__1.E_ligand.pdb
  No symmetry contacts found — writing non-symm receptor only
  -> no_symmetry_contacts

Processing 7u99__1__1.A__1.B (proper chain: 1.B)
  Downloading https://files.rcsb.org/download/7u99.cif
  Ligand written: /home/rquiroga/github/runs-n-poses/runs-n-poses-datasets/symmetry_corrected/7u99__1__1.A__1.B/7u99__1__1.A__1.B_ligand.pdb
  No symmetry contacts found — writing non-symm receptor only
  -> no_symmetry_contacts

Processing 7u9a__1__1.A__1.B (proper chain: 1.B)
  Downloading https://files.rcsb.org/download/7u9a.cif
  Ligand written: /home/rquiroga/github/runs-n-poses/runs-n-poses-datasets/symmetry_corrected/7u9a__1__1.A__1.B/7u9a__1__1.A__1.B_ligand.pdb
  No symmetry contacts found — writing non-symm receptor only
  -> no_symmetry_contacts

Processing 7u9u__1__2.A__2.C_2.D (proper chain: 2.C)
  Downloading https://files.rcsb.org/download/7u9u.cif
  Ligand written: /home/rquiroga/github/runs-n-poses/runs-n-poses-datasets/symmetry_corrected/7u9u__1__2.A__2.C_2.D/7u9u__1__2.A__2.C_2.D_ligand.pdb
  No symmetry contacts found — writing non-symm receptor only
  -> no_symmetry_contacts

Processing 7u9v__1__1.A_1.B__1.U_1.Y (proper chain: 1.Y)
  Downloading https://files.rcsb.org/download/7u9v.cif
  Ligand written: /home/rquiroga/github/runs-n-poses/runs-n-poses-datasets/symmetry_corrected/7u9v__1__1.A_1.B__1.U_1.Y/7u9v__1__1.A_1.B__1.U_1.Y_ligand.pdb
  No symmetry contacts found — writing non-symm receptor only
  -> no_symmetry_contacts

Processing 7uad__1__1.A__1.B (proper chain: 1.B)
  Downloading https://files.rcsb.org/download/7uad.cif
  Ligand written: /home/rquiroga/github/runs-n-poses/runs-n-poses-datasets/symmetry_corrected/7uad__1__1.A__1.B/7uad__1__1.A__1.B_ligand.pdb
  No symmetry contacts found — writing non-symm receptor only
  -> no_symmetry_contacts

Processing 7uas__1__1.A__1.C (proper chain: 1.C)
  Downloading https://files.rcsb.org/download/7uas.cif
  Ligand written: /home/rquiroga/github/runs-n-poses/runs-n-poses-datasets/symmetry_corrected/7uas__1__1.A__1.C/7uas__1__1.A__1.C_ligand.pdb
  No symmetry contacts found — writing non-symm receptor only
  -> no_symmetry_contacts

Processing 7uaw__1__1.A_1.B__1.C (proper chain: 1.C)
  Downloading https://files.rcsb.org/download/7uaw.cif
  Ligand written: /home/rquiroga/github/runs-n-poses/runs-n-poses-datasets/symmetry_corrected/7uaw__1__1.A_1.B__1.C/7uaw__1__1.A_1.B__1.C_ligand.pdb
  No symmetry contacts found — writing non-symm receptor only
  -> no_symmetry_contacts

Processing 7ubo__1__1.A__1.E (proper chain: 1.E)
  Downloading https://files.rcsb.org/download/7ubo.cif
  Ligand written: /home/rquiroga/github/runs-n-poses/runs-n-poses-datasets/symmetry_corrected/7ubo__1__1.A__1.E/7ubo__1__1.A__1.E_ligand.pdb
  No symmetry contacts found — writing non-symm receptor only
  -> no_symmetry_contacts

Processing 7ubr__1__1.A_1.B__1.AA_1.V_1.Z (proper chain: 1.Z)
  Downloading https://files.rcsb.org/download/7ubr.cif
  Ligand written: /home/rquiroga/github/runs-n-poses/runs-n-poses-datasets/symmetry_corrected/7ubr__1__1.A_1.B__1.AA_1.V_1.Z/7ubr__1__1.A_1.B__1.AA_1.V_1.Z_ligand.pdb
  No symmetry contacts found — writing non-symm receptor only
  -> no_symmetry_contacts

Processing 7ucy__1__1.A_1.B__1.U_1.Y (proper chain: 1.Y)
  Downloading https://files.rcsb.org/download/7ucy.cif
  Ligand written: /home/rquiroga/github/runs-n-poses/runs-n-poses-datasets/symmetry_corrected/7ucy__1__1.A_1.B__1.U_1.Y/7ucy__1__1.A_1.B__1.U_1.Y_ligand.pdb
  No symmetry contacts found — writing non-symm receptor only
  -> no_symmetry_contacts

Processing 7udg__1__1.A_1.B__1.U_1.X (proper chain: 1.X)
  Downloading https://files.rcsb.org/download/7udg.cif
  Ligand written: /home/rquiroga/github/runs-n-poses/runs-n-poses-datasets/symmetry_corrected/7udg__1__1.A_1.B__1.U_1.X/7udg__1__1.A_1.B__1.U_1.X_ligand.pdb
  No symmetry contacts found — writing non-symm receptor only
  -> no_symmetry_contacts

Processing 7udh__1__1.A_1.B__1.U_1.Y (proper chain: 1.Y)
  Downloading https://files.rcsb.org/download/7udh.cif
  Ligand written: /home/rquiroga/github/runs-n-poses/runs-n-poses-datasets/symmetry_corrected/7udh__1__1.A_1.B__1.U_1.Y/7udh__1__1.A_1.B__1.U_1.Y_ligand.pdb
  No symmetry contacts found — writing non-symm receptor only
  -> no_symmetry_contacts

Processing 7udq__1__1.A__1.C (proper chain: 1.C)
  Downloading https://files.rcsb.org/download/7udq.cif
  Ligand written: /home/rquiroga/github/runs-n-poses/runs-n-poses-datasets/symmetry_corrected/7udq__1__1.A__1.C/7udq__1__1.A__1.C_ligand.pdb
  No symmetry contacts found — writing non-symm receptor only
  -> no_symmetry_contacts

Processing 7ue0__1__1.A_1.B__1.U_1.Y (proper chain: 1.Y)
  Downloading https://files.rcsb.org/download/7ue0.cif
  Ligand written: /home/rquiroga/github/runs-n-poses/runs-n-poses-datasets/symmetry_corrected/7ue0__1__1.A_1.B__1.U_1.Y/7ue0__1__1.A_1.B__1.U_1.Y_ligand.pdb
  No symmetry contacts found — writing non-symm receptor only
  -> no_symmetry_contacts

Processing 7ue4__1__1.A_2.A__2.F (proper chain: 2.F)
  Downloading https://files.rcsb.org/download/7ue4.cif
  Ligand written: /home/rquiroga/github/runs-n-poses/runs-n-poses-datasets/symmetry_corrected/7ue4__1__1.A_2.A__2.F/7ue4__1__1.A_2.A__2.F_ligand.pdb
  Found 1 symmetry operations with contacts
  Receptor (symm) written: /home/rquiroga/github/runs-n-poses/runs-n-poses-datasets/symmetry_corrected/7ue4__1__1.A_2.A__2.F/7ue4__1__1.A_2.A__2.F_receptor_symm.pdb
  Total chains in output: 5
  -> ok

Processing 7ue8__1__1.A_2.A__2.D (proper chain: 2.D)
  Downloading https://files.rcsb.org/download/7ue8.cif
  Ligand written: /home/rquiroga/github/runs-n-poses/runs-n-poses-datasets/symmetry_corrected/7ue8__1__1.A_2.A__2.D/7ue8__1__1.A_2.A__2.D_ligand.pdb
  Found 1 symmetry operations with contacts
  Receptor (symm) written: /home/rquiroga/github/runs-n-poses/runs-n-poses-datasets/symmetry_corrected/7ue8__1__1.A_2.A__2.D/7ue8__1__1.A_2.A__2.D_receptor_symm.pdb
  Total chains in output: 5
  -> ok

Processing 7ueo__1__1.A_2.A__2.B_2.C_2.E (proper chain: 2.C)
  Downloading https://files.rcsb.org/download/7ueo.cif
  Ligand written: /home/rquiroga/github/runs-n-poses/runs-n-poses-datasets/symmetry_corrected/7ueo__1__1.A_2.A__2.B_2.C_2.E/7ueo__1__1.A_2.A__2.B_2.C_2.E_ligand.pdb
  Found 1 symmetry operations with contacts
  Receptor (symm) written: /home/rquiroga/github/runs-n-poses/runs-n-poses-datasets/symmetry_corrected/7ueo__1__1.A_2.A__2.B_2.C_2.E/7ueo__1__1.A_2.A__2.B_2.C_2.E_receptor_symm.pdb
  Total chains in output: 7
  -> ok

Processing 7ueo__1__1.A_2.A__2.D (proper chain: 2.D)
  Ligand written: /home/rquiroga/github/runs-n-poses/runs-n-poses-datasets/symmetry_corrected/7ueo__1__1.A_2.A__2.D/7ueo__1__1.A_2.A__2.D_ligand.pdb
  Found 1 symmetry operations with contacts
  Receptor (symm) written: /home/rquiroga/github/runs-n-poses/runs-n-poses-datasets/symmetry_corrected/7ueo__1__1.A_2.A__2.D/7ueo__1__1.A_2.A__2.D_receptor_symm.pdb
  Total chains in output: 5
  -> ok

Processing 7ueu__1__1.A_2.A__2.B (proper chain: 2.B)
  Downloading https://files.rcsb.org/download/7ueu.cif
  Ligand written: /home/rquiroga/github/runs-n-poses/runs-n-poses-datasets/symmetry_corrected/7ueu__1__1.A_2.A__2.B/7ueu__1__1.A_2.A__2.B_ligand.pdb
  Found 1 symmetry operations with contacts
  Receptor (symm) written: /home/rquiroga/github/runs-n-poses/runs-n-poses-datasets/symmetry_corrected/7ueu__1__1.A_2.A__2.B/7ueu__1__1.A_2.A__2.B_receptor_symm.pdb
  Total chains in output: 5
  -> ok

Processing 7ueu__1__1.A_2.A__2.C_2.D_2.E (proper chain: 2.C)
  Ligand written: /home/rquiroga/github/runs-n-poses/runs-n-poses-datasets/symmetry_corrected/7ueu__1__1.A_2.A__2.C_2.D_2.E/7ueu__1__1.A_2.A__2.C_2.D_2.E_ligand.pdb
  Found 1 symmetry operations with contacts
  Receptor (symm) written: /home/rquiroga/github/runs-n-poses/runs-n-poses-datasets/symmetry_corrected/7ueu__1__1.A_2.A__2.C_2.D_2.E/7ueu__1__1.A_2.A__2.C_2.D_2.E_receptor_symm.pdb
  Total chains in output: 7
  -> ok

Processing 7uf0__1__1.A_2.A__1.B (proper chain: 1.B)
  Downloading https://files.rcsb.org/download/7uf0.cif
  Ligand written: /home/rquiroga/github/runs-n-poses/runs-n-poses-datasets/symmetry_corrected/7uf0__1__1.A_2.A__1.B/7uf0__1__1.A_2.A__1.B_ligand.pdb
  Found 1 symmetry operations with contacts
  Receptor (symm) written: /home/rquiroga/github/runs-n-poses/runs-n-poses-datasets/symmetry_corrected/7uf0__1__1.A_2.A__1.B/7uf0__1__1.A_2.A__1.B_receptor_symm.pdb
  Total chains in output: 5
  -> ok

Processing 7ug5__1__1.A__1.E (proper chain: 1.E)
  Downloading https://files.rcsb.org/download/7ug5.cif
  Ligand written: /home/rquiroga/github/runs-n-poses/runs-n-poses-datasets/symmetry_corrected/7ug5__1__1.A__1.E/7ug5__1__1.A__1.E_ligand.pdb
  No symmetry contacts found — writing non-symm receptor only
  -> no_symmetry_contacts

Processing 7ugb__1__1.A__1.C (proper chain: 1.C)
  Downloading https://files.rcsb.org/download/7ugb.cif
  Ligand written: /home/rquiroga/github/runs-n-poses/runs-n-poses-datasets/symmetry_corrected/7ugb__1__1.A__1.C/7ugb__1__1.A__1.C_ligand.pdb
  No symmetry contacts found — writing non-symm receptor only
  -> no_symmetry_contacts

Processing 7ugl__1__1.A__1.C (proper chain: 1.C)
  Downloading https://files.rcsb.org/download/7ugl.cif
  Ligand written: /home/rquiroga/github/runs-n-poses/runs-n-poses-datasets/symmetry_corrected/7ugl__1__1.A__1.C/7ugl__1__1.A__1.C_ligand.pdb
  No symmetry contacts found — writing non-symm receptor only
  -> no_symmetry_contacts

Processing 7ugl__1__1.A__1.D (proper chain: 1.D)
  Ligand written: /home/rquiroga/github/runs-n-poses/runs-n-poses-datasets/symmetry_corrected/7ugl__1__1.A__1.D/7ugl__1__1.A__1.D_ligand.pdb
  No symmetry contacts found — writing non-symm receptor only
  -> no_symmetry_contacts

Processing 7uh8__1__1.A_1.B__1.U_1.Y (proper chain: 1.Y)
  Downloading https://files.rcsb.org/download/7uh8.cif
  Ligand written: /home/rquiroga/github/runs-n-poses/runs-n-poses-datasets/symmetry_corrected/7uh8__1__1.A_1.B__1.U_1.Y/7uh8__1__1.A_1.B__1.U_1.Y_ligand.pdb
  No symmetry contacts found — writing non-symm receptor only
  -> no_symmetry_contacts

Processing 7uj4__1__1.A__1.C_1.D (proper chain: 1.C)
  Downloading https://files.rcsb.org/download/7uj4.cif
  Ligand written: /home/rquiroga/github/runs-n-poses/runs-n-poses-datasets/symmetry_corrected/7uj4__1__1.A__1.C_1.D/7uj4__1__1.A__1.C_1.D_ligand.pdb
  No symmetry contacts found — writing non-symm receptor only
  -> no_symmetry_contacts

Processing 7uj7__1__1.A__1.E (proper chain: 1.E)
  Downloading https://files.rcsb.org/download/7uj7.cif
  Ligand written: /home/rquiroga/github/runs-n-poses/runs-n-poses-datasets/symmetry_corrected/7uj7__1__1.A__1.E/7uj7__1__1.A__1.E_ligand.pdb
  No symmetry contacts found — writing non-symm receptor only
  -> no_symmetry_contacts

Processing 7uj8__1__1.A__1.C (proper chain: 1.C)
  Downloading https://files.rcsb.org/download/7uj8.cif
  Ligand written: /home/rquiroga/github/runs-n-poses/runs-n-poses-datasets/symmetry_corrected/7uj8__1__1.A__1.C/7uj8__1__1.A__1.C_ligand.pdb
  No symmetry contacts found — writing non-symm receptor only
  -> no_symmetry_contacts

Processing 7ujc__1__1.B__1.D (proper chain: 1.D)
  Downloading https://files.rcsb.org/download/7ujc.cif
  Ligand written: /home/rquiroga/github/runs-n-poses/runs-n-poses-datasets/symmetry_corrected/7ujc__1__1.B__1.D/7ujc__1__1.B__1.D_ligand.pdb
  No symmetry contacts found — writing non-symm receptor only
  -> no_symmetry_contacts

Processing 7uje__1__1.A_1.B__1.AA_1.W (proper chain: 1.AA)
  Downloading https://files.rcsb.org/download/7uje.cif
  Ligand written: /home/rquiroga/github/runs-n-poses/runs-n-poses-datasets/symmetry_corrected/7uje__1__1.A_1.B__1.AA_1.W/7uje__1__1.A_1.B__1.AA_1.W_ligand.pdb
  No symmetry contacts found — writing non-symm receptor only
  -> no_symmetry_contacts

Processing 7ujf__1__1.A__1.E (proper chain: 1.E)
  Downloading https://files.rcsb.org/download/7ujf.cif
  Ligand written: /home/rquiroga/github/runs-n-poses/runs-n-poses-datasets/symmetry_corrected/7ujf__1__1.A__1.E/7ujf__1__1.A__1.E_ligand.pdb
  No symmetry contacts found — writing non-symm receptor only
  -> no_symmetry_contacts

Processing 7ujh__1__1.A_1.B__1.D (proper chain: 1.D)
  Downloading https://files.rcsb.org/download/7ujh.cif
  Ligand written: /home/rquiroga/github/runs-n-poses/runs-n-poses-datasets/symmetry_corrected/7ujh__1__1.A_1.B__1.D/7ujh__1__1.A_1.B__1.D_ligand.pdb
  No symmetry contacts found — writing non-symm receptor only
  -> no_symmetry_contacts

Processing 7ujk__1__1.A_1.B__1.V_1.Z (proper chain: 1.Z)
  Downloading https://files.rcsb.org/download/7ujk.cif
  Ligand written: /home/rquiroga/github/runs-n-poses/runs-n-poses-datasets/symmetry_corrected/7ujk__1__1.A_1.B__1.V_1.Z/7ujk__1__1.A_1.B__1.V_1.Z_ligand.pdb
  No symmetry contacts found — writing non-symm receptor only
  -> no_symmetry_contacts

Processing 7ujo__1__1.D__1.H (proper chain: 1.H)
  Downloading https://files.rcsb.org/download/7ujo.cif
  Ligand written: /home/rquiroga/github/runs-n-poses/runs-n-poses-datasets/symmetry_corrected/7ujo__1__1.D__1.H/7ujo__1__1.D__1.H_ligand.pdb
  No symmetry contacts found — writing non-symm receptor only
  -> no_symmetry_contacts

Processing 7ujy__1__1.B__1.F (proper chain: 1.F)
  Downloading https://files.rcsb.org/download/7ujy.cif
  Ligand written: /home/rquiroga/github/runs-n-poses/runs-n-poses-datasets/symmetry_corrected/7ujy__1__1.B__1.F/7ujy__1__1.B__1.F_ligand.pdb
  No symmetry contacts found — writing non-symm receptor only
  -> no_symmetry_contacts

Processing 7uk7__1__1.A__1.B_1.C_1.D_1.F (proper chain: 1.B)
  Downloading https://files.rcsb.org/download/7uk7.cif
  Ligand written: /home/rquiroga/github/runs-n-poses/runs-n-poses-datasets/symmetry_corrected/7uk7__1__1.A__1.B_1.C_1.D_1.F/7uk7__1__1.A__1.B_1.C_1.D_1.F_ligand.pdb
  No symmetry contacts found — writing non-symm receptor only
  -> no_symmetry_contacts

Processing 7uko__1__1.A_1.B__1.U_1.Y (proper chain: 1.Y)
  Downloading https://files.rcsb.org/download/7uko.cif
  Ligand written: /home/rquiroga/github/runs-n-poses/runs-n-poses-datasets/symmetry_corrected/7uko__1__1.A_1.B__1.U_1.Y/7uko__1__1.A_1.B__1.U_1.Y_ligand.pdb
  No symmetry contacts found — writing non-symm receptor only
  -> no_symmetry_contacts

Processing 7ukp__1__1.A_1.B__1.S_1.V (proper chain: 1.V)
  Downloading https://files.rcsb.org/download/7ukp.cif
  Ligand written: /home/rquiroga/github/runs-n-poses/runs-n-poses-datasets/symmetry_corrected/7ukp__1__1.A_1.B__1.S_1.V/7ukp__1__1.A_1.B__1.S_1.V_ligand.pdb
  No symmetry contacts found — writing non-symm receptor only
  -> no_symmetry_contacts

Processing 7ukr__1__1.A__1.C (proper chain: 1.C)
  Downloading https://files.rcsb.org/download/7ukr.cif
  Ligand written: /home/rquiroga/github/runs-n-poses/runs-n-poses-datasets/symmetry_corrected/7ukr__1__1.A__1.C/7ukr__1__1.A__1.C_ligand.pdb
  No symmetry contacts found — writing non-symm receptor only
  -> no_symmetry_contacts

Processing 7ukt__1__1.A_1.B__1.U_1.Y (proper chain: 1.Y)
  Downloading https://files.rcsb.org/download/7ukt.cif
  Ligand written: /home/rquiroga/github/runs-n-poses/runs-n-poses-datasets/symmetry_corrected/7ukt__1__1.A_1.B__1.U_1.Y/7ukt__1__1.A_1.B__1.U_1.Y_ligand.pdb
  No symmetry contacts found — writing non-symm receptor only
  -> no_symmetry_contacts

Processing 7um4__1__1.A__1.I (proper chain: 1.I)
  Downloading https://files.rcsb.org/download/7um4.cif
  Ligand written: /home/rquiroga/github/runs-n-poses/runs-n-poses-datasets/symmetry_corrected/7um4__1__1.A__1.I/7um4__1__1.A__1.I_ligand.pdb
  No symmetry contacts found — writing non-symm receptor only
  -> no_symmetry_contacts

Processing 7umo__1__1.A__1.G_1.I (proper chain: 1.G)
  Downloading https://files.rcsb.org/download/7umo.cif
  Ligand written: /home/rquiroga/github/runs-n-poses/runs-n-poses-datasets/symmetry_corrected/7umo__1__1.A__1.G_1.I/7umo__1__1.A__1.G_1.I_ligand.pdb
  No symmetry contacts found — writing non-symm receptor only
  -> no_symmetry_contacts

Processing 7un0__1__1.A__1.G (proper chain: 1.G)
  Downloading https://files.rcsb.org/download/7un0.cif
  Ligand written: /home/rquiroga/github/runs-n-poses/runs-n-poses-datasets/symmetry_corrected/7un0__1__1.A__1.G/7un0__1__1.A__1.G_ligand.pdb
  No symmetry contacts found — writing non-symm receptor only
  -> no_symmetry_contacts

Processing 7uor__1__1.A__1.G_1.H (proper chain: 1.G)
  Downloading https://files.rcsb.org/download/7uor.cif
  Ligand written: /home/rquiroga/github/runs-n-poses/runs-n-poses-datasets/symmetry_corrected/7uor__1__1.A__1.G_1.H/7uor__1__1.A__1.G_1.H_ligand.pdb
  No symmetry contacts found — writing non-symm receptor only
  -> no_symmetry_contacts

Processing 7uoy__1__1.A__1.C_1.D_1.F (proper chain: 1.F)
  Downloading https://files.rcsb.org/download/7uoy.cif
  Ligand written: /home/rquiroga/github/runs-n-poses/runs-n-poses-datasets/symmetry_corrected/7uoy__1__1.A__1.C_1.D_1.F/7uoy__1__1.A__1.C_1.D_1.F_ligand.pdb
  No symmetry contacts found — writing non-symm receptor only
  -> no_symmetry_contacts

Processing 7uq1__1__1.A__1.B_1.D (proper chain: 1.B)
  Downloading https://files.rcsb.org/download/7uq1.cif
  Ligand written: /home/rquiroga/github/runs-n-poses/runs-n-poses-datasets/symmetry_corrected/7uq1__1__1.A__1.B_1.D/7uq1__1__1.A__1.B_1.D_ligand.pdb
  No symmetry contacts found — writing non-symm receptor only
  -> no_symmetry_contacts

Processing 7ur3__1__1.A__1.B (proper chain: 1.B)
  Downloading https://files.rcsb.org/download/7ur3.cif
  Ligand written: /home/rquiroga/github/runs-n-poses/runs-n-poses-datasets/symmetry_corrected/7ur3__1__1.A__1.B/7ur3__1__1.A__1.B_ligand.pdb
  No symmetry contacts found — writing non-symm receptor only
  -> no_symmetry_contacts

Processing 7ur9__1__1.A_1.B__1.D (proper chain: 1.D)
  Downloading https://files.rcsb.org/download/7ur9.cif
  Ligand written: /home/rquiroga/github/runs-n-poses/runs-n-poses-datasets/symmetry_corrected/7ur9__1__1.A_1.B__1.D/7ur9__1__1.A_1.B__1.D_ligand.pdb
  No symmetry contacts found — writing non-symm receptor only
  -> no_symmetry_contacts

Processing 7usg__1__1.A__1.B (proper chain: 1.B)
  Downloading https://files.rcsb.org/download/7usg.cif
  Ligand written: /home/rquiroga/github/runs-n-poses/runs-n-poses-datasets/symmetry_corrected/7usg__1__1.A__1.B/7usg__1__1.A__1.B_ligand.pdb
  No symmetry contacts found — writing non-symm receptor only
  -> no_symmetry_contacts

Processing 7ush__1__1.A__1.B (proper chain: 1.B)
  Downloading https://files.rcsb.org/download/7ush.cif
  Ligand written: /home/rquiroga/github/runs-n-poses/runs-n-poses-datasets/symmetry_corrected/7ush__1__1.A__1.B/7ush__1__1.A__1.B_ligand.pdb
  Found 1 symmetry operations with contacts
  Receptor (symm) written: /home/rquiroga/github/runs-n-poses/runs-n-poses-datasets/symmetry_corrected/7ush__1__1.A__1.B/7ush__1__1.A__1.B_receptor_symm.pdb
  Total chains in output: 3
  -> ok

Processing 7usi__1__1.A__1.G (proper chain: 1.G)
  Downloading https://files.rcsb.org/download/7usi.cif
  Ligand written: /home/rquiroga/github/runs-n-poses/runs-n-poses-datasets/symmetry_corrected/7usi__1__1.A__1.G/7usi__1__1.A__1.G_ligand.pdb
  No symmetry contacts found — writing non-symm receptor only
  -> no_symmetry_contacts

Processing 7ut5__1__1.A__1.C (proper chain: 1.C)
  Downloading https://files.rcsb.org/download/7ut5.cif
  Ligand written: /home/rquiroga/github/runs-n-poses/runs-n-poses-datasets/symmetry_corrected/7ut5__1__1.A__1.C/7ut5__1__1.A__1.C_ligand.pdb
  No symmetry contacts found — writing non-symm receptor only
  -> no_symmetry_contacts

Processing 7utc__1__1.C_1.D__1.LA_1.MA_1.PA (proper chain: 1.MA)
  Downloading https://files.rcsb.org/download/7utc.cif
  Ligand written: /home/rquiroga/github/runs-n-poses/runs-n-poses-datasets/symmetry_corrected/7utc__1__1.C_1.D__1.LA_1.MA_1.PA/7utc__1__1.C_1.D__1.LA_1.MA_1.PA_ligand.pdb
  No symmetry contacts found — writing non-symm receptor only
  -> no_symmetry_contacts

Processing 7uw2__1__1.A__1.C (proper chain: 1.C)
  Downloading https://files.rcsb.org/download/7uw2.cif
  Ligand written: /home/rquiroga/github/runs-n-poses/runs-n-poses-datasets/symmetry_corrected/7uw2__1__1.A__1.C/7uw2__1__1.A__1.C_ligand.pdb
  No symmetry contacts found — writing non-symm receptor only
  -> no_symmetry_contacts

Processing 7uw4__1__1.A__1.C (proper chain: 1.C)
  Downloading https://files.rcsb.org/download/7uw4.cif
  Ligand written: /home/rquiroga/github/runs-n-poses/runs-n-poses-datasets/symmetry_corrected/7uw4__1__1.A__1.C/7uw4__1__1.A__1.C_ligand.pdb
  No symmetry contacts found — writing non-symm receptor only
  -> no_symmetry_contacts

Processing 7uwp__1__1.A__1.C_1.D (proper chain: 1.C)
  Downloading https://files.rcsb.org/download/7uwp.cif
  Ligand written: /home/rquiroga/github/runs-n-poses/runs-n-poses-datasets/symmetry_corrected/7uwp__1__1.A__1.C_1.D/7uwp__1__1.A__1.C_1.D_ligand.pdb
  No symmetry contacts found — writing non-symm receptor only
  -> no_symmetry_contacts

Processing 7uy0__1__1.A__1.E (proper chain: 1.E)
  Downloading https://files.rcsb.org/download/7uy0.cif
  Ligand written: /home/rquiroga/github/runs-n-poses/runs-n-poses-datasets/symmetry_corrected/7uy0__1__1.A__1.E/7uy0__1__1.A__1.E_ligand.pdb
  No symmetry contacts found — writing non-symm receptor only
  -> no_symmetry_contacts

Processing 7v04__1__1.A__1.B_1.C_1.D (proper chain: 1.D)
  Downloading https://files.rcsb.org/download/7v04.cif
  Ligand written: /home/rquiroga/github/runs-n-poses/runs-n-poses-datasets/symmetry_corrected/7v04__1__1.A__1.B_1.C_1.D/7v04__1__1.A__1.B_1.C_1.D_ligand.pdb
  No symmetry contacts found — writing non-symm receptor only
  -> no_symmetry_contacts

Processing 7v13__1__1.A__1.C (proper chain: 1.C)
  Downloading https://files.rcsb.org/download/7v13.cif
  Ligand written: /home/rquiroga/github/runs-n-poses/runs-n-poses-datasets/symmetry_corrected/7v13__1__1.A__1.C/7v13__1__1.A__1.C_ligand.pdb
  No symmetry contacts found — writing non-symm receptor only
  -> no_symmetry_contacts

Processing 7v16__1__1.A__1.C (proper chain: 1.C)
  Downloading https://files.rcsb.org/download/7v16.cif
  Ligand written: /home/rquiroga/github/runs-n-poses/runs-n-poses-datasets/symmetry_corrected/7v16__1__1.A__1.C/7v16__1__1.A__1.C_ligand.pdb
  No symmetry contacts found — writing non-symm receptor only
  -> no_symmetry_contacts

Processing 7v17__1__1.A__1.C (proper chain: 1.C)
  Downloading https://files.rcsb.org/download/7v17.cif
  Ligand written: /home/rquiroga/github/runs-n-poses/runs-n-poses-datasets/symmetry_corrected/7v17__1__1.A__1.C/7v17__1__1.A__1.C_ligand.pdb
  No symmetry contacts found — writing non-symm receptor only
  -> no_symmetry_contacts

Processing 7v18__1__1.A__1.C (proper chain: 1.C)
  Downloading https://files.rcsb.org/download/7v18.cif
  Ligand written: /home/rquiroga/github/runs-n-poses/runs-n-poses-datasets/symmetry_corrected/7v18__1__1.A__1.C/7v18__1__1.A__1.C_ligand.pdb
  No symmetry contacts found — writing non-symm receptor only
  -> no_symmetry_contacts

Processing 7v1o__1__1.A__1.D (proper chain: 1.D)
  Downloading https://files.rcsb.org/download/7v1o.cif
  Ligand written: /home/rquiroga/github/runs-n-poses/runs-n-poses-datasets/symmetry_corrected/7v1o__1__1.A__1.D/7v1o__1__1.A__1.D_ligand.pdb
  No symmetry contacts found — writing non-symm receptor only
  -> no_symmetry_contacts

Processing 7v1q__1__1.E__1.AA_1.BA (proper chain: 1.BA)
  Downloading https://files.rcsb.org/download/7v1q.cif
  Ligand written: /home/rquiroga/github/runs-n-poses/runs-n-poses-datasets/symmetry_corrected/7v1q__1__1.E__1.AA_1.BA/7v1q__1__1.E__1.AA_1.BA_ligand.pdb
  No symmetry contacts found — writing non-symm receptor only
  -> no_symmetry_contacts

Processing 7v3d__1__1.A_1.B__1.F (proper chain: 1.F)
  Downloading https://files.rcsb.org/download/7v3d.cif
  Ligand written: /home/rquiroga/github/runs-n-poses/runs-n-poses-datasets/symmetry_corrected/7v3d__1__1.A_1.B__1.F/7v3d__1__1.A_1.B__1.F_ligand.pdb
  No symmetry contacts found — writing non-symm receptor only
  -> no_symmetry_contacts

Processing 7v3s__1__1.A__1.B (proper chain: 1.B)
  Downloading https://files.rcsb.org/download/7v3s.cif
  Ligand written: /home/rquiroga/github/runs-n-poses/runs-n-poses-datasets/symmetry_corrected/7v3s__1__1.A__1.B/7v3s__1__1.A__1.B_ligand.pdb
  No symmetry contacts found — writing non-symm receptor only
  -> no_symmetry_contacts

Processing 7v41__1__1.A__1.B_1.C (proper chain: 1.C)
  Downloading https://files.rcsb.org/download/7v41.cif
  Ligand written: /home/rquiroga/github/runs-n-poses/runs-n-poses-datasets/symmetry_corrected/7v41__1__1.A__1.B_1.C/7v41__1__1.A__1.B_1.C_ligand.pdb
  No symmetry contacts found — writing non-symm receptor only
  -> no_symmetry_contacts

Processing 7v62__1__1.C__1.M (proper chain: 1.M)
  Downloading https://files.rcsb.org/download/7v62.cif
  Ligand written: /home/rquiroga/github/runs-n-poses/runs-n-poses-datasets/symmetry_corrected/7v62__1__1.C__1.M/7v62__1__1.C__1.M_ligand.pdb
  No symmetry contacts found — writing non-symm receptor only
  -> no_symmetry_contacts

Processing 7v6x__1__1.A__1.B_1.C (proper chain: 1.C)
  Downloading https://files.rcsb.org/download/7v6x.cif
  Ligand written: /home/rquiroga/github/runs-n-poses/runs-n-poses-datasets/symmetry_corrected/7v6x__1__1.A__1.B_1.C/7v6x__1__1.A__1.B_1.C_ligand.pdb
  No symmetry contacts found — writing non-symm receptor only
  -> no_symmetry_contacts

Processing 7va2__1__1.A__1.D_1.E (proper chain: 1.E)
  Downloading https://files.rcsb.org/download/7va2.cif
  Ligand written: /home/rquiroga/github/runs-n-poses/runs-n-poses-datasets/symmetry_corrected/7va2__1__1.A__1.D_1.E/7va2__1__1.A__1.D_1.E_ligand.pdb
  No symmetry contacts found — writing non-symm receptor only
  -> no_symmetry_contacts

Processing 7vb3__1__1.A_1.B__1.R_1.T_1.U (proper chain: 1.R)
  Downloading https://files.rcsb.org/download/7vb3.cif
  Ligand written: /home/rquiroga/github/runs-n-poses/runs-n-poses-datasets/symmetry_corrected/7vb3__1__1.A_1.B__1.R_1.T_1.U/7vb3__1__1.A_1.B__1.R_1.T_1.U_ligand.pdb
  No symmetry contacts found — writing non-symm receptor only
  -> no_symmetry_contacts

Processing 7vbt__1__1.B__1.D (proper chain: 1.D)
  Downloading https://files.rcsb.org/download/7vbt.cif
  Ligand written: /home/rquiroga/github/runs-n-poses/runs-n-poses-datasets/symmetry_corrected/7vbt__1__1.B__1.D/7vbt__1__1.B__1.D_ligand.pdb
  No symmetry contacts found — writing non-symm receptor only
  -> no_symmetry_contacts

Processing 7vbv__1__1.B__1.N (proper chain: 1.N)
  Downloading https://files.rcsb.org/download/7vbv.cif
  Ligand written: /home/rquiroga/github/runs-n-poses/runs-n-poses-datasets/symmetry_corrected/7vbv__1__1.B__1.N/7vbv__1__1.B__1.N_ligand.pdb
  No symmetry contacts found — writing non-symm receptor only
  -> no_symmetry_contacts

Processing 7vdp__1__1.A__1.E_1.F (proper chain: 1.E)
  Downloading https://files.rcsb.org/download/7vdp.cif
  Ligand written: /home/rquiroga/github/runs-n-poses/runs-n-poses-datasets/symmetry_corrected/7vdp__1__1.A__1.E_1.F/7vdp__1__1.A__1.E_1.F_ligand.pdb
  No symmetry contacts found — writing non-symm receptor only
  -> no_symmetry_contacts

Processing 7vdq__1__1.A__1.E (proper chain: 1.E)
  Downloading https://files.rcsb.org/download/7vdq.cif
  Ligand written: /home/rquiroga/github/runs-n-poses/runs-n-poses-datasets/symmetry_corrected/7vdq__1__1.A__1.E/7vdq__1__1.A__1.E_ligand.pdb
  No symmetry contacts found — writing non-symm receptor only
  -> no_symmetry_contacts

Processing 7vdr__1__1.A__1.E_1.F_1.N (proper chain: 1.E)
  Downloading https://files.rcsb.org/download/7vdr.cif
  Ligand written: /home/rquiroga/github/runs-n-poses/runs-n-poses-datasets/symmetry_corrected/7vdr__1__1.A__1.E_1.F_1.N/7vdr__1__1.A__1.E_1.F_1.N_ligand.pdb
  No symmetry contacts found — writing non-symm receptor only
  -> no_symmetry_contacts

Processing 7vds__1__1.A__1.E (proper chain: 1.E)
  Downloading https://files.rcsb.org/download/7vds.cif
  Ligand written: /home/rquiroga/github/runs-n-poses/runs-n-poses-datasets/symmetry_corrected/7vds__1__1.A__1.E/7vds__1__1.A__1.E_ligand.pdb
  No symmetry contacts found — writing non-symm receptor only
  -> no_symmetry_contacts

Processing 7vem__1__1.A_1.B__1.C_1.D (proper chain: 1.C)
  Downloading https://files.rcsb.org/download/7vem.cif
  Ligand written: /home/rquiroga/github/runs-n-poses/runs-n-poses-datasets/symmetry_corrected/7vem__1__1.A_1.B__1.C_1.D/7vem__1__1.A_1.B__1.C_1.D_ligand.pdb
  No symmetry contacts found — writing non-symm receptor only
  -> no_symmetry_contacts

Processing 7vez__1__1.A_1.D__1.E (proper chain: 1.E)
  Downloading https://files.rcsb.org/download/7vez.cif
  Ligand written: /home/rquiroga/github/runs-n-poses/runs-n-poses-datasets/symmetry_corrected/7vez__1__1.A_1.D__1.E/7vez__1__1.A_1.D__1.E_ligand.pdb
  No symmetry contacts found — writing non-symm receptor only
  -> no_symmetry_contacts

Processing 7vf6__1__1.B__1.H_1.J (proper chain: 1.J)
  Downloading https://files.rcsb.org/download/7vf6.cif
  Ligand written: /home/rquiroga/github/runs-n-poses/runs-n-poses-datasets/symmetry_corrected/7vf6__1__1.B__1.H_1.J/7vf6__1__1.B__1.H_1.J_ligand.pdb
  No symmetry contacts found — writing non-symm receptor only
  -> no_symmetry_contacts

Processing 7vhy__1__1.A__1.F (proper chain: 1.F)
  Downloading https://files.rcsb.org/download/7vhy.cif
  Ligand written: /home/rquiroga/github/runs-n-poses/runs-n-poses-datasets/symmetry_corrected/7vhy__1__1.A__1.F/7vhy__1__1.A__1.F_ligand.pdb
  No symmetry contacts found — writing non-symm receptor only
  -> no_symmetry_contacts

Processing 7vhz__1__1.A__1.F (proper chain: 1.F)
  Downloading https://files.rcsb.org/download/7vhz.cif
  Ligand written: /home/rquiroga/github/runs-n-poses/runs-n-poses-datasets/symmetry_corrected/7vhz__1__1.A__1.F/7vhz__1__1.A__1.F_ligand.pdb
  No symmetry contacts found — writing non-symm receptor only
  -> no_symmetry_contacts

Processing 7vi0__1__1.A__1.F (proper chain: 1.F)
  Downloading https://files.rcsb.org/download/7vi0.cif
  Ligand written: /home/rquiroga/github/runs-n-poses/runs-n-poses-datasets/symmetry_corrected/7vi0__1__1.A__1.F/7vi0__1__1.A__1.F_ligand.pdb
  No symmetry contacts found — writing non-symm receptor only
  -> no_symmetry_contacts

Processing 7vi7__1__1.A__1.C (proper chain: 1.C)
  Downloading https://files.rcsb.org/download/7vi7.cif
  Ligand written: /home/rquiroga/github/runs-n-poses/runs-n-poses-datasets/symmetry_corrected/7vi7__1__1.A__1.C/7vi7__1__1.A__1.C_ligand.pdb
  No symmetry contacts found — writing non-symm receptor only
  -> no_symmetry_contacts

Processing 7vjt__1__1.A__1.C (proper chain: 1.C)
  Downloading https://files.rcsb.org/download/7vjt.cif
  Ligand written: /home/rquiroga/github/runs-n-poses/runs-n-poses-datasets/symmetry_corrected/7vjt__1__1.A__1.C/7vjt__1__1.A__1.C_ligand.pdb
  No symmetry contacts found — writing non-symm receptor only
  -> no_symmetry_contacts

Processing 7vkg__1__1.A__1.B (proper chain: 1.B)
  Downloading https://files.rcsb.org/download/7vkg.cif
  Ligand written: /home/rquiroga/github/runs-n-poses/runs-n-poses-datasets/symmetry_corrected/7vkg__1__1.A__1.B/7vkg__1__1.A__1.B_ligand.pdb
  Found 1 symmetry operations with contacts
  Receptor (symm) written: /home/rquiroga/github/runs-n-poses/runs-n-poses-datasets/symmetry_corrected/7vkg__1__1.A__1.B/7vkg__1__1.A__1.B_receptor_symm.pdb
  Total chains in output: 3
  -> ok

Processing 7vkh__1__1.A__1.C (proper chain: 1.C)
  Downloading https://files.rcsb.org/download/7vkh.cif
  Ligand written: /home/rquiroga/github/runs-n-poses/runs-n-poses-datasets/symmetry_corrected/7vkh__1__1.A__1.C/7vkh__1__1.A__1.C_ligand.pdb
  No symmetry contacts found — writing non-symm receptor only
  -> no_symmetry_contacts

Processing 7vl0__1__1.A__1.C (proper chain: 1.C)
  Downloading https://files.rcsb.org/download/7vl0.cif
  Ligand written: /home/rquiroga/github/runs-n-poses/runs-n-poses-datasets/symmetry_corrected/7vl0__1__1.A__1.C/7vl0__1__1.A__1.C_ligand.pdb
  No symmetry contacts found — writing non-symm receptor only
  -> no_symmetry_contacts

Processing 7vl2__1__1.A__1.C (proper chain: 1.C)
  Downloading https://files.rcsb.org/download/7vl2.cif
  Ligand written: /home/rquiroga/github/runs-n-poses/runs-n-poses-datasets/symmetry_corrected/7vl2__1__1.A__1.C/7vl2__1__1.A__1.C_ligand.pdb
  No symmetry contacts found — writing non-symm receptor only
  -> no_symmetry_contacts

Processing 7vl3__1__1.A__1.C (proper chain: 1.C)
  Downloading https://files.rcsb.org/download/7vl3.cif
  Ligand written: /home/rquiroga/github/runs-n-poses/runs-n-poses-datasets/symmetry_corrected/7vl3__1__1.A__1.C/7vl3__1__1.A__1.C_ligand.pdb
  No symmetry contacts found — writing non-symm receptor only
  -> no_symmetry_contacts

Processing 7vl6__1__1.A__1.C (proper chain: 1.C)
  Downloading https://files.rcsb.org/download/7vl6.cif
  Ligand written: /home/rquiroga/github/runs-n-poses/runs-n-poses-datasets/symmetry_corrected/7vl6__1__1.A__1.C/7vl6__1__1.A__1.C_ligand.pdb
  No symmetry contacts found — writing non-symm receptor only
  -> no_symmetry_contacts

Processing 7vl7__1__1.A__1.C (proper chain: 1.C)
  Downloading https://files.rcsb.org/download/7vl7.cif
  Ligand written: /home/rquiroga/github/runs-n-poses/runs-n-poses-datasets/symmetry_corrected/7vl7__1__1.A__1.C/7vl7__1__1.A__1.C_ligand.pdb
  No symmetry contacts found — writing non-symm receptor only
  -> no_symmetry_contacts

Processing 7vm0__1__1.A__1.C_1.D (proper chain: 1.C)
  Downloading https://files.rcsb.org/download/7vm0.cif
  Ligand written: /home/rquiroga/github/runs-n-poses/runs-n-poses-datasets/symmetry_corrected/7vm0__1__1.A__1.C_1.D/7vm0__1__1.A__1.C_1.D_ligand.pdb
  No symmetry contacts found — writing non-symm receptor only
  -> no_symmetry_contacts

Processing 7vm7__1__1.A__1.B (proper chain: 1.B)
  Downloading https://files.rcsb.org/download/7vm7.cif
  Ligand written: /home/rquiroga/github/runs-n-poses/runs-n-poses-datasets/symmetry_corrected/7vm7__1__1.A__1.B/7vm7__1__1.A__1.B_ligand.pdb
  No symmetry contacts found — writing non-symm receptor only
  -> no_symmetry_contacts

Processing 7vmy__1__1.A__1.C_1.D_1.E (proper chain: 1.D)
  Downloading https://files.rcsb.org/download/7vmy.cif
  Ligand written: /home/rquiroga/github/runs-n-poses/runs-n-poses-datasets/symmetry_corrected/7vmy__1__1.A__1.C_1.D_1.E/7vmy__1__1.A__1.C_1.D_1.E_ligand.pdb
  No symmetry contacts found — writing non-symm receptor only
  -> no_symmetry_contacts

Processing 7vnh__1__1.A__1.C (proper chain: 1.C)
  Downloading https://files.rcsb.org/download/7vnh.cif
  Ligand written: /home/rquiroga/github/runs-n-poses/runs-n-poses-datasets/symmetry_corrected/7vnh__1__1.A__1.C/7vnh__1__1.A__1.C_ligand.pdb
  No symmetry contacts found — writing non-symm receptor only
  -> no_symmetry_contacts

Processing 7vns__1__1.A_2.A__2.C (proper chain: 2.C)
  Downloading https://files.rcsb.org/download/7vns.cif
  Ligand written: /home/rquiroga/github/runs-n-poses/runs-n-poses-datasets/symmetry_corrected/7vns__1__1.A_2.A__2.C/7vns__1__1.A_2.A__2.C_ligand.pdb
  Found 1 symmetry operations with contacts
  Receptor (symm) written: /home/rquiroga/github/runs-n-poses/runs-n-poses-datasets/symmetry_corrected/7vns__1__1.A_2.A__2.C/7vns__1__1.A_2.A__2.C_receptor_symm.pdb
  Total chains in output: 5
  -> ok

Processing 7vo5__1__1.A__1.B (proper chain: 1.B)
  Downloading https://files.rcsb.org/download/7vo5.cif
  Ligand written: /home/rquiroga/github/runs-n-poses/runs-n-poses-datasets/symmetry_corrected/7vo5__1__1.A__1.B/7vo5__1__1.A__1.B_ligand.pdb
  No symmetry contacts found — writing non-symm receptor only
  -> no_symmetry_contacts

Processing 7vpe__1__1.A__1.B (proper chain: 1.B)
  Downloading https://files.rcsb.org/download/7vpe.cif
  Ligand written: /home/rquiroga/github/runs-n-poses/runs-n-poses-datasets/symmetry_corrected/7vpe__1__1.A__1.B/7vpe__1__1.A__1.B_ligand.pdb
  No symmetry contacts found — writing non-symm receptor only
  -> no_symmetry_contacts

Processing 7vpr__1__1.B__1.F (proper chain: 1.F)
  Downloading https://files.rcsb.org/download/7vpr.cif
  Ligand written: /home/rquiroga/github/runs-n-poses/runs-n-poses-datasets/symmetry_corrected/7vpr__1__1.B__1.F/7vpr__1__1.B__1.F_ligand.pdb
  No symmetry contacts found — writing non-symm receptor only
  -> no_symmetry_contacts

Processing 7vpu__1__1.A__1.E (proper chain: 1.E)
  Downloading https://files.rcsb.org/download/7vpu.cif
  Ligand written: /home/rquiroga/github/runs-n-poses/runs-n-poses-datasets/symmetry_corrected/7vpu__1__1.A__1.E/7vpu__1__1.A__1.E_ligand.pdb
  No symmetry contacts found — writing non-symm receptor only
  -> no_symmetry_contacts

Processing 7vqp__1__1.A__1.C (proper chain: 1.C)
  Downloading https://files.rcsb.org/download/7vqp.cif
  Ligand written: /home/rquiroga/github/runs-n-poses/runs-n-poses-datasets/symmetry_corrected/7vqp__1__1.A__1.C/7vqp__1__1.A__1.C_ligand.pdb
  No symmetry contacts found — writing non-symm receptor only
  -> no_symmetry_contacts

Processing 7vre__1__1.A__1.B (proper chain: 1.B)
  Downloading https://files.rcsb.org/download/7vre.cif
  Ligand written: /home/rquiroga/github/runs-n-poses/runs-n-poses-datasets/symmetry_corrected/7vre__1__1.A__1.B/7vre__1__1.A__1.B_ligand.pdb
  No symmetry contacts found — writing non-symm receptor only
  -> no_symmetry_contacts

Processing 7vrh__1__1.A__1.D (proper chain: 1.D)
  Downloading https://files.rcsb.org/download/7vrh.cif
  Ligand written: /home/rquiroga/github/runs-n-poses/runs-n-poses-datasets/symmetry_corrected/7vrh__1__1.A__1.D/7vrh__1__1.A__1.D_ligand.pdb
  No symmetry contacts found — writing non-symm receptor only
  -> no_symmetry_contacts

Processing 7vsl__1__1.A__1.D (proper chain: 1.D)
  Downloading https://files.rcsb.org/download/7vsl.cif
  Ligand written: /home/rquiroga/github/runs-n-poses/runs-n-poses-datasets/symmetry_corrected/7vsl__1__1.A__1.D/7vsl__1__1.A__1.D_ligand.pdb
  No symmetry contacts found — writing non-symm receptor only
  -> no_symmetry_contacts

Processing 7vte__1__1.A__1.F (proper chain: 1.F)
  Downloading https://files.rcsb.org/download/7vte.cif
  Ligand written: /home/rquiroga/github/runs-n-poses/runs-n-poses-datasets/symmetry_corrected/7vte__1__1.A__1.F/7vte__1__1.A__1.F_ligand.pdb
  No symmetry contacts found — writing non-symm receptor only
  -> no_symmetry_contacts

Processing 7vtf__1__1.A_1.B__1.F (proper chain: 1.F)
  Downloading https://files.rcsb.org/download/7vtf.cif
  Ligand written: /home/rquiroga/github/runs-n-poses/runs-n-poses-datasets/symmetry_corrected/7vtf__1__1.A_1.B__1.F/7vtf__1__1.A_1.B__1.F_ligand.pdb
  No symmetry contacts found — writing non-symm receptor only
  -> no_symmetry_contacts

Processing 7vtg__1__1.A__1.E (proper chain: 1.E)
  Downloading https://files.rcsb.org/download/7vtg.cif
  Ligand written: /home/rquiroga/github/runs-n-poses/runs-n-poses-datasets/symmetry_corrected/7vtg__1__1.A__1.E/7vtg__1__1.A__1.E_ligand.pdb
  No symmetry contacts found — writing non-symm receptor only
  -> no_symmetry_contacts

Processing 7vve__1__1.A__1.D_1.H (proper chain: 1.D)
  Downloading https://files.rcsb.org/download/7vve.cif
  Ligand written: /home/rquiroga/github/runs-n-poses/runs-n-poses-datasets/symmetry_corrected/7vve__1__1.A__1.D_1.H/7vve__1__1.A__1.D_1.H_ligand.pdb
  No symmetry contacts found — writing non-symm receptor only
  -> no_symmetry_contacts

Processing 7vvt__1__1.A__1.C (proper chain: 1.C)
  Downloading https://files.rcsb.org/download/7vvt.cif
  Ligand written: /home/rquiroga/github/runs-n-poses/runs-n-poses-datasets/symmetry_corrected/7vvt__1__1.A__1.C/7vvt__1__1.A__1.C_ligand.pdb
  No symmetry contacts found — writing non-symm receptor only
  -> no_symmetry_contacts

Processing 7vwe__1__1.A__1.D (proper chain: 1.D)
  Downloading https://files.rcsb.org/download/7vwe.cif
  Ligand written: /home/rquiroga/github/runs-n-poses/runs-n-poses-datasets/symmetry_corrected/7vwe__1__1.A__1.D/7vwe__1__1.A__1.D_ligand.pdb
  No symmetry contacts found — writing non-symm receptor only
  -> no_symmetry_contacts

Processing 7vwg__1__1.A__1.D (proper chain: 1.D)
  Downloading https://files.rcsb.org/download/7vwg.cif
  Ligand written: /home/rquiroga/github/runs-n-poses/runs-n-poses-datasets/symmetry_corrected/7vwg__1__1.A__1.D/7vwg__1__1.A__1.D_ligand.pdb
  No symmetry contacts found — writing non-symm receptor only
  -> no_symmetry_contacts

Processing 7vwh__1__1.B__1.F (proper chain: 1.F)
  Downloading https://files.rcsb.org/download/7vwh.cif
  Ligand written: /home/rquiroga/github/runs-n-poses/runs-n-poses-datasets/symmetry_corrected/7vwh__1__1.B__1.F/7vwh__1__1.B__1.F_ligand.pdb
  No symmetry contacts found — writing non-symm receptor only
  -> no_symmetry_contacts

Processing 7vwt__1__1.B__1.H (proper chain: 1.H)
  Downloading https://files.rcsb.org/download/7vwt.cif
  Ligand written: /home/rquiroga/github/runs-n-poses/runs-n-poses-datasets/symmetry_corrected/7vwt__1__1.B__1.H/7vwt__1__1.B__1.H_ligand.pdb
  No symmetry contacts found — writing non-symm receptor only
  -> no_symmetry_contacts

Processing 7vx0__1__1.A__1.C_1.D (proper chain: 1.C)
  Downloading https://files.rcsb.org/download/7vx0.cif
  Ligand written: /home/rquiroga/github/runs-n-poses/runs-n-poses-datasets/symmetry_corrected/7vx0__1__1.A__1.C_1.D/7vx0__1__1.A__1.C_1.D_ligand.pdb
  No symmetry contacts found — writing non-symm receptor only
  -> no_symmetry_contacts

Processing 7vyj__1__1.B__1.DA_1.T_1.U (proper chain: 1.U)
  Downloading https://files.rcsb.org/download/7vyj.cif
  Ligand written: /home/rquiroga/github/runs-n-poses/runs-n-poses-datasets/symmetry_corrected/7vyj__1__1.B__1.DA_1.T_1.U/7vyj__1__1.B__1.DA_1.T_1.U_ligand.pdb
  No symmetry contacts found — writing non-symm receptor only
  -> no_symmetry_contacts

Processing 7w0g__1__1.B__1.D (proper chain: 1.D)
  Downloading https://files.rcsb.org/download/7w0g.cif
  Ligand written: /home/rquiroga/github/runs-n-poses/runs-n-poses-datasets/symmetry_corrected/7w0g__1__1.B__1.D/7w0g__1__1.B__1.D_ligand.pdb
  No symmetry contacts found — writing non-symm receptor only
  -> no_symmetry_contacts

Processing 7w1i__1__1.A__1.B (proper chain: 1.B)
  Downloading https://files.rcsb.org/download/7w1i.cif
  Ligand written: /home/rquiroga/github/runs-n-poses/runs-n-poses-datasets/symmetry_corrected/7w1i__1__1.A__1.B/7w1i__1__1.A__1.B_ligand.pdb
  No symmetry contacts found — writing non-symm receptor only
  -> no_symmetry_contacts

Processing 7w2d__1__1.B__1.R (proper chain: 1.R)
  Downloading https://files.rcsb.org/download/7w2d.cif
  Ligand written: /home/rquiroga/github/runs-n-poses/runs-n-poses-datasets/symmetry_corrected/7w2d__1__1.B__1.R/7w2d__1__1.B__1.R_ligand.pdb
  No symmetry contacts found — writing non-symm receptor only
  -> no_symmetry_contacts

Processing 7w2f__1__1.A__1.M (proper chain: 1.M)
  Downloading https://files.rcsb.org/download/7w2f.cif
  Ligand written: /home/rquiroga/github/runs-n-poses/runs-n-poses-datasets/symmetry_corrected/7w2f__1__1.A__1.M/7w2f__1__1.A__1.M_ligand.pdb
  No symmetry contacts found — writing non-symm receptor only
  -> no_symmetry_contacts

Processing 7w3p__1__1.A__1.C (proper chain: 1.C)
  Downloading https://files.rcsb.org/download/7w3p.cif
  Ligand written: /home/rquiroga/github/runs-n-poses/runs-n-poses-datasets/symmetry_corrected/7w3p__1__1.A__1.C/7w3p__1__1.A__1.C_ligand.pdb
  No symmetry contacts found — writing non-symm receptor only
  -> no_symmetry_contacts

Processing 7w3s__1__1.B_1.D__1.F (proper chain: 1.F)
  Downloading https://files.rcsb.org/download/7w3s.cif
  Ligand written: /home/rquiroga/github/runs-n-poses/runs-n-poses-datasets/symmetry_corrected/7w3s__1__1.B_1.D__1.F/7w3s__1__1.B_1.D__1.F_ligand.pdb
  No symmetry contacts found — writing non-symm receptor only
  -> no_symmetry_contacts

Processing 7w41__1__1.A__1.B (proper chain: 1.B)
  Downloading https://files.rcsb.org/download/7w41.cif
  Ligand written: /home/rquiroga/github/runs-n-poses/runs-n-poses-datasets/symmetry_corrected/7w41__1__1.A__1.B/7w41__1__1.A__1.B_ligand.pdb
  No symmetry contacts found — writing non-symm receptor only
  -> no_symmetry_contacts

Processing 7w4x__1__1.A__1.C_1.D_1.E (proper chain: 1.E)
  Downloading https://files.rcsb.org/download/7w4x.cif
  Ligand written: /home/rquiroga/github/runs-n-poses/runs-n-poses-datasets/symmetry_corrected/7w4x__1__1.A__1.C_1.D_1.E/7w4x__1__1.A__1.C_1.D_1.E_ligand.pdb
  No symmetry contacts found — writing non-symm receptor only
  -> no_symmetry_contacts

Processing 7w4y__1__1.A__1.E (proper chain: 1.E)
  Downloading https://files.rcsb.org/download/7w4y.cif
  Ligand written: /home/rquiroga/github/runs-n-poses/runs-n-poses-datasets/symmetry_corrected/7w4y__1__1.A__1.E/7w4y__1__1.A__1.E_ligand.pdb
  No symmetry contacts found — writing non-symm receptor only
  -> no_symmetry_contacts

Processing 7w5h__1__1.A__1.C_1.F (proper chain: 1.C)
  Downloading https://files.rcsb.org/download/7w5h.cif
  Ligand written: /home/rquiroga/github/runs-n-poses/runs-n-poses-datasets/symmetry_corrected/7w5h__1__1.A__1.C_1.F/7w5h__1__1.A__1.C_1.F_ligand.pdb
  No symmetry contacts found — writing non-symm receptor only
  -> no_symmetry_contacts

Processing 7w6f__1__1.A_1.B__1.C (proper chain: 1.C)
  Downloading https://files.rcsb.org/download/7w6f.cif
  Ligand written: /home/rquiroga/github/runs-n-poses/runs-n-poses-datasets/symmetry_corrected/7w6f__1__1.A_1.B__1.C/7w6f__1__1.A_1.B__1.C_ligand.pdb
  No symmetry contacts found — writing non-symm receptor only
  -> no_symmetry_contacts

Processing 7w6z__1__1.A__1.B_1.C (proper chain: 1.C)
  Downloading https://files.rcsb.org/download/7w6z.cif
  Ligand written: /home/rquiroga/github/runs-n-poses/runs-n-poses-datasets/symmetry_corrected/7w6z__1__1.A__1.B_1.C/7w6z__1__1.A__1.B_1.C_ligand.pdb
  No symmetry contacts found — writing non-symm receptor only
  -> no_symmetry_contacts

Processing 7w78__1__1.A_2.A_2.B__2.C_2.D (proper chain: 2.D)
  Downloading https://files.rcsb.org/download/7w78.cif
  Ligand written: /home/rquiroga/github/runs-n-poses/runs-n-poses-datasets/symmetry_corrected/7w78__1__1.A_2.A_2.B__2.C_2.D/7w78__1__1.A_2.A_2.B__2.C_2.D_ligand.pdb
  Found 1 symmetry operations with contacts
  Receptor (symm) written: /home/rquiroga/github/runs-n-poses/runs-n-poses-datasets/symmetry_corrected/7w78__1__1.A_2.A_2.B__2.C_2.D/7w78__1__1.A_2.A_2.B__2.C_2.D_receptor_symm.pdb
  Total chains in output: 7
  -> ok

Processing 7w79__1__1.A_1.B_2.A__1.C_1.F_1.G (proper chain: 1.C)
  Downloading https://files.rcsb.org/download/7w79.cif
  Ligand written: /home/rquiroga/github/runs-n-poses/runs-n-poses-datasets/symmetry_corrected/7w79__1__1.A_1.B_2.A__1.C_1.F_1.G/7w79__1__1.A_1.B_2.A__1.C_1.F_1.G_ligand.pdb
  Found 1 symmetry operations with contacts
  Receptor (symm) written: /home/rquiroga/github/runs-n-poses/runs-n-poses-datasets/symmetry_corrected/7w79__1__1.A_1.B_2.A__1.C_1.F_1.G/7w79__1__1.A_1.B_2.A__1.C_1.F_1.G_receptor_symm.pdb
  Total chains in output: 8
  -> ok

Processing 7w9z__1__1.B__1.F_1.G (proper chain: 1.F)
  Downloading https://files.rcsb.org/download/7w9z.cif
  Ligand written: /home/rquiroga/github/runs-n-poses/runs-n-poses-datasets/symmetry_corrected/7w9z__1__1.B__1.F_1.G/7w9z__1__1.B__1.F_1.G_ligand.pdb
  Found 1 symmetry operations with contacts
  Receptor (symm) written: /home/rquiroga/github/runs-n-poses/runs-n-poses-datasets/symmetry_corrected/7w9z__1__1.B__1.F_1.G/7w9z__1__1.B__1.F_1.G_receptor_symm.pdb
  Total chains in output: 4
  -> ok

Processing 7wbs__1__1.A_1.B__1.D (proper chain: 1.D)
  Downloading https://files.rcsb.org/download/7wbs.cif
  Ligand written: /home/rquiroga/github/runs-n-poses/runs-n-poses-datasets/symmetry_corrected/7wbs__1__1.A_1.B__1.D/7wbs__1__1.A_1.B__1.D_ligand.pdb
  No symmetry contacts found — writing non-symm receptor only
  -> no_symmetry_contacts

Processing 7wc6__1__1.A__1.F (proper chain: 1.F)
  Downloading https://files.rcsb.org/download/7wc6.cif
  Ligand written: /home/rquiroga/github/runs-n-poses/runs-n-poses-datasets/symmetry_corrected/7wc6__1__1.A__1.F/7wc6__1__1.A__1.F_ligand.pdb
  No symmetry contacts found — writing non-symm receptor only
  -> no_symmetry_contacts

Processing 7wc7__1__1.A__1.M (proper chain: 1.M)
  Downloading https://files.rcsb.org/download/7wc7.cif
  Ligand written: /home/rquiroga/github/runs-n-poses/runs-n-poses-datasets/symmetry_corrected/7wc7__1__1.A__1.M/7wc7__1__1.A__1.M_ligand.pdb
  No symmetry contacts found — writing non-symm receptor only
  -> no_symmetry_contacts

Processing 7wc8__1__1.A__1.H (proper chain: 1.H)
  Downloading https://files.rcsb.org/download/7wc8.cif
  Ligand written: /home/rquiroga/github/runs-n-poses/runs-n-poses-datasets/symmetry_corrected/7wc8__1__1.A__1.H/7wc8__1__1.A__1.H_ligand.pdb
  No symmetry contacts found — writing non-symm receptor only
  -> no_symmetry_contacts

Processing 7wcf__1__1.A__1.B_1.C_1.D (proper chain: 1.B)
  Downloading https://files.rcsb.org/download/7wcf.cif
  Ligand written: /home/rquiroga/github/runs-n-poses/runs-n-poses-datasets/symmetry_corrected/7wcf__1__1.A__1.B_1.C_1.D/7wcf__1__1.A__1.B_1.C_1.D_ligand.pdb
  No symmetry contacts found — writing non-symm receptor only
  -> no_symmetry_contacts

Processing 7wcl__1__1.A__1.C (proper chain: 1.C)
  Downloading https://files.rcsb.org/download/7wcl.cif
  Ligand written: /home/rquiroga/github/runs-n-poses/runs-n-poses-datasets/symmetry_corrected/7wcl__1__1.A__1.C/7wcl__1__1.A__1.C_ligand.pdb
  No symmetry contacts found — writing non-symm receptor only
  -> no_symmetry_contacts

Processing 7wdt__1__1.A__1.B (proper chain: 1.B)
  Downloading https://files.rcsb.org/download/7wdt.cif
  Ligand written: /home/rquiroga/github/runs-n-poses/runs-n-poses-datasets/symmetry_corrected/7wdt__1__1.A__1.B/7wdt__1__1.A__1.B_ligand.pdb
  No symmetry contacts found — writing non-symm receptor only
  -> no_symmetry_contacts

Processing 7wdt__1__1.A__1.C (proper chain: 1.C)
  Ligand written: /home/rquiroga/github/runs-n-poses/runs-n-poses-datasets/symmetry_corrected/7wdt__1__1.A__1.C/7wdt__1__1.A__1.C_ligand.pdb
  No symmetry contacts found — writing non-symm receptor only
  -> no_symmetry_contacts

Processing 7wdu__1__1.A__1.C (proper chain: 1.C)
  Downloading https://files.rcsb.org/download/7wdu.cif
  Ligand written: /home/rquiroga/github/runs-n-poses/runs-n-poses-datasets/symmetry_corrected/7wdu__1__1.A__1.C/7wdu__1__1.A__1.C_ligand.pdb
  No symmetry contacts found — writing non-symm receptor only
  -> no_symmetry_contacts

Processing 7wew__1__1.A__1.K (proper chain: 1.K)
  Downloading https://files.rcsb.org/download/7wew.cif
  Ligand written: /home/rquiroga/github/runs-n-poses/runs-n-poses-datasets/symmetry_corrected/7wew__1__1.A__1.K/7wew__1__1.A__1.K_ligand.pdb
  No symmetry contacts found — writing non-symm receptor only
  -> no_symmetry_contacts

Processing 7wf5__1__1.A__1.C (proper chain: 1.C)
  Downloading https://files.rcsb.org/download/7wf5.cif
  Ligand written: /home/rquiroga/github/runs-n-poses/runs-n-poses-datasets/symmetry_corrected/7wf5__1__1.A__1.C/7wf5__1__1.A__1.C_ligand.pdb
  No symmetry contacts found — writing non-symm receptor only
  -> no_symmetry_contacts

Processing 7wgl__1__1.A__1.D (proper chain: 1.D)
  Downloading https://files.rcsb.org/download/7wgl.cif
  Ligand written: /home/rquiroga/github/runs-n-poses/runs-n-poses-datasets/symmetry_corrected/7wgl__1__1.A__1.D/7wgl__1__1.A__1.D_ligand.pdb
  No symmetry contacts found — writing non-symm receptor only
  -> no_symmetry_contacts

Processing 7wgn__1__1.A__1.B (proper chain: 1.B)
  Downloading https://files.rcsb.org/download/7wgn.cif
  Ligand written: /home/rquiroga/github/runs-n-poses/runs-n-poses-datasets/symmetry_corrected/7wgn__1__1.A__1.B/7wgn__1__1.A__1.B_ligand.pdb
  No symmetry contacts found — writing non-symm receptor only
  -> no_symmetry_contacts

Processing 7wgo__1__1.A__1.C (proper chain: 1.C)
  Downloading https://files.rcsb.org/download/7wgo.cif
  Ligand written: /home/rquiroga/github/runs-n-poses/runs-n-poses-datasets/symmetry_corrected/7wgo__1__1.A__1.C/7wgo__1__1.A__1.C_ligand.pdb
  No symmetry contacts found — writing non-symm receptor only
  -> no_symmetry_contacts

Processing 7wgq__1__1.A__1.C (proper chain: 1.C)
  Downloading https://files.rcsb.org/download/7wgq.cif
  Ligand written: /home/rquiroga/github/runs-n-poses/runs-n-poses-datasets/symmetry_corrected/7wgq__1__1.A__1.C/7wgq__1__1.A__1.C_ligand.pdb
  No symmetry contacts found — writing non-symm receptor only
  -> no_symmetry_contacts

Processing 7wjs__1__1.A__1.D_1.G (proper chain: 1.D)
  Downloading https://files.rcsb.org/download/7wjs.cif
  Ligand written: /home/rquiroga/github/runs-n-poses/runs-n-poses-datasets/symmetry_corrected/7wjs__1__1.A__1.D_1.G/7wjs__1__1.A__1.D_1.G_ligand.pdb
  No symmetry contacts found — writing non-symm receptor only
  -> no_symmetry_contacts

Processing 7wlw__1__1.A__1.I (proper chain: 1.I)
  Downloading https://files.rcsb.org/download/7wlw.cif
  Ligand written: /home/rquiroga/github/runs-n-poses/runs-n-poses-datasets/symmetry_corrected/7wlw__1__1.A__1.I/7wlw__1__1.A__1.I_ligand.pdb
  No symmetry contacts found — writing non-symm receptor only
  -> no_symmetry_contacts

Processing 7wlx__1__1.A__1.C (proper chain: 1.C)
  Downloading https://files.rcsb.org/download/7wlx.cif
  Ligand written: /home/rquiroga/github/runs-n-poses/runs-n-poses-datasets/symmetry_corrected/7wlx__1__1.A__1.C/7wlx__1__1.A__1.C_ligand.pdb
  No symmetry contacts found — writing non-symm receptor only
  -> no_symmetry_contacts

Processing 7wmf__1__1.A__1.C_1.E (proper chain: 1.C)
  Downloading https://files.rcsb.org/download/7wmf.cif
  Ligand written: /home/rquiroga/github/runs-n-poses/runs-n-poses-datasets/symmetry_corrected/7wmf__1__1.A__1.C_1.E/7wmf__1__1.A__1.C_1.E_ligand.pdb
  No symmetry contacts found — writing non-symm receptor only
  -> no_symmetry_contacts

Processing 7wmh__1__1.A__1.C (proper chain: 1.C)
  Downloading https://files.rcsb.org/download/7wmh.cif
  Ligand written: /home/rquiroga/github/runs-n-poses/runs-n-poses-datasets/symmetry_corrected/7wmh__1__1.A__1.C/7wmh__1__1.A__1.C_ligand.pdb
  No symmetry contacts found — writing non-symm receptor only
  -> no_symmetry_contacts

Processing 7wmi__1__1.B__1.F_1.G (proper chain: 1.G)
  Downloading https://files.rcsb.org/download/7wmi.cif
  Ligand written: /home/rquiroga/github/runs-n-poses/runs-n-poses-datasets/symmetry_corrected/7wmi__1__1.B__1.F_1.G/7wmi__1__1.B__1.F_1.G_ligand.pdb
  No symmetry contacts found — writing non-symm receptor only
  -> no_symmetry_contacts

Processing 7wmj__1__1.A__1.C (proper chain: 1.C)
  Downloading https://files.rcsb.org/download/7wmj.cif
  Ligand written: /home/rquiroga/github/runs-n-poses/runs-n-poses-datasets/symmetry_corrected/7wmj__1__1.A__1.C/7wmj__1__1.A__1.C_ligand.pdb
  No symmetry contacts found — writing non-symm receptor only
  -> no_symmetry_contacts

Processing 7wmk__1__1.A__1.B_1.G (proper chain: 1.B)
  Downloading https://files.rcsb.org/download/7wmk.cif
  Ligand written: /home/rquiroga/github/runs-n-poses/runs-n-poses-datasets/symmetry_corrected/7wmk__1__1.A__1.B_1.G/7wmk__1__1.A__1.B_1.G_ligand.pdb
  No symmetry contacts found — writing non-symm receptor only
  -> no_symmetry_contacts

Processing 7wmo__1__1.A__1.C (proper chain: 1.C)
  Downloading https://files.rcsb.org/download/7wmo.cif
  Ligand written: /home/rquiroga/github/runs-n-poses/runs-n-poses-datasets/symmetry_corrected/7wmo__1__1.A__1.C/7wmo__1__1.A__1.C_ligand.pdb
  No symmetry contacts found — writing non-symm receptor only
  -> no_symmetry_contacts

Processing 7wqq__1__1.A__1.C (proper chain: 1.C)
  Downloading https://files.rcsb.org/download/7wqq.cif
  Ligand written: /home/rquiroga/github/runs-n-poses/runs-n-poses-datasets/symmetry_corrected/7wqq__1__1.A__1.C/7wqq__1__1.A__1.C_ligand.pdb
  No symmetry contacts found — writing non-symm receptor only
  -> no_symmetry_contacts

Processing 7wrg__1__1.A__1.C_1.D (proper chain: 1.C)
  Downloading https://files.rcsb.org/download/7wrg.cif
  Ligand written: /home/rquiroga/github/runs-n-poses/runs-n-poses-datasets/symmetry_corrected/7wrg__1__1.A__1.C_1.D/7wrg__1__1.A__1.C_1.D_ligand.pdb
  No symmetry contacts found — writing non-symm receptor only
  -> no_symmetry_contacts

Processing 7wrr__1__1.A_1.B__1.E_1.F_1.H (proper chain: 1.E)
  Downloading https://files.rcsb.org/download/7wrr.cif
  Ligand written: /home/rquiroga/github/runs-n-poses/runs-n-poses-datasets/symmetry_corrected/7wrr__1__1.A_1.B__1.E_1.F_1.H/7wrr__1__1.A_1.B__1.E_1.F_1.H_ligand.pdb
  No symmetry contacts found — writing non-symm receptor only
  -> no_symmetry_contacts

Processing 7wua__1__1.A__1.E_1.F_1.G (proper chain: 1.E)
  Downloading https://files.rcsb.org/download/7wua.cif
  Ligand written: /home/rquiroga/github/runs-n-poses/runs-n-poses-datasets/symmetry_corrected/7wua__1__1.A__1.E_1.F_1.G/7wua__1__1.A__1.E_1.F_1.G_ligand.pdb
  No symmetry contacts found — writing non-symm receptor only
  -> no_symmetry_contacts

Processing 7wux__1__1.A_1.D__1.J (proper chain: 1.J)
  Downloading https://files.rcsb.org/download/7wux.cif
  Ligand written: /home/rquiroga/github/runs-n-poses/runs-n-poses-datasets/symmetry_corrected/7wux__1__1.A_1.D__1.J/7wux__1__1.A_1.D__1.J_ligand.pdb
  No symmetry contacts found — writing non-symm receptor only
  -> no_symmetry_contacts

Processing 7x0b__1__1.A__1.C_1.E_1.N (proper chain: 1.E)
  Downloading https://files.rcsb.org/download/7x0b.cif
  Ligand written: /home/rquiroga/github/runs-n-poses/runs-n-poses-datasets/symmetry_corrected/7x0b__1__1.A__1.C_1.E_1.N/7x0b__1__1.A__1.C_1.E_1.N_ligand.pdb
  No symmetry contacts found — writing non-symm receptor only
  -> no_symmetry_contacts

Processing 7x11__1__1.D__1.P (proper chain: 1.P)
  Downloading https://files.rcsb.org/download/7x11.cif
  Ligand written: /home/rquiroga/github/runs-n-poses/runs-n-poses-datasets/symmetry_corrected/7x11__1__1.D__1.P/7x11__1__1.D__1.P_ligand.pdb
  No symmetry contacts found — writing non-symm receptor only
  -> no_symmetry_contacts

Processing 7x2x__1__1.A__1.E_1.N (proper chain: 1.E)
  Downloading https://files.rcsb.org/download/7x2x.cif
  Ligand written: /home/rquiroga/github/runs-n-poses/runs-n-poses-datasets/symmetry_corrected/7x2x__1__1.A__1.E_1.N/7x2x__1__1.A__1.E_1.N_ligand.pdb
  No symmetry contacts found — writing non-symm receptor only
  -> no_symmetry_contacts

Processing 7x4u__1__1.A__1.B (proper chain: 1.B)
  Downloading https://files.rcsb.org/download/7x4u.cif
  Ligand written: /home/rquiroga/github/runs-n-poses/runs-n-poses-datasets/symmetry_corrected/7x4u__1__1.A__1.B/7x4u__1__1.A__1.B_ligand.pdb
  No symmetry contacts found — writing non-symm receptor only
  -> no_symmetry_contacts

Processing 7x5r__1__2.A__2.B_2.C_2.D (proper chain: 2.C)
  Downloading https://files.rcsb.org/download/7x5r.cif
  Ligand written: /home/rquiroga/github/runs-n-poses/runs-n-poses-datasets/symmetry_corrected/7x5r__1__2.A__2.B_2.C_2.D/7x5r__1__2.A__2.B_2.C_2.D_ligand.pdb
  No symmetry contacts found — writing non-symm receptor only
  -> no_symmetry_contacts

Processing 7x5w__1__2.A__2.B_2.C (proper chain: 2.C)
  Downloading https://files.rcsb.org/download/7x5w.cif
  Ligand written: /home/rquiroga/github/runs-n-poses/runs-n-poses-datasets/symmetry_corrected/7x5w__1__2.A__2.B_2.C/7x5w__1__2.A__2.B_2.C_ligand.pdb
  No symmetry contacts found — writing non-symm receptor only
  -> no_symmetry_contacts

Processing 7x5y__1__2.A__2.B_2.C_2.E (proper chain: 2.C)
  Downloading https://files.rcsb.org/download/7x5y.cif
  Ligand written: /home/rquiroga/github/runs-n-poses/runs-n-poses-datasets/symmetry_corrected/7x5y__1__2.A__2.B_2.C_2.E/7x5y__1__2.A__2.B_2.C_2.E_ligand.pdb
  No symmetry contacts found — writing non-symm receptor only
  -> no_symmetry_contacts

Processing 7x62__1__1.A__1.B_1.C_1.D (proper chain: 1.C)
  Downloading https://files.rcsb.org/download/7x62.cif
  Ligand written: /home/rquiroga/github/runs-n-poses/runs-n-poses-datasets/symmetry_corrected/7x62__1__1.A__1.B_1.C_1.D/7x62__1__1.A__1.B_1.C_1.D_ligand.pdb
  No symmetry contacts found — writing non-symm receptor only
  -> no_symmetry_contacts

Processing 7x69__1__1.A__1.B_1.C (proper chain: 1.C)
  Downloading https://files.rcsb.org/download/7x69.cif
  Ligand written: /home/rquiroga/github/runs-n-poses/runs-n-poses-datasets/symmetry_corrected/7x69__1__1.A__1.B_1.C/7x69__1__1.A__1.B_1.C_ligand.pdb
  No symmetry contacts found — writing non-symm receptor only
  -> no_symmetry_contacts

Processing 7x7x__1__1.A__1.C (proper chain: 1.C)
  Downloading https://files.rcsb.org/download/7x7x.cif
  Ligand written: /home/rquiroga/github/runs-n-poses/runs-n-poses-datasets/symmetry_corrected/7x7x__1__1.A__1.C/7x7x__1__1.A__1.C_ligand.pdb
  No symmetry contacts found — writing non-symm receptor only
  -> no_symmetry_contacts

Processing 7x81__1__1.A_1.B__1.D (proper chain: 1.D)
  Downloading https://files.rcsb.org/download/7x81.cif
  Ligand written: /home/rquiroga/github/runs-n-poses/runs-n-poses-datasets/symmetry_corrected/7x81__1__1.A_1.B__1.D/7x81__1__1.A_1.B__1.D_ligand.pdb
  No symmetry contacts found — writing non-symm receptor only
  -> no_symmetry_contacts

Processing 7x86__1__1.A_1.C__1.G (proper chain: 1.G)
  Downloading https://files.rcsb.org/download/7x86.cif
  Ligand written: /home/rquiroga/github/runs-n-poses/runs-n-poses-datasets/symmetry_corrected/7x86__1__1.A_1.C__1.G/7x86__1__1.A_1.C__1.G_ligand.pdb
  No symmetry contacts found — writing non-symm receptor only
  -> no_symmetry_contacts

Processing 7x9d__1__1.A__1.E (proper chain: 1.E)
  Downloading https://files.rcsb.org/download/7x9d.cif
  Ligand written: /home/rquiroga/github/runs-n-poses/runs-n-poses-datasets/symmetry_corrected/7x9d__1__1.A__1.E/7x9d__1__1.A__1.E_ligand.pdb
  No symmetry contacts found — writing non-symm receptor only
  -> no_symmetry_contacts

Processing 7x9l__1__1.A__1.C_1.E_1.F (proper chain: 1.C)
  Downloading https://files.rcsb.org/download/7x9l.cif
  Ligand written: /home/rquiroga/github/runs-n-poses/runs-n-poses-datasets/symmetry_corrected/7x9l__1__1.A__1.C_1.E_1.F/7x9l__1__1.A__1.C_1.E_1.F_ligand.pdb
  No symmetry contacts found — writing non-symm receptor only
  -> no_symmetry_contacts

Processing 7xaa__1__1.A__1.C_1.D_1.E (proper chain: 1.E)
  Downloading https://files.rcsb.org/download/7xaa.cif
  Ligand written: /home/rquiroga/github/runs-n-poses/runs-n-poses-datasets/symmetry_corrected/7xaa__1__1.A__1.C_1.D_1.E/7xaa__1__1.A__1.C_1.D_1.E_ligand.pdb
  No symmetry contacts found — writing non-symm receptor only
  -> no_symmetry_contacts

Processing 7xbb__1__1.A__1.C_1.D_1.E (proper chain: 1.E)
  Downloading https://files.rcsb.org/download/7xbb.cif
  Ligand written: /home/rquiroga/github/runs-n-poses/runs-n-poses-datasets/symmetry_corrected/7xbb__1__1.A__1.C_1.D_1.E/7xbb__1__1.A__1.C_1.D_1.E_ligand.pdb
  No symmetry contacts found — writing non-symm receptor only
  -> no_symmetry_contacts

Processing 7xbm__1__1.A__1.C_1.G (proper chain: 1.C)
  Downloading https://files.rcsb.org/download/7xbm.cif
  Ligand written: /home/rquiroga/github/runs-n-poses/runs-n-poses-datasets/symmetry_corrected/7xbm__1__1.A__1.C_1.G/7xbm__1__1.A__1.C_1.G_ligand.pdb
  No symmetry contacts found — writing non-symm receptor only
  -> no_symmetry_contacts

Processing 7xbt__1__1.A__1.B_1.C (proper chain: 1.B)
  Downloading https://files.rcsb.org/download/7xbt.cif
  Ligand written: /home/rquiroga/github/runs-n-poses/runs-n-poses-datasets/symmetry_corrected/7xbt__1__1.A__1.B_1.C/7xbt__1__1.A__1.B_1.C_ligand.pdb
  No symmetry contacts found — writing non-symm receptor only
  -> no_symmetry_contacts

Processing 7xbv__1__1.A__1.B (proper chain: 1.B)
  Downloading https://files.rcsb.org/download/7xbv.cif
  Ligand written: /home/rquiroga/github/runs-n-poses/runs-n-poses-datasets/symmetry_corrected/7xbv__1__1.A__1.B/7xbv__1__1.A__1.B_ligand.pdb
  No symmetry contacts found — writing non-symm receptor only
  -> no_symmetry_contacts

Processing 7xdv__1__1.A__1.C_1.D (proper chain: 1.C)
  Downloading https://files.rcsb.org/download/7xdv.cif
  Ligand written: /home/rquiroga/github/runs-n-poses/runs-n-poses-datasets/symmetry_corrected/7xdv__1__1.A__1.C_1.D/7xdv__1__1.A__1.C_1.D_ligand.pdb
  No symmetry contacts found — writing non-symm receptor only
  -> no_symmetry_contacts

Processing 7xdy__1__1.A__1.C_1.D (proper chain: 1.C)
  Downloading https://files.rcsb.org/download/7xdy.cif
  Ligand written: /home/rquiroga/github/runs-n-poses/runs-n-poses-datasets/symmetry_corrected/7xdy__1__1.A__1.C_1.D/7xdy__1__1.A__1.C_1.D_ligand.pdb
  No symmetry contacts found — writing non-symm receptor only
  -> no_symmetry_contacts

Processing 7xef__1__1.A__1.E (proper chain: 1.E)
  Downloading https://files.rcsb.org/download/7xef.cif
  Ligand written: /home/rquiroga/github/runs-n-poses/runs-n-poses-datasets/symmetry_corrected/7xef__1__1.A__1.E/7xef__1__1.A__1.E_ligand.pdb
  No symmetry contacts found — writing non-symm receptor only
  -> no_symmetry_contacts

Processing 7xej__1__1.A_2.A__1.B (proper chain: 1.B)
  Downloading https://files.rcsb.org/download/7xej.cif
  Ligand written: /home/rquiroga/github/runs-n-poses/runs-n-poses-datasets/symmetry_corrected/7xej__1__1.A_2.A__1.B/7xej__1__1.A_2.A__1.B_ligand.pdb
  Found 1 symmetry operations with contacts
  Receptor (symm) written: /home/rquiroga/github/runs-n-poses/runs-n-poses-datasets/symmetry_corrected/7xej__1__1.A_2.A__1.B/7xej__1__1.A_2.A__1.B_receptor_symm.pdb
  Total chains in output: 5
  -> ok

Processing 7xek__1__1.A_2.A__1.B (proper chain: 1.B)
  Downloading https://files.rcsb.org/download/7xek.cif
  Ligand written: /home/rquiroga/github/runs-n-poses/runs-n-poses-datasets/symmetry_corrected/7xek__1__1.A_2.A__1.B/7xek__1__1.A_2.A__1.B_ligand.pdb
  Found 1 symmetry operations with contacts
  Receptor (symm) written: /home/rquiroga/github/runs-n-poses/runs-n-poses-datasets/symmetry_corrected/7xek__1__1.A_2.A__1.B/7xek__1__1.A_2.A__1.B_receptor_symm.pdb
  Total chains in output: 5
  -> ok

Processing 7xen__1__1.A_2.A__2.B (proper chain: 2.B)
  Downloading https://files.rcsb.org/download/7xen.cif
  Ligand written: /home/rquiroga/github/runs-n-poses/runs-n-poses-datasets/symmetry_corrected/7xen__1__1.A_2.A__2.B/7xen__1__1.A_2.A__2.B_ligand.pdb
  Found 1 symmetry operations with contacts
  Receptor (symm) written: /home/rquiroga/github/runs-n-poses/runs-n-poses-datasets/symmetry_corrected/7xen__1__1.A_2.A__2.B/7xen__1__1.A_2.A__2.B_receptor_symm.pdb
  Total chains in output: 5
  -> ok

Processing 7xep__1__1.A_2.A__1.E (proper chain: 1.E)
  Downloading https://files.rcsb.org/download/7xep.cif
  Ligand written: /home/rquiroga/github/runs-n-poses/runs-n-poses-datasets/symmetry_corrected/7xep__1__1.A_2.A__1.E/7xep__1__1.A_2.A__1.E_ligand.pdb
  Found 1 symmetry operations with contacts
  Receptor (symm) written: /home/rquiroga/github/runs-n-poses/runs-n-poses-datasets/symmetry_corrected/7xep__1__1.A_2.A__1.E/7xep__1__1.A_2.A__1.E_receptor_symm.pdb
  Total chains in output: 5
  -> ok

Processing 7xeq__1__1.A_2.A__2.D (proper chain: 2.D)
  Downloading https://files.rcsb.org/download/7xeq.cif
  Ligand written: /home/rquiroga/github/runs-n-poses/runs-n-poses-datasets/symmetry_corrected/7xeq__1__1.A_2.A__2.D/7xeq__1__1.A_2.A__2.D_ligand.pdb
  Found 1 symmetry operations with contacts
  Receptor (symm) written: /home/rquiroga/github/runs-n-poses/runs-n-poses-datasets/symmetry_corrected/7xeq__1__1.A_2.A__2.D/7xeq__1__1.A_2.A__2.D_receptor_symm.pdb
  Total chains in output: 5
  -> ok

Processing 7xes__1__1.A_2.A__2.D (proper chain: 2.D)
  Downloading https://files.rcsb.org/download/7xes.cif
  Ligand written: /home/rquiroga/github/runs-n-poses/runs-n-poses-datasets/symmetry_corrected/7xes__1__1.A_2.A__2.D/7xes__1__1.A_2.A__2.D_ligand.pdb
  Found 1 symmetry operations with contacts
  Receptor (symm) written: /home/rquiroga/github/runs-n-poses/runs-n-poses-datasets/symmetry_corrected/7xes__1__1.A_2.A__2.D/7xes__1__1.A_2.A__2.D_receptor_symm.pdb
  Total chains in output: 5
  -> ok

Processing 7xet__1__1.A_2.A__1.B (proper chain: 1.B)
  Downloading https://files.rcsb.org/download/7xet.cif
  Ligand written: /home/rquiroga/github/runs-n-poses/runs-n-poses-datasets/symmetry_corrected/7xet__1__1.A_2.A__1.B/7xet__1__1.A_2.A__1.B_ligand.pdb
  Found 1 symmetry operations with contacts
  Receptor (symm) written: /home/rquiroga/github/runs-n-poses/runs-n-poses-datasets/symmetry_corrected/7xet__1__1.A_2.A__1.B/7xet__1__1.A_2.A__1.B_receptor_symm.pdb
  Total chains in output: 5
  -> ok

Processing 7xf7__1__1.A__1.B (proper chain: 1.B)
  Downloading https://files.rcsb.org/download/7xf7.cif
  Ligand written: /home/rquiroga/github/runs-n-poses/runs-n-poses-datasets/symmetry_corrected/7xf7__1__1.A__1.B/7xf7__1__1.A__1.B_ligand.pdb
  No symmetry contacts found — writing non-symm receptor only
  -> no_symmetry_contacts

Processing 7xh6__1__1.A__1.E (proper chain: 1.E)
  Downloading https://files.rcsb.org/download/7xh6.cif
  Ligand written: /home/rquiroga/github/runs-n-poses/runs-n-poses-datasets/symmetry_corrected/7xh6__1__1.A__1.E/7xh6__1__1.A__1.E_ligand.pdb
  No symmetry contacts found — writing non-symm receptor only
  -> no_symmetry_contacts

Processing 7xhh__1__1.B__1.D (proper chain: 1.D)
  Downloading https://files.rcsb.org/download/7xhh.cif
  Ligand written: /home/rquiroga/github/runs-n-poses/runs-n-poses-datasets/symmetry_corrected/7xhh__1__1.B__1.D/7xhh__1__1.B__1.D_ligand.pdb
  No symmetry contacts found — writing non-symm receptor only
  -> no_symmetry_contacts

Processing 7xhq__1__1.A__1.C (proper chain: 1.C)
  Downloading https://files.rcsb.org/download/7xhq.cif
  Ligand written: /home/rquiroga/github/runs-n-poses/runs-n-poses-datasets/symmetry_corrected/7xhq__1__1.A__1.C/7xhq__1__1.A__1.C_ligand.pdb
  No symmetry contacts found — writing non-symm receptor only
  -> no_symmetry_contacts

Processing 7xhy__1__1.A__1.B_1.G (proper chain: 1.B)
  Downloading https://files.rcsb.org/download/7xhy.cif
  Ligand written: /home/rquiroga/github/runs-n-poses/runs-n-poses-datasets/symmetry_corrected/7xhy__1__1.A__1.B_1.G/7xhy__1__1.A__1.B_1.G_ligand.pdb
  No symmetry contacts found — writing non-symm receptor only
  -> no_symmetry_contacts

Processing 7xi7__1__1.A__1.B (proper chain: 1.B)
  Downloading https://files.rcsb.org/download/7xi7.cif
  Ligand written: /home/rquiroga/github/runs-n-poses/runs-n-poses-datasets/symmetry_corrected/7xi7__1__1.A__1.B/7xi7__1__1.A__1.B_ligand.pdb
  No symmetry contacts found — writing non-symm receptor only
  -> no_symmetry_contacts

Processing 7xih__1__2.A__2.C_2.D (proper chain: 2.C)
  Downloading https://files.rcsb.org/download/7xih.cif
  Ligand written: /home/rquiroga/github/runs-n-poses/runs-n-poses-datasets/symmetry_corrected/7xih__1__2.A__2.C_2.D/7xih__1__2.A__2.C_2.D_ligand.pdb
  No symmetry contacts found — writing non-symm receptor only
  -> no_symmetry_contacts

Processing 7xis__1__1.A__1.B_1.C_1.D (proper chain: 1.D)
  Downloading https://files.rcsb.org/download/7xis.cif
  Ligand written: /home/rquiroga/github/runs-n-poses/runs-n-poses-datasets/symmetry_corrected/7xis__1__1.A__1.B_1.C_1.D/7xis__1__1.A__1.B_1.C_1.D_ligand.pdb
  Found 1 symmetry operations with contacts
  Receptor (symm) written: /home/rquiroga/github/runs-n-poses/runs-n-poses-datasets/symmetry_corrected/7xis__1__1.A__1.B_1.C_1.D/7xis__1__1.A__1.B_1.C_1.D_receptor_symm.pdb
  Total chains in output: 4
  -> ok

Processing 7xj7__1__1.A__1.B_1.C_1.F (proper chain: 1.F)
  Downloading https://files.rcsb.org/download/7xj7.cif
  Ligand written: /home/rquiroga/github/runs-n-poses/runs-n-poses-datasets/symmetry_corrected/7xj7__1__1.A__1.B_1.C_1.F/7xj7__1__1.A__1.B_1.C_1.F_ligand.pdb
  Found 1 symmetry operations with contacts
  Receptor (symm) written: /home/rquiroga/github/runs-n-poses/runs-n-poses-datasets/symmetry_corrected/7xj7__1__1.A__1.B_1.C_1.F/7xj7__1__1.A__1.B_1.C_1.F_receptor_symm.pdb
  Total chains in output: 5
  -> ok

Processing 7xjv__1__1.A__1.E_1.F_1.G_1.H_1.I (proper chain: 1.F)
  Downloading https://files.rcsb.org/download/7xjv.cif
  Ligand written: /home/rquiroga/github/runs-n-poses/runs-n-poses-datasets/symmetry_corrected/7xjv__1__1.A__1.E_1.F_1.G_1.H_1.I/7xjv__1__1.A__1.E_1.F_1.G_1.H_1.I_ligand.pdb
  No symmetry contacts found — writing non-symm receptor only
  -> no_symmetry_contacts

Processing 7xk9__1__1.A__1.C (proper chain: 1.C)
  Downloading https://files.rcsb.org/download/7xk9.cif
  Ligand written: /home/rquiroga/github/runs-n-poses/runs-n-poses-datasets/symmetry_corrected/7xk9__1__1.A__1.C/7xk9__1__1.A__1.C_ligand.pdb
  No symmetry contacts found — writing non-symm receptor only
  -> no_symmetry_contacts

Processing 7xka__1__1.A__1.C (proper chain: 1.C)
  Downloading https://files.rcsb.org/download/7xka.cif
  Ligand written: /home/rquiroga/github/runs-n-poses/runs-n-poses-datasets/symmetry_corrected/7xka__1__1.A__1.C/7xka__1__1.A__1.C_ligand.pdb
  No symmetry contacts found — writing non-symm receptor only
  -> no_symmetry_contacts

Processing 7xlp__1__1.A__1.B (proper chain: 1.B)
  Downloading https://files.rcsb.org/download/7xlp.cif
  Ligand written: /home/rquiroga/github/runs-n-poses/runs-n-poses-datasets/symmetry_corrected/7xlp__1__1.A__1.B/7xlp__1__1.A__1.B_ligand.pdb
  No symmetry contacts found — writing non-symm receptor only
  -> no_symmetry_contacts

Processing 7xm7__1__1.A__1.E (proper chain: 1.E)
  Downloading https://files.rcsb.org/download/7xm7.cif
  Ligand written: /home/rquiroga/github/runs-n-poses/runs-n-poses-datasets/symmetry_corrected/7xm7__1__1.A__1.E/7xm7__1__1.A__1.E_ligand.pdb
  No symmetry contacts found — writing non-symm receptor only
  -> no_symmetry_contacts

Processing 7xmk__1__1.A__1.D (proper chain: 1.D)
  Downloading https://files.rcsb.org/download/7xmk.cif
  Ligand written: /home/rquiroga/github/runs-n-poses/runs-n-poses-datasets/symmetry_corrected/7xmk__1__1.A__1.D/7xmk__1__1.A__1.D_ligand.pdb
  No symmetry contacts found — writing non-symm receptor only
  -> no_symmetry_contacts

Processing 7xnc__1__1.A__1.B (proper chain: 1.B)
  Downloading https://files.rcsb.org/download/7xnc.cif
  Ligand written: /home/rquiroga/github/runs-n-poses/runs-n-poses-datasets/symmetry_corrected/7xnc__1__1.A__1.B/7xnc__1__1.A__1.B_ligand.pdb
  No symmetry contacts found — writing non-symm receptor only
  -> no_symmetry_contacts

Processing 7xnt__1__1.C__1.I_1.J (proper chain: 1.J)
  Downloading https://files.rcsb.org/download/7xnt.cif
  Ligand written: /home/rquiroga/github/runs-n-poses/runs-n-poses-datasets/symmetry_corrected/7xnt__1__1.C__1.I_1.J/7xnt__1__1.C__1.I_1.J_ligand.pdb
  No symmetry contacts found — writing non-symm receptor only
  -> no_symmetry_contacts

Processing 7xoz__1__1.B__1.F (proper chain: 1.F)
  Downloading https://files.rcsb.org/download/7xoz.cif
  Ligand written: /home/rquiroga/github/runs-n-poses/runs-n-poses-datasets/symmetry_corrected/7xoz__1__1.B__1.F/7xoz__1__1.B__1.F_ligand.pdb
  No symmetry contacts found — writing non-symm receptor only
  -> no_symmetry_contacts

Processing 7xpo__1__1.B__1.H (proper chain: 1.H)
  Downloading https://files.rcsb.org/download/7xpo.cif
  Ligand written: /home/rquiroga/github/runs-n-poses/runs-n-poses-datasets/symmetry_corrected/7xpo__1__1.B__1.H/7xpo__1__1.B__1.H_ligand.pdb
  No symmetry contacts found — writing non-symm receptor only
  -> no_symmetry_contacts

Processing 7xpt__1__2.A__2.C_2.D (proper chain: 2.C)
  Downloading https://files.rcsb.org/download/7xpt.cif
  Ligand written: /home/rquiroga/github/runs-n-poses/runs-n-poses-datasets/symmetry_corrected/7xpt__1__2.A__2.C_2.D/7xpt__1__2.A__2.C_2.D_ligand.pdb
  No symmetry contacts found — writing non-symm receptor only
  -> no_symmetry_contacts

Processing 7xpu__1__2.A__2.C_2.D (proper chain: 2.C)
  Downloading https://files.rcsb.org/download/7xpu.cif
  Ligand written: /home/rquiroga/github/runs-n-poses/runs-n-poses-datasets/symmetry_corrected/7xpu__1__2.A__2.C_2.D/7xpu__1__2.A__2.C_2.D_ligand.pdb
  No symmetry contacts found — writing non-symm receptor only
  -> no_symmetry_contacts

Processing 7xpv__1__1.A__1.C_1.D (proper chain: 1.C)
  Downloading https://files.rcsb.org/download/7xpv.cif
  Ligand written: /home/rquiroga/github/runs-n-poses/runs-n-poses-datasets/symmetry_corrected/7xpv__1__1.A__1.C_1.D/7xpv__1__1.A__1.C_1.D_ligand.pdb
  No symmetry contacts found — writing non-symm receptor only
  -> no_symmetry_contacts

Processing 7xqv__1__1.A__1.D_1.E (proper chain: 1.D)
  Downloading https://files.rcsb.org/download/7xqv.cif
  Ligand written: /home/rquiroga/github/runs-n-poses/runs-n-poses-datasets/symmetry_corrected/7xqv__1__1.A__1.D_1.E/7xqv__1__1.A__1.D_1.E_ligand.pdb
  No symmetry contacts found — writing non-symm receptor only
  -> no_symmetry_contacts

Processing 7xqz__1__1.A__1.B_1.C_1.D (proper chain: 1.B)
  Downloading https://files.rcsb.org/download/7xqz.cif
  Ligand written: /home/rquiroga/github/runs-n-poses/runs-n-poses-datasets/symmetry_corrected/7xqz__1__1.A__1.B_1.C_1.D/7xqz__1__1.A__1.B_1.C_1.D_ligand.pdb
  No symmetry contacts found — writing non-symm receptor only
  -> no_symmetry_contacts

Processing 7xr7__1__1.A__1.B_1.C_1.D (proper chain: 1.B)
  Downloading https://files.rcsb.org/download/7xr7.cif
  Ligand written: /home/rquiroga/github/runs-n-poses/runs-n-poses-datasets/symmetry_corrected/7xr7__1__1.A__1.B_1.C_1.D/7xr7__1__1.A__1.B_1.C_1.D_ligand.pdb
  No symmetry contacts found — writing non-symm receptor only
  -> no_symmetry_contacts

Processing 7xrr__1__1.A__1.B (proper chain: 1.B)
  Downloading https://files.rcsb.org/download/7xrr.cif
  Ligand written: /home/rquiroga/github/runs-n-poses/runs-n-poses-datasets/symmetry_corrected/7xrr__1__1.A__1.B/7xrr__1__1.A__1.B_ligand.pdb
  No symmetry contacts found — writing non-symm receptor only
  -> no_symmetry_contacts

Processing 7xsv__1__1.A__1.B (proper chain: 1.B)
  Downloading https://files.rcsb.org/download/7xsv.cif
  Ligand written: /home/rquiroga/github/runs-n-poses/runs-n-poses-datasets/symmetry_corrected/7xsv__1__1.A__1.B/7xsv__1__1.A__1.B_ligand.pdb
  No symmetry contacts found — writing non-symm receptor only
  -> no_symmetry_contacts

Processing 7xua__1__1.B__1.N (proper chain: 1.N)
  Downloading https://files.rcsb.org/download/7xua.cif
  Ligand written: /home/rquiroga/github/runs-n-poses/runs-n-poses-datasets/symmetry_corrected/7xua__1__1.B__1.N/7xua__1__1.B__1.N_ligand.pdb
  No symmetry contacts found — writing non-symm receptor only
  -> no_symmetry_contacts

Processing 7xub__1__1.A__1.H (proper chain: 1.H)
  Downloading https://files.rcsb.org/download/7xub.cif
  Ligand written: /home/rquiroga/github/runs-n-poses/runs-n-poses-datasets/symmetry_corrected/7xub__1__1.A__1.H/7xub__1__1.A__1.H_ligand.pdb
  No symmetry contacts found — writing non-symm receptor only
  -> no_symmetry_contacts

Processing 7xuc__1__1.A__1.H (proper chain: 1.H)
  Downloading https://files.rcsb.org/download/7xuc.cif
  Ligand written: /home/rquiroga/github/runs-n-poses/runs-n-poses-datasets/symmetry_corrected/7xuc__1__1.A__1.H/7xuc__1__1.A__1.H_ligand.pdb
  No symmetry contacts found — writing non-symm receptor only
  -> no_symmetry_contacts

Processing 7xvh__1__2.A__2.B_2.C (proper chain: 2.C)
  Downloading https://files.rcsb.org/download/7xvh.cif
  Ligand written: /home/rquiroga/github/runs-n-poses/runs-n-poses-datasets/symmetry_corrected/7xvh__1__2.A__2.B_2.C/7xvh__1__2.A__2.B_2.C_ligand.pdb
  No symmetry contacts found — writing non-symm receptor only
  -> no_symmetry_contacts

Processing 7xvu__1__4.A__4.C (proper chain: 4.C)
  Downloading https://files.rcsb.org/download/7xvu.cif
  Ligand written: /home/rquiroga/github/runs-n-poses/runs-n-poses-datasets/symmetry_corrected/7xvu__1__4.A__4.C/7xvu__1__4.A__4.C_ligand.pdb
  No symmetry contacts found — writing non-symm receptor only
  -> no_symmetry_contacts

Processing 7xvv__1__3.A__3.C (proper chain: 3.C)
  Downloading https://files.rcsb.org/download/7xvv.cif
  Ligand written: /home/rquiroga/github/runs-n-poses/runs-n-poses-datasets/symmetry_corrected/7xvv__1__3.A__3.C/7xvv__1__3.A__3.C_ligand.pdb
  No symmetry contacts found — writing non-symm receptor only
  -> no_symmetry_contacts

Processing 7xvw__1__2.A__2.C (proper chain: 2.C)
  Downloading https://files.rcsb.org/download/7xvw.cif
  Ligand written: /home/rquiroga/github/runs-n-poses/runs-n-poses-datasets/symmetry_corrected/7xvw__1__2.A__2.C/7xvw__1__2.A__2.C_ligand.pdb
  No symmetry contacts found — writing non-symm receptor only
  -> no_symmetry_contacts

Processing 7xxc__1__1.A_1.B_1.D__1.M (proper chain: 1.M)
  Downloading https://files.rcsb.org/download/7xxc.cif
  Ligand written: /home/rquiroga/github/runs-n-poses/runs-n-poses-datasets/symmetry_corrected/7xxc__1__1.A_1.B_1.D__1.M/7xxc__1__1.A_1.B_1.D__1.M_ligand.pdb
  No symmetry contacts found — writing non-symm receptor only
  -> no_symmetry_contacts

Processing 7xxd__1__1.B__1.K_1.L (proper chain: 1.K)
  Downloading https://files.rcsb.org/download/7xxd.cif
  Ligand written: /home/rquiroga/github/runs-n-poses/runs-n-poses-datasets/symmetry_corrected/7xxd__1__1.B__1.K_1.L/7xxd__1__1.B__1.K_1.L_ligand.pdb
  No symmetry contacts found — writing non-symm receptor only
  -> no_symmetry_contacts

Processing 7xxm__1__1.A_1.B_1.C__1.K (proper chain: 1.K)
  Downloading https://files.rcsb.org/download/7xxm.cif
  Ligand written: /home/rquiroga/github/runs-n-poses/runs-n-poses-datasets/symmetry_corrected/7xxm__1__1.A_1.B_1.C__1.K/7xxm__1__1.A_1.B_1.C__1.K_ligand.pdb
  No symmetry contacts found — writing non-symm receptor only
  -> no_symmetry_contacts

Processing 7xxn__1__2.A__2.B_2.C (proper chain: 2.B)
  Downloading https://files.rcsb.org/download/7xxn.cif
  Ligand written: /home/rquiroga/github/runs-n-poses/runs-n-poses-datasets/symmetry_corrected/7xxn__1__2.A__2.B_2.C/7xxn__1__2.A__2.B_2.C_ligand.pdb
  No symmetry contacts found — writing non-symm receptor only
  -> no_symmetry_contacts

Processing 7xxp__1__1.A_1.B_1.C__1.K (proper chain: 1.K)
  Downloading https://files.rcsb.org/download/7xxp.cif
  Ligand written: /home/rquiroga/github/runs-n-poses/runs-n-poses-datasets/symmetry_corrected/7xxp__1__1.A_1.B_1.C__1.K/7xxp__1__1.A_1.B_1.C__1.K_ligand.pdb
  No symmetry contacts found — writing non-symm receptor only
  -> no_symmetry_contacts

Processing 7xyj__1__1.A_1.B__1.E_1.F (proper chain: 1.E)
  Downloading https://files.rcsb.org/download/7xyj.cif
  Ligand written: /home/rquiroga/github/runs-n-poses/runs-n-poses-datasets/symmetry_corrected/7xyj__1__1.A_1.B__1.E_1.F/7xyj__1__1.A_1.B__1.E_1.F_ligand.pdb
  No symmetry contacts found — writing non-symm receptor only
  -> no_symmetry_contacts

Processing 7xzr__1__1.A_1.C__1.E_1.F (proper chain: 1.E)
  Downloading https://files.rcsb.org/download/7xzr.cif
  Ligand written: /home/rquiroga/github/runs-n-poses/runs-n-poses-datasets/symmetry_corrected/7xzr__1__1.A_1.C__1.E_1.F/7xzr__1__1.A_1.C__1.E_1.F_ligand.pdb
  No symmetry contacts found — writing non-symm receptor only
  -> no_symmetry_contacts

Processing 7y0f__1__1.B__1.G (proper chain: 1.G)
  Downloading https://files.rcsb.org/download/7y0f.cif
  Ligand written: /home/rquiroga/github/runs-n-poses/runs-n-poses-datasets/symmetry_corrected/7y0f__1__1.B__1.G/7y0f__1__1.B__1.G_ligand.pdb
  No symmetry contacts found — writing non-symm receptor only
  -> no_symmetry_contacts

Processing 7y4a__1__1.A__1.I_1.J_1.K (proper chain: 1.K)
  Downloading https://files.rcsb.org/download/7y4a.cif
  Ligand written: /home/rquiroga/github/runs-n-poses/runs-n-poses-datasets/symmetry_corrected/7y4a__1__1.A__1.I_1.J_1.K/7y4a__1__1.A__1.I_1.J_1.K_ligand.pdb
  No symmetry contacts found — writing non-symm receptor only
  -> no_symmetry_contacts

Processing 7y4g__1__2.A__2.D (proper chain: 2.D)
  Downloading https://files.rcsb.org/download/7y4g.cif
  Ligand written: /home/rquiroga/github/runs-n-poses/runs-n-poses-datasets/symmetry_corrected/7y4g__1__2.A__2.D/7y4g__1__2.A__2.D_ligand.pdb
  No symmetry contacts found — writing non-symm receptor only
  -> no_symmetry_contacts

Processing 7y4u__1__1.A__1.B (proper chain: 1.B)
  Downloading https://files.rcsb.org/download/7y4u.cif
  Ligand written: /home/rquiroga/github/runs-n-poses/runs-n-poses-datasets/symmetry_corrected/7y4u__1__1.A__1.B/7y4u__1__1.A__1.B_ligand.pdb
  No symmetry contacts found — writing non-symm receptor only
  -> no_symmetry_contacts

Processing 7y88__1__1.A__1.B_1.C_1.D (proper chain: 1.B)
  Downloading https://files.rcsb.org/download/7y88.cif
  Ligand written: /home/rquiroga/github/runs-n-poses/runs-n-poses-datasets/symmetry_corrected/7y88__1__1.A__1.B_1.C_1.D/7y88__1__1.A__1.B_1.C_1.D_ligand.pdb
  No symmetry contacts found — writing non-symm receptor only
  -> no_symmetry_contacts

Processing 7y9o__1__1.A__1.B_1.C (proper chain: 1.B)
  Downloading https://files.rcsb.org/download/7y9o.cif
  Ligand written: /home/rquiroga/github/runs-n-poses/runs-n-poses-datasets/symmetry_corrected/7y9o__1__1.A__1.B_1.C/7y9o__1__1.A__1.B_1.C_ligand.pdb
  No symmetry contacts found — writing non-symm receptor only
  -> no_symmetry_contacts

Processing 7ya4__1__1.A__1.E_1.F (proper chain: 1.E)
  Downloading https://files.rcsb.org/download/7ya4.cif
  Ligand written: /home/rquiroga/github/runs-n-poses/runs-n-poses-datasets/symmetry_corrected/7ya4__1__1.A__1.E_1.F/7ya4__1__1.A__1.E_1.F_ligand.pdb
  No symmetry contacts found — writing non-symm receptor only
  -> no_symmetry_contacts

Processing 7yd2__1__1.A_1.B__1.K (proper chain: 1.K)
  Downloading https://files.rcsb.org/download/7yd2.cif
  Ligand written: /home/rquiroga/github/runs-n-poses/runs-n-poses-datasets/symmetry_corrected/7yd2__1__1.A_1.B__1.K/7yd2__1__1.A_1.B__1.K_ligand.pdb
  No symmetry contacts found — writing non-symm receptor only
  -> no_symmetry_contacts

Processing 7ydx__1__2.B__2.H (proper chain: 2.H)
  Downloading https://files.rcsb.org/download/7ydx.cif
  Ligand written: /home/rquiroga/github/runs-n-poses/runs-n-poses-datasets/symmetry_corrected/7ydx__1__2.B__2.H/7ydx__1__2.B__2.H_ligand.pdb
  No symmetry contacts found — writing non-symm receptor only
  -> no_symmetry_contacts

Processing 7yh9__1__1.A__1.G_1.H_1.I (proper chain: 1.I)
  Downloading https://files.rcsb.org/download/7yh9.cif
  Ligand written: /home/rquiroga/github/runs-n-poses/runs-n-poses-datasets/symmetry_corrected/7yh9__1__1.A__1.G_1.H_1.I/7yh9__1__1.A__1.G_1.H_1.I_ligand.pdb
  No symmetry contacts found — writing non-symm receptor only
  -> no_symmetry_contacts

Processing 7yhb__1__1.A__1.C_1.D_1.E (proper chain: 1.E)
  Downloading https://files.rcsb.org/download/7yhb.cif
  Ligand written: /home/rquiroga/github/runs-n-poses/runs-n-poses-datasets/symmetry_corrected/7yhb__1__1.A__1.C_1.D_1.E/7yhb__1__1.A__1.C_1.D_1.E_ligand.pdb
  No symmetry contacts found — writing non-symm receptor only
  -> no_symmetry_contacts

Processing 7yhc__1__1.A__1.I_1.J_1.K (proper chain: 1.K)
  Downloading https://files.rcsb.org/download/7yhc.cif
  Ligand written: /home/rquiroga/github/runs-n-poses/runs-n-poses-datasets/symmetry_corrected/7yhc__1__1.A__1.I_1.J_1.K/7yhc__1__1.A__1.I_1.J_1.K_ligand.pdb
  No symmetry contacts found — writing non-symm receptor only
  -> no_symmetry_contacts

Processing 7yj9__1__1.A_2.A__2.B (proper chain: 2.B)
  Downloading https://files.rcsb.org/download/7yj9.cif
  Ligand written: /home/rquiroga/github/runs-n-poses/runs-n-poses-datasets/symmetry_corrected/7yj9__1__1.A_2.A__2.B/7yj9__1__1.A_2.A__2.B_ligand.pdb
  Found 1 symmetry operations with contacts
  Receptor (symm) written: /home/rquiroga/github/runs-n-poses/runs-n-poses-datasets/symmetry_corrected/7yj9__1__1.A_2.A__2.B/7yj9__1__1.A_2.A__2.B_receptor_symm.pdb
  Total chains in output: 5
  -> ok

Processing 7yja__1__1.A_1.B__1.E (proper chain: 1.E)
  Downloading https://files.rcsb.org/download/7yja.cif
  Ligand written: /home/rquiroga/github/runs-n-poses/runs-n-poses-datasets/symmetry_corrected/7yja__1__1.A_1.B__1.E/7yja__1__1.A_1.B__1.E_ligand.pdb
  No symmetry contacts found — writing non-symm receptor only
  -> no_symmetry_contacts

Processing 7yjb__1__1.A_2.A__2.B (proper chain: 2.B)
  Downloading https://files.rcsb.org/download/7yjb.cif
  Ligand written: /home/rquiroga/github/runs-n-poses/runs-n-poses-datasets/symmetry_corrected/7yjb__1__1.A_2.A__2.B/7yjb__1__1.A_2.A__2.B_ligand.pdb
  Found 1 symmetry operations with contacts
  Receptor (symm) written: /home/rquiroga/github/runs-n-poses/runs-n-poses-datasets/symmetry_corrected/7yjb__1__1.A_2.A__2.B/7yjb__1__1.A_2.A__2.B_receptor_symm.pdb
  Total chains in output: 5
  -> ok

Processing 7yop__1__1.A_1.B__1.E (proper chain: 1.E)
  Downloading https://files.rcsb.org/download/7yop.cif
  Ligand written: /home/rquiroga/github/runs-n-poses/runs-n-poses-datasets/symmetry_corrected/7yop__1__1.A_1.B__1.E/7yop__1__1.A_1.B__1.E_ligand.pdb
  No symmetry contacts found — writing non-symm receptor only
  -> no_symmetry_contacts

Processing 7yoq__1__1.B__1.D (proper chain: 1.D)
  Downloading https://files.rcsb.org/download/7yoq.cif
  Ligand written: /home/rquiroga/github/runs-n-poses/runs-n-poses-datasets/symmetry_corrected/7yoq__1__1.B__1.D/7yoq__1__1.B__1.D_ligand.pdb
  No symmetry contacts found — writing non-symm receptor only
  -> no_symmetry_contacts

Processing 7yp5__1__1.B__1.J_1.K (proper chain: 1.J)
  Downloading https://files.rcsb.org/download/7yp5.cif
  Ligand written: /home/rquiroga/github/runs-n-poses/runs-n-poses-datasets/symmetry_corrected/7yp5__1__1.B__1.J_1.K/7yp5__1__1.B__1.J_1.K_ligand.pdb
  No symmetry contacts found — writing non-symm receptor only
  -> no_symmetry_contacts

Processing 7yp6__1__1.A__1.D_1.E_1.L (proper chain: 1.D)
  Downloading https://files.rcsb.org/download/7yp6.cif
  Ligand written: /home/rquiroga/github/runs-n-poses/runs-n-poses-datasets/symmetry_corrected/7yp6__1__1.A__1.D_1.E_1.L/7yp6__1__1.A__1.D_1.E_1.L_ligand.pdb
  No symmetry contacts found — writing non-symm receptor only
  -> no_symmetry_contacts

Processing 7ypu__1__1.A_1.B__1.I (proper chain: 1.I)
  Downloading https://files.rcsb.org/download/7ypu.cif
  Ligand written: /home/rquiroga/github/runs-n-poses/runs-n-poses-datasets/symmetry_corrected/7ypu__1__1.A_1.B__1.I/7ypu__1__1.A_1.B__1.I_ligand.pdb
  No symmetry contacts found — writing non-symm receptor only
  -> no_symmetry_contacts

Processing 7ypv__1__1.A_1.B__1.J (proper chain: 1.J)
  Downloading https://files.rcsb.org/download/7ypv.cif
  Ligand written: /home/rquiroga/github/runs-n-poses/runs-n-poses-datasets/symmetry_corrected/7ypv__1__1.A_1.B__1.J/7ypv__1__1.A_1.B__1.J_ligand.pdb
  No symmetry contacts found — writing non-symm receptor only
  -> no_symmetry_contacts

Processing 7yqf__1__1.B__1.J_1.K (proper chain: 1.J)
  Downloading https://files.rcsb.org/download/7yqf.cif
  Ligand written: /home/rquiroga/github/runs-n-poses/runs-n-poses-datasets/symmetry_corrected/7yqf__1__1.B__1.J_1.K/7yqf__1__1.B__1.J_1.K_ligand.pdb
  No symmetry contacts found — writing non-symm receptor only
  -> no_symmetry_contacts

Processing 7ys8__1__1.B__1.E_1.F (proper chain: 1.E)
  Downloading https://files.rcsb.org/download/7ys8.cif
  Ligand written: /home/rquiroga/github/runs-n-poses/runs-n-poses-datasets/symmetry_corrected/7ys8__1__1.B__1.E_1.F/7ys8__1__1.B__1.E_1.F_ligand.pdb
  No symmetry contacts found — writing non-symm receptor only
  -> no_symmetry_contacts

Processing 7ysx__1__1.B__1.J (proper chain: 1.J)
  Downloading https://files.rcsb.org/download/7ysx.cif
  Ligand written: /home/rquiroga/github/runs-n-poses/runs-n-poses-datasets/symmetry_corrected/7ysx__1__1.B__1.J/7ysx__1__1.B__1.J_ligand.pdb
  No symmetry contacts found — writing non-symm receptor only
  -> no_symmetry_contacts

Processing 7yv4__1__1.A__1.B (proper chain: 1.B)
  Downloading https://files.rcsb.org/download/7yv4.cif
  Ligand written: /home/rquiroga/github/runs-n-poses/runs-n-poses-datasets/symmetry_corrected/7yv4__1__1.A__1.B/7yv4__1__1.A__1.B_ligand.pdb
  No symmetry contacts found — writing non-symm receptor only
  -> no_symmetry_contacts

Processing 7yxd__1__1.A__1.I (proper chain: 1.I)
  Downloading https://files.rcsb.org/download/7yxd.cif
  Ligand written: /home/rquiroga/github/runs-n-poses/runs-n-poses-datasets/symmetry_corrected/7yxd__1__1.A__1.I/7yxd__1__1.A__1.I_ligand.pdb
  No symmetry contacts found — writing non-symm receptor only
  -> no_symmetry_contacts

Processing 7yxe__1__1.A__1.C (proper chain: 1.C)
  Downloading https://files.rcsb.org/download/7yxe.cif
  Ligand written: /home/rquiroga/github/runs-n-poses/runs-n-poses-datasets/symmetry_corrected/7yxe__1__1.A__1.C/7yxe__1__1.A__1.C_ligand.pdb
  No symmetry contacts found — writing non-symm receptor only
  -> no_symmetry_contacts

Processing 7yxl__1__1.A__1.C_1.E (proper chain: 1.E)
  Downloading https://files.rcsb.org/download/7yxl.cif
  Ligand written: /home/rquiroga/github/runs-n-poses/runs-n-poses-datasets/symmetry_corrected/7yxl__1__1.A__1.C_1.E/7yxl__1__1.A__1.C_1.E_ligand.pdb
  No symmetry contacts found — writing non-symm receptor only
  -> no_symmetry_contacts

Processing 7yzq__1__1.C__1.O_1.P_1.Q (proper chain: 1.O)
  Downloading https://files.rcsb.org/download/7yzq.cif
  Ligand written: /home/rquiroga/github/runs-n-poses/runs-n-poses-datasets/symmetry_corrected/7yzq__1__1.C__1.O_1.P_1.Q/7yzq__1__1.C__1.O_1.P_1.Q_ligand.pdb
  No symmetry contacts found — writing non-symm receptor only
  -> no_symmetry_contacts

Processing 7yzs__1__1.A__1.B (proper chain: 1.B)
  Downloading https://files.rcsb.org/download/7yzs.cif
  Ligand written: /home/rquiroga/github/runs-n-poses/runs-n-poses-datasets/symmetry_corrected/7yzs__1__1.A__1.B/7yzs__1__1.A__1.B_ligand.pdb
  No symmetry contacts found — writing non-symm receptor only
  -> no_symmetry_contacts

Processing 7yzu__1__1.A__1.B (proper chain: 1.B)
  Downloading https://files.rcsb.org/download/7yzu.cif
  Ligand written: /home/rquiroga/github/runs-n-poses/runs-n-poses-datasets/symmetry_corrected/7yzu__1__1.A__1.B/7yzu__1__1.A__1.B_ligand.pdb
  No symmetry contacts found — writing non-symm receptor only
  -> no_symmetry_contacts

Processing 7z1g__1__1.A__1.B_1.D (proper chain: 1.B)
  Downloading https://files.rcsb.org/download/7z1g.cif
  Ligand written: /home/rquiroga/github/runs-n-poses/runs-n-poses-datasets/symmetry_corrected/7z1g__1__1.A__1.B_1.D/7z1g__1__1.A__1.B_1.D_ligand.pdb
  No symmetry contacts found — writing non-symm receptor only
  -> no_symmetry_contacts

Processing 7z1r__1__1.A_2.A__1.B (proper chain: 1.B)
  Downloading https://files.rcsb.org/download/7z1r.cif
  Ligand written: /home/rquiroga/github/runs-n-poses/runs-n-poses-datasets/symmetry_corrected/7z1r__1__1.A_2.A__1.B/7z1r__1__1.A_2.A__1.B_ligand.pdb
  Found 1 symmetry operations with contacts
  Receptor (symm) written: /home/rquiroga/github/runs-n-poses/runs-n-poses-datasets/symmetry_corrected/7z1r__1__1.A_2.A__1.B/7z1r__1__1.A_2.A__1.B_receptor_symm.pdb
  Total chains in output: 5
  -> ok

Processing 7z1v__1__1.A__1.C (proper chain: 1.C)
  Downloading https://files.rcsb.org/download/7z1v.cif
  Ligand written: /home/rquiroga/github/runs-n-poses/runs-n-poses-datasets/symmetry_corrected/7z1v__1__1.A__1.C/7z1v__1__1.A__1.C_ligand.pdb
  Found 1 symmetry operations with contacts
  Receptor (symm) written: /home/rquiroga/github/runs-n-poses/runs-n-poses-datasets/symmetry_corrected/7z1v__1__1.A__1.C/7z1v__1__1.A__1.C_receptor_symm.pdb
  Total chains in output: 3
  -> ok

Processing 7z1w__1__1.A__1.C (proper chain: 1.C)
  Downloading https://files.rcsb.org/download/7z1w.cif
  Ligand written: /home/rquiroga/github/runs-n-poses/runs-n-poses-datasets/symmetry_corrected/7z1w__1__1.A__1.C/7z1w__1__1.A__1.C_ligand.pdb
  No symmetry contacts found — writing non-symm receptor only
  -> no_symmetry_contacts

Processing 7z2q__1__1.A__1.C (proper chain: 1.C)
  Downloading https://files.rcsb.org/download/7z2q.cif
  Ligand written: /home/rquiroga/github/runs-n-poses/runs-n-poses-datasets/symmetry_corrected/7z2q__1__1.A__1.C/7z2q__1__1.A__1.C_ligand.pdb
  No symmetry contacts found — writing non-symm receptor only
  -> no_symmetry_contacts

Processing 7z39__1__1.A__1.C (proper chain: 1.C)
  Downloading https://files.rcsb.org/download/7z39.cif
  Ligand written: /home/rquiroga/github/runs-n-poses/runs-n-poses-datasets/symmetry_corrected/7z39__1__1.A__1.C/7z39__1__1.A__1.C_ligand.pdb
  Found 1 symmetry operations with contacts
  Receptor (symm) written: /home/rquiroga/github/runs-n-poses/runs-n-poses-datasets/symmetry_corrected/7z39__1__1.A__1.C/7z39__1__1.A__1.C_receptor_symm.pdb
  Total chains in output: 3
  -> ok

Processing 7z3y__1__1.A__1.D (proper chain: 1.D)
  Downloading https://files.rcsb.org/download/7z3y.cif
  Ligand written: /home/rquiroga/github/runs-n-poses/runs-n-poses-datasets/symmetry_corrected/7z3y__1__1.A__1.D/7z3y__1__1.A__1.D_ligand.pdb
  No symmetry contacts found — writing non-symm receptor only
  -> no_symmetry_contacts

Processing 7z41__1__1.A__1.C (proper chain: 1.C)
  Downloading https://files.rcsb.org/download/7z41.cif
  Ligand written: /home/rquiroga/github/runs-n-poses/runs-n-poses-datasets/symmetry_corrected/7z41__1__1.A__1.C/7z41__1__1.A__1.C_ligand.pdb
  No symmetry contacts found — writing non-symm receptor only
  -> no_symmetry_contacts

Processing 7z5b__1__1.A__1.D (proper chain: 1.D)
  Downloading https://files.rcsb.org/download/7z5b.cif
  Ligand written: /home/rquiroga/github/runs-n-poses/runs-n-poses-datasets/symmetry_corrected/7z5b__1__1.A__1.D/7z5b__1__1.A__1.D_ligand.pdb
  No symmetry contacts found — writing non-symm receptor only
  -> no_symmetry_contacts

Processing 7z5n__1__1.A__1.I_1.L_1.M (proper chain: 1.I)
  Downloading https://files.rcsb.org/download/7z5n.cif
  Ligand written: /home/rquiroga/github/runs-n-poses/runs-n-poses-datasets/symmetry_corrected/7z5n__1__1.A__1.I_1.L_1.M/7z5n__1__1.A__1.I_1.L_1.M_ligand.pdb
  No symmetry contacts found — writing non-symm receptor only
  -> no_symmetry_contacts

Processing 7z5r__1__1.A__1.D (proper chain: 1.D)
  Downloading https://files.rcsb.org/download/7z5r.cif
  Ligand written: /home/rquiroga/github/runs-n-poses/runs-n-poses-datasets/symmetry_corrected/7z5r__1__1.A__1.D/7z5r__1__1.A__1.D_ligand.pdb
  No symmetry contacts found — writing non-symm receptor only
  -> no_symmetry_contacts

Processing 7z5u__1__1.A__1.B_1.C (proper chain: 1.C)
  Downloading https://files.rcsb.org/download/7z5u.cif
  Ligand written: /home/rquiroga/github/runs-n-poses/runs-n-poses-datasets/symmetry_corrected/7z5u__1__1.A__1.B_1.C/7z5u__1__1.A__1.B_1.C_ligand.pdb
  No symmetry contacts found — writing non-symm receptor only
  -> no_symmetry_contacts

Processing 7z5x__1__1.A__1.C (proper chain: 1.C)
  Downloading https://files.rcsb.org/download/7z5x.cif
  Ligand written: /home/rquiroga/github/runs-n-poses/runs-n-poses-datasets/symmetry_corrected/7z5x__1__1.A__1.C/7z5x__1__1.A__1.C_ligand.pdb
  No symmetry contacts found — writing non-symm receptor only
  -> no_symmetry_contacts

Processing 7z62__1__2.A_2.B__2.C_2.D (proper chain: 2.D)
  Downloading https://files.rcsb.org/download/7z62.cif
  Ligand written: /home/rquiroga/github/runs-n-poses/runs-n-poses-datasets/symmetry_corrected/7z62__1__2.A_2.B__2.C_2.D/7z62__1__2.A_2.B__2.C_2.D_ligand.pdb
  No symmetry contacts found — writing non-symm receptor only
  -> no_symmetry_contacts

Processing 7z63__1__1.A__1.E_1.F (proper chain: 1.F)
  Downloading https://files.rcsb.org/download/7z63.cif
  Ligand written: /home/rquiroga/github/runs-n-poses/runs-n-poses-datasets/symmetry_corrected/7z63__1__1.A__1.E_1.F/7z63__1__1.A__1.E_1.F_ligand.pdb
  No symmetry contacts found — writing non-symm receptor only
  -> no_symmetry_contacts

Processing 7z6z__1__1.A__1.H_1.I_1.J_1.O_1.Y (proper chain: 1.H)
  Downloading https://files.rcsb.org/download/7z6z.cif
  Ligand written: /home/rquiroga/github/runs-n-poses/runs-n-poses-datasets/symmetry_corrected/7z6z__1__1.A__1.H_1.I_1.J_1.O_1.Y/7z6z__1__1.A__1.H_1.I_1.J_1.O_1.Y_ligand.pdb
  No symmetry contacts found — writing non-symm receptor only
  -> no_symmetry_contacts

Processing 7z70__1__1.A__1.C_1.E_1.L (proper chain: 1.C)
  Downloading https://files.rcsb.org/download/7z70.cif
  Ligand written: /home/rquiroga/github/runs-n-poses/runs-n-poses-datasets/symmetry_corrected/7z70__1__1.A__1.C_1.E_1.L/7z70__1__1.A__1.C_1.E_1.L_ligand.pdb
  No symmetry contacts found — writing non-symm receptor only
  -> no_symmetry_contacts

Processing 7z74__1__1.A__1.B_1.C (proper chain: 1.B)
  Downloading https://files.rcsb.org/download/7z74.cif
  Ligand written: /home/rquiroga/github/runs-n-poses/runs-n-poses-datasets/symmetry_corrected/7z74__1__1.A__1.B_1.C/7z74__1__1.A__1.B_1.C_ligand.pdb
  No symmetry contacts found — writing non-symm receptor only
  -> no_symmetry_contacts

Processing 7z78__1__1.A__1.D (proper chain: 1.D)
  Downloading https://files.rcsb.org/download/7z78.cif
  Ligand written: /home/rquiroga/github/runs-n-poses/runs-n-poses-datasets/symmetry_corrected/7z78__1__1.A__1.D/7z78__1__1.A__1.D_ligand.pdb
  No symmetry contacts found — writing non-symm receptor only
  -> no_symmetry_contacts

Processing 7z9t__1__1.A__1.C (proper chain: 1.C)
  Downloading https://files.rcsb.org/download/7z9t.cif
  Ligand written: /home/rquiroga/github/runs-n-poses/runs-n-poses-datasets/symmetry_corrected/7z9t__1__1.A__1.C/7z9t__1__1.A__1.C_ligand.pdb
  No symmetry contacts found — writing non-symm receptor only
  -> no_symmetry_contacts

Processing 7za0__1__1.A__1.B (proper chain: 1.B)
  Downloading https://files.rcsb.org/download/7za0.cif
  Ligand written: /home/rquiroga/github/runs-n-poses/runs-n-poses-datasets/symmetry_corrected/7za0__1__1.A__1.B/7za0__1__1.A__1.B_ligand.pdb
  Found 1 symmetry operations with contacts
  Receptor (symm) written: /home/rquiroga/github/runs-n-poses/runs-n-poses-datasets/symmetry_corrected/7za0__1__1.A__1.B/7za0__1__1.A__1.B_receptor_symm.pdb
  Total chains in output: 3
  -> ok

Processing 7zaa__1__1.A__1.C (proper chain: 1.C)
  Downloading https://files.rcsb.org/download/7zaa.cif
  Ligand written: /home/rquiroga/github/runs-n-poses/runs-n-poses-datasets/symmetry_corrected/7zaa__1__1.A__1.C/7zaa__1__1.A__1.C_ligand.pdb
  No symmetry contacts found — writing non-symm receptor only
  -> no_symmetry_contacts

Processing 7zbv__1__1.A__1.B_1.E (proper chain: 1.E)
  Downloading https://files.rcsb.org/download/7zbv.cif
  Ligand written: /home/rquiroga/github/runs-n-poses/runs-n-poses-datasets/symmetry_corrected/7zbv__1__1.A__1.B_1.E/7zbv__1__1.A__1.B_1.E_ligand.pdb
  No symmetry contacts found — writing non-symm receptor only
  -> no_symmetry_contacts

Processing 7zcl__1__1.A__1.C_1.D (proper chain: 1.C)
  Downloading https://files.rcsb.org/download/7zcl.cif
  Ligand written: /home/rquiroga/github/runs-n-poses/runs-n-poses-datasets/symmetry_corrected/7zcl__1__1.A__1.C_1.D/7zcl__1__1.A__1.C_1.D_ligand.pdb
  No symmetry contacts found — writing non-symm receptor only
  -> no_symmetry_contacts

Processing 7zeg__1__1.A__1.C (proper chain: 1.C)
  Downloading https://files.rcsb.org/download/7zeg.cif
  Ligand written: /home/rquiroga/github/runs-n-poses/runs-n-poses-datasets/symmetry_corrected/7zeg__1__1.A__1.C/7zeg__1__1.A__1.C_ligand.pdb
  No symmetry contacts found — writing non-symm receptor only
  -> no_symmetry_contacts

Processing 7zer__1__1.A__1.B_1.C (proper chain: 1.B)
  Downloading https://files.rcsb.org/download/7zer.cif
  Ligand written: /home/rquiroga/github/runs-n-poses/runs-n-poses-datasets/symmetry_corrected/7zer__1__1.A__1.B_1.C/7zer__1__1.A__1.B_1.C_ligand.pdb
  No symmetry contacts found — writing non-symm receptor only
  -> no_symmetry_contacts

Processing 7zfv__1__1.A__1.C (proper chain: 1.C)
  Downloading https://files.rcsb.org/download/7zfv.cif
  Ligand written: /home/rquiroga/github/runs-n-poses/runs-n-poses-datasets/symmetry_corrected/7zfv__1__1.A__1.C/7zfv__1__1.A__1.C_ligand.pdb
  No symmetry contacts found — writing non-symm receptor only
  -> no_symmetry_contacts

Processing 7zg9__1__1.A__1.C (proper chain: 1.C)
  Downloading https://files.rcsb.org/download/7zg9.cif
  Ligand written: /home/rquiroga/github/runs-n-poses/runs-n-poses-datasets/symmetry_corrected/7zg9__1__1.A__1.C/7zg9__1__1.A__1.C_ligand.pdb
  No symmetry contacts found — writing non-symm receptor only
  -> no_symmetry_contacts

Processing 7zgb__1__1.A__1.B (proper chain: 1.B)
  Downloading https://files.rcsb.org/download/7zgb.cif
  Ligand written: /home/rquiroga/github/runs-n-poses/runs-n-poses-datasets/symmetry_corrected/7zgb__1__1.A__1.B/7zgb__1__1.A__1.B_ligand.pdb
  No symmetry contacts found — writing non-symm receptor only
  -> no_symmetry_contacts

Processing 7zgc__1__1.A__1.B (proper chain: 1.B)
  Downloading https://files.rcsb.org/download/7zgc.cif
  Ligand written: /home/rquiroga/github/runs-n-poses/runs-n-poses-datasets/symmetry_corrected/7zgc__1__1.A__1.B/7zgc__1__1.A__1.B_ligand.pdb
  No symmetry contacts found — writing non-symm receptor only
  -> no_symmetry_contacts

Processing 7zgd__1__1.A__1.B (proper chain: 1.B)
  Downloading https://files.rcsb.org/download/7zgd.cif
  Ligand written: /home/rquiroga/github/runs-n-poses/runs-n-poses-datasets/symmetry_corrected/7zgd__1__1.A__1.B/7zgd__1__1.A__1.B_ligand.pdb
  No symmetry contacts found — writing non-symm receptor only
  -> no_symmetry_contacts

Processing 7zhf__1__1.A_2.A__1.B_1.C (proper chain: 1.B)
  Downloading https://files.rcsb.org/download/7zhf.cif
  Ligand written: /home/rquiroga/github/runs-n-poses/runs-n-poses-datasets/symmetry_corrected/7zhf__1__1.A_2.A__1.B_1.C/7zhf__1__1.A_2.A__1.B_1.C_ligand.pdb
  Found 1 symmetry operations with contacts
  Receptor (symm) written: /home/rquiroga/github/runs-n-poses/runs-n-poses-datasets/symmetry_corrected/7zhf__1__1.A_2.A__1.B_1.C/7zhf__1__1.A_2.A__1.B_1.C_receptor_symm.pdb
  Total chains in output: 6
  -> ok

Processing 7zi0__1__1.A__1.C (proper chain: 1.C)
  Downloading https://files.rcsb.org/download/7zi0.cif
  Ligand written: /home/rquiroga/github/runs-n-poses/runs-n-poses-datasets/symmetry_corrected/7zi0__1__1.A__1.C/7zi0__1__1.A__1.C_ligand.pdb
  No symmetry contacts found — writing non-symm receptor only
  -> no_symmetry_contacts

Processing 7zif__1__1.A__1.B_1.C (proper chain: 1.C)
  Downloading https://files.rcsb.org/download/7zif.cif
  Ligand written: /home/rquiroga/github/runs-n-poses/runs-n-poses-datasets/symmetry_corrected/7zif__1__1.A__1.B_1.C/7zif__1__1.A__1.B_1.C_ligand.pdb
  No symmetry contacts found — writing non-symm receptor only
  -> no_symmetry_contacts

Processing 7zig__1__1.A__1.B_1.C (proper chain: 1.B)
  Downloading https://files.rcsb.org/download/7zig.cif
  Ligand written: /home/rquiroga/github/runs-n-poses/runs-n-poses-datasets/symmetry_corrected/7zig__1__1.A__1.B_1.C/7zig__1__1.A__1.B_1.C_ligand.pdb
  No symmetry contacts found — writing non-symm receptor only
  -> no_symmetry_contacts

Processing 7zih__1__1.A__1.B_1.C (proper chain: 1.C)
  Downloading https://files.rcsb.org/download/7zih.cif
  Ligand written: /home/rquiroga/github/runs-n-poses/runs-n-poses-datasets/symmetry_corrected/7zih__1__1.A__1.B_1.C/7zih__1__1.A__1.B_1.C_ligand.pdb
  No symmetry contacts found — writing non-symm receptor only
  -> no_symmetry_contacts

Processing 7zii__1__1.A__1.B_1.C (proper chain: 1.C)
  Downloading https://files.rcsb.org/download/7zii.cif
  Ligand written: /home/rquiroga/github/runs-n-poses/runs-n-poses-datasets/symmetry_corrected/7zii__1__1.A__1.B_1.C/7zii__1__1.A__1.B_1.C_ligand.pdb
  No symmetry contacts found — writing non-symm receptor only
  -> no_symmetry_contacts

Processing 7zij__1__1.A__1.B_1.C (proper chain: 1.B)
  Downloading https://files.rcsb.org/download/7zij.cif
  Ligand written: /home/rquiroga/github/runs-n-poses/runs-n-poses-datasets/symmetry_corrected/7zij__1__1.A__1.B_1.C/7zij__1__1.A__1.B_1.C_ligand.pdb
  No symmetry contacts found — writing non-symm receptor only
  -> no_symmetry_contacts

Processing 7zik__1__1.A__1.D (proper chain: 1.D)
  Downloading https://files.rcsb.org/download/7zik.cif
  Ligand written: /home/rquiroga/github/runs-n-poses/runs-n-poses-datasets/symmetry_corrected/7zik__1__1.A__1.D/7zik__1__1.A__1.D_ligand.pdb
  No symmetry contacts found — writing non-symm receptor only
  -> no_symmetry_contacts

Processing 7ziy__1__1.A__1.C (proper chain: 1.C)
  Downloading https://files.rcsb.org/download/7ziy.cif
  Ligand written: /home/rquiroga/github/runs-n-poses/runs-n-poses-datasets/symmetry_corrected/7ziy__1__1.A__1.C/7ziy__1__1.A__1.C_ligand.pdb
  No symmetry contacts found — writing non-symm receptor only
  -> no_symmetry_contacts

Processing 7zj0__1__1.A__1.C (proper chain: 1.C)
  Downloading https://files.rcsb.org/download/7zj0.cif
  Ligand written: /home/rquiroga/github/runs-n-poses/runs-n-poses-datasets/symmetry_corrected/7zj0__1__1.A__1.C/7zj0__1__1.A__1.C_ligand.pdb
  No symmetry contacts found — writing non-symm receptor only
  -> no_symmetry_contacts

Processing 7zjp__1__1.A__1.C (proper chain: 1.C)
  Downloading https://files.rcsb.org/download/7zjp.cif
  Ligand written: /home/rquiroga/github/runs-n-poses/runs-n-poses-datasets/symmetry_corrected/7zjp__1__1.A__1.C/7zjp__1__1.A__1.C_ligand.pdb
  No symmetry contacts found — writing non-symm receptor only
  -> no_symmetry_contacts

Processing 7zjq__1__1.A__1.E (proper chain: 1.E)
  Downloading https://files.rcsb.org/download/7zjq.cif
  Ligand written: /home/rquiroga/github/runs-n-poses/runs-n-poses-datasets/symmetry_corrected/7zjq__1__1.A__1.E/7zjq__1__1.A__1.E_ligand.pdb
  No symmetry contacts found — writing non-symm receptor only
  -> no_symmetry_contacts

Processing 7zks__1__1.A__1.B (proper chain: 1.B)
  Downloading https://files.rcsb.org/download/7zks.cif
  Ligand written: /home/rquiroga/github/runs-n-poses/runs-n-poses-datasets/symmetry_corrected/7zks__1__1.A__1.B/7zks__1__1.A__1.B_ligand.pdb
  No symmetry contacts found — writing non-symm receptor only
  -> no_symmetry_contacts

Processing 7zkw__1__1.A_1.C__1.E (proper chain: 1.E)
  Downloading https://files.rcsb.org/download/7zkw.cif
  Ligand written: /home/rquiroga/github/runs-n-poses/runs-n-poses-datasets/symmetry_corrected/7zkw__1__1.A_1.C__1.E/7zkw__1__1.A_1.C__1.E_ligand.pdb
  No symmetry contacts found — writing non-symm receptor only
  -> no_symmetry_contacts

Processing 7zkx__1__1.A__1.B_1.L (proper chain: 1.B)
  Downloading https://files.rcsb.org/download/7zkx.cif
  Ligand written: /home/rquiroga/github/runs-n-poses/runs-n-poses-datasets/symmetry_corrected/7zkx__1__1.A__1.B_1.L/7zkx__1__1.A__1.B_1.L_ligand.pdb
  No symmetry contacts found — writing non-symm receptor only
  -> no_symmetry_contacts

Processing 7zl5__1__1.A__1.C_1.D_1.E (proper chain: 1.E)
  Downloading https://files.rcsb.org/download/7zl5.cif
  Ligand written: /home/rquiroga/github/runs-n-poses/runs-n-poses-datasets/symmetry_corrected/7zl5__1__1.A__1.C_1.D_1.E/7zl5__1__1.A__1.C_1.D_1.E_ligand.pdb
  No symmetry contacts found — writing non-symm receptor only
  -> no_symmetry_contacts

Processing 7znw__1__1.B__1.E_1.F (proper chain: 1.E)
  Downloading https://files.rcsb.org/download/7znw.cif
  Ligand written: /home/rquiroga/github/runs-n-poses/runs-n-poses-datasets/symmetry_corrected/7znw__1__1.B__1.E_1.F/7znw__1__1.B__1.E_1.F_ligand.pdb
  No symmetry contacts found — writing non-symm receptor only
  -> no_symmetry_contacts

Processing 7zo2__1__2.A__2.B_2.C_2.F (proper chain: 2.F)
  Downloading https://files.rcsb.org/download/7zo2.cif
  Ligand written: /home/rquiroga/github/runs-n-poses/runs-n-poses-datasets/symmetry_corrected/7zo2__1__2.A__2.B_2.C_2.F/7zo2__1__2.A__2.B_2.C_2.F_ligand.pdb
  No symmetry contacts found — writing non-symm receptor only
  -> no_symmetry_contacts

Processing 7zo3__1__2.A__2.B_2.C_2.G (proper chain: 2.G)
  Downloading https://files.rcsb.org/download/7zo3.cif
  Ligand written: /home/rquiroga/github/runs-n-poses/runs-n-poses-datasets/symmetry_corrected/7zo3__1__2.A__2.B_2.C_2.G/7zo3__1__2.A__2.B_2.C_2.G_ligand.pdb
  No symmetry contacts found — writing non-symm receptor only
  -> no_symmetry_contacts

Processing 7zo4__1__1.A__1.B_1.C_1.G (proper chain: 1.G)
  Downloading https://files.rcsb.org/download/7zo4.cif
  Ligand written: /home/rquiroga/github/runs-n-poses/runs-n-poses-datasets/symmetry_corrected/7zo4__1__1.A__1.B_1.C_1.G/7zo4__1__1.A__1.B_1.C_1.G_ligand.pdb
  No symmetry contacts found — writing non-symm receptor only
  -> no_symmetry_contacts

Processing 7zp7__1__1.A__1.C (proper chain: 1.C)
  Downloading https://files.rcsb.org/download/7zp7.cif
  Ligand written: /home/rquiroga/github/runs-n-poses/runs-n-poses-datasets/symmetry_corrected/7zp7__1__1.A__1.C/7zp7__1__1.A__1.C_ligand.pdb
  No symmetry contacts found — writing non-symm receptor only
  -> no_symmetry_contacts

Processing 7zq3__1__2.A_2.B__2.C_2.D (proper chain: 2.C)
  Downloading https://files.rcsb.org/download/7zq3.cif
  Ligand written: /home/rquiroga/github/runs-n-poses/runs-n-poses-datasets/symmetry_corrected/7zq3__1__2.A_2.B__2.C_2.D/7zq3__1__2.A_2.B__2.C_2.D_ligand.pdb
  No symmetry contacts found — writing non-symm receptor only
  -> no_symmetry_contacts

Processing 7zqk__1__1.A_1.B__1.C_1.D (proper chain: 1.C)
  Downloading https://files.rcsb.org/download/7zqk.cif
  Ligand written: /home/rquiroga/github/runs-n-poses/runs-n-poses-datasets/symmetry_corrected/7zqk__1__1.A_1.B__1.C_1.D/7zqk__1__1.A_1.B__1.C_1.D_ligand.pdb
  No symmetry contacts found — writing non-symm receptor only
  -> no_symmetry_contacts

Processing 7zsm__1__1.A_2.A__1.B (proper chain: 1.B)
  Downloading https://files.rcsb.org/download/7zsm.cif
  Ligand written: /home/rquiroga/github/runs-n-poses/runs-n-poses-datasets/symmetry_corrected/7zsm__1__1.A_2.A__1.B/7zsm__1__1.A_2.A__1.B_ligand.pdb
  Found 2 symmetry operations with contacts
  Receptor (symm) written: /home/rquiroga/github/runs-n-poses/runs-n-poses-datasets/symmetry_corrected/7zsm__1__1.A_2.A__1.B/7zsm__1__1.A_2.A__1.B_receptor_symm.pdb
  Total chains in output: 6
  -> ok

Processing 7zso__1__1.A_1.C__1.S (proper chain: 1.S)
  Downloading https://files.rcsb.org/download/7zso.cif
  Ligand written: /home/rquiroga/github/runs-n-poses/runs-n-poses-datasets/symmetry_corrected/7zso__1__1.A_1.C__1.S/7zso__1__1.A_1.C__1.S_ligand.pdb
  No symmetry contacts found — writing non-symm receptor only
  -> no_symmetry_contacts

Processing 7zsq__1__1.B_1.C__1.G_1.I (proper chain: 1.G)
  Downloading https://files.rcsb.org/download/7zsq.cif
  Ligand written: /home/rquiroga/github/runs-n-poses/runs-n-poses-datasets/symmetry_corrected/7zsq__1__1.B_1.C__1.G_1.I/7zsq__1__1.B_1.C__1.G_1.I_ligand.pdb
  No symmetry contacts found — writing non-symm receptor only
  -> no_symmetry_contacts

Processing 7zst__1__1.B_1.C__1.H (proper chain: 1.H)
  Downloading https://files.rcsb.org/download/7zst.cif
  Ligand written: /home/rquiroga/github/runs-n-poses/runs-n-poses-datasets/symmetry_corrected/7zst__1__1.B_1.C__1.H/7zst__1__1.B_1.C__1.H_ligand.pdb
  No symmetry contacts found — writing non-symm receptor only
  -> no_symmetry_contacts

Processing 7zwb__1__1.A__1.D (proper chain: 1.D)
  Downloading https://files.rcsb.org/download/7zwb.cif
  Ligand written: /home/rquiroga/github/runs-n-poses/runs-n-poses-datasets/symmetry_corrected/7zwb__1__1.A__1.D/7zwb__1__1.A__1.D_ligand.pdb
  Found 1 symmetry operations with contacts
  Receptor (symm) written: /home/rquiroga/github/runs-n-poses/runs-n-poses-datasets/symmetry_corrected/7zwb__1__1.A__1.D/7zwb__1__1.A__1.D_receptor_symm.pdb
  Total chains in output: 3
  -> ok

Processing 7zxw__1__1.A__1.C_1.D_1.G (proper chain: 1.D)
  Downloading https://files.rcsb.org/download/7zxw.cif
  Ligand written: /home/rquiroga/github/runs-n-poses/runs-n-poses-datasets/symmetry_corrected/7zxw__1__1.A__1.C_1.D_1.G/7zxw__1__1.A__1.C_1.D_1.G_ligand.pdb
  No symmetry contacts found — writing non-symm receptor only
  -> no_symmetry_contacts

Processing 7zxz__1__2.A_2.B__2.E (proper chain: 2.E)
  Downloading https://files.rcsb.org/download/7zxz.cif
  Ligand written: /home/rquiroga/github/runs-n-poses/runs-n-poses-datasets/symmetry_corrected/7zxz__1__2.A_2.B__2.E/7zxz__1__2.A_2.B__2.E_ligand.pdb
  Found 1 symmetry operations with contacts
  Receptor (symm) written: /home/rquiroga/github/runs-n-poses/runs-n-poses-datasets/symmetry_corrected/7zxz__1__2.A_2.B__2.E/7zxz__1__2.A_2.B__2.E_receptor_symm.pdb
  Total chains in output: 4
  -> ok

Processing 7zym__1__1.A__1.B (proper chain: 1.B)
  Downloading https://files.rcsb.org/download/7zym.cif
  Ligand written: /home/rquiroga/github/runs-n-poses/runs-n-poses-datasets/symmetry_corrected/7zym__1__1.A__1.B/7zym__1__1.A__1.B_ligand.pdb
  No symmetry contacts found — writing non-symm receptor only
  -> no_symmetry_contacts

Processing 7zyn__1__1.A__1.B (proper chain: 1.B)
  Downloading https://files.rcsb.org/download/7zyn.cif
  Ligand written: /home/rquiroga/github/runs-n-poses/runs-n-poses-datasets/symmetry_corrected/7zyn__1__1.A__1.B/7zyn__1__1.A__1.B_ligand.pdb
  No symmetry contacts found — writing non-symm receptor only
  -> no_symmetry_contacts

Processing 7zz7__1__1.A_4.A__4.C (proper chain: 4.C)
  Downloading https://files.rcsb.org/download/7zz7.cif
  Ligand written: /home/rquiroga/github/runs-n-poses/runs-n-poses-datasets/symmetry_corrected/7zz7__1__1.A_4.A__4.C/7zz7__1__1.A_4.A__4.C_ligand.pdb
  Found 1 symmetry operations with contacts
  Receptor (symm) written: /home/rquiroga/github/runs-n-poses/runs-n-poses-datasets/symmetry_corrected/7zz7__1__1.A_4.A__4.C/7zz7__1__1.A_4.A__4.C_receptor_symm.pdb
  Total chains in output: 5
  -> ok

Processing 7zzc__1__1.A_4.A__4.D (proper chain: 4.D)
  Downloading https://files.rcsb.org/download/7zzc.cif
  Ligand written: /home/rquiroga/github/runs-n-poses/runs-n-poses-datasets/symmetry_corrected/7zzc__1__1.A_4.A__4.D/7zzc__1__1.A_4.A__4.D_ligand.pdb
  Found 1 symmetry operations with contacts
  Receptor (symm) written: /home/rquiroga/github/runs-n-poses/runs-n-poses-datasets/symmetry_corrected/7zzc__1__1.A_4.A__4.D/7zzc__1__1.A_4.A__4.D_receptor_symm.pdb
  Total chains in output: 5
  -> ok

Processing 7zzf__1__2.A_3.A__3.C (proper chain: 3.C)
  Downloading https://files.rcsb.org/download/7zzf.cif
  Ligand written: /home/rquiroga/github/runs-n-poses/runs-n-poses-datasets/symmetry_corrected/7zzf__1__2.A_3.A__3.C/7zzf__1__2.A_3.A__3.C_ligand.pdb
  Found 1 symmetry operations with contacts
  Receptor (symm) written: /home/rquiroga/github/runs-n-poses/runs-n-poses-datasets/symmetry_corrected/7zzf__1__2.A_3.A__3.C/7zzf__1__2.A_3.A__3.C_receptor_symm.pdb
  Total chains in output: 5
  -> ok

Processing 7zzg__1__2.A_3.A__2.C (proper chain: 2.C)
  Downloading https://files.rcsb.org/download/7zzg.cif
  Ligand written: /home/rquiroga/github/runs-n-poses/runs-n-poses-datasets/symmetry_corrected/7zzg__1__2.A_3.A__2.C/7zzg__1__2.A_3.A__2.C_ligand.pdb
  Found 1 symmetry operations with contacts
  Receptor (symm) written: /home/rquiroga/github/runs-n-poses/runs-n-poses-datasets/symmetry_corrected/7zzg__1__2.A_3.A__2.C/7zzg__1__2.A_3.A__2.C_receptor_symm.pdb
  Total chains in output: 5
  -> ok

Processing 7zzt__1__1.A__1.D_1.J (proper chain: 1.J)
  Downloading https://files.rcsb.org/download/7zzt.cif
  Ligand written: /home/rquiroga/github/runs-n-poses/runs-n-poses-datasets/symmetry_corrected/7zzt__1__1.A__1.D_1.J/7zzt__1__1.A__1.D_1.J_ligand.pdb
  No symmetry contacts found — writing non-symm receptor only
  -> no_symmetry_contacts

Processing 7zzu__1__1.A__1.M_1.P (proper chain: 1.P)
  Downloading https://files.rcsb.org/download/7zzu.cif
  Ligand written: /home/rquiroga/github/runs-n-poses/runs-n-poses-datasets/symmetry_corrected/7zzu__1__1.A__1.M_1.P/7zzu__1__1.A__1.M_1.P_ligand.pdb
  No symmetry contacts found — writing non-symm receptor only
  -> no_symmetry_contacts

Processing 7zzw__1__1.A__1.E_1.M (proper chain: 1.M)
  Downloading https://files.rcsb.org/download/7zzw.cif
  Ligand written: /home/rquiroga/github/runs-n-poses/runs-n-poses-datasets/symmetry_corrected/7zzw__1__1.A__1.E_1.M/7zzw__1__1.A__1.E_1.M_ligand.pdb
  No symmetry contacts found — writing non-symm receptor only
  -> no_symmetry_contacts

Processing 7zzw__1__1.A__1.I_1.L (proper chain: 1.L)
  Ligand written: /home/rquiroga/github/runs-n-poses/runs-n-poses-datasets/symmetry_corrected/7zzw__1__1.A__1.I_1.L/7zzw__1__1.A__1.I_1.L_ligand.pdb
  No symmetry contacts found — writing non-symm receptor only
  -> no_symmetry_contacts

Processing 8a0b__1__1.A__1.D_1.H (proper chain: 1.H)
  Downloading https://files.rcsb.org/download/8a0b.cif
  Ligand written: /home/rquiroga/github/runs-n-poses/runs-n-poses-datasets/symmetry_corrected/8a0b__1__1.A__1.D_1.H/8a0b__1__1.A__1.D_1.H_ligand.pdb
  No symmetry contacts found — writing non-symm receptor only
  -> no_symmetry_contacts

Processing 8a0t__1__1.A__1.C (proper chain: 1.C)
  Downloading https://files.rcsb.org/download/8a0t.cif
  Ligand written: /home/rquiroga/github/runs-n-poses/runs-n-poses-datasets/symmetry_corrected/8a0t__1__1.A__1.C/8a0t__1__1.A__1.C_ligand.pdb
  No symmetry contacts found — writing non-symm receptor only
  -> no_symmetry_contacts

Processing 8a12__1__1.A__1.D_1.G (proper chain: 1.D)
  Downloading https://files.rcsb.org/download/8a12.cif
  Ligand written: /home/rquiroga/github/runs-n-poses/runs-n-poses-datasets/symmetry_corrected/8a12__1__1.A__1.D_1.G/8a12__1__1.A__1.D_1.G_ligand.pdb
  No symmetry contacts found — writing non-symm receptor only
  -> no_symmetry_contacts

Processing 8a2p__1__1.A__1.B (proper chain: 1.B)
  Downloading https://files.rcsb.org/download/8a2p.cif
  Ligand written: /home/rquiroga/github/runs-n-poses/runs-n-poses-datasets/symmetry_corrected/8a2p__1__1.A__1.B/8a2p__1__1.A__1.B_ligand.pdb
  No symmetry contacts found — writing non-symm receptor only
  -> no_symmetry_contacts

Processing 8a34__1__1.A__1.C_1.D (proper chain: 1.C)
  Downloading https://files.rcsb.org/download/8a34.cif
  Ligand written: /home/rquiroga/github/runs-n-poses/runs-n-poses-datasets/symmetry_corrected/8a34__1__1.A__1.C_1.D/8a34__1__1.A__1.C_1.D_ligand.pdb
  No symmetry contacts found — writing non-symm receptor only
  -> no_symmetry_contacts

Processing 8a3a__1__1.A__1.B (proper chain: 1.B)
  Downloading https://files.rcsb.org/download/8a3a.cif
  Ligand written: /home/rquiroga/github/runs-n-poses/runs-n-poses-datasets/symmetry_corrected/8a3a__1__1.A__1.B/8a3a__1__1.A__1.B_ligand.pdb
  No symmetry contacts found — writing non-symm receptor only
  -> no_symmetry_contacts

Processing 8a4a__1__1.B__1.C_1.D (proper chain: 1.C)
  Downloading https://files.rcsb.org/download/8a4a.cif
  Ligand written: /home/rquiroga/github/runs-n-poses/runs-n-poses-datasets/symmetry_corrected/8a4a__1__1.B__1.C_1.D/8a4a__1__1.B__1.C_1.D_ligand.pdb
  No symmetry contacts found — writing non-symm receptor only
  -> no_symmetry_contacts

Processing 8a4q__1__1.A_2.A__1.B (proper chain: 1.B)
  Downloading https://files.rcsb.org/download/8a4q.cif
  Ligand written: /home/rquiroga/github/runs-n-poses/runs-n-poses-datasets/symmetry_corrected/8a4q__1__1.A_2.A__1.B/8a4q__1__1.A_2.A__1.B_ligand.pdb
  Found 2 symmetry operations with contacts
  Receptor (symm) written: /home/rquiroga/github/runs-n-poses/runs-n-poses-datasets/symmetry_corrected/8a4q__1__1.A_2.A__1.B/8a4q__1__1.A_2.A__1.B_receptor_symm.pdb
  Total chains in output: 7
  -> ok

Processing 8a4u__1__1.A__1.E_1.J (proper chain: 1.E)
  Downloading https://files.rcsb.org/download/8a4u.cif
  Ligand written: /home/rquiroga/github/runs-n-poses/runs-n-poses-datasets/symmetry_corrected/8a4u__1__1.A__1.E_1.J/8a4u__1__1.A__1.E_1.J_ligand.pdb
  No symmetry contacts found — writing non-symm receptor only
  -> no_symmetry_contacts

Processing 8a56__1__1.A_1.B__1.I (proper chain: 1.I)
  Downloading https://files.rcsb.org/download/8a56.cif
  Ligand written: /home/rquiroga/github/runs-n-poses/runs-n-poses-datasets/symmetry_corrected/8a56__1__1.A_1.B__1.I/8a56__1__1.A_1.B__1.I_ligand.pdb
  No symmetry contacts found — writing non-symm receptor only
  -> no_symmetry_contacts

Processing 8a66__1__1.A__1.C (proper chain: 1.C)
  Downloading https://files.rcsb.org/download/8a66.cif
  Ligand written: /home/rquiroga/github/runs-n-poses/runs-n-poses-datasets/symmetry_corrected/8a66__1__1.A__1.C/8a66__1__1.A__1.C_ligand.pdb
  No symmetry contacts found — writing non-symm receptor only
  -> no_symmetry_contacts

Processing 8a70__1__1.A_1.B__1.D_1.E_1.F_1.G (proper chain: 1.G)
  Downloading https://files.rcsb.org/download/8a70.cif
  Ligand written: /home/rquiroga/github/runs-n-poses/runs-n-poses-datasets/symmetry_corrected/8a70__1__1.A_1.B__1.D_1.E_1.F_1.G/8a70__1__1.A_1.B__1.D_1.E_1.F_1.G_ligand.pdb
  No symmetry contacts found — writing non-symm receptor only
  -> no_symmetry_contacts

Processing 8a7a__1__1.A_1.B__1.C_1.E_1.F_1.G (proper chain: 1.G)
  Downloading https://files.rcsb.org/download/8a7a.cif
  Ligand written: /home/rquiroga/github/runs-n-poses/runs-n-poses-datasets/symmetry_corrected/8a7a__1__1.A_1.B__1.C_1.E_1.F_1.G/8a7a__1__1.A_1.B__1.C_1.E_1.F_1.G_ligand.pdb
  No symmetry contacts found — writing non-symm receptor only
  -> no_symmetry_contacts

Processing 8a7i__1__1.A__1.C (proper chain: 1.C)
  Downloading https://files.rcsb.org/download/8a7i.cif
  Ligand written: /home/rquiroga/github/runs-n-poses/runs-n-poses-datasets/symmetry_corrected/8a7i__1__1.A__1.C/8a7i__1__1.A__1.C_ligand.pdb
  No symmetry contacts found — writing non-symm receptor only
  -> no_symmetry_contacts

Processing 8a8t__1__2.A__2.B_2.C (proper chain: 2.B)
  Downloading https://files.rcsb.org/download/8a8t.cif
  Ligand written: /home/rquiroga/github/runs-n-poses/runs-n-poses-datasets/symmetry_corrected/8a8t__1__2.A__2.B_2.C/8a8t__1__2.A__2.B_2.C_ligand.pdb
  No symmetry contacts found — writing non-symm receptor only
  -> no_symmetry_contacts

Processing 8a9i__1__1.A__1.B (proper chain: 1.B)
  Downloading https://files.rcsb.org/download/8a9i.cif
  Ligand written: /home/rquiroga/github/runs-n-poses/runs-n-poses-datasets/symmetry_corrected/8a9i__1__1.A__1.B/8a9i__1__1.A__1.B_ligand.pdb
  No symmetry contacts found — writing non-symm receptor only
  -> no_symmetry_contacts

Processing 8a9v__1__2.A_3.A__3.C (proper chain: 3.C)
  Downloading https://files.rcsb.org/download/8a9v.cif
  Ligand written: /home/rquiroga/github/runs-n-poses/runs-n-poses-datasets/symmetry_corrected/8a9v__1__2.A_3.A__3.C/8a9v__1__2.A_3.A__3.C_ligand.pdb
  Found 1 symmetry operations with contacts
  Receptor (symm) written: /home/rquiroga/github/runs-n-poses/runs-n-poses-datasets/symmetry_corrected/8a9v__1__2.A_3.A__3.C/8a9v__1__2.A_3.A__3.C_receptor_symm.pdb
  Total chains in output: 5
  -> ok

Processing 8ab3__1__1.A_1.B_1.C_1.D__1.L (proper chain: 1.L)
  Downloading https://files.rcsb.org/download/8ab3.cif
  Ligand written: /home/rquiroga/github/runs-n-poses/runs-n-poses-datasets/symmetry_corrected/8ab3__1__1.A_1.B_1.C_1.D__1.L/8ab3__1__1.A_1.B_1.C_1.D__1.L_ligand.pdb
  No symmetry contacts found — writing non-symm receptor only
  -> no_symmetry_contacts

Processing 8abu__1__1.A__1.D (proper chain: 1.D)
  Downloading https://files.rcsb.org/download/8abu.cif
  Ligand written: /home/rquiroga/github/runs-n-poses/runs-n-poses-datasets/symmetry_corrected/8abu__1__1.A__1.D/8abu__1__1.A__1.D_ligand.pdb
  No symmetry contacts found — writing non-symm receptor only
  -> no_symmetry_contacts

Processing 8acm__1__1.A__1.E (proper chain: 1.E)
  Downloading https://files.rcsb.org/download/8acm.cif
  Ligand written: /home/rquiroga/github/runs-n-poses/runs-n-poses-datasets/symmetry_corrected/8acm__1__1.A__1.E/8acm__1__1.A__1.E_ligand.pdb
  No symmetry contacts found — writing non-symm receptor only
  -> no_symmetry_contacts

Processing 8ad7__1__1.A__1.J (proper chain: 1.J)
  Downloading https://files.rcsb.org/download/8ad7.cif
  Ligand written: /home/rquiroga/github/runs-n-poses/runs-n-poses-datasets/symmetry_corrected/8ad7__1__1.A__1.J/8ad7__1__1.A__1.J_ligand.pdb
  No symmetry contacts found — writing non-symm receptor only
  -> no_symmetry_contacts

Processing 8adf__1__1.B__1.D (proper chain: 1.D)
  Downloading https://files.rcsb.org/download/8adf.cif
  Ligand written: /home/rquiroga/github/runs-n-poses/runs-n-poses-datasets/symmetry_corrected/8adf__1__1.B__1.D/8adf__1__1.B__1.D_ligand.pdb
  No symmetry contacts found — writing non-symm receptor only
  -> no_symmetry_contacts

Processing 8adj__1__1.A__1.D (proper chain: 1.D)
  Downloading https://files.rcsb.org/download/8adj.cif
  Ligand written: /home/rquiroga/github/runs-n-poses/runs-n-poses-datasets/symmetry_corrected/8adj__1__1.A__1.D/8adj__1__1.A__1.D_ligand.pdb
  No symmetry contacts found — writing non-symm receptor only
  -> no_symmetry_contacts

Processing 8aev__1__1.A__1.G (proper chain: 1.G)
  Downloading https://files.rcsb.org/download/8aev.cif
  Ligand written: /home/rquiroga/github/runs-n-poses/runs-n-poses-datasets/symmetry_corrected/8aev__1__1.A__1.G/8aev__1__1.A__1.G_ligand.pdb
  No symmetry contacts found — writing non-symm receptor only
  -> no_symmetry_contacts

Processing 8ai1__1__1.B__1.M_1.O (proper chain: 1.O)
  Downloading https://files.rcsb.org/download/8ai1.cif
  Ligand written: /home/rquiroga/github/runs-n-poses/runs-n-poses-datasets/symmetry_corrected/8ai1__1__1.B__1.M_1.O/8ai1__1__1.B__1.M_1.O_ligand.pdb
  No symmetry contacts found — writing non-symm receptor only
  -> no_symmetry_contacts

Processing 8ai3__1__1.A__1.C_1.E (proper chain: 1.E)
  Downloading https://files.rcsb.org/download/8ai3.cif
  Ligand written: /home/rquiroga/github/runs-n-poses/runs-n-poses-datasets/symmetry_corrected/8ai3__1__1.A__1.C_1.E/8ai3__1__1.A__1.C_1.E_ligand.pdb
  No symmetry contacts found — writing non-symm receptor only
  -> no_symmetry_contacts

Processing 8ai7__1__1.A__1.Q (proper chain: 1.Q)
  Downloading https://files.rcsb.org/download/8ai7.cif
  Ligand written: /home/rquiroga/github/runs-n-poses/runs-n-poses-datasets/symmetry_corrected/8ai7__1__1.A__1.Q/8ai7__1__1.A__1.Q_ligand.pdb
  No symmetry contacts found — writing non-symm receptor only
  -> no_symmetry_contacts

Processing 8aij__1__1.C_1.D__1.O_1.P_1.Q (proper chain: 1.Q)
  Downloading https://files.rcsb.org/download/8aij.cif
  Ligand written: /home/rquiroga/github/runs-n-poses/runs-n-poses-datasets/symmetry_corrected/8aij__1__1.C_1.D__1.O_1.P_1.Q/8aij__1__1.C_1.D__1.O_1.P_1.Q_ligand.pdb
  No symmetry contacts found — writing non-symm receptor only
  -> no_symmetry_contacts

Processing 8ajk__1__1.A_1.B__1.D_1.E (proper chain: 1.D)
  Downloading https://files.rcsb.org/download/8ajk.cif
  Ligand written: /home/rquiroga/github/runs-n-poses/runs-n-poses-datasets/symmetry_corrected/8ajk__1__1.A_1.B__1.D_1.E/8ajk__1__1.A_1.B__1.D_1.E_ligand.pdb
  No symmetry contacts found — writing non-symm receptor only
  -> no_symmetry_contacts

Processing 8ajv__1__1.B_1.C__1.N_1.S (proper chain: 1.N)
  Downloading https://files.rcsb.org/download/8ajv.cif
  Ligand written: /home/rquiroga/github/runs-n-poses/runs-n-poses-datasets/symmetry_corrected/8ajv__1__1.B_1.C__1.N_1.S/8ajv__1__1.B_1.C__1.N_1.S_ligand.pdb
  No symmetry contacts found — writing non-symm receptor only
  -> no_symmetry_contacts

Processing 8ak3__1__1.A__1.B_1.C (proper chain: 1.B)
  Downloading https://files.rcsb.org/download/8ak3.cif
  Ligand written: /home/rquiroga/github/runs-n-poses/runs-n-poses-datasets/symmetry_corrected/8ak3__1__1.A__1.B_1.C/8ak3__1__1.A__1.B_1.C_ligand.pdb
  No symmetry contacts found — writing non-symm receptor only
  -> no_symmetry_contacts

Processing 8ak6__1__1.A__1.E_1.F_1.H (proper chain: 1.E)
  Downloading https://files.rcsb.org/download/8ak6.cif
  Ligand written: /home/rquiroga/github/runs-n-poses/runs-n-poses-datasets/symmetry_corrected/8ak6__1__1.A__1.E_1.F_1.H/8ak6__1__1.A__1.E_1.F_1.H_ligand.pdb
  No symmetry contacts found — writing non-symm receptor only
  -> no_symmetry_contacts

Processing 8akg__1__1.A__1.F_1.O (proper chain: 1.O)
  Downloading https://files.rcsb.org/download/8akg.cif
  Ligand written: /home/rquiroga/github/runs-n-poses/runs-n-poses-datasets/symmetry_corrected/8akg__1__1.A__1.F_1.O/8akg__1__1.A__1.F_1.O_ligand.pdb
  No symmetry contacts found — writing non-symm receptor only
  -> no_symmetry_contacts

Processing 8am2__1__1.A__1.D (proper chain: 1.D)
  Downloading https://files.rcsb.org/download/8am2.cif
  Ligand written: /home/rquiroga/github/runs-n-poses/runs-n-poses-datasets/symmetry_corrected/8am2__1__1.A__1.D/8am2__1__1.A__1.D_ligand.pdb
  No symmetry contacts found — writing non-symm receptor only
  -> no_symmetry_contacts

Processing 8aop__1__1.A__1.E (proper chain: 1.E)
  Downloading https://files.rcsb.org/download/8aop.cif
  Ligand written: /home/rquiroga/github/runs-n-poses/runs-n-poses-datasets/symmetry_corrected/8aop__1__1.A__1.E/8aop__1__1.A__1.E_ligand.pdb
  No symmetry contacts found — writing non-symm receptor only
  -> no_symmetry_contacts

Processing 8aoz__1__2.A__2.B_2.C_2.D (proper chain: 2.C)
  Downloading https://files.rcsb.org/download/8aoz.cif
  Ligand written: /home/rquiroga/github/runs-n-poses/runs-n-poses-datasets/symmetry_corrected/8aoz__1__2.A__2.B_2.C_2.D/8aoz__1__2.A__2.B_2.C_2.D_ligand.pdb
  No symmetry contacts found — writing non-symm receptor only
  -> no_symmetry_contacts

Processing 8apt__1__1.A_2.A__1.B (proper chain: 1.B)
  Downloading https://files.rcsb.org/download/8apt.cif
  Ligand written: /home/rquiroga/github/runs-n-poses/runs-n-poses-datasets/symmetry_corrected/8apt__1__1.A_2.A__1.B/8apt__1__1.A_2.A__1.B_ligand.pdb
  Found 1 symmetry operations with contacts
  Receptor (symm) written: /home/rquiroga/github/runs-n-poses/runs-n-poses-datasets/symmetry_corrected/8apt__1__1.A_2.A__1.B/8apt__1__1.A_2.A__1.B_receptor_symm.pdb
  Total chains in output: 5
  -> ok

Processing 8apu__1__1.A_2.A__1.B (proper chain: 1.B)
  Downloading https://files.rcsb.org/download/8apu.cif
  Ligand written: /home/rquiroga/github/runs-n-poses/runs-n-poses-datasets/symmetry_corrected/8apu__1__1.A_2.A__1.B/8apu__1__1.A_2.A__1.B_ligand.pdb
  Found 1 symmetry operations with contacts
  Receptor (symm) written: /home/rquiroga/github/runs-n-poses/runs-n-poses-datasets/symmetry_corrected/8apu__1__1.A_2.A__1.B/8apu__1__1.A_2.A__1.B_receptor_symm.pdb
  Total chains in output: 5
  -> ok

Processing 8apw__1__1.A_2.A__2.C (proper chain: 2.C)
  Downloading https://files.rcsb.org/download/8apw.cif
  Ligand written: /home/rquiroga/github/runs-n-poses/runs-n-poses-datasets/symmetry_corrected/8apw__1__1.A_2.A__2.C/8apw__1__1.A_2.A__2.C_ligand.pdb
  Found 1 symmetry operations with contacts
  Receptor (symm) written: /home/rquiroga/github/runs-n-poses/runs-n-poses-datasets/symmetry_corrected/8apw__1__1.A_2.A__2.C/8apw__1__1.A_2.A__2.C_receptor_symm.pdb
  Total chains in output: 5
  -> ok

Processing 8aqf__1__1.A__1.B (proper chain: 1.B)
  Downloading https://files.rcsb.org/download/8aqf.cif
  Ligand written: /home/rquiroga/github/runs-n-poses/runs-n-poses-datasets/symmetry_corrected/8aqf__1__1.A__1.B/8aqf__1__1.A__1.B_ligand.pdb
  No symmetry contacts found — writing non-symm receptor only
  -> no_symmetry_contacts

Processing 8aqj__1__1.A_3.A__3.B (proper chain: 3.B)
  Downloading https://files.rcsb.org/download/8aqj.cif
  Ligand written: /home/rquiroga/github/runs-n-poses/runs-n-poses-datasets/symmetry_corrected/8aqj__1__1.A_3.A__3.B/8aqj__1__1.A_3.A__3.B_ligand.pdb
  Found 1 symmetry operations with contacts
  Receptor (symm) written: /home/rquiroga/github/runs-n-poses/runs-n-poses-datasets/symmetry_corrected/8aqj__1__1.A_3.A__3.B/8aqj__1__1.A_3.A__3.B_receptor_symm.pdb
  Total chains in output: 5
  -> ok

Processing 8arj__1__1.A__1.B (proper chain: 1.B)
  Downloading https://files.rcsb.org/download/8arj.cif
  Ligand written: /home/rquiroga/github/runs-n-poses/runs-n-poses-datasets/symmetry_corrected/8arj__1__1.A__1.B/8arj__1__1.A__1.B_ligand.pdb
  No symmetry contacts found — writing non-symm receptor only
  -> no_symmetry_contacts

Processing 8ase__1__1.B__1.F_1.G (proper chain: 1.F)
  Downloading https://files.rcsb.org/download/8ase.cif
  Ligand written: /home/rquiroga/github/runs-n-poses/runs-n-poses-datasets/symmetry_corrected/8ase__1__1.B__1.F_1.G/8ase__1__1.B__1.F_1.G_ligand.pdb
  No symmetry contacts found — writing non-symm receptor only
  -> no_symmetry_contacts

Processing 8asf__1__1.B__1.E (proper chain: 1.E)
  Downloading https://files.rcsb.org/download/8asf.cif
  Ligand written: /home/rquiroga/github/runs-n-poses/runs-n-poses-datasets/symmetry_corrected/8asf__1__1.B__1.E/8asf__1__1.B__1.E_ligand.pdb
  No symmetry contacts found — writing non-symm receptor only
  -> no_symmetry_contacts

Processing 8atb__1__1.A__1.C (proper chain: 1.C)
  Downloading https://files.rcsb.org/download/8atb.cif
  Ligand written: /home/rquiroga/github/runs-n-poses/runs-n-poses-datasets/symmetry_corrected/8atb__1__1.A__1.C/8atb__1__1.A__1.C_ligand.pdb
  No symmetry contacts found — writing non-symm receptor only
  -> no_symmetry_contacts

Processing 8atl__1__1.A__1.C (proper chain: 1.C)
  Downloading https://files.rcsb.org/download/8atl.cif
  Ligand written: /home/rquiroga/github/runs-n-poses/runs-n-poses-datasets/symmetry_corrected/8atl__1__1.A__1.C/8atl__1__1.A__1.C_ligand.pdb
  No symmetry contacts found — writing non-symm receptor only
  -> no_symmetry_contacts

Processing 8av1__1__1.B__1.J_1.M (proper chain: 1.M)
  Downloading https://files.rcsb.org/download/8av1.cif
  Ligand written: /home/rquiroga/github/runs-n-poses/runs-n-poses-datasets/symmetry_corrected/8av1__1__1.B__1.J_1.M/8av1__1__1.B__1.J_1.M_ligand.pdb
  No symmetry contacts found — writing non-symm receptor only
  -> no_symmetry_contacts

Processing 8avq__1__1.A__1.H_1.O_1.R (proper chain: 1.H)
  Downloading https://files.rcsb.org/download/8avq.cif
  Ligand written: /home/rquiroga/github/runs-n-poses/runs-n-poses-datasets/symmetry_corrected/8avq__1__1.A__1.H_1.O_1.R/8avq__1__1.A__1.H_1.O_1.R_ligand.pdb
  No symmetry contacts found — writing non-symm receptor only
  -> no_symmetry_contacts

Processing 8aw1__1__1.A__1.C (proper chain: 1.C)
  Downloading https://files.rcsb.org/download/8aw1.cif
  Ligand written: /home/rquiroga/github/runs-n-poses/runs-n-poses-datasets/symmetry_corrected/8aw1__1__1.A__1.C/8aw1__1__1.A__1.C_ligand.pdb
  No symmetry contacts found — writing non-symm receptor only
  -> no_symmetry_contacts

Processing 8aw7__1__1.A__1.B_1.C (proper chain: 1.C)
  Downloading https://files.rcsb.org/download/8aw7.cif
  Ligand written: /home/rquiroga/github/runs-n-poses/runs-n-poses-datasets/symmetry_corrected/8aw7__1__1.A__1.B_1.C/8aw7__1__1.A__1.B_1.C_ligand.pdb
  No symmetry contacts found — writing non-symm receptor only
  -> no_symmetry_contacts

Processing 8ax0__1__1.B__1.H (proper chain: 1.H)
  Downloading https://files.rcsb.org/download/8ax0.cif
  Ligand written: /home/rquiroga/github/runs-n-poses/runs-n-poses-datasets/symmetry_corrected/8ax0__1__1.B__1.H/8ax0__1__1.B__1.H_ligand.pdb
  No symmetry contacts found — writing non-symm receptor only
  -> no_symmetry_contacts

Processing 8axp__1__1.A__1.C (proper chain: 1.C)
  Downloading https://files.rcsb.org/download/8axp.cif
  Ligand written: /home/rquiroga/github/runs-n-poses/runs-n-poses-datasets/symmetry_corrected/8axp__1__1.A__1.C/8axp__1__1.A__1.C_ligand.pdb
  No symmetry contacts found — writing non-symm receptor only
  -> no_symmetry_contacts

Processing 8ay6__1__1.A_1.B__1.C (proper chain: 1.C)
  Downloading https://files.rcsb.org/download/8ay6.cif
  Ligand written: /home/rquiroga/github/runs-n-poses/runs-n-poses-datasets/symmetry_corrected/8ay6__1__1.A_1.B__1.C/8ay6__1__1.A_1.B__1.C_ligand.pdb
  No symmetry contacts found — writing non-symm receptor only
  -> no_symmetry_contacts

Processing 8ay8__1__1.A_1.B__1.D (proper chain: 1.D)
  Downloading https://files.rcsb.org/download/8ay8.cif
  Ligand written: /home/rquiroga/github/runs-n-poses/runs-n-poses-datasets/symmetry_corrected/8ay8__1__1.A_1.B__1.D/8ay8__1__1.A_1.B__1.D_ligand.pdb
  No symmetry contacts found — writing non-symm receptor only
  -> no_symmetry_contacts

Processing 8aya__1__1.A_1.B__1.C (proper chain: 1.C)
  Downloading https://files.rcsb.org/download/8aya.cif
  Ligand written: /home/rquiroga/github/runs-n-poses/runs-n-poses-datasets/symmetry_corrected/8aya__1__1.A_1.B__1.C/8aya__1__1.A_1.B__1.C_ligand.pdb
  No symmetry contacts found — writing non-symm receptor only
  -> no_symmetry_contacts

Processing 8azd__1__1.A__1.C (proper chain: 1.C)
  Downloading https://files.rcsb.org/download/8azd.cif
  Ligand written: /home/rquiroga/github/runs-n-poses/runs-n-poses-datasets/symmetry_corrected/8azd__1__1.A__1.C/8azd__1__1.A__1.C_ligand.pdb
  No symmetry contacts found — writing non-symm receptor only
  -> no_symmetry_contacts

Processing 8azi__1__1.A__1.C (proper chain: 1.C)
  Downloading https://files.rcsb.org/download/8azi.cif
  Ligand written: /home/rquiroga/github/runs-n-poses/runs-n-poses-datasets/symmetry_corrected/8azi__1__1.A__1.C/8azi__1__1.A__1.C_ligand.pdb
  No symmetry contacts found — writing non-symm receptor only
  -> no_symmetry_contacts

Processing 8azl__1__1.A__1.C (proper chain: 1.C)
  Downloading https://files.rcsb.org/download/8azl.cif
  Ligand written: /home/rquiroga/github/runs-n-poses/runs-n-poses-datasets/symmetry_corrected/8azl__1__1.A__1.C/8azl__1__1.A__1.C_ligand.pdb
  No symmetry contacts found — writing non-symm receptor only
  -> no_symmetry_contacts

Processing 8azm__1__1.A__1.C (proper chain: 1.C)
  Downloading https://files.rcsb.org/download/8azm.cif
  Ligand written: /home/rquiroga/github/runs-n-poses/runs-n-poses-datasets/symmetry_corrected/8azm__1__1.A__1.C/8azm__1__1.A__1.C_ligand.pdb
  No symmetry contacts found — writing non-symm receptor only
  -> no_symmetry_contacts

Processing 8azo__1__1.A__1.C (proper chain: 1.C)
  Downloading https://files.rcsb.org/download/8azo.cif
  Ligand written: /home/rquiroga/github/runs-n-poses/runs-n-poses-datasets/symmetry_corrected/8azo__1__1.A__1.C/8azo__1__1.A__1.C_ligand.pdb
  No symmetry contacts found — writing non-symm receptor only
  -> no_symmetry_contacts

Processing 8azp__1__1.A__1.C (proper chain: 1.C)
  Downloading https://files.rcsb.org/download/8azp.cif
  Ligand written: /home/rquiroga/github/runs-n-poses/runs-n-poses-datasets/symmetry_corrected/8azp__1__1.A__1.C/8azp__1__1.A__1.C_ligand.pdb
  No symmetry contacts found — writing non-symm receptor only
  -> no_symmetry_contacts

Processing 8b08__1__1.B__1.E (proper chain: 1.E)
  Downloading https://files.rcsb.org/download/8b08.cif
  Ligand written: /home/rquiroga/github/runs-n-poses/runs-n-poses-datasets/symmetry_corrected/8b08__1__1.B__1.E/8b08__1__1.B__1.E_ligand.pdb
  No symmetry contacts found — writing non-symm receptor only
  -> no_symmetry_contacts

Processing 8b1n__1__1.A_1.B__1.C_1.Q (proper chain: 1.Q)
  Downloading https://files.rcsb.org/download/8b1n.cif
  Ligand written: /home/rquiroga/github/runs-n-poses/runs-n-poses-datasets/symmetry_corrected/8b1n__1__1.A_1.B__1.C_1.Q/8b1n__1__1.A_1.B__1.C_1.Q_ligand.pdb
  No symmetry contacts found — writing non-symm receptor only
  -> no_symmetry_contacts

Processing 8b1v__1__1.A_1.B__1.E (proper chain: 1.E)
  Downloading https://files.rcsb.org/download/8b1v.cif
  Ligand written: /home/rquiroga/github/runs-n-poses/runs-n-poses-datasets/symmetry_corrected/8b1v__1__1.A_1.B__1.E/8b1v__1__1.A_1.B__1.E_ligand.pdb
  No symmetry contacts found — writing non-symm receptor only
  -> no_symmetry_contacts

Processing 8b25__1__1.A_1.B__1.J (proper chain: 1.J)
  Downloading https://files.rcsb.org/download/8b25.cif
  Ligand written: /home/rquiroga/github/runs-n-poses/runs-n-poses-datasets/symmetry_corrected/8b25__1__1.A_1.B__1.J/8b25__1__1.A_1.B__1.J_ligand.pdb
  No symmetry contacts found — writing non-symm receptor only
  -> no_symmetry_contacts

Processing 8b35__1__1.A_1.B__1.E (proper chain: 1.E)
  Downloading https://files.rcsb.org/download/8b35.cif
  Ligand written: /home/rquiroga/github/runs-n-poses/runs-n-poses-datasets/symmetry_corrected/8b35__1__1.A_1.B__1.E/8b35__1__1.A_1.B__1.E_ligand.pdb
  No symmetry contacts found — writing non-symm receptor only
  -> no_symmetry_contacts

Processing 8b5s__1__1.B__1.D (proper chain: 1.D)
  Downloading https://files.rcsb.org/download/8b5s.cif
  Ligand written: /home/rquiroga/github/runs-n-poses/runs-n-poses-datasets/symmetry_corrected/8b5s__1__1.B__1.D/8b5s__1__1.B__1.D_ligand.pdb
  No symmetry contacts found — writing non-symm receptor only
  -> no_symmetry_contacts

Processing 8b62__1__1.A__1.C (proper chain: 1.C)
  Downloading https://files.rcsb.org/download/8b62.cif
  Ligand written: /home/rquiroga/github/runs-n-poses/runs-n-poses-datasets/symmetry_corrected/8b62__1__1.A__1.C/8b62__1__1.A__1.C_ligand.pdb
  No symmetry contacts found — writing non-symm receptor only
  -> no_symmetry_contacts

Processing 8b6m__1__1.A_1.B__1.E (proper chain: 1.E)
  Downloading https://files.rcsb.org/download/8b6m.cif
  Ligand written: /home/rquiroga/github/runs-n-poses/runs-n-poses-datasets/symmetry_corrected/8b6m__1__1.A_1.B__1.E/8b6m__1__1.A_1.B__1.E_ligand.pdb
  No symmetry contacts found — writing non-symm receptor only
  -> no_symmetry_contacts

Processing 8b72__1__1.A_1.B__1.F_1.G (proper chain: 1.F)
  Downloading https://files.rcsb.org/download/8b72.cif
  Ligand written: /home/rquiroga/github/runs-n-poses/runs-n-poses-datasets/symmetry_corrected/8b72__1__1.A_1.B__1.F_1.G/8b72__1__1.A_1.B__1.F_1.G_ligand.pdb
  No symmetry contacts found — writing non-symm receptor only
  -> no_symmetry_contacts

Processing 8b75__1__1.A__1.B (proper chain: 1.B)
  Downloading https://files.rcsb.org/download/8b75.cif
  Ligand written: /home/rquiroga/github/runs-n-poses/runs-n-poses-datasets/symmetry_corrected/8b75__1__1.A__1.B/8b75__1__1.A__1.B_ligand.pdb
  No symmetry contacts found — writing non-symm receptor only
  -> no_symmetry_contacts

Processing 8b80__1__1.A__1.F_1.G (proper chain: 1.F)
  Downloading https://files.rcsb.org/download/8b80.cif
  Ligand written: /home/rquiroga/github/runs-n-poses/runs-n-poses-datasets/symmetry_corrected/8b80__1__1.A__1.F_1.G/8b80__1__1.A__1.F_1.G_ligand.pdb
  No symmetry contacts found — writing non-symm receptor only
  -> no_symmetry_contacts

Processing 8b8h__1__1.A_1.B__1.H_1.K (proper chain: 1.H)
  Downloading https://files.rcsb.org/download/8b8h.cif
  Ligand written: /home/rquiroga/github/runs-n-poses/runs-n-poses-datasets/symmetry_corrected/8b8h__1__1.A_1.B__1.H_1.K/8b8h__1__1.A_1.B__1.H_1.K_ligand.pdb
  No symmetry contacts found — writing non-symm receptor only
  -> no_symmetry_contacts

Processing 8b8x__1__1.A_1.C__1.E (proper chain: 1.E)
  Downloading https://files.rcsb.org/download/8b8x.cif
  Ligand written: /home/rquiroga/github/runs-n-poses/runs-n-poses-datasets/symmetry_corrected/8b8x__1__1.A_1.C__1.E/8b8x__1__1.A_1.C__1.E_ligand.pdb
  No symmetry contacts found — writing non-symm receptor only
  -> no_symmetry_contacts

Processing 8b8z__1__1.A__1.E (proper chain: 1.E)
  Downloading https://files.rcsb.org/download/8b8z.cif
  Ligand written: /home/rquiroga/github/runs-n-poses/runs-n-poses-datasets/symmetry_corrected/8b8z__1__1.A__1.E/8b8z__1__1.A__1.E_ligand.pdb
  No symmetry contacts found — writing non-symm receptor only
  -> no_symmetry_contacts

Processing 8b91__1__1.A__1.E (proper chain: 1.E)
  Downloading https://files.rcsb.org/download/8b91.cif
  Ligand written: /home/rquiroga/github/runs-n-poses/runs-n-poses-datasets/symmetry_corrected/8b91__1__1.A__1.E/8b91__1__1.A__1.E_ligand.pdb
  No symmetry contacts found — writing non-symm receptor only
  -> no_symmetry_contacts

Processing 8b9h__1__1.A__1.B (proper chain: 1.B)
  Downloading https://files.rcsb.org/download/8b9h.cif
  Ligand written: /home/rquiroga/github/runs-n-poses/runs-n-poses-datasets/symmetry_corrected/8b9h__1__1.A__1.B/8b9h__1__1.A__1.B_ligand.pdb
  No symmetry contacts found — writing non-symm receptor only
  -> no_symmetry_contacts

Processing 8b9u__1__1.A_1.B__1.C_1.H (proper chain: 1.C)
  Downloading https://files.rcsb.org/download/8b9u.cif
  Ligand written: /home/rquiroga/github/runs-n-poses/runs-n-poses-datasets/symmetry_corrected/8b9u__1__1.A_1.B__1.C_1.H/8b9u__1__1.A_1.B__1.C_1.H_ligand.pdb
  No symmetry contacts found — writing non-symm receptor only
  -> no_symmetry_contacts

Processing 8bab__1__1.A__1.H_1.I (proper chain: 1.I)
  Downloading https://files.rcsb.org/download/8bab.cif
  Ligand written: /home/rquiroga/github/runs-n-poses/runs-n-poses-datasets/symmetry_corrected/8bab__1__1.A__1.H_1.I/8bab__1__1.A__1.H_1.I_ligand.pdb
  No symmetry contacts found — writing non-symm receptor only
  -> no_symmetry_contacts

Processing 8baj__1__1.A__1.B (proper chain: 1.B)
  Downloading https://files.rcsb.org/download/8baj.cif
  Ligand written: /home/rquiroga/github/runs-n-poses/runs-n-poses-datasets/symmetry_corrected/8baj__1__1.A__1.B/8baj__1__1.A__1.B_ligand.pdb
  No symmetry contacts found — writing non-symm receptor only
  -> no_symmetry_contacts

Processing 8bcy__1__1.A__1.C (proper chain: 1.C)
  Downloading https://files.rcsb.org/download/8bcy.cif
  Ligand written: /home/rquiroga/github/runs-n-poses/runs-n-poses-datasets/symmetry_corrected/8bcy__1__1.A__1.C/8bcy__1__1.A__1.C_ligand.pdb
  No symmetry contacts found — writing non-symm receptor only
  -> no_symmetry_contacts

Processing 8bdm__1__1.C__1.M (proper chain: 1.M)
  Downloading https://files.rcsb.org/download/8bdm.cif
  Ligand written: /home/rquiroga/github/runs-n-poses/runs-n-poses-datasets/symmetry_corrected/8bdm__1__1.C__1.M/8bdm__1__1.C__1.M_ligand.pdb
  No symmetry contacts found — writing non-symm receptor only
  -> no_symmetry_contacts

Processing 8bgc__1__1.A__1.F (proper chain: 1.F)
  Downloading https://files.rcsb.org/download/8bgc.cif
  Ligand written: /home/rquiroga/github/runs-n-poses/runs-n-poses-datasets/symmetry_corrected/8bgc__1__1.A__1.F/8bgc__1__1.A__1.F_ligand.pdb
  No symmetry contacts found — writing non-symm receptor only
  -> no_symmetry_contacts

Processing 8bgt__1__1.A_2.A__2.D (proper chain: 2.D)
  Downloading https://files.rcsb.org/download/8bgt.cif
  Ligand written: /home/rquiroga/github/runs-n-poses/runs-n-poses-datasets/symmetry_corrected/8bgt__1__1.A_2.A__2.D/8bgt__1__1.A_2.A__2.D_ligand.pdb
  Found 1 symmetry operations with contacts
  Receptor (symm) written: /home/rquiroga/github/runs-n-poses/runs-n-poses-datasets/symmetry_corrected/8bgt__1__1.A_2.A__2.D/8bgt__1__1.A_2.A__2.D_receptor_symm.pdb
  Total chains in output: 5
  -> ok

Processing 8bgz__1__1.A_1.B__1.F (proper chain: 1.F)
  Downloading https://files.rcsb.org/download/8bgz.cif
  Ligand written: /home/rquiroga/github/runs-n-poses/runs-n-poses-datasets/symmetry_corrected/8bgz__1__1.A_1.B__1.F/8bgz__1__1.A_1.B__1.F_ligand.pdb
  No symmetry contacts found — writing non-symm receptor only
  -> no_symmetry_contacts

Processing 8bh0__1__1.A_1.D__1.J (proper chain: 1.J)
  Downloading https://files.rcsb.org/download/8bh0.cif
  Ligand written: /home/rquiroga/github/runs-n-poses/runs-n-poses-datasets/symmetry_corrected/8bh0__1__1.A_1.D__1.J/8bh0__1__1.A_1.D__1.J_ligand.pdb
  No symmetry contacts found — writing non-symm receptor only
  -> no_symmetry_contacts

Processing 8bhg__1__1.B_1.C__1.K (proper chain: 1.K)
  Downloading https://files.rcsb.org/download/8bhg.cif
  Ligand written: /home/rquiroga/github/runs-n-poses/runs-n-poses-datasets/symmetry_corrected/8bhg__1__1.B_1.C__1.K/8bhg__1__1.B_1.C__1.K_ligand.pdb
  No symmetry contacts found — writing non-symm receptor only
  -> no_symmetry_contacts

Processing 8bi6__1__1.A__1.D (proper chain: 1.D)
  Downloading https://files.rcsb.org/download/8bi6.cif
  Ligand written: /home/rquiroga/github/runs-n-poses/runs-n-poses-datasets/symmetry_corrected/8bi6__1__1.A__1.D/8bi6__1__1.A__1.D_ligand.pdb
  No symmetry contacts found — writing non-symm receptor only
  -> no_symmetry_contacts

Processing 8bid__1__1.C_2.A__2.F_2.G (proper chain: 2.F)
  Downloading https://files.rcsb.org/download/8bid.cif
  Ligand written: /home/rquiroga/github/runs-n-poses/runs-n-poses-datasets/symmetry_corrected/8bid__1__1.C_2.A__2.F_2.G/8bid__1__1.C_2.A__2.F_2.G_ligand.pdb
  No symmetry contacts found — writing non-symm receptor only
  -> no_symmetry_contacts

Processing 8bih__1__1.A_1.L__1.N (proper chain: 1.N)
  Downloading https://files.rcsb.org/download/8bih.cif
  Ligand written: /home/rquiroga/github/runs-n-poses/runs-n-poses-datasets/symmetry_corrected/8bih__1__1.A_1.L__1.N/8bih__1__1.A_1.L__1.N_ligand.pdb
  No symmetry contacts found — writing non-symm receptor only
  -> no_symmetry_contacts

Processing 8biq__1__1.C__1.G (proper chain: 1.G)
  Downloading https://files.rcsb.org/download/8biq.cif
  Ligand written: /home/rquiroga/github/runs-n-poses/runs-n-poses-datasets/symmetry_corrected/8biq__1__1.C__1.G/8biq__1__1.C__1.G_ligand.pdb
  No symmetry contacts found — writing non-symm receptor only
  -> no_symmetry_contacts

Processing 8bir__1__1.A_1.B__1.D (proper chain: 1.D)
  Downloading https://files.rcsb.org/download/8bir.cif
  Ligand written: /home/rquiroga/github/runs-n-poses/runs-n-poses-datasets/symmetry_corrected/8bir__1__1.A_1.B__1.D/8bir__1__1.A_1.B__1.D_ligand.pdb
  No symmetry contacts found — writing non-symm receptor only
  -> no_symmetry_contacts

Processing 8bj3__1__1.A_1.B__1.C (proper chain: 1.C)
  Downloading https://files.rcsb.org/download/8bj3.cif
  Ligand written: /home/rquiroga/github/runs-n-poses/runs-n-poses-datasets/symmetry_corrected/8bj3__1__1.A_1.B__1.C/8bj3__1__1.A_1.B__1.C_ligand.pdb
  No symmetry contacts found — writing non-symm receptor only
  -> no_symmetry_contacts

Processing 8bj8__1__1.A__1.C_1.D (proper chain: 1.C)
  Downloading https://files.rcsb.org/download/8bj8.cif
  Ligand written: /home/rquiroga/github/runs-n-poses/runs-n-poses-datasets/symmetry_corrected/8bj8__1__1.A__1.C_1.D/8bj8__1__1.A__1.C_1.D_ligand.pdb
  No symmetry contacts found — writing non-symm receptor only
  -> no_symmetry_contacts

Processing 8bjd__1__1.A__1.B (proper chain: 1.B)
  Downloading https://files.rcsb.org/download/8bjd.cif
  Ligand written: /home/rquiroga/github/runs-n-poses/runs-n-poses-datasets/symmetry_corrected/8bjd__1__1.A__1.B/8bjd__1__1.A__1.B_ligand.pdb
  No symmetry contacts found — writing non-symm receptor only
  -> no_symmetry_contacts

Processing 8bji__1__1.A_1.B__1.C_1.D (proper chain: 1.C)
  Downloading https://files.rcsb.org/download/8bji.cif
  Ligand written: /home/rquiroga/github/runs-n-poses/runs-n-poses-datasets/symmetry_corrected/8bji__1__1.A_1.B__1.C_1.D/8bji__1__1.A_1.B__1.C_1.D_ligand.pdb
  No symmetry contacts found — writing non-symm receptor only
  -> no_symmetry_contacts

Processing 8bjt__1__1.A__1.C (proper chain: 1.C)
  Downloading https://files.rcsb.org/download/8bjt.cif
  Ligand written: /home/rquiroga/github/runs-n-poses/runs-n-poses-datasets/symmetry_corrected/8bjt__1__1.A__1.C/8bjt__1__1.A__1.C_ligand.pdb
  No symmetry contacts found — writing non-symm receptor only
  -> no_symmetry_contacts

Processing 8bju__1__1.A__1.B (proper chain: 1.B)
  Downloading https://files.rcsb.org/download/8bju.cif
  Ligand written: /home/rquiroga/github/runs-n-poses/runs-n-poses-datasets/symmetry_corrected/8bju__1__1.A__1.B/8bju__1__1.A__1.B_ligand.pdb
  No symmetry contacts found — writing non-symm receptor only
  -> no_symmetry_contacts

Processing 8bk0__1__1.A__1.H (proper chain: 1.H)
  Downloading https://files.rcsb.org/download/8bk0.cif
  Ligand written: /home/rquiroga/github/runs-n-poses/runs-n-poses-datasets/symmetry_corrected/8bk0__1__1.A__1.H/8bk0__1__1.A__1.H_ligand.pdb
  No symmetry contacts found — writing non-symm receptor only
  -> no_symmetry_contacts

Processing 8bkn__1__1.A__1.B_1.E (proper chain: 1.B)
  Downloading https://files.rcsb.org/download/8bkn.cif
  Ligand written: /home/rquiroga/github/runs-n-poses/runs-n-poses-datasets/symmetry_corrected/8bkn__1__1.A__1.B_1.E/8bkn__1__1.A__1.B_1.E_ligand.pdb
  No symmetry contacts found — writing non-symm receptor only
  -> no_symmetry_contacts

Processing 8blt__1__1.A_1.B__1.I (proper chain: 1.I)
  Downloading https://files.rcsb.org/download/8blt.cif
  Ligand written: /home/rquiroga/github/runs-n-poses/runs-n-poses-datasets/symmetry_corrected/8blt__1__1.A_1.B__1.I/8blt__1__1.A_1.B__1.I_ligand.pdb
  No symmetry contacts found — writing non-symm receptor only
  -> no_symmetry_contacts

Processing 8blz__1__1.A__1.B_1.D (proper chain: 1.B)
  Downloading https://files.rcsb.org/download/8blz.cif
  Ligand written: /home/rquiroga/github/runs-n-poses/runs-n-poses-datasets/symmetry_corrected/8blz__1__1.A__1.B_1.D/8blz__1__1.A__1.B_1.D_ligand.pdb
  No symmetry contacts found — writing non-symm receptor only
  -> no_symmetry_contacts

Processing 8bnx__1__1.A__1.C (proper chain: 1.C)
  Downloading https://files.rcsb.org/download/8bnx.cif
  Ligand written: /home/rquiroga/github/runs-n-poses/runs-n-poses-datasets/symmetry_corrected/8bnx__1__1.A__1.C/8bnx__1__1.A__1.C_ligand.pdb
  No symmetry contacts found — writing non-symm receptor only
  -> no_symmetry_contacts

Processing 8bo3__1__1.A__1.B (proper chain: 1.B)
  Downloading https://files.rcsb.org/download/8bo3.cif
  Ligand written: /home/rquiroga/github/runs-n-poses/runs-n-poses-datasets/symmetry_corrected/8bo3__1__1.A__1.B/8bo3__1__1.A__1.B_ligand.pdb
  Found 1 symmetry operations with contacts
  Receptor (symm) written: /home/rquiroga/github/runs-n-poses/runs-n-poses-datasets/symmetry_corrected/8bo3__1__1.A__1.B/8bo3__1__1.A__1.B_receptor_symm.pdb
  Total chains in output: 3
  -> ok

Processing 8bo4__1__1.A__1.C (proper chain: 1.C)
  Downloading https://files.rcsb.org/download/8bo4.cif
  Ligand written: /home/rquiroga/github/runs-n-poses/runs-n-poses-datasets/symmetry_corrected/8bo4__1__1.A__1.C/8bo4__1__1.A__1.C_ligand.pdb
  No symmetry contacts found — writing non-symm receptor only
  -> no_symmetry_contacts

Processing 8boc__1__1.A__1.B (proper chain: 1.B)
  Downloading https://files.rcsb.org/download/8boc.cif
  Ligand written: /home/rquiroga/github/runs-n-poses/runs-n-poses-datasets/symmetry_corrected/8boc__1__1.A__1.B/8boc__1__1.A__1.B_ligand.pdb
  No symmetry contacts found — writing non-symm receptor only
  -> no_symmetry_contacts

Processing 8bok__1__1.A__1.B (proper chain: 1.B)
  Downloading https://files.rcsb.org/download/8bok.cif
  Ligand written: /home/rquiroga/github/runs-n-poses/runs-n-poses-datasets/symmetry_corrected/8bok__1__1.A__1.B/8bok__1__1.A__1.B_ligand.pdb
  No symmetry contacts found — writing non-symm receptor only
  -> no_symmetry_contacts

Processing 8bq4__1__1.B__1.D (proper chain: 1.D)
  Downloading https://files.rcsb.org/download/8bq4.cif
  Ligand written: /home/rquiroga/github/runs-n-poses/runs-n-poses-datasets/symmetry_corrected/8bq4__1__1.B__1.D/8bq4__1__1.B__1.D_ligand.pdb
  No symmetry contacts found — writing non-symm receptor only
  -> no_symmetry_contacts

Processing 8br1__1__1.C__1.K_1.L_1.M (proper chain: 1.K)
  Downloading https://files.rcsb.org/download/8br1.cif
  Ligand written: /home/rquiroga/github/runs-n-poses/runs-n-poses-datasets/symmetry_corrected/8br1__1__1.C__1.K_1.L_1.M/8br1__1__1.C__1.K_1.L_1.M_ligand.pdb
  No symmetry contacts found — writing non-symm receptor only
  -> no_symmetry_contacts

Processing 8br5__1__1.A__1.E (proper chain: 1.E)
  Downloading https://files.rcsb.org/download/8br5.cif
  Ligand written: /home/rquiroga/github/runs-n-poses/runs-n-poses-datasets/symmetry_corrected/8br5__1__1.A__1.E/8br5__1__1.A__1.E_ligand.pdb
  No symmetry contacts found — writing non-symm receptor only
  -> no_symmetry_contacts

Processing 8br6__1__1.A__1.C (proper chain: 1.C)
  Downloading https://files.rcsb.org/download/8br6.cif
  Ligand written: /home/rquiroga/github/runs-n-poses/runs-n-poses-datasets/symmetry_corrected/8br6__1__1.A__1.C/8br6__1__1.A__1.C_ligand.pdb
  No symmetry contacts found — writing non-symm receptor only
  -> no_symmetry_contacts

Processing 8bsg__1__1.A__1.B (proper chain: 1.B)
  Downloading https://files.rcsb.org/download/8bsg.cif
  Ligand written: /home/rquiroga/github/runs-n-poses/runs-n-poses-datasets/symmetry_corrected/8bsg__1__1.A__1.B/8bsg__1__1.A__1.B_ligand.pdb
  No symmetry contacts found — writing non-symm receptor only
  -> no_symmetry_contacts

Processing 8bsl__1__1.C_1.D__1.F (proper chain: 1.F)
  Downloading https://files.rcsb.org/download/8bsl.cif
  Ligand written: /home/rquiroga/github/runs-n-poses/runs-n-poses-datasets/symmetry_corrected/8bsl__1__1.C_1.D__1.F/8bsl__1__1.C_1.D__1.F_ligand.pdb
  No symmetry contacts found — writing non-symm receptor only
  -> no_symmetry_contacts

Processing 8bst__1__1.A__1.R (proper chain: 1.R)
  Downloading https://files.rcsb.org/download/8bst.cif
  Ligand written: /home/rquiroga/github/runs-n-poses/runs-n-poses-datasets/symmetry_corrected/8bst__1__1.A__1.R/8bst__1__1.A__1.R_ligand.pdb
  No symmetry contacts found — writing non-symm receptor only
  -> no_symmetry_contacts

Processing 8bt0__1__1.A__1.M (proper chain: 1.M)
  Downloading https://files.rcsb.org/download/8bt0.cif
  Ligand written: /home/rquiroga/github/runs-n-poses/runs-n-poses-datasets/symmetry_corrected/8bt0__1__1.A__1.M/8bt0__1__1.A__1.M_ligand.pdb
  No symmetry contacts found — writing non-symm receptor only
  -> no_symmetry_contacts

Processing 8bt2__1__1.A__1.M (proper chain: 1.M)
  Downloading https://files.rcsb.org/download/8bt2.cif
  Ligand written: /home/rquiroga/github/runs-n-poses/runs-n-poses-datasets/symmetry_corrected/8bt2__1__1.A__1.M/8bt2__1__1.A__1.M_ligand.pdb
  No symmetry contacts found — writing non-symm receptor only
  -> no_symmetry_contacts

Processing 8bv3__1__1.B_1.C__1.I_1.L (proper chain: 1.I)
  Downloading https://files.rcsb.org/download/8bv3.cif
  Ligand written: /home/rquiroga/github/runs-n-poses/runs-n-poses-datasets/symmetry_corrected/8bv3__1__1.B_1.C__1.I_1.L/8bv3__1__1.B_1.C__1.I_1.L_ligand.pdb
  No symmetry contacts found — writing non-symm receptor only
  -> no_symmetry_contacts

Processing 8bvx__1__1.A__1.D_1.F (proper chain: 1.D)
  Downloading https://files.rcsb.org/download/8bvx.cif
  Ligand written: /home/rquiroga/github/runs-n-poses/runs-n-poses-datasets/symmetry_corrected/8bvx__1__1.A__1.D_1.F/8bvx__1__1.A__1.D_1.F_ligand.pdb
  No symmetry contacts found — writing non-symm receptor only
  -> no_symmetry_contacts

Processing 8bxx__1__1.A__1.E_1.F (proper chain: 1.E)
  Downloading https://files.rcsb.org/download/8bxx.cif
  Ligand written: /home/rquiroga/github/runs-n-poses/runs-n-poses-datasets/symmetry_corrected/8bxx__1__1.A__1.E_1.F/8bxx__1__1.A__1.E_1.F_ligand.pdb
  No symmetry contacts found — writing non-symm receptor only
  -> no_symmetry_contacts

Processing 8bz6__1__1.A__1.G_1.I (proper chain: 1.G)
  Downloading https://files.rcsb.org/download/8bz6.cif
  Ligand written: /home/rquiroga/github/runs-n-poses/runs-n-poses-datasets/symmetry_corrected/8bz6__1__1.A__1.G_1.I/8bz6__1__1.A__1.G_1.I_ligand.pdb
  No symmetry contacts found — writing non-symm receptor only
  -> no_symmetry_contacts

Processing 8bz7__1__1.D__1.U_1.V (proper chain: 1.U)
  Downloading https://files.rcsb.org/download/8bz7.cif
  Ligand written: /home/rquiroga/github/runs-n-poses/runs-n-poses-datasets/symmetry_corrected/8bz7__1__1.D__1.U_1.V/8bz7__1__1.D__1.U_1.V_ligand.pdb
  No symmetry contacts found — writing non-symm receptor only
  -> no_symmetry_contacts

Processing 8bzx__1__1.A_1.B__1.E_1.F (proper chain: 1.E)
  Downloading https://files.rcsb.org/download/8bzx.cif
  Ligand written: /home/rquiroga/github/runs-n-poses/runs-n-poses-datasets/symmetry_corrected/8bzx__1__1.A_1.B__1.E_1.F/8bzx__1__1.A_1.B__1.E_1.F_ligand.pdb
  No symmetry contacts found — writing non-symm receptor only
  -> no_symmetry_contacts

Processing 8c08__1__1.A__1.C_1.D (proper chain: 1.C)
  Downloading https://files.rcsb.org/download/8c08.cif
  Ligand written: /home/rquiroga/github/runs-n-poses/runs-n-poses-datasets/symmetry_corrected/8c08__1__1.A__1.C_1.D/8c08__1__1.A__1.C_1.D_ligand.pdb
  No symmetry contacts found — writing non-symm receptor only
  -> no_symmetry_contacts

Processing 8c0q__1__1.A__1.B_1.C (proper chain: 1.C)
  Downloading https://files.rcsb.org/download/8c0q.cif
  Ligand written: /home/rquiroga/github/runs-n-poses/runs-n-poses-datasets/symmetry_corrected/8c0q__1__1.A__1.B_1.C/8c0q__1__1.A__1.B_1.C_ligand.pdb
  No symmetry contacts found — writing non-symm receptor only
  -> no_symmetry_contacts

Processing 8c0r__1__1.A__1.B_1.C (proper chain: 1.C)
  Downloading https://files.rcsb.org/download/8c0r.cif
  Ligand written: /home/rquiroga/github/runs-n-poses/runs-n-poses-datasets/symmetry_corrected/8c0r__1__1.A__1.B_1.C/8c0r__1__1.A__1.B_1.C_ligand.pdb
  No symmetry contacts found — writing non-symm receptor only
  -> no_symmetry_contacts

Processing 8c1m__1__1.A__1.C (proper chain: 1.C)
  Downloading https://files.rcsb.org/download/8c1m.cif
  Ligand written: /home/rquiroga/github/runs-n-poses/runs-n-poses-datasets/symmetry_corrected/8c1m__1__1.A__1.C/8c1m__1__1.A__1.C_ligand.pdb
  Found 1 symmetry operations with contacts
  Receptor (symm) written: /home/rquiroga/github/runs-n-poses/runs-n-poses-datasets/symmetry_corrected/8c1m__1__1.A__1.C/8c1m__1__1.A__1.C_receptor_symm.pdb
  Total chains in output: 3
  -> ok

Processing 8c3g__1__1.C__1.AA (proper chain: 1.AA)
  Downloading https://files.rcsb.org/download/8c3g.cif
  Ligand written: /home/rquiroga/github/runs-n-poses/runs-n-poses-datasets/symmetry_corrected/8c3g__1__1.C__1.AA/8c3g__1__1.C__1.AA_ligand.pdb
  No symmetry contacts found — writing non-symm receptor only
  -> no_symmetry_contacts

Processing 8c3i__1__1.B__1.D (proper chain: 1.D)
  Downloading https://files.rcsb.org/download/8c3i.cif
  ERROR: /home/rquiroga/github/runs-n-poses/runs-n-poses-datasets/ground_truth/8c3i__1__1.B__1.D/system.cif:380:256(5709): unterminated "string"
Traceback (most recent call last):
  File "/home/rquiroga/github/runs-n-poses/scripts/prepare_symmetry_receptors.py", line 686, in main
    status = process_system(
  File "/home/rquiroga/github/runs-n-poses/scripts/prepare_symmetry_receptors.py", line 429, in process_system
    structure = gemmi.read_structure(system_cif)
ValueError: /home/rquiroga/github/runs-n-poses/runs-n-poses-datasets/ground_truth/8c3i__1__1.B__1.D/system.cif:380:256(5709): unterminated "string"


Processing 8c3n__1__1.A__1.C_1.D (proper chain: 1.C)
  Downloading https://files.rcsb.org/download/8c3n.cif
  Ligand written: /home/rquiroga/github/runs-n-poses/runs-n-poses-datasets/symmetry_corrected/8c3n__1__1.A__1.C_1.D/8c3n__1__1.A__1.C_1.D_ligand.pdb
  No symmetry contacts found — writing non-symm receptor only
  -> no_symmetry_contacts

Processing 8c3r__1__1.A__1.C (proper chain: 1.C)
  Downloading https://files.rcsb.org/download/8c3r.cif
  Ligand written: /home/rquiroga/github/runs-n-poses/runs-n-poses-datasets/symmetry_corrected/8c3r__1__1.A__1.C/8c3r__1__1.A__1.C_ligand.pdb
  No symmetry contacts found — writing non-symm receptor only
  -> no_symmetry_contacts

Processing 8c3u__1__1.A__1.C (proper chain: 1.C)
  Downloading https://files.rcsb.org/download/8c3u.cif
  Ligand written: /home/rquiroga/github/runs-n-poses/runs-n-poses-datasets/symmetry_corrected/8c3u__1__1.A__1.C/8c3u__1__1.A__1.C_ligand.pdb
  No symmetry contacts found — writing non-symm receptor only
  -> no_symmetry_contacts

Processing 8c47__1__1.B__1.E_1.F (proper chain: 1.E)
  Downloading https://files.rcsb.org/download/8c47.cif
  Ligand written: /home/rquiroga/github/runs-n-poses/runs-n-poses-datasets/symmetry_corrected/8c47__1__1.B__1.E_1.F/8c47__1__1.B__1.E_1.F_ligand.pdb
  No symmetry contacts found — writing non-symm receptor only
  -> no_symmetry_contacts

Processing 8c6f__1__1.A__1.B_1.C (proper chain: 1.B)
  Downloading https://files.rcsb.org/download/8c6f.cif
  Ligand written: /home/rquiroga/github/runs-n-poses/runs-n-poses-datasets/symmetry_corrected/8c6f__1__1.A__1.B_1.C/8c6f__1__1.A__1.B_1.C_ligand.pdb
  No symmetry contacts found — writing non-symm receptor only
  -> no_symmetry_contacts

Processing 8c6l__1__1.A__1.C (proper chain: 1.C)
  Downloading https://files.rcsb.org/download/8c6l.cif
  Ligand written: /home/rquiroga/github/runs-n-poses/runs-n-poses-datasets/symmetry_corrected/8c6l__1__1.A__1.C/8c6l__1__1.A__1.C_ligand.pdb
  No symmetry contacts found — writing non-symm receptor only
  -> no_symmetry_contacts

Processing 8c6n__1__1.A__1.B (proper chain: 1.B)
  Downloading https://files.rcsb.org/download/8c6n.cif
  Ligand written: /home/rquiroga/github/runs-n-poses/runs-n-poses-datasets/symmetry_corrected/8c6n__1__1.A__1.B/8c6n__1__1.A__1.B_ligand.pdb
  No symmetry contacts found — writing non-symm receptor only
  -> no_symmetry_contacts

Processing 8c6o__1__1.A__1.C (proper chain: 1.C)
  Downloading https://files.rcsb.org/download/8c6o.cif
  Ligand written: /home/rquiroga/github/runs-n-poses/runs-n-poses-datasets/symmetry_corrected/8c6o__1__1.A__1.C/8c6o__1__1.A__1.C_ligand.pdb
  No symmetry contacts found — writing non-symm receptor only
  -> no_symmetry_contacts

Processing 8c6p__1__1.A__1.B (proper chain: 1.B)
  Downloading https://files.rcsb.org/download/8c6p.cif
  Ligand written: /home/rquiroga/github/runs-n-poses/runs-n-poses-datasets/symmetry_corrected/8c6p__1__1.A__1.B/8c6p__1__1.A__1.B_ligand.pdb
  No symmetry contacts found — writing non-symm receptor only
  -> no_symmetry_contacts

Processing 8c6q__1__1.A__1.C (proper chain: 1.C)
  Downloading https://files.rcsb.org/download/8c6q.cif
  Ligand written: /home/rquiroga/github/runs-n-poses/runs-n-poses-datasets/symmetry_corrected/8c6q__1__1.A__1.C/8c6q__1__1.A__1.C_ligand.pdb
  No symmetry contacts found — writing non-symm receptor only
  -> no_symmetry_contacts

Processing 8c6s__1__1.A__1.C (proper chain: 1.C)
  Downloading https://files.rcsb.org/download/8c6s.cif
  Ligand written: /home/rquiroga/github/runs-n-poses/runs-n-poses-datasets/symmetry_corrected/8c6s__1__1.A__1.C/8c6s__1__1.A__1.C_ligand.pdb
  No symmetry contacts found — writing non-symm receptor only
  -> no_symmetry_contacts

Processing 8c6z__1__1.A__1.C_1.E (proper chain: 1.E)
  Downloading https://files.rcsb.org/download/8c6z.cif
  Ligand written: /home/rquiroga/github/runs-n-poses/runs-n-poses-datasets/symmetry_corrected/8c6z__1__1.A__1.C_1.E/8c6z__1__1.A__1.C_1.E_ligand.pdb
  No symmetry contacts found — writing non-symm receptor only
  -> no_symmetry_contacts

Processing 8c70__1__1.A__1.B (proper chain: 1.B)
  Downloading https://files.rcsb.org/download/8c70.cif
  Ligand written: /home/rquiroga/github/runs-n-poses/runs-n-poses-datasets/symmetry_corrected/8c70__1__1.A__1.B/8c70__1__1.A__1.B_ligand.pdb
  No symmetry contacts found — writing non-symm receptor only
  -> no_symmetry_contacts

Processing 8c71__1__1.A__1.C (proper chain: 1.C)
  Downloading https://files.rcsb.org/download/8c71.cif
  Ligand written: /home/rquiroga/github/runs-n-poses/runs-n-poses-datasets/symmetry_corrected/8c71__1__1.A__1.C/8c71__1__1.A__1.C_ligand.pdb
  No symmetry contacts found — writing non-symm receptor only
  -> no_symmetry_contacts

Processing 8c74__1__1.A__1.C (proper chain: 1.C)
  Downloading https://files.rcsb.org/download/8c74.cif
  Ligand written: /home/rquiroga/github/runs-n-poses/runs-n-poses-datasets/symmetry_corrected/8c74__1__1.A__1.C/8c74__1__1.A__1.C_ligand.pdb
  No symmetry contacts found — writing non-symm receptor only
  -> no_symmetry_contacts

Processing 8c9d__1__1.A__1.D (proper chain: 1.D)
  Downloading https://files.rcsb.org/download/8c9d.cif
  Ligand written: /home/rquiroga/github/runs-n-poses/runs-n-poses-datasets/symmetry_corrected/8c9d__1__1.A__1.D/8c9d__1__1.A__1.D_ligand.pdb
  No symmetry contacts found — writing non-symm receptor only
  -> no_symmetry_contacts

Processing 8c9e__1__1.A__1.C (proper chain: 1.C)
  Downloading https://files.rcsb.org/download/8c9e.cif
  Ligand written: /home/rquiroga/github/runs-n-poses/runs-n-poses-datasets/symmetry_corrected/8c9e__1__1.A__1.C/8c9e__1__1.A__1.C_ligand.pdb
  No symmetry contacts found — writing non-symm receptor only
  -> no_symmetry_contacts

Processing 8c9s__1__1.B__1.F_1.G (proper chain: 1.G)
  Downloading https://files.rcsb.org/download/8c9s.cif
  Ligand written: /home/rquiroga/github/runs-n-poses/runs-n-poses-datasets/symmetry_corrected/8c9s__1__1.B__1.F_1.G/8c9s__1__1.B__1.F_1.G_ligand.pdb
  No symmetry contacts found — writing non-symm receptor only
  -> no_symmetry_contacts

Processing 8caa__1__1.B__1.F (proper chain: 1.F)
  Downloading https://files.rcsb.org/download/8caa.cif
  Ligand written: /home/rquiroga/github/runs-n-poses/runs-n-poses-datasets/symmetry_corrected/8caa__1__1.B__1.F/8caa__1__1.B__1.F_ligand.pdb
  No symmetry contacts found — writing non-symm receptor only
  -> no_symmetry_contacts

Processing 8cav__1__1.A__1.G_1.H (proper chain: 1.G)
  Downloading https://files.rcsb.org/download/8cav.cif
  Ligand written: /home/rquiroga/github/runs-n-poses/runs-n-poses-datasets/symmetry_corrected/8cav__1__1.A__1.G_1.H/8cav__1__1.A__1.G_1.H_ligand.pdb
  No symmetry contacts found — writing non-symm receptor only
  -> no_symmetry_contacts

Processing 8cbh__1__1.A__1.C (proper chain: 1.C)
  Downloading https://files.rcsb.org/download/8cbh.cif
  Ligand written: /home/rquiroga/github/runs-n-poses/runs-n-poses-datasets/symmetry_corrected/8cbh__1__1.A__1.C/8cbh__1__1.A__1.C_ligand.pdb
  No symmetry contacts found — writing non-symm receptor only
  -> no_symmetry_contacts

Processing 8cbr__1__1.A_1.B_1.D__1.E (proper chain: 1.E)
  Downloading https://files.rcsb.org/download/8cbr.cif
  Ligand written: /home/rquiroga/github/runs-n-poses/runs-n-poses-datasets/symmetry_corrected/8cbr__1__1.A_1.B_1.D__1.E/8cbr__1__1.A_1.B_1.D__1.E_ligand.pdb
  No symmetry contacts found — writing non-symm receptor only
  -> no_symmetry_contacts

Processing 8cbs__1__1.B_1.C_1.D__1.L (proper chain: 1.L)
  Downloading https://files.rcsb.org/download/8cbs.cif
  Ligand written: /home/rquiroga/github/runs-n-poses/runs-n-poses-datasets/symmetry_corrected/8cbs__1__1.B_1.C_1.D__1.L/8cbs__1__1.B_1.C_1.D__1.L_ligand.pdb
  No symmetry contacts found — writing non-symm receptor only
  -> no_symmetry_contacts

Processing 8cbu__1__1.A_1.B_1.D__1.M (proper chain: 1.M)
  Downloading https://files.rcsb.org/download/8cbu.cif
  Ligand written: /home/rquiroga/github/runs-n-poses/runs-n-poses-datasets/symmetry_corrected/8cbu__1__1.A_1.B_1.D__1.M/8cbu__1__1.A_1.B_1.D__1.M_ligand.pdb
  No symmetry contacts found — writing non-symm receptor only
  -> no_symmetry_contacts

Processing 8ccj__1__1.A_2.A__1.B_1.J (proper chain: 1.B)
  Downloading https://files.rcsb.org/download/8ccj.cif
  Ligand written: /home/rquiroga/github/runs-n-poses/runs-n-poses-datasets/symmetry_corrected/8ccj__1__1.A_2.A__1.B_1.J/8ccj__1__1.A_2.A__1.B_1.J_ligand.pdb
  Found 1 symmetry operations with contacts
  Receptor (symm) written: /home/rquiroga/github/runs-n-poses/runs-n-poses-datasets/symmetry_corrected/8ccj__1__1.A_2.A__1.B_1.J/8ccj__1__1.A_2.A__1.B_1.J_receptor_symm.pdb
  Total chains in output: 6
  -> ok

Processing 8cdw__1__1.B__1.D (proper chain: 1.D)
  Downloading https://files.rcsb.org/download/8cdw.cif
  Ligand written: /home/rquiroga/github/runs-n-poses/runs-n-poses-datasets/symmetry_corrected/8cdw__1__1.B__1.D/8cdw__1__1.B__1.D_ligand.pdb
  No symmetry contacts found — writing non-symm receptor only
  -> no_symmetry_contacts

Processing 8cdx__1__1.A__1.C_1.D (proper chain: 1.D)
  Downloading https://files.rcsb.org/download/8cdx.cif
  Ligand written: /home/rquiroga/github/runs-n-poses/runs-n-poses-datasets/symmetry_corrected/8cdx__1__1.A__1.C_1.D/8cdx__1__1.A__1.C_1.D_ligand.pdb
  No symmetry contacts found — writing non-symm receptor only
  -> no_symmetry_contacts

Processing 8cdz__1__1.A__1.C_1.D_1.E (proper chain: 1.E)
  Downloading https://files.rcsb.org/download/8cdz.cif
  Ligand written: /home/rquiroga/github/runs-n-poses/runs-n-poses-datasets/symmetry_corrected/8cdz__1__1.A__1.C_1.D_1.E/8cdz__1__1.A__1.C_1.D_1.E_ligand.pdb
  No symmetry contacts found — writing non-symm receptor only
  -> no_symmetry_contacts

Processing 8ce3__1__1.A_1.B__1.E (proper chain: 1.E)
  Downloading https://files.rcsb.org/download/8ce3.cif
  Ligand written: /home/rquiroga/github/runs-n-poses/runs-n-poses-datasets/symmetry_corrected/8ce3__1__1.A_1.B__1.E/8ce3__1__1.A_1.B__1.E_ligand.pdb
  No symmetry contacts found — writing non-symm receptor only
  -> no_symmetry_contacts

Processing 8ceq__1__1.A__1.C (proper chain: 1.C)
  Downloading https://files.rcsb.org/download/8ceq.cif
  Ligand written: /home/rquiroga/github/runs-n-poses/runs-n-poses-datasets/symmetry_corrected/8ceq__1__1.A__1.C/8ceq__1__1.A__1.C_ligand.pdb
  No symmetry contacts found — writing non-symm receptor only
  -> no_symmetry_contacts

Processing 8ces__1__1.A__1.C (proper chain: 1.C)
  Downloading https://files.rcsb.org/download/8ces.cif
  Ligand written: /home/rquiroga/github/runs-n-poses/runs-n-poses-datasets/symmetry_corrected/8ces__1__1.A__1.C/8ces__1__1.A__1.C_ligand.pdb
  No symmetry contacts found — writing non-symm receptor only
  -> no_symmetry_contacts

Processing 8cev__1__1.A__1.C (proper chain: 1.C)
  Downloading https://files.rcsb.org/download/8cev.cif
  Ligand written: /home/rquiroga/github/runs-n-poses/runs-n-poses-datasets/symmetry_corrected/8cev__1__1.A__1.C/8cev__1__1.A__1.C_ligand.pdb
  No symmetry contacts found — writing non-symm receptor only
  -> no_symmetry_contacts

Processing 8cex__1__1.A__1.D (proper chain: 1.D)
  Downloading https://files.rcsb.org/download/8cex.cif
  Ligand written: /home/rquiroga/github/runs-n-poses/runs-n-poses-datasets/symmetry_corrected/8cex__1__1.A__1.D/8cex__1__1.A__1.D_ligand.pdb
  No symmetry contacts found — writing non-symm receptor only
  -> no_symmetry_contacts

Processing 8cey__1__1.A__1.D (proper chain: 1.D)
  Downloading https://files.rcsb.org/download/8cey.cif
  Ligand written: /home/rquiroga/github/runs-n-poses/runs-n-poses-datasets/symmetry_corrected/8cey__1__1.A__1.D/8cey__1__1.A__1.D_ligand.pdb
  No symmetry contacts found — writing non-symm receptor only
  -> no_symmetry_contacts

Processing 8cfb__1__1.A__1.L (proper chain: 1.L)
  Downloading https://files.rcsb.org/download/8cfb.cif
  Ligand written: /home/rquiroga/github/runs-n-poses/runs-n-poses-datasets/symmetry_corrected/8cfb__1__1.A__1.L/8cfb__1__1.A__1.L_ligand.pdb
  No symmetry contacts found — writing non-symm receptor only
  -> no_symmetry_contacts

Processing 8cfk__1__1.A_1.D__1.H_1.I (proper chain: 1.H)
  Downloading https://files.rcsb.org/download/8cfk.cif
  Ligand written: /home/rquiroga/github/runs-n-poses/runs-n-poses-datasets/symmetry_corrected/8cfk__1__1.A_1.D__1.H_1.I/8cfk__1__1.A_1.D__1.H_1.I_ligand.pdb
  No symmetry contacts found — writing non-symm receptor only
  -> no_symmetry_contacts

Processing 8cg0__1__1.D__1.IA (proper chain: 1.IA)
  Downloading https://files.rcsb.org/download/8cg0.cif
  Ligand written: /home/rquiroga/github/runs-n-poses/runs-n-poses-datasets/symmetry_corrected/8cg0__1__1.D__1.IA/8cg0__1__1.D__1.IA_ligand.pdb
  No symmetry contacts found — writing non-symm receptor only
  -> no_symmetry_contacts

Processing 8ch9__1__1.G__1.BB (proper chain: 1.BB)
  Downloading https://files.rcsb.org/download/8ch9.cif
  Ligand written: /home/rquiroga/github/runs-n-poses/runs-n-poses-datasets/symmetry_corrected/8ch9__1__1.G__1.BB/8ch9__1__1.G__1.BB_ligand.pdb
  No symmetry contacts found — writing non-symm receptor only
  -> no_symmetry_contacts

Processing 8chc__1__1.A__1.B (proper chain: 1.B)
  Downloading https://files.rcsb.org/download/8chc.cif
  Ligand written: /home/rquiroga/github/runs-n-poses/runs-n-poses-datasets/symmetry_corrected/8chc__1__1.A__1.B/8chc__1__1.A__1.B_ligand.pdb
  No symmetry contacts found — writing non-symm receptor only
  -> no_symmetry_contacts

Processing 8chk__1__1.A__1.D (proper chain: 1.D)
  Downloading https://files.rcsb.org/download/8chk.cif
  Ligand written: /home/rquiroga/github/runs-n-poses/runs-n-poses-datasets/symmetry_corrected/8chk__1__1.A__1.D/8chk__1__1.A__1.D_ligand.pdb
  No symmetry contacts found — writing non-symm receptor only
  -> no_symmetry_contacts

Processing 8chl__1__1.A__1.C_1.E (proper chain: 1.C)
  Downloading https://files.rcsb.org/download/8chl.cif
  Ligand written: /home/rquiroga/github/runs-n-poses/runs-n-poses-datasets/symmetry_corrected/8chl__1__1.A__1.C_1.E/8chl__1__1.A__1.C_1.E_ligand.pdb
  No symmetry contacts found — writing non-symm receptor only
  -> no_symmetry_contacts

Processing 8ci0__1__1.A_1.B__1.D_1.E (proper chain: 1.E)
  Downloading https://files.rcsb.org/download/8ci0.cif
  Ligand written: /home/rquiroga/github/runs-n-poses/runs-n-poses-datasets/symmetry_corrected/8ci0__1__1.A_1.B__1.D_1.E/8ci0__1__1.A_1.B__1.D_1.E_ligand.pdb
  No symmetry contacts found — writing non-symm receptor only
  -> no_symmetry_contacts

Processing 8cij__1__1.A__1.B (proper chain: 1.B)
  Downloading https://files.rcsb.org/download/8cij.cif
  Ligand written: /home/rquiroga/github/runs-n-poses/runs-n-poses-datasets/symmetry_corrected/8cij__1__1.A__1.B/8cij__1__1.A__1.B_ligand.pdb
  Found 1 symmetry operations with contacts
  Receptor (symm) written: /home/rquiroga/github/runs-n-poses/runs-n-poses-datasets/symmetry_corrected/8cij__1__1.A__1.B/8cij__1__1.A__1.B_receptor_symm.pdb
  Total chains in output: 3
  -> ok

Processing 8cje__1__1.A__1.F (proper chain: 1.F)
  Downloading https://files.rcsb.org/download/8cje.cif
  Ligand written: /home/rquiroga/github/runs-n-poses/runs-n-poses-datasets/symmetry_corrected/8cje__1__1.A__1.F/8cje__1__1.A__1.F_ligand.pdb
  No symmetry contacts found — writing non-symm receptor only
  -> no_symmetry_contacts

Processing 8cjg__1__1.A__1.D (proper chain: 1.D)
  Downloading https://files.rcsb.org/download/8cjg.cif
  Ligand written: /home/rquiroga/github/runs-n-poses/runs-n-poses-datasets/symmetry_corrected/8cjg__1__1.A__1.D/8cjg__1__1.A__1.D_ligand.pdb
  No symmetry contacts found — writing non-symm receptor only
  -> no_symmetry_contacts

Processing 8cji__1__1.A__1.B_1.C (proper chain: 1.C)
  Downloading https://files.rcsb.org/download/8cji.cif
  Ligand written: /home/rquiroga/github/runs-n-poses/runs-n-poses-datasets/symmetry_corrected/8cji__1__1.A__1.B_1.C/8cji__1__1.A__1.B_1.C_ligand.pdb
  Found 1 symmetry operations with contacts
  Receptor (symm) written: /home/rquiroga/github/runs-n-poses/runs-n-poses-datasets/symmetry_corrected/8cji__1__1.A__1.B_1.C/8cji__1__1.A__1.B_1.C_receptor_symm.pdb
  Total chains in output: 4
  -> ok

Processing 8cjj__1__1.A__1.B_1.C (proper chain: 1.C)
  Downloading https://files.rcsb.org/download/8cjj.cif
  Ligand written: /home/rquiroga/github/runs-n-poses/runs-n-poses-datasets/symmetry_corrected/8cjj__1__1.A__1.B_1.C/8cjj__1__1.A__1.B_1.C_ligand.pdb
  No symmetry contacts found — writing non-symm receptor only
  -> no_symmetry_contacts

Processing 8cjk__1__1.A__1.B_1.C (proper chain: 1.C)
  Downloading https://files.rcsb.org/download/8cjk.cif
  Ligand written: /home/rquiroga/github/runs-n-poses/runs-n-poses-datasets/symmetry_corrected/8cjk__1__1.A__1.B_1.C/8cjk__1__1.A__1.B_1.C_ligand.pdb
  No symmetry contacts found — writing non-symm receptor only
  -> no_symmetry_contacts

Processing 8cjo__1__1.A__1.B_1.C (proper chain: 1.C)
  Downloading https://files.rcsb.org/download/8cjo.cif
  Ligand written: /home/rquiroga/github/runs-n-poses/runs-n-poses-datasets/symmetry_corrected/8cjo__1__1.A__1.B_1.C/8cjo__1__1.A__1.B_1.C_ligand.pdb
  No symmetry contacts found — writing non-symm receptor only
  -> no_symmetry_contacts

Processing 8cju__1__1.A__1.B (proper chain: 1.B)
  Downloading https://files.rcsb.org/download/8cju.cif
  Ligand written: /home/rquiroga/github/runs-n-poses/runs-n-poses-datasets/symmetry_corrected/8cju__1__1.A__1.B/8cju__1__1.A__1.B_ligand.pdb
  No symmetry contacts found — writing non-symm receptor only
  -> no_symmetry_contacts

Processing 8ck5__1__1.A__1.D (proper chain: 1.D)
  Downloading https://files.rcsb.org/download/8ck5.cif
  Ligand written: /home/rquiroga/github/runs-n-poses/runs-n-poses-datasets/symmetry_corrected/8ck5__1__1.A__1.D/8ck5__1__1.A__1.D_ligand.pdb
  No symmetry contacts found — writing non-symm receptor only
  -> no_symmetry_contacts

Processing 8ck9__1__1.A__1.B_1.C (proper chain: 1.B)
  Downloading https://files.rcsb.org/download/8ck9.cif
  Ligand written: /home/rquiroga/github/runs-n-poses/runs-n-poses-datasets/symmetry_corrected/8ck9__1__1.A__1.B_1.C/8ck9__1__1.A__1.B_1.C_ligand.pdb
  No symmetry contacts found — writing non-symm receptor only
  -> no_symmetry_contacts

Processing 8ckc__1__2.A__2.D (proper chain: 2.D)
  Downloading https://files.rcsb.org/download/8ckc.cif
  Ligand written: /home/rquiroga/github/runs-n-poses/runs-n-poses-datasets/symmetry_corrected/8ckc__1__2.A__2.D/8ckc__1__2.A__2.D_ligand.pdb
  No symmetry contacts found — writing non-symm receptor only
  -> no_symmetry_contacts

Processing 8ckh__1__1.A_1.B__1.D (proper chain: 1.D)
  Downloading https://files.rcsb.org/download/8ckh.cif
  Ligand written: /home/rquiroga/github/runs-n-poses/runs-n-poses-datasets/symmetry_corrected/8ckh__1__1.A_1.B__1.D/8ckh__1__1.A_1.B__1.D_ligand.pdb
  No symmetry contacts found — writing non-symm receptor only
  -> no_symmetry_contacts

Processing 8ckn__1__1.A__1.B_1.C (proper chain: 1.B)
  Downloading https://files.rcsb.org/download/8ckn.cif
  Ligand written: /home/rquiroga/github/runs-n-poses/runs-n-poses-datasets/symmetry_corrected/8ckn__1__1.A__1.B_1.C/8ckn__1__1.A__1.B_1.C_ligand.pdb
  No symmetry contacts found — writing non-symm receptor only
  -> no_symmetry_contacts

Processing 8clq__1__1.A__1.E (proper chain: 1.E)
  Downloading https://files.rcsb.org/download/8clq.cif
  Ligand written: /home/rquiroga/github/runs-n-poses/runs-n-poses-datasets/symmetry_corrected/8clq__1__1.A__1.E/8clq__1__1.A__1.E_ligand.pdb
  No symmetry contacts found — writing non-symm receptor only
  -> no_symmetry_contacts

Processing 8cnh__1__1.A__1.B_1.L (proper chain: 1.B)
  Downloading https://files.rcsb.org/download/8cnh.cif
  Ligand written: /home/rquiroga/github/runs-n-poses/runs-n-poses-datasets/symmetry_corrected/8cnh__1__1.A__1.B_1.L/8cnh__1__1.A__1.B_1.L_ligand.pdb
  No symmetry contacts found — writing non-symm receptor only
  -> no_symmetry_contacts

Processing 8cnt__1__1.A__1.B_1.C (proper chain: 1.C)
  Downloading https://files.rcsb.org/download/8cnt.cif
  Ligand written: /home/rquiroga/github/runs-n-poses/runs-n-poses-datasets/symmetry_corrected/8cnt__1__1.A__1.B_1.C/8cnt__1__1.A__1.B_1.C_ligand.pdb
  No symmetry contacts found — writing non-symm receptor only
  -> no_symmetry_contacts

Processing 8con__1__1.A_2.A__2.D_2.J (proper chain: 2.D)
  Downloading https://files.rcsb.org/download/8con.cif
  Ligand written: /home/rquiroga/github/runs-n-poses/runs-n-poses-datasets/symmetry_corrected/8con__1__1.A_2.A__2.D_2.J/8con__1__1.A_2.A__2.D_2.J_ligand.pdb
  Found 1 symmetry operations with contacts
  Receptor (symm) written: /home/rquiroga/github/runs-n-poses/runs-n-poses-datasets/symmetry_corrected/8con__1__1.A_2.A__2.D_2.J/8con__1__1.A_2.A__2.D_2.J_receptor_symm.pdb
  Total chains in output: 6
  -> ok

Processing 8cou__1__1.A__1.V (proper chain: 1.V)
  Downloading https://files.rcsb.org/download/8cou.cif
  Ligand written: /home/rquiroga/github/runs-n-poses/runs-n-poses-datasets/symmetry_corrected/8cou__1__1.A__1.V/8cou__1__1.A__1.V_ligand.pdb
  No symmetry contacts found — writing non-symm receptor only
  -> no_symmetry_contacts

Processing 8cov__1__1.A__1.D (proper chain: 1.D)
  Downloading https://files.rcsb.org/download/8cov.cif
  Ligand written: /home/rquiroga/github/runs-n-poses/runs-n-poses-datasets/symmetry_corrected/8cov__1__1.A__1.D/8cov__1__1.A__1.D_ligand.pdb
  No symmetry contacts found — writing non-symm receptor only
  -> no_symmetry_contacts

Processing 8cp4__1__2.A__2.H_2.I (proper chain: 2.I)
  Downloading https://files.rcsb.org/download/8cp4.cif
  Ligand written: /home/rquiroga/github/runs-n-poses/runs-n-poses-datasets/symmetry_corrected/8cp4__1__2.A__2.H_2.I/8cp4__1__2.A__2.H_2.I_ligand.pdb
  No symmetry contacts found — writing non-symm receptor only
  -> no_symmetry_contacts

Processing 8cp7__1__1.A__1.B (proper chain: 1.B)
  Downloading https://files.rcsb.org/download/8cp7.cif
  Ligand written: /home/rquiroga/github/runs-n-poses/runs-n-poses-datasets/symmetry_corrected/8cp7__1__1.A__1.B/8cp7__1__1.A__1.B_ligand.pdb
  No symmetry contacts found — writing non-symm receptor only
  -> no_symmetry_contacts

Processing 8cp9__1__1.A__1.C_1.D (proper chain: 1.C)
  Downloading https://files.rcsb.org/download/8cp9.cif
  Ligand written: /home/rquiroga/github/runs-n-poses/runs-n-poses-datasets/symmetry_corrected/8cp9__1__1.A__1.C_1.D/8cp9__1__1.A__1.C_1.D_ligand.pdb
  Found 1 symmetry operations with contacts
  Receptor (symm) written: /home/rquiroga/github/runs-n-poses/runs-n-poses-datasets/symmetry_corrected/8cp9__1__1.A__1.C_1.D/8cp9__1__1.A__1.C_1.D_receptor_symm.pdb
  Total chains in output: 4
  -> ok

Processing 8cpb__1__1.B__1.H (proper chain: 1.H)
  Downloading https://files.rcsb.org/download/8cpb.cif
  Ligand written: /home/rquiroga/github/runs-n-poses/runs-n-poses-datasets/symmetry_corrected/8cpb__1__1.B__1.H/8cpb__1__1.B__1.H_ligand.pdb
  No symmetry contacts found — writing non-symm receptor only
  -> no_symmetry_contacts

Processing 8cqv__1__1.A_1.B__1.K_1.P (proper chain: 1.K)
  Downloading https://files.rcsb.org/download/8cqv.cif
  Ligand written: /home/rquiroga/github/runs-n-poses/runs-n-poses-datasets/symmetry_corrected/8cqv__1__1.A_1.B__1.K_1.P/8cqv__1__1.A_1.B__1.K_1.P_ligand.pdb
  No symmetry contacts found — writing non-symm receptor only
  -> no_symmetry_contacts

Processing 8crj__1__1.A__1.B (proper chain: 1.B)
  Downloading https://files.rcsb.org/download/8crj.cif
  Ligand written: /home/rquiroga/github/runs-n-poses/runs-n-poses-datasets/symmetry_corrected/8crj__1__1.A__1.B/8crj__1__1.A__1.B_ligand.pdb
  No symmetry contacts found — writing non-symm receptor only
  -> no_symmetry_contacts

Processing 8crl__1__1.A__1.C (proper chain: 1.C)
  Downloading https://files.rcsb.org/download/8crl.cif
  Ligand written: /home/rquiroga/github/runs-n-poses/runs-n-poses-datasets/symmetry_corrected/8crl__1__1.A__1.C/8crl__1__1.A__1.C_ligand.pdb
  No symmetry contacts found — writing non-symm receptor only
  -> no_symmetry_contacts

Processing 8cta__1__1.A_1.B_1.D__1.Q (proper chain: 1.Q)
  Downloading https://files.rcsb.org/download/8cta.cif
  Ligand written: /home/rquiroga/github/runs-n-poses/runs-n-poses-datasets/symmetry_corrected/8cta__1__1.A_1.B_1.D__1.Q/8cta__1__1.A_1.B_1.D__1.Q_ligand.pdb
  No symmetry contacts found — writing non-symm receptor only
  -> no_symmetry_contacts

Processing 8cu7__1__1.A__1.C (proper chain: 1.C)
  Downloading https://files.rcsb.org/download/8cu7.cif
  Ligand written: /home/rquiroga/github/runs-n-poses/runs-n-poses-datasets/symmetry_corrected/8cu7__1__1.A__1.C/8cu7__1__1.A__1.C_ligand.pdb
  No symmetry contacts found — writing non-symm receptor only
  -> no_symmetry_contacts

Processing 8cvc__1__1.A__1.C_1.J_1.O_1.P (proper chain: 1.J)
  Downloading https://files.rcsb.org/download/8cvc.cif
  Ligand written: /home/rquiroga/github/runs-n-poses/runs-n-poses-datasets/symmetry_corrected/8cvc__1__1.A__1.C_1.J_1.O_1.P/8cvc__1__1.A__1.C_1.J_1.O_1.P_ligand.pdb
  No symmetry contacts found — writing non-symm receptor only
  -> no_symmetry_contacts

Processing 8cvd__1__1.A__1.B_1.K_1.L (proper chain: 1.K)
  Downloading https://files.rcsb.org/download/8cvd.cif
  Ligand written: /home/rquiroga/github/runs-n-poses/runs-n-poses-datasets/symmetry_corrected/8cvd__1__1.A__1.B_1.K_1.L/8cvd__1__1.A__1.B_1.K_1.L_ligand.pdb
  No symmetry contacts found — writing non-symm receptor only
  -> no_symmetry_contacts

Processing 8cvf__1__1.A__1.D_1.E_1.F_1.G (proper chain: 1.D)
  Downloading https://files.rcsb.org/download/8cvf.cif
  Ligand written: /home/rquiroga/github/runs-n-poses/runs-n-poses-datasets/symmetry_corrected/8cvf__1__1.A__1.D_1.E_1.F_1.G/8cvf__1__1.A__1.D_1.E_1.F_1.G_ligand.pdb
  No symmetry contacts found — writing non-symm receptor only
  -> no_symmetry_contacts

Processing 8cyu__1__1.A_1.B__1.F (proper chain: 1.F)
  Downloading https://files.rcsb.org/download/8cyu.cif
  Ligand written: /home/rquiroga/github/runs-n-poses/runs-n-poses-datasets/symmetry_corrected/8cyu__1__1.A_1.B__1.F/8cyu__1__1.A_1.B__1.F_ligand.pdb
  No symmetry contacts found — writing non-symm receptor only
  -> no_symmetry_contacts

Processing 8cyz__1__1.A_1.C__1.E (proper chain: 1.E)
  Downloading https://files.rcsb.org/download/8cyz.cif
  Ligand written: /home/rquiroga/github/runs-n-poses/runs-n-poses-datasets/symmetry_corrected/8cyz__1__1.A_1.C__1.E/8cyz__1__1.A_1.C__1.E_ligand.pdb
  No symmetry contacts found — writing non-symm receptor only
  -> no_symmetry_contacts

Processing 8cz7__1__1.A_1.C__1.E (proper chain: 1.E)
  Downloading https://files.rcsb.org/download/8cz7.cif
  Ligand written: /home/rquiroga/github/runs-n-poses/runs-n-poses-datasets/symmetry_corrected/8cz7__1__1.A_1.C__1.E/8cz7__1__1.A_1.C__1.E_ligand.pdb
  No symmetry contacts found — writing non-symm receptor only
  -> no_symmetry_contacts

Processing 8czl__1__1.A__1.C_1.D (proper chain: 1.D)
  Downloading https://files.rcsb.org/download/8czl.cif
  Ligand written: /home/rquiroga/github/runs-n-poses/runs-n-poses-datasets/symmetry_corrected/8czl__1__1.A__1.C_1.D/8czl__1__1.A__1.C_1.D_ligand.pdb
  No symmetry contacts found — writing non-symm receptor only
  -> no_symmetry_contacts

Processing 8d0e__1__1.B__1.D (proper chain: 1.D)
  Downloading https://files.rcsb.org/download/8d0e.cif
  Ligand written: /home/rquiroga/github/runs-n-poses/runs-n-poses-datasets/symmetry_corrected/8d0e__1__1.B__1.D/8d0e__1__1.B__1.D_ligand.pdb
  No symmetry contacts found — writing non-symm receptor only
  -> no_symmetry_contacts

Processing 8d0f__1__1.A_1.B__1.D (proper chain: 1.D)
  Downloading https://files.rcsb.org/download/8d0f.cif
  Ligand written: /home/rquiroga/github/runs-n-poses/runs-n-poses-datasets/symmetry_corrected/8d0f__1__1.A_1.B__1.D/8d0f__1__1.A_1.B__1.D_ligand.pdb
  No symmetry contacts found — writing non-symm receptor only
  -> no_symmetry_contacts

Processing 8d19__1__1.A__1.C_1.D (proper chain: 1.D)
  Downloading https://files.rcsb.org/download/8d19.cif
  Ligand written: /home/rquiroga/github/runs-n-poses/runs-n-poses-datasets/symmetry_corrected/8d19__1__1.A__1.C_1.D/8d19__1__1.A__1.C_1.D_ligand.pdb
  No symmetry contacts found — writing non-symm receptor only
  -> no_symmetry_contacts

Processing 8d5b__1__1.A__1.B_1.G_1.H (proper chain: 1.B)
  Downloading https://files.rcsb.org/download/8d5b.cif
  Ligand written: /home/rquiroga/github/runs-n-poses/runs-n-poses-datasets/symmetry_corrected/8d5b__1__1.A__1.B_1.G_1.H/8d5b__1__1.A__1.B_1.G_1.H_ligand.pdb
  No symmetry contacts found — writing non-symm receptor only
  -> no_symmetry_contacts

Processing 8d6c__1__1.A__1.F (proper chain: 1.F)
  Downloading https://files.rcsb.org/download/8d6c.cif
  Ligand written: /home/rquiroga/github/runs-n-poses/runs-n-poses-datasets/symmetry_corrected/8d6c__1__1.A__1.F/8d6c__1__1.A__1.F_ligand.pdb
  No symmetry contacts found — writing non-symm receptor only
  -> no_symmetry_contacts

Processing 8d6e__1__1.A__1.D (proper chain: 1.D)
  Downloading https://files.rcsb.org/download/8d6e.cif
  Ligand written: /home/rquiroga/github/runs-n-poses/runs-n-poses-datasets/symmetry_corrected/8d6e__1__1.A__1.D/8d6e__1__1.A__1.D_ligand.pdb
  No symmetry contacts found — writing non-symm receptor only
  -> no_symmetry_contacts

Processing 8d6f__1__1.A__1.D (proper chain: 1.D)
  Downloading https://files.rcsb.org/download/8d6f.cif
  Ligand written: /home/rquiroga/github/runs-n-poses/runs-n-poses-datasets/symmetry_corrected/8d6f__1__1.A__1.D/8d6f__1__1.A__1.D_ligand.pdb
  No symmetry contacts found — writing non-symm receptor only
  -> no_symmetry_contacts

Processing 8d6m__1__1.A__1.C (proper chain: 1.C)
  Downloading https://files.rcsb.org/download/8d6m.cif
  Ligand written: /home/rquiroga/github/runs-n-poses/runs-n-poses-datasets/symmetry_corrected/8d6m__1__1.A__1.C/8d6m__1__1.A__1.C_ligand.pdb
  No symmetry contacts found — writing non-symm receptor only
  -> no_symmetry_contacts

Processing 8d6t__1__1.A__1.C (proper chain: 1.C)
  Downloading https://files.rcsb.org/download/8d6t.cif
  Ligand written: /home/rquiroga/github/runs-n-poses/runs-n-poses-datasets/symmetry_corrected/8d6t__1__1.A__1.C/8d6t__1__1.A__1.C_ligand.pdb
  No symmetry contacts found — writing non-symm receptor only
  -> no_symmetry_contacts

Processing 8d8p__1__1.A__1.C_1.D (proper chain: 1.C)
  Downloading https://files.rcsb.org/download/8d8p.cif
  Ligand written: /home/rquiroga/github/runs-n-poses/runs-n-poses-datasets/symmetry_corrected/8d8p__1__1.A__1.C_1.D/8d8p__1__1.A__1.C_1.D_ligand.pdb
  No symmetry contacts found — writing non-symm receptor only
  -> no_symmetry_contacts

Processing 8d9b__1__1.A__1.C_1.D (proper chain: 1.C)
  Downloading https://files.rcsb.org/download/8d9b.cif
  Ligand written: /home/rquiroga/github/runs-n-poses/runs-n-poses-datasets/symmetry_corrected/8d9b__1__1.A__1.C_1.D/8d9b__1__1.A__1.C_1.D_ligand.pdb
  No symmetry contacts found — writing non-symm receptor only
  -> no_symmetry_contacts

Processing 8d9c__1__1.A__1.C_1.D (proper chain: 1.C)
  Downloading https://files.rcsb.org/download/8d9c.cif
  Ligand written: /home/rquiroga/github/runs-n-poses/runs-n-poses-datasets/symmetry_corrected/8d9c__1__1.A__1.C_1.D/8d9c__1__1.A__1.C_1.D_ligand.pdb
  No symmetry contacts found — writing non-symm receptor only
  -> no_symmetry_contacts

Processing 8db0__1__1.A__1.E (proper chain: 1.E)
  Downloading https://files.rcsb.org/download/8db0.cif
  Ligand written: /home/rquiroga/github/runs-n-poses/runs-n-poses-datasets/symmetry_corrected/8db0__1__1.A__1.E/8db0__1__1.A__1.E_ligand.pdb
  No symmetry contacts found — writing non-symm receptor only
  -> no_symmetry_contacts

Processing 8dcd__1__1.A__1.E_1.Q_1.R (proper chain: 1.E)
  Downloading https://files.rcsb.org/download/8dcd.cif
  Ligand written: /home/rquiroga/github/runs-n-poses/runs-n-poses-datasets/symmetry_corrected/8dcd__1__1.A__1.E_1.Q_1.R/8dcd__1__1.A__1.E_1.Q_1.R_ligand.pdb
  No symmetry contacts found — writing non-symm receptor only
  -> no_symmetry_contacts

Processing 8ddb__1__1.A__1.B_1.C_1.E (proper chain: 1.E)
  Downloading https://files.rcsb.org/download/8ddb.cif
  Ligand written: /home/rquiroga/github/runs-n-poses/runs-n-poses-datasets/symmetry_corrected/8ddb__1__1.A__1.B_1.C_1.E/8ddb__1__1.A__1.B_1.C_1.E_ligand.pdb
  No symmetry contacts found — writing non-symm receptor only
  -> no_symmetry_contacts

Processing 8deg__1__1.A__1.B (proper chain: 1.B)
  Downloading https://files.rcsb.org/download/8deg.cif
  Ligand written: /home/rquiroga/github/runs-n-poses/runs-n-poses-datasets/symmetry_corrected/8deg__1__1.A__1.B/8deg__1__1.A__1.B_ligand.pdb
  No symmetry contacts found — writing non-symm receptor only
  -> no_symmetry_contacts

Processing 8dhw__1__1.B_2.B__2.I (proper chain: 2.I)
  Downloading https://files.rcsb.org/download/8dhw.cif
  Ligand written: /home/rquiroga/github/runs-n-poses/runs-n-poses-datasets/symmetry_corrected/8dhw__1__1.B_2.B__2.I/8dhw__1__1.B_2.B__2.I_ligand.pdb
  Found 1 symmetry operations with contacts
  Receptor (symm) written: /home/rquiroga/github/runs-n-poses/runs-n-poses-datasets/symmetry_corrected/8dhw__1__1.B_2.B__2.I/8dhw__1__1.B_2.B__2.I_receptor_symm.pdb
  Total chains in output: 5
  -> ok

Processing 8dil__1__1.A_1.B__1.K_1.L_1.M (proper chain: 1.L)
  Downloading https://files.rcsb.org/download/8dil.cif
  Ligand written: /home/rquiroga/github/runs-n-poses/runs-n-poses-datasets/symmetry_corrected/8dil__1__1.A_1.B__1.K_1.L_1.M/8dil__1__1.A_1.B__1.K_1.L_1.M_ligand.pdb
  No symmetry contacts found — writing non-symm receptor only
  -> no_symmetry_contacts

Processing 8dj6__1__1.C__1.F_1.O (proper chain: 1.F)
  Downloading https://files.rcsb.org/download/8dj6.cif
  Ligand written: /home/rquiroga/github/runs-n-poses/runs-n-poses-datasets/symmetry_corrected/8dj6__1__1.C__1.F_1.O/8dj6__1__1.C__1.F_1.O_ligand.pdb
  No symmetry contacts found — writing non-symm receptor only
  -> no_symmetry_contacts

Processing 8djv__1__1.A__1.B_1.C_1.D (proper chain: 1.D)
  Downloading https://files.rcsb.org/download/8djv.cif
  Ligand written: /home/rquiroga/github/runs-n-poses/runs-n-poses-datasets/symmetry_corrected/8djv__1__1.A__1.B_1.C_1.D/8djv__1__1.A__1.B_1.C_1.D_ligand.pdb
  No symmetry contacts found — writing non-symm receptor only
  -> no_symmetry_contacts

Processing 8dk4__1__1.A__1.C (proper chain: 1.C)
  Downloading https://files.rcsb.org/download/8dk4.cif
  Ligand written: /home/rquiroga/github/runs-n-poses/runs-n-poses-datasets/symmetry_corrected/8dk4__1__1.A__1.C/8dk4__1__1.A__1.C_ligand.pdb
  No symmetry contacts found — writing non-symm receptor only
  -> no_symmetry_contacts

Processing 8dkt__1__1.A_1.B__1.D_1.E (proper chain: 1.D)
  Downloading https://files.rcsb.org/download/8dkt.cif
  Ligand written: /home/rquiroga/github/runs-n-poses/runs-n-poses-datasets/symmetry_corrected/8dkt__1__1.A_1.B__1.D_1.E/8dkt__1__1.A_1.B__1.D_1.E_ligand.pdb
  No symmetry contacts found — writing non-symm receptor only
  -> no_symmetry_contacts

Processing 8dml__1__1.B__1.J (proper chain: 1.J)
  Downloading https://files.rcsb.org/download/8dml.cif
  Ligand written: /home/rquiroga/github/runs-n-poses/runs-n-poses-datasets/symmetry_corrected/8dml__1__1.B__1.J/8dml__1__1.B__1.J_ligand.pdb
  No symmetry contacts found — writing non-symm receptor only
  -> no_symmetry_contacts

Processing 8dmt__1__1.A__1.E (proper chain: 1.E)
  Downloading https://files.rcsb.org/download/8dmt.cif
  Ligand written: /home/rquiroga/github/runs-n-poses/runs-n-poses-datasets/symmetry_corrected/8dmt__1__1.A__1.E/8dmt__1__1.A__1.E_ligand.pdb
  No symmetry contacts found — writing non-symm receptor only
  -> no_symmetry_contacts

Processing 8dmu__1__1.A__1.E_1.H (proper chain: 1.E)
  Downloading https://files.rcsb.org/download/8dmu.cif
  Ligand written: /home/rquiroga/github/runs-n-poses/runs-n-poses-datasets/symmetry_corrected/8dmu__1__1.A__1.E_1.H/8dmu__1__1.A__1.E_1.H_ligand.pdb
  No symmetry contacts found — writing non-symm receptor only
  -> no_symmetry_contacts

Processing 8doc__1__2.A__2.B_2.D_2.E (proper chain: 2.E)
  Downloading https://files.rcsb.org/download/8doc.cif
  Ligand written: /home/rquiroga/github/runs-n-poses/runs-n-poses-datasets/symmetry_corrected/8doc__1__2.A__2.B_2.D_2.E/8doc__1__2.A__2.B_2.D_2.E_ligand.pdb
  No symmetry contacts found — writing non-symm receptor only
  -> no_symmetry_contacts

Processing 8dos__1__1.A_1.B__1.C_1.G (proper chain: 1.C)
  Downloading https://files.rcsb.org/download/8dos.cif
  Ligand written: /home/rquiroga/github/runs-n-poses/runs-n-poses-datasets/symmetry_corrected/8dos__1__1.A_1.B__1.C_1.G/8dos__1__1.A_1.B__1.C_1.G_ligand.pdb
  No symmetry contacts found — writing non-symm receptor only
  -> no_symmetry_contacts

Processing 8dpb__1__1.A_1.B__1.I_1.J (proper chain: 1.I)
  Downloading https://files.rcsb.org/download/8dpb.cif
  Ligand written: /home/rquiroga/github/runs-n-poses/runs-n-poses-datasets/symmetry_corrected/8dpb__1__1.A_1.B__1.I_1.J/8dpb__1__1.A_1.B__1.I_1.J_ligand.pdb
  No symmetry contacts found — writing non-symm receptor only
  -> no_symmetry_contacts

Processing 8dqd__1__1.A__1.B (proper chain: 1.B)
  Downloading https://files.rcsb.org/download/8dqd.cif
  Ligand written: /home/rquiroga/github/runs-n-poses/runs-n-poses-datasets/symmetry_corrected/8dqd__1__1.A__1.B/8dqd__1__1.A__1.B_ligand.pdb
  No symmetry contacts found — writing non-symm receptor only
  -> no_symmetry_contacts

Processing 8dqh__1__1.B__1.J_1.K_1.L (proper chain: 1.J)
  Downloading https://files.rcsb.org/download/8dqh.cif
  Ligand written: /home/rquiroga/github/runs-n-poses/runs-n-poses-datasets/symmetry_corrected/8dqh__1__1.B__1.J_1.K_1.L/8dqh__1__1.B__1.J_1.K_1.L_ligand.pdb
  No symmetry contacts found — writing non-symm receptor only
  -> no_symmetry_contacts

Processing 8dqs__1__1.A__1.B_1.C_1.D (proper chain: 1.D)
  Downloading https://files.rcsb.org/download/8dqs.cif
  Ligand written: /home/rquiroga/github/runs-n-poses/runs-n-poses-datasets/symmetry_corrected/8dqs__1__1.A__1.B_1.C_1.D/8dqs__1__1.A__1.B_1.C_1.D_ligand.pdb
  No symmetry contacts found — writing non-symm receptor only
  -> no_symmetry_contacts

Processing 8dsc__1__1.B__1.L (proper chain: 1.L)
  Downloading https://files.rcsb.org/download/8dsc.cif
  Ligand written: /home/rquiroga/github/runs-n-poses/runs-n-poses-datasets/symmetry_corrected/8dsc__1__1.B__1.L/8dsc__1__1.B__1.L_ligand.pdb
  No symmetry contacts found — writing non-symm receptor only
  -> no_symmetry_contacts

Processing 8dsh__1__1.A_1.B__1.C (proper chain: 1.C)
  Downloading https://files.rcsb.org/download/8dsh.cif
  Ligand written: /home/rquiroga/github/runs-n-poses/runs-n-poses-datasets/symmetry_corrected/8dsh__1__1.A_1.B__1.C/8dsh__1__1.A_1.B__1.C_ligand.pdb
  No symmetry contacts found — writing non-symm receptor only
  -> no_symmetry_contacts

Processing 8dsm__1__1.A_1.B__1.J (proper chain: 1.J)
  Downloading https://files.rcsb.org/download/8dsm.cif
  Ligand written: /home/rquiroga/github/runs-n-poses/runs-n-poses-datasets/symmetry_corrected/8dsm__1__1.A_1.B__1.J/8dsm__1__1.A_1.B__1.J_ligand.pdb
  No symmetry contacts found — writing non-symm receptor only
  -> no_symmetry_contacts

Processing 8dsr__1__1.A__1.C (proper chain: 1.C)
  Downloading https://files.rcsb.org/download/8dsr.cif
  Ligand written: /home/rquiroga/github/runs-n-poses/runs-n-poses-datasets/symmetry_corrected/8dsr__1__1.A__1.C/8dsr__1__1.A__1.C_ligand.pdb
  No symmetry contacts found — writing non-symm receptor only
  -> no_symmetry_contacts

Processing 8dt1__1__1.B__1.J_1.K (proper chain: 1.J)
  Downloading https://files.rcsb.org/download/8dt1.cif
  Ligand written: /home/rquiroga/github/runs-n-poses/runs-n-poses-datasets/symmetry_corrected/8dt1__1__1.B__1.J_1.K/8dt1__1__1.B__1.J_1.K_ligand.pdb
  No symmetry contacts found — writing non-symm receptor only
  -> no_symmetry_contacts

Processing 8dt5__1__1.B__1.I_1.M_1.O (proper chain: 1.O)
  Downloading https://files.rcsb.org/download/8dt5.cif
  Ligand written: /home/rquiroga/github/runs-n-poses/runs-n-poses-datasets/symmetry_corrected/8dt5__1__1.B__1.I_1.M_1.O/8dt5__1__1.B__1.I_1.M_1.O_ligand.pdb
  No symmetry contacts found — writing non-symm receptor only
  -> no_symmetry_contacts

Processing 8du3__1__1.A__1.B (proper chain: 1.B)
  Downloading https://files.rcsb.org/download/8du3.cif
  Ligand written: /home/rquiroga/github/runs-n-poses/runs-n-poses-datasets/symmetry_corrected/8du3__1__1.A__1.B/8du3__1__1.A__1.B_ligand.pdb
  No symmetry contacts found — writing non-symm receptor only
  -> no_symmetry_contacts

Processing 8du6__1__1.B__1.D (proper chain: 1.D)
  Downloading https://files.rcsb.org/download/8du6.cif
  Ligand written: /home/rquiroga/github/runs-n-poses/runs-n-poses-datasets/symmetry_corrected/8du6__1__1.B__1.D/8du6__1__1.B__1.D_ligand.pdb
  No symmetry contacts found — writing non-symm receptor only
  -> no_symmetry_contacts

Processing 8du8__1__1.A__1.C (proper chain: 1.C)
  Downloading https://files.rcsb.org/download/8du8.cif
  Ligand written: /home/rquiroga/github/runs-n-poses/runs-n-poses-datasets/symmetry_corrected/8du8__1__1.A__1.C/8du8__1__1.A__1.C_ligand.pdb
  No symmetry contacts found — writing non-symm receptor only
  -> no_symmetry_contacts

Processing 8du9__1__1.B__1.D (proper chain: 1.D)
  Downloading https://files.rcsb.org/download/8du9.cif
  Ligand written: /home/rquiroga/github/runs-n-poses/runs-n-poses-datasets/symmetry_corrected/8du9__1__1.B__1.D/8du9__1__1.B__1.D_ligand.pdb
  No symmetry contacts found — writing non-symm receptor only
  -> no_symmetry_contacts

Processing 8dub__1__1.A__1.C (proper chain: 1.C)
  Downloading https://files.rcsb.org/download/8dub.cif
  Ligand written: /home/rquiroga/github/runs-n-poses/runs-n-poses-datasets/symmetry_corrected/8dub__1__1.A__1.C/8dub__1__1.A__1.C_ligand.pdb
  No symmetry contacts found — writing non-symm receptor only
  -> no_symmetry_contacts

Processing 8duh__1__1.A__1.C (proper chain: 1.C)
  Downloading https://files.rcsb.org/download/8duh.cif
  Ligand written: /home/rquiroga/github/runs-n-poses/runs-n-poses-datasets/symmetry_corrected/8duh__1__1.A__1.C/8duh__1__1.A__1.C_ligand.pdb
  No symmetry contacts found — writing non-symm receptor only
  -> no_symmetry_contacts

Processing 8dui__1__1.A__1.C (proper chain: 1.C)
  Downloading https://files.rcsb.org/download/8dui.cif
  Ligand written: /home/rquiroga/github/runs-n-poses/runs-n-poses-datasets/symmetry_corrected/8dui__1__1.A__1.C/8dui__1__1.A__1.C_ligand.pdb
  No symmetry contacts found — writing non-symm receptor only
  -> no_symmetry_contacts

Processing 8duk__1__1.A__1.E (proper chain: 1.E)
  Downloading https://files.rcsb.org/download/8duk.cif
  Ligand written: /home/rquiroga/github/runs-n-poses/runs-n-poses-datasets/symmetry_corrected/8duk__1__1.A__1.E/8duk__1__1.A__1.E_ligand.pdb
  No symmetry contacts found — writing non-symm receptor only
  -> no_symmetry_contacts

Processing 8dv7__1__1.B__1.D (proper chain: 1.D)
  Downloading https://files.rcsb.org/download/8dv7.cif
  Ligand written: /home/rquiroga/github/runs-n-poses/runs-n-poses-datasets/symmetry_corrected/8dv7__1__1.B__1.D/8dv7__1__1.B__1.D_ligand.pdb
  No symmetry contacts found — writing non-symm receptor only
  -> no_symmetry_contacts

Processing 8dv8__1__1.A__1.C (proper chain: 1.C)
  Downloading https://files.rcsb.org/download/8dv8.cif
  Ligand written: /home/rquiroga/github/runs-n-poses/runs-n-poses-datasets/symmetry_corrected/8dv8__1__1.A__1.C/8dv8__1__1.A__1.C_ligand.pdb
  No symmetry contacts found — writing non-symm receptor only
  -> no_symmetry_contacts

Processing 8dvh__1__1.A__1.C_1.D (proper chain: 1.C)
  Downloading https://files.rcsb.org/download/8dvh.cif
  Ligand written: /home/rquiroga/github/runs-n-poses/runs-n-poses-datasets/symmetry_corrected/8dvh__1__1.A__1.C_1.D/8dvh__1__1.A__1.C_1.D_ligand.pdb
  No symmetry contacts found — writing non-symm receptor only
  -> no_symmetry_contacts

Processing 8dvo__1__1.A__1.B_1.C_1.D (proper chain: 1.D)
  Downloading https://files.rcsb.org/download/8dvo.cif
  Ligand written: /home/rquiroga/github/runs-n-poses/runs-n-poses-datasets/symmetry_corrected/8dvo__1__1.A__1.B_1.C_1.D/8dvo__1__1.A__1.B_1.C_1.D_ligand.pdb
  No symmetry contacts found — writing non-symm receptor only
  -> no_symmetry_contacts

Processing 8dxk__1__1.A_1.B__1.C (proper chain: 1.C)
  Downloading https://files.rcsb.org/download/8dxk.cif
  Ligand written: /home/rquiroga/github/runs-n-poses/runs-n-poses-datasets/symmetry_corrected/8dxk__1__1.A_1.B__1.C/8dxk__1__1.A_1.B__1.C_ligand.pdb
  No symmetry contacts found — writing non-symm receptor only
  -> no_symmetry_contacts

Processing 8e0h__1__1.A__1.C (proper chain: 1.C)
  Downloading https://files.rcsb.org/download/8e0h.cif
  Ligand written: /home/rquiroga/github/runs-n-poses/runs-n-poses-datasets/symmetry_corrected/8e0h__1__1.A__1.C/8e0h__1__1.A__1.C_ligand.pdb
  No symmetry contacts found — writing non-symm receptor only
  -> no_symmetry_contacts

Processing 8e0t__1__1.C__1.F (proper chain: 1.F)
  Downloading https://files.rcsb.org/download/8e0t.cif
  Ligand written: /home/rquiroga/github/runs-n-poses/runs-n-poses-datasets/symmetry_corrected/8e0t__1__1.C__1.F/8e0t__1__1.C__1.F_ligand.pdb
  No symmetry contacts found — writing non-symm receptor only
  -> no_symmetry_contacts

Processing 8e1h__1__1.A__1.C_1.E_1.F (proper chain: 1.C)
  Downloading https://files.rcsb.org/download/8e1h.cif
  Ligand written: /home/rquiroga/github/runs-n-poses/runs-n-poses-datasets/symmetry_corrected/8e1h__1__1.A__1.C_1.E_1.F/8e1h__1__1.A__1.C_1.E_1.F_ligand.pdb
  No symmetry contacts found — writing non-symm receptor only
  -> no_symmetry_contacts

Processing 8e1o__1__1.A__1.D (proper chain: 1.D)
  Downloading https://files.rcsb.org/download/8e1o.cif
  Ligand written: /home/rquiroga/github/runs-n-poses/runs-n-poses-datasets/symmetry_corrected/8e1o__1__1.A__1.D/8e1o__1__1.A__1.D_ligand.pdb
  No symmetry contacts found — writing non-symm receptor only
  -> no_symmetry_contacts

Processing 8e1t__1__1.A__1.C_1.E (proper chain: 1.C)
  Downloading https://files.rcsb.org/download/8e1t.cif
  Ligand written: /home/rquiroga/github/runs-n-poses/runs-n-poses-datasets/symmetry_corrected/8e1t__1__1.A__1.C_1.E/8e1t__1__1.A__1.C_1.E_ligand.pdb
  No symmetry contacts found — writing non-symm receptor only
  -> no_symmetry_contacts

Processing 8e1t__1__1.A__1.D (proper chain: 1.D)
  Ligand written: /home/rquiroga/github/runs-n-poses/runs-n-poses-datasets/symmetry_corrected/8e1t__1__1.A__1.D/8e1t__1__1.A__1.D_ligand.pdb
  No symmetry contacts found — writing non-symm receptor only
  -> no_symmetry_contacts

Processing 8e1x__1__1.A__1.C (proper chain: 1.C)
  Downloading https://files.rcsb.org/download/8e1x.cif
  Ligand written: /home/rquiroga/github/runs-n-poses/runs-n-poses-datasets/symmetry_corrected/8e1x__1__1.A__1.C/8e1x__1__1.A__1.C_ligand.pdb
  No symmetry contacts found — writing non-symm receptor only
  -> no_symmetry_contacts

Processing 8e4s__1__1.A__1.B_1.C_1.D (proper chain: 1.D)
  Downloading https://files.rcsb.org/download/8e4s.cif
  Ligand written: /home/rquiroga/github/runs-n-poses/runs-n-poses-datasets/symmetry_corrected/8e4s__1__1.A__1.B_1.C_1.D/8e4s__1__1.A__1.B_1.C_1.D_ligand.pdb
  No symmetry contacts found — writing non-symm receptor only
  -> no_symmetry_contacts

Processing 8e5i__1__1.A__1.B_1.E (proper chain: 1.B)
  Downloading https://files.rcsb.org/download/8e5i.cif
  Ligand written: /home/rquiroga/github/runs-n-poses/runs-n-poses-datasets/symmetry_corrected/8e5i__1__1.A__1.B_1.E/8e5i__1__1.A__1.B_1.E_ligand.pdb
  No symmetry contacts found — writing non-symm receptor only
  -> no_symmetry_contacts

Processing 8e5m__1__1.A_1.E__1.U (proper chain: 1.U)
  Downloading https://files.rcsb.org/download/8e5m.cif
  Ligand written: /home/rquiroga/github/runs-n-poses/runs-n-poses-datasets/symmetry_corrected/8e5m__1__1.A_1.E__1.U/8e5m__1__1.A_1.E__1.U_ligand.pdb
  No symmetry contacts found — writing non-symm receptor only
  -> no_symmetry_contacts

Processing 8e80__1__1.A__1.B (proper chain: 1.B)
  Downloading https://files.rcsb.org/download/8e80.cif
  Ligand written: /home/rquiroga/github/runs-n-poses/runs-n-poses-datasets/symmetry_corrected/8e80__1__1.A__1.B/8e80__1__1.A__1.B_ligand.pdb
  No symmetry contacts found — writing non-symm receptor only
  -> no_symmetry_contacts

Processing 8e81__1__1.A__1.B (proper chain: 1.B)
  Downloading https://files.rcsb.org/download/8e81.cif
  Ligand written: /home/rquiroga/github/runs-n-poses/runs-n-poses-datasets/symmetry_corrected/8e81__1__1.A__1.B/8e81__1__1.A__1.B_ligand.pdb
  No symmetry contacts found — writing non-symm receptor only
  -> no_symmetry_contacts

Processing 8e9r__1__1.A_1.B__1.E_1.F (proper chain: 1.F)
  Downloading https://files.rcsb.org/download/8e9r.cif
  Ligand written: /home/rquiroga/github/runs-n-poses/runs-n-poses-datasets/symmetry_corrected/8e9r__1__1.A_1.B__1.E_1.F/8e9r__1__1.A_1.B__1.E_1.F_ligand.pdb
  No symmetry contacts found — writing non-symm receptor only
  -> no_symmetry_contacts

Processing 8ea6__1__1.A_1.B__1.C (proper chain: 1.C)
  Downloading https://files.rcsb.org/download/8ea6.cif
  Ligand written: /home/rquiroga/github/runs-n-poses/runs-n-poses-datasets/symmetry_corrected/8ea6__1__1.A_1.B__1.C/8ea6__1__1.A_1.B__1.C_ligand.pdb
  No symmetry contacts found — writing non-symm receptor only
  -> no_symmetry_contacts

Processing 8efj__1__1.A__1.D (proper chain: 1.D)
  Downloading https://files.rcsb.org/download/8efj.cif
  Ligand written: /home/rquiroga/github/runs-n-poses/runs-n-poses-datasets/symmetry_corrected/8efj__1__1.A__1.D/8efj__1__1.A__1.D_ligand.pdb
  No symmetry contacts found — writing non-symm receptor only
  -> no_symmetry_contacts

Processing 8egf__1__1.A__1.B_1.C (proper chain: 1.B)
  Downloading https://files.rcsb.org/download/8egf.cif
  Ligand written: /home/rquiroga/github/runs-n-poses/runs-n-poses-datasets/symmetry_corrected/8egf__1__1.A__1.B_1.C/8egf__1__1.A__1.B_1.C_ligand.pdb
  No symmetry contacts found — writing non-symm receptor only
  -> no_symmetry_contacts

Processing 8egz__1__1.B__1.I (proper chain: 1.I)
  Downloading https://files.rcsb.org/download/8egz.cif
  Ligand written: /home/rquiroga/github/runs-n-poses/runs-n-poses-datasets/symmetry_corrected/8egz__1__1.B__1.I/8egz__1__1.B__1.I_ligand.pdb
  No symmetry contacts found — writing non-symm receptor only
  -> no_symmetry_contacts

Processing 8eip__1__1.C__1.K_1.L (proper chain: 1.K)
  Downloading https://files.rcsb.org/download/8eip.cif
  Ligand written: /home/rquiroga/github/runs-n-poses/runs-n-poses-datasets/symmetry_corrected/8eip__1__1.C__1.K_1.L/8eip__1__1.C__1.K_1.L_ligand.pdb
  No symmetry contacts found — writing non-symm receptor only
  -> no_symmetry_contacts

Processing 8emu__1__1.A__1.E (proper chain: 1.E)
  Downloading https://files.rcsb.org/download/8emu.cif
  Ligand written: /home/rquiroga/github/runs-n-poses/runs-n-poses-datasets/symmetry_corrected/8emu__1__1.A__1.E/8emu__1__1.A__1.E_ligand.pdb
  No symmetry contacts found — writing non-symm receptor only
  -> no_symmetry_contacts

Processing 8eni__1__2.A__2.B (proper chain: 2.B)
  Downloading https://files.rcsb.org/download/8eni.cif
  Ligand written: /home/rquiroga/github/runs-n-poses/runs-n-poses-datasets/symmetry_corrected/8eni__1__2.A__2.B/8eni__1__2.A__2.B_ligand.pdb
  No symmetry contacts found — writing non-symm receptor only
  -> no_symmetry_contacts

Processing 8eq9__1__1.A__1.B (proper chain: 1.B)
  Downloading https://files.rcsb.org/download/8eq9.cif
  Ligand written: /home/rquiroga/github/runs-n-poses/runs-n-poses-datasets/symmetry_corrected/8eq9__1__1.A__1.B/8eq9__1__1.A__1.B_ligand.pdb
  No symmetry contacts found — writing non-symm receptor only
  -> no_symmetry_contacts

Processing 8eqz__1__1.A__1.C (proper chain: 1.C)
  Downloading https://files.rcsb.org/download/8eqz.cif
  Ligand written: /home/rquiroga/github/runs-n-poses/runs-n-poses-datasets/symmetry_corrected/8eqz__1__1.A__1.C/8eqz__1__1.A__1.C_ligand.pdb
  No symmetry contacts found — writing non-symm receptor only
  -> no_symmetry_contacts

Processing 8erb__1__1.A_1.C__1.Q (proper chain: 1.Q)
  Downloading https://files.rcsb.org/download/8erb.cif
  Ligand written: /home/rquiroga/github/runs-n-poses/runs-n-poses-datasets/symmetry_corrected/8erb__1__1.A_1.C__1.Q/8erb__1__1.A_1.C__1.Q_ligand.pdb
  No symmetry contacts found — writing non-symm receptor only
  -> no_symmetry_contacts

Processing 8erd__1__1.A__1.B (proper chain: 1.B)
  Downloading https://files.rcsb.org/download/8erd.cif
  Ligand written: /home/rquiroga/github/runs-n-poses/runs-n-poses-datasets/symmetry_corrected/8erd__1__1.A__1.B/8erd__1__1.A__1.B_ligand.pdb
  No symmetry contacts found — writing non-symm receptor only
  -> no_symmetry_contacts

Processing 8erj__1__1.A_2.C__1.I (proper chain: 1.I)
  Downloading https://files.rcsb.org/download/8erj.cif
  Ligand written: /home/rquiroga/github/runs-n-poses/runs-n-poses-datasets/symmetry_corrected/8erj__1__1.A_2.C__1.I/8erj__1__1.A_2.C__1.I_ligand.pdb
  No symmetry contacts found — writing non-symm receptor only
  -> no_symmetry_contacts

Processing 8et0__1__1.B__1.L (proper chain: 1.L)
  Downloading https://files.rcsb.org/download/8et0.cif
  Ligand written: /home/rquiroga/github/runs-n-poses/runs-n-poses-datasets/symmetry_corrected/8et0__1__1.B__1.L/8et0__1__1.B__1.L_ligand.pdb
  No symmetry contacts found — writing non-symm receptor only
  -> no_symmetry_contacts

Processing 8etd__1__1.B__1.E_1.F (proper chain: 1.F)
  Downloading https://files.rcsb.org/download/8etd.cif
  Ligand written: /home/rquiroga/github/runs-n-poses/runs-n-poses-datasets/symmetry_corrected/8etd__1__1.B__1.E_1.F/8etd__1__1.B__1.E_1.F_ligand.pdb
  No symmetry contacts found — writing non-symm receptor only
  -> no_symmetry_contacts

Processing 8etl__1__1.A__1.C (proper chain: 1.C)
  Downloading https://files.rcsb.org/download/8etl.cif
  Ligand written: /home/rquiroga/github/runs-n-poses/runs-n-poses-datasets/symmetry_corrected/8etl__1__1.A__1.C/8etl__1__1.A__1.C_ligand.pdb
  No symmetry contacts found — writing non-symm receptor only
  -> no_symmetry_contacts

Processing 8euk__1__1.A__1.B_1.M (proper chain: 1.B)
  Downloading https://files.rcsb.org/download/8euk.cif
  Ligand written: /home/rquiroga/github/runs-n-poses/runs-n-poses-datasets/symmetry_corrected/8euk__1__1.A__1.B_1.M/8euk__1__1.A__1.B_1.M_ligand.pdb
  No symmetry contacts found — writing non-symm receptor only
  -> no_symmetry_contacts

Processing 8ewz__1__1.A__1.B_1.C_1.H (proper chain: 1.B)
  Downloading https://files.rcsb.org/download/8ewz.cif
  Ligand written: /home/rquiroga/github/runs-n-poses/runs-n-poses-datasets/symmetry_corrected/8ewz__1__1.A__1.B_1.C_1.H/8ewz__1__1.A__1.B_1.C_1.H_ligand.pdb
  No symmetry contacts found — writing non-symm receptor only
  -> no_symmetry_contacts

Processing 8ex1__1__1.A__1.B (proper chain: 1.B)
  Downloading https://files.rcsb.org/download/8ex1.cif
  Ligand written: /home/rquiroga/github/runs-n-poses/runs-n-poses-datasets/symmetry_corrected/8ex1__1__1.A__1.B/8ex1__1__1.A__1.B_ligand.pdb
  No symmetry contacts found — writing non-symm receptor only
  -> no_symmetry_contacts

Processing 8ex2__1__1.A__1.B (proper chain: 1.B)
  Downloading https://files.rcsb.org/download/8ex2.cif
  Ligand written: /home/rquiroga/github/runs-n-poses/runs-n-poses-datasets/symmetry_corrected/8ex2__1__1.A__1.B/8ex2__1__1.A__1.B_ligand.pdb
  No symmetry contacts found — writing non-symm receptor only
  -> no_symmetry_contacts

Processing 8ex3__1__1.A__1.B_1.C (proper chain: 1.C)
  Downloading https://files.rcsb.org/download/8ex3.cif
  Ligand written: /home/rquiroga/github/runs-n-poses/runs-n-poses-datasets/symmetry_corrected/8ex3__1__1.A__1.B_1.C/8ex3__1__1.A__1.B_1.C_ligand.pdb
  No symmetry contacts found — writing non-symm receptor only
  -> no_symmetry_contacts

Processing 8exl__1__1.A__1.B (proper chain: 1.B)
  Downloading https://files.rcsb.org/download/8exl.cif
  Ligand written: /home/rquiroga/github/runs-n-poses/runs-n-poses-datasets/symmetry_corrected/8exl__1__1.A__1.B/8exl__1__1.A__1.B_ligand.pdb
  No symmetry contacts found — writing non-symm receptor only
  -> no_symmetry_contacts

Processing 8exu__1__1.A__1.B (proper chain: 1.B)
  Downloading https://files.rcsb.org/download/8exu.cif
  Ligand written: /home/rquiroga/github/runs-n-poses/runs-n-poses-datasets/symmetry_corrected/8exu__1__1.A__1.B/8exu__1__1.A__1.B_ligand.pdb
  No symmetry contacts found — writing non-symm receptor only
  -> no_symmetry_contacts

Processing 8ez1__1__1.A_1.B__1.D (proper chain: 1.D)
  Downloading https://files.rcsb.org/download/8ez1.cif
  Ligand written: /home/rquiroga/github/runs-n-poses/runs-n-poses-datasets/symmetry_corrected/8ez1__1__1.A_1.B__1.D/8ez1__1__1.A_1.B__1.D_ligand.pdb
  No symmetry contacts found — writing non-symm receptor only
  -> no_symmetry_contacts

Processing 8f1g__1__1.A__1.C (proper chain: 1.C)
  Downloading https://files.rcsb.org/download/8f1g.cif
  Ligand written: /home/rquiroga/github/runs-n-poses/runs-n-poses-datasets/symmetry_corrected/8f1g__1__1.A__1.C/8f1g__1__1.A__1.C_ligand.pdb
  No symmetry contacts found — writing non-symm receptor only
  -> no_symmetry_contacts

Processing 8f1z__1__1.A__1.B (proper chain: 1.B)
  Downloading https://files.rcsb.org/download/8f1z.cif
  Ligand written: /home/rquiroga/github/runs-n-poses/runs-n-poses-datasets/symmetry_corrected/8f1z__1__1.A__1.B/8f1z__1__1.A__1.B_ligand.pdb
  No symmetry contacts found — writing non-symm receptor only
  -> no_symmetry_contacts

Processing 8f4q__1__1.A__1.F (proper chain: 1.F)
  Downloading https://files.rcsb.org/download/8f4q.cif
  Ligand written: /home/rquiroga/github/runs-n-poses/runs-n-poses-datasets/symmetry_corrected/8f4q__1__1.A__1.F/8f4q__1__1.A__1.F_ligand.pdb
  No symmetry contacts found — writing non-symm receptor only
  -> no_symmetry_contacts

Processing 8f4s__1__1.A__1.D_1.E (proper chain: 1.D)
  Downloading https://files.rcsb.org/download/8f4s.cif
  Ligand written: /home/rquiroga/github/runs-n-poses/runs-n-poses-datasets/symmetry_corrected/8f4s__1__1.A__1.D_1.E/8f4s__1__1.A__1.D_1.E_ligand.pdb
  No symmetry contacts found — writing non-symm receptor only
  -> no_symmetry_contacts

Processing 8f5v__1__1.A_1.B__1.C_1.D (proper chain: 1.C)
  Downloading https://files.rcsb.org/download/8f5v.cif
  Ligand written: /home/rquiroga/github/runs-n-poses/runs-n-poses-datasets/symmetry_corrected/8f5v__1__1.A_1.B__1.C_1.D/8f5v__1__1.A_1.B__1.C_1.D_ligand.pdb
  No symmetry contacts found — writing non-symm receptor only
  -> no_symmetry_contacts

Processing 8f71__1__1.B__1.E_1.F (proper chain: 1.E)
  Downloading https://files.rcsb.org/download/8f71.cif
  Ligand written: /home/rquiroga/github/runs-n-poses/runs-n-poses-datasets/symmetry_corrected/8f71__1__1.B__1.E_1.F/8f71__1__1.B__1.E_1.F_ligand.pdb
  No symmetry contacts found — writing non-symm receptor only
  -> no_symmetry_contacts

Processing 8f73__1__1.A__1.I_1.K (proper chain: 1.I)
  Downloading https://files.rcsb.org/download/8f73.cif
  Ligand written: /home/rquiroga/github/runs-n-poses/runs-n-poses-datasets/symmetry_corrected/8f73__1__1.A__1.I_1.K/8f73__1__1.A__1.I_1.K_ligand.pdb
  No symmetry contacts found — writing non-symm receptor only
  -> no_symmetry_contacts

Processing 8f8e__1__1.A__1.C (proper chain: 1.C)
  Downloading https://files.rcsb.org/download/8f8e.cif
  Ligand written: /home/rquiroga/github/runs-n-poses/runs-n-poses-datasets/symmetry_corrected/8f8e__1__1.A__1.C/8f8e__1__1.A__1.C_ligand.pdb
  No symmetry contacts found — writing non-symm receptor only
  -> no_symmetry_contacts

Processing 8f8k__1__1.A__1.F_1.G_1.I_1.J_1.K (proper chain: 1.F)
  Downloading https://files.rcsb.org/download/8f8k.cif
  Ligand written: /home/rquiroga/github/runs-n-poses/runs-n-poses-datasets/symmetry_corrected/8f8k__1__1.A__1.F_1.G_1.I_1.J_1.K/8f8k__1__1.A__1.F_1.G_1.I_1.J_1.K_ligand.pdb
  No symmetry contacts found — writing non-symm receptor only
  -> no_symmetry_contacts

Processing 8f8l__1__1.A__1.B_1.D_1.E (proper chain: 1.B)
  Downloading https://files.rcsb.org/download/8f8l.cif
  Ligand written: /home/rquiroga/github/runs-n-poses/runs-n-poses-datasets/symmetry_corrected/8f8l__1__1.A__1.B_1.D_1.E/8f8l__1__1.A__1.B_1.D_1.E_ligand.pdb
  No symmetry contacts found — writing non-symm receptor only
  -> no_symmetry_contacts

Processing 8f8m__1__1.A__1.C (proper chain: 1.C)
  Downloading https://files.rcsb.org/download/8f8m.cif
  Ligand written: /home/rquiroga/github/runs-n-poses/runs-n-poses-datasets/symmetry_corrected/8f8m__1__1.A__1.C/8f8m__1__1.A__1.C_ligand.pdb
  Found 2 symmetry operations with contacts
  Receptor (symm) written: /home/rquiroga/github/runs-n-poses/runs-n-poses-datasets/symmetry_corrected/8f8m__1__1.A__1.C/8f8m__1__1.A__1.C_receptor_symm.pdb
  Total chains in output: 5
  -> ok

Processing 8fb1__1__1.A__1.C (proper chain: 1.C)
  Downloading https://files.rcsb.org/download/8fb1.cif
  Ligand written: /home/rquiroga/github/runs-n-poses/runs-n-poses-datasets/symmetry_corrected/8fb1__1__1.A__1.C/8fb1__1__1.A__1.C_ligand.pdb
  No symmetry contacts found — writing non-symm receptor only
  -> no_symmetry_contacts

Processing 8fb1__1__1.A__1.D (proper chain: 1.D)
  Ligand written: /home/rquiroga/github/runs-n-poses/runs-n-poses-datasets/symmetry_corrected/8fb1__1__1.A__1.D/8fb1__1__1.A__1.D_ligand.pdb
  No symmetry contacts found — writing non-symm receptor only
  -> no_symmetry_contacts

Processing 8fcd__1__1.A_1.B__1.C (proper chain: 1.C)
  Downloading https://files.rcsb.org/download/8fcd.cif
  Ligand written: /home/rquiroga/github/runs-n-poses/runs-n-poses-datasets/symmetry_corrected/8fcd__1__1.A_1.B__1.C/8fcd__1__1.A_1.B__1.C_ligand.pdb
  No symmetry contacts found — writing non-symm receptor only
  -> no_symmetry_contacts

Processing 8fe6__1__1.A__1.I (proper chain: 1.I)
  Downloading https://files.rcsb.org/download/8fe6.cif
  Ligand written: /home/rquiroga/github/runs-n-poses/runs-n-poses-datasets/symmetry_corrected/8fe6__1__1.A__1.I/8fe6__1__1.A__1.I_ligand.pdb
  No symmetry contacts found — writing non-symm receptor only
  -> no_symmetry_contacts

Processing 8fe8__1__1.A_1.B__1.C (proper chain: 1.C)
  Downloading https://files.rcsb.org/download/8fe8.cif
  Ligand written: /home/rquiroga/github/runs-n-poses/runs-n-poses-datasets/symmetry_corrected/8fe8__1__1.A_1.B__1.C/8fe8__1__1.A_1.B__1.C_ligand.pdb
  No symmetry contacts found — writing non-symm receptor only
  -> no_symmetry_contacts

Processing 8fe9__1__1.A__1.B (proper chain: 1.B)
  Downloading https://files.rcsb.org/download/8fe9.cif
  Ligand written: /home/rquiroga/github/runs-n-poses/runs-n-poses-datasets/symmetry_corrected/8fe9__1__1.A__1.B/8fe9__1__1.A__1.B_ligand.pdb
  No symmetry contacts found — writing non-symm receptor only
  -> no_symmetry_contacts

Processing 8fgz__1__1.A__1.B (proper chain: 1.B)
  Downloading https://files.rcsb.org/download/8fgz.cif
  Ligand written: /home/rquiroga/github/runs-n-poses/runs-n-poses-datasets/symmetry_corrected/8fgz__1__1.A__1.B/8fgz__1__1.A__1.B_ligand.pdb
  No symmetry contacts found — writing non-symm receptor only
  -> no_symmetry_contacts

Processing 8fh4__1__1.A__1.E (proper chain: 1.E)
  Downloading https://files.rcsb.org/download/8fh4.cif
  Ligand written: /home/rquiroga/github/runs-n-poses/runs-n-poses-datasets/symmetry_corrected/8fh4__1__1.A__1.E/8fh4__1__1.A__1.E_ligand.pdb
  No symmetry contacts found — writing non-symm receptor only
  -> no_symmetry_contacts

Processing 8fjz__1__1.C__1.I (proper chain: 1.I)
  Downloading https://files.rcsb.org/download/8fjz.cif
  Ligand written: /home/rquiroga/github/runs-n-poses/runs-n-poses-datasets/symmetry_corrected/8fjz__1__1.C__1.I/8fjz__1__1.C__1.I_ligand.pdb
  No symmetry contacts found — writing non-symm receptor only
  -> no_symmetry_contacts

Processing 8fko__1__1.C__1.I (proper chain: 1.I)
  Downloading https://files.rcsb.org/download/8fko.cif
  Ligand written: /home/rquiroga/github/runs-n-poses/runs-n-poses-datasets/symmetry_corrected/8fko__1__1.C__1.I/8fko__1__1.C__1.I_ligand.pdb
  No symmetry contacts found — writing non-symm receptor only
  -> no_symmetry_contacts

Processing 8fly__1__1.A__1.K (proper chain: 1.K)
  Downloading https://files.rcsb.org/download/8fly.cif
  Ligand written: /home/rquiroga/github/runs-n-poses/runs-n-poses-datasets/symmetry_corrected/8fly__1__1.A__1.K/8fly__1__1.A__1.K_ligand.pdb
  No symmetry contacts found — writing non-symm receptor only
  -> no_symmetry_contacts

Processing 8flz__1__1.A__1.K (proper chain: 1.K)
  Downloading https://files.rcsb.org/download/8flz.cif
  Ligand written: /home/rquiroga/github/runs-n-poses/runs-n-poses-datasets/symmetry_corrected/8flz__1__1.A__1.K/8flz__1__1.A__1.K_ligand.pdb
  No symmetry contacts found — writing non-symm receptor only
  -> no_symmetry_contacts

Processing 8fm0__1__1.A__1.K (proper chain: 1.K)
  Downloading https://files.rcsb.org/download/8fm0.cif
  Ligand written: /home/rquiroga/github/runs-n-poses/runs-n-poses-datasets/symmetry_corrected/8fm0__1__1.A__1.K/8fm0__1__1.A__1.K_ligand.pdb
  No symmetry contacts found — writing non-symm receptor only
  -> no_symmetry_contacts

Processing 8fm2__1__1.A__1.K (proper chain: 1.K)
  Downloading https://files.rcsb.org/download/8fm2.cif
  Ligand written: /home/rquiroga/github/runs-n-poses/runs-n-poses-datasets/symmetry_corrected/8fm2__1__1.A__1.K/8fm2__1__1.A__1.K_ligand.pdb
  No symmetry contacts found — writing non-symm receptor only
  -> no_symmetry_contacts

Processing 8fm3__1__1.A__1.K (proper chain: 1.K)
  Downloading https://files.rcsb.org/download/8fm3.cif
  Ligand written: /home/rquiroga/github/runs-n-poses/runs-n-poses-datasets/symmetry_corrected/8fm3__1__1.A__1.K/8fm3__1__1.A__1.K_ligand.pdb
  No symmetry contacts found — writing non-symm receptor only
  -> no_symmetry_contacts

Processing 8fm4__1__1.A__1.K (proper chain: 1.K)
  Downloading https://files.rcsb.org/download/8fm4.cif
  Ligand written: /home/rquiroga/github/runs-n-poses/runs-n-poses-datasets/symmetry_corrected/8fm4__1__1.A__1.K/8fm4__1__1.A__1.K_ligand.pdb
  No symmetry contacts found — writing non-symm receptor only
  -> no_symmetry_contacts

Processing 8fm5__1__1.A__1.K (proper chain: 1.K)
  Downloading https://files.rcsb.org/download/8fm5.cif
  Ligand written: /home/rquiroga/github/runs-n-poses/runs-n-poses-datasets/symmetry_corrected/8fm5__1__1.A__1.K/8fm5__1__1.A__1.K_ligand.pdb
  No symmetry contacts found — writing non-symm receptor only
  -> no_symmetry_contacts

Processing 8fm7__1__1.A__1.K (proper chain: 1.K)
  Downloading https://files.rcsb.org/download/8fm7.cif
  Ligand written: /home/rquiroga/github/runs-n-poses/runs-n-poses-datasets/symmetry_corrected/8fm7__1__1.A__1.K/8fm7__1__1.A__1.K_ligand.pdb
  No symmetry contacts found — writing non-symm receptor only
  -> no_symmetry_contacts

Processing 8fm8__1__1.A__1.K (proper chain: 1.K)
  Downloading https://files.rcsb.org/download/8fm8.cif
  Ligand written: /home/rquiroga/github/runs-n-poses/runs-n-poses-datasets/symmetry_corrected/8fm8__1__1.A__1.K/8fm8__1__1.A__1.K_ligand.pdb
  No symmetry contacts found — writing non-symm receptor only
  -> no_symmetry_contacts

Processing 8fmf__1__1.C_1.D__1.R_1.X (proper chain: 1.R)
  Downloading https://files.rcsb.org/download/8fmf.cif
  Ligand written: /home/rquiroga/github/runs-n-poses/runs-n-poses-datasets/symmetry_corrected/8fmf__1__1.C_1.D__1.R_1.X/8fmf__1__1.C_1.D__1.R_1.X_ligand.pdb
  No symmetry contacts found — writing non-symm receptor only
  -> no_symmetry_contacts

Processing 8fo5__1__1.A_1.B__1.E (proper chain: 1.E)
  Downloading https://files.rcsb.org/download/8fo5.cif
  Ligand written: /home/rquiroga/github/runs-n-poses/runs-n-poses-datasets/symmetry_corrected/8fo5__1__1.A_1.B__1.E/8fo5__1__1.A_1.B__1.E_ligand.pdb
  No symmetry contacts found — writing non-symm receptor only
  -> no_symmetry_contacts

Processing 8fp1__1__1.A__1.B (proper chain: 1.B)
  Downloading https://files.rcsb.org/download/8fp1.cif
  Ligand written: /home/rquiroga/github/runs-n-poses/runs-n-poses-datasets/symmetry_corrected/8fp1__1__1.A__1.B/8fp1__1__1.A__1.B_ligand.pdb
  No symmetry contacts found — writing non-symm receptor only
  -> no_symmetry_contacts

Processing 8fp5__1__1.A__1.C_1.D (proper chain: 1.C)
  Downloading https://files.rcsb.org/download/8fp5.cif
  Ligand written: /home/rquiroga/github/runs-n-poses/runs-n-poses-datasets/symmetry_corrected/8fp5__1__1.A__1.C_1.D/8fp5__1__1.A__1.C_1.D_ligand.pdb
  No symmetry contacts found — writing non-symm receptor only
  -> no_symmetry_contacts

Processing 8fqx__1__1.A__1.B_1.C (proper chain: 1.C)
  Downloading https://files.rcsb.org/download/8fqx.cif
  Ligand written: /home/rquiroga/github/runs-n-poses/runs-n-poses-datasets/symmetry_corrected/8fqx__1__1.A__1.B_1.C/8fqx__1__1.A__1.B_1.C_ligand.pdb
  Found 1 symmetry operations with contacts
  Receptor (symm) written: /home/rquiroga/github/runs-n-poses/runs-n-poses-datasets/symmetry_corrected/8fqx__1__1.A__1.B_1.C/8fqx__1__1.A__1.B_1.C_receptor_symm.pdb
  Total chains in output: 4
  -> ok

Processing 8fsi__1__1.A__1.B_1.C_1.D_1.F (proper chain: 1.C)
  Downloading https://files.rcsb.org/download/8fsi.cif
  Ligand written: /home/rquiroga/github/runs-n-poses/runs-n-poses-datasets/symmetry_corrected/8fsi__1__1.A__1.B_1.C_1.D_1.F/8fsi__1__1.A__1.B_1.C_1.D_1.F_ligand.pdb
  No symmetry contacts found — writing non-symm receptor only
  -> no_symmetry_contacts

Processing 8ftr__1__2.A__2.B (proper chain: 2.B)
  Downloading https://files.rcsb.org/download/8ftr.cif
  Ligand written: /home/rquiroga/github/runs-n-poses/runs-n-poses-datasets/symmetry_corrected/8ftr__1__2.A__2.B/8ftr__1__2.A__2.B_ligand.pdb
  No symmetry contacts found — writing non-symm receptor only
  -> no_symmetry_contacts

Processing 8fv7__1__2.A_2.B__2.C_2.D (proper chain: 2.C)
  Downloading https://files.rcsb.org/download/8fv7.cif
  Ligand written: /home/rquiroga/github/runs-n-poses/runs-n-poses-datasets/symmetry_corrected/8fv7__1__2.A_2.B__2.C_2.D/8fv7__1__2.A_2.B__2.C_2.D_ligand.pdb
  No symmetry contacts found — writing non-symm receptor only
  -> no_symmetry_contacts

Processing 8fve__1__1.A_2.A_2.B__2.E_2.I (proper chain: 2.E)
  Downloading https://files.rcsb.org/download/8fve.cif
  Ligand written: /home/rquiroga/github/runs-n-poses/runs-n-poses-datasets/symmetry_corrected/8fve__1__1.A_2.A_2.B__2.E_2.I/8fve__1__1.A_2.A_2.B__2.E_2.I_ligand.pdb
  Found 1 symmetry operations with contacts
  Receptor (symm) written: /home/rquiroga/github/runs-n-poses/runs-n-poses-datasets/symmetry_corrected/8fve__1__1.A_2.A_2.B__2.E_2.I/8fve__1__1.A_2.A_2.B__2.E_2.I_receptor_symm.pdb
  Total chains in output: 7
  -> ok

Processing 8fwp__1__1.A_1.B__1.D_1.E (proper chain: 1.D)
  Downloading https://files.rcsb.org/download/8fwp.cif
  Ligand written: /home/rquiroga/github/runs-n-poses/runs-n-poses-datasets/symmetry_corrected/8fwp__1__1.A_1.B__1.D_1.E/8fwp__1__1.A_1.B__1.D_1.E_ligand.pdb
  No symmetry contacts found — writing non-symm receptor only
  -> no_symmetry_contacts

Processing 8fwz__1__1.B__1.E (proper chain: 1.E)
  Downloading https://files.rcsb.org/download/8fwz.cif
  Ligand written: /home/rquiroga/github/runs-n-poses/runs-n-poses-datasets/symmetry_corrected/8fwz__1__1.B__1.E/8fwz__1__1.B__1.E_ligand.pdb
  No symmetry contacts found — writing non-symm receptor only
  -> no_symmetry_contacts

Processing 8fx1__1__1.A__1.C (proper chain: 1.C)
  Downloading https://files.rcsb.org/download/8fx1.cif
  Ligand written: /home/rquiroga/github/runs-n-poses/runs-n-poses-datasets/symmetry_corrected/8fx1__1__1.A__1.C/8fx1__1__1.A__1.C_ligand.pdb
  No symmetry contacts found — writing non-symm receptor only
  -> no_symmetry_contacts

Processing 8fx2__1__1.B__1.D (proper chain: 1.D)
  Downloading https://files.rcsb.org/download/8fx2.cif
  Ligand written: /home/rquiroga/github/runs-n-poses/runs-n-poses-datasets/symmetry_corrected/8fx2__1__1.B__1.D/8fx2__1__1.B__1.D_ligand.pdb
  No symmetry contacts found — writing non-symm receptor only
  -> no_symmetry_contacts

Processing 8fx3__1__1.B__1.D (proper chain: 1.D)
  Downloading https://files.rcsb.org/download/8fx3.cif
  Ligand written: /home/rquiroga/github/runs-n-poses/runs-n-poses-datasets/symmetry_corrected/8fx3__1__1.B__1.D/8fx3__1__1.B__1.D_ligand.pdb
  No symmetry contacts found — writing non-symm receptor only
  -> no_symmetry_contacts

Processing 8fxn__1__1.A__1.B (proper chain: 1.B)
  Downloading https://files.rcsb.org/download/8fxn.cif
  Ligand written: /home/rquiroga/github/runs-n-poses/runs-n-poses-datasets/symmetry_corrected/8fxn__1__1.A__1.B/8fxn__1__1.A__1.B_ligand.pdb
  No symmetry contacts found — writing non-symm receptor only
  -> no_symmetry_contacts

Processing 8fy7__1__1.A_1.B__1.C (proper chain: 1.C)
  Downloading https://files.rcsb.org/download/8fy7.cif
  Ligand written: /home/rquiroga/github/runs-n-poses/runs-n-poses-datasets/symmetry_corrected/8fy7__1__1.A_1.B__1.C/8fy7__1__1.A_1.B__1.C_ligand.pdb
  No symmetry contacts found — writing non-symm receptor only
  -> no_symmetry_contacts

Processing 8fz1__1__1.A__1.G_1.I_1.K (proper chain: 1.G)
  Downloading https://files.rcsb.org/download/8fz1.cif
  Ligand written: /home/rquiroga/github/runs-n-poses/runs-n-poses-datasets/symmetry_corrected/8fz1__1__1.A__1.G_1.I_1.K/8fz1__1__1.A__1.G_1.I_1.K_ligand.pdb
  No symmetry contacts found — writing non-symm receptor only
  -> no_symmetry_contacts

Processing 8g20__1__1.A__1.C_1.D_1.G (proper chain: 1.C)
  Downloading https://files.rcsb.org/download/8g20.cif
  Ligand written: /home/rquiroga/github/runs-n-poses/runs-n-poses-datasets/symmetry_corrected/8g20__1__1.A__1.C_1.D_1.G/8g20__1__1.A__1.C_1.D_1.G_ligand.pdb
  No symmetry contacts found — writing non-symm receptor only
  -> no_symmetry_contacts

Processing 8g3e__1__1.A__1.C (proper chain: 1.C)
  Downloading https://files.rcsb.org/download/8g3e.cif
  Ligand written: /home/rquiroga/github/runs-n-poses/runs-n-poses-datasets/symmetry_corrected/8g3e__1__1.A__1.C/8g3e__1__1.A__1.C_ligand.pdb
  No symmetry contacts found — writing non-symm receptor only
  -> no_symmetry_contacts

Processing 8g3s__1__1.A__1.E (proper chain: 1.E)
  Downloading https://files.rcsb.org/download/8g3s.cif
  Ligand written: /home/rquiroga/github/runs-n-poses/runs-n-poses-datasets/symmetry_corrected/8g3s__1__1.A__1.E/8g3s__1__1.A__1.E_ligand.pdb
  Found 1 symmetry operations with contacts
  Receptor (symm) written: /home/rquiroga/github/runs-n-poses/runs-n-poses-datasets/symmetry_corrected/8g3s__1__1.A__1.E/8g3s__1__1.A__1.E_receptor_symm.pdb
  Total chains in output: 3
  -> ok

Processing 8g4a__1__1.A_1.B__1.C (proper chain: 1.C)
  Downloading https://files.rcsb.org/download/8g4a.cif
  Ligand written: /home/rquiroga/github/runs-n-poses/runs-n-poses-datasets/symmetry_corrected/8g4a__1__1.A_1.B__1.C/8g4a__1__1.A_1.B__1.C_ligand.pdb
  No symmetry contacts found — writing non-symm receptor only
  -> no_symmetry_contacts

Processing 8g62__1__1.A__1.F_1.J_1.L (proper chain: 1.F)
  Downloading https://files.rcsb.org/download/8g62.cif
  Ligand written: /home/rquiroga/github/runs-n-poses/runs-n-poses-datasets/symmetry_corrected/8g62__1__1.A__1.F_1.J_1.L/8g62__1__1.A__1.F_1.J_1.L_ligand.pdb
  No symmetry contacts found — writing non-symm receptor only
  -> no_symmetry_contacts

Processing 8g63__1__1.A__1.B (proper chain: 1.B)
  Downloading https://files.rcsb.org/download/8g63.cif
  Ligand written: /home/rquiroga/github/runs-n-poses/runs-n-poses-datasets/symmetry_corrected/8g63__1__1.A__1.B/8g63__1__1.A__1.B_ligand.pdb
  No symmetry contacts found — writing non-symm receptor only
  -> no_symmetry_contacts

Processing 8g68__1__1.A__1.C (proper chain: 1.C)
  Downloading https://files.rcsb.org/download/8g68.cif
  Ligand written: /home/rquiroga/github/runs-n-poses/runs-n-poses-datasets/symmetry_corrected/8g68__1__1.A__1.C/8g68__1__1.A__1.C_ligand.pdb
  No symmetry contacts found — writing non-symm receptor only
  -> no_symmetry_contacts

Processing 8g69__1__1.A__1.C (proper chain: 1.C)
  Downloading https://files.rcsb.org/download/8g69.cif
  Ligand written: /home/rquiroga/github/runs-n-poses/runs-n-poses-datasets/symmetry_corrected/8g69__1__1.A__1.C/8g69__1__1.A__1.C_ligand.pdb
  No symmetry contacts found — writing non-symm receptor only
  -> no_symmetry_contacts

Processing 8g8o__1__1.B__1.E (proper chain: 1.E)
  Downloading https://files.rcsb.org/download/8g8o.cif
  Ligand written: /home/rquiroga/github/runs-n-poses/runs-n-poses-datasets/symmetry_corrected/8g8o__1__1.B__1.E/8g8o__1__1.B__1.E_ligand.pdb
  No symmetry contacts found — writing non-symm receptor only
  -> no_symmetry_contacts

Processing 8g8x__1__1.A__1.C (proper chain: 1.C)
  Downloading https://files.rcsb.org/download/8g8x.cif
  Ligand written: /home/rquiroga/github/runs-n-poses/runs-n-poses-datasets/symmetry_corrected/8g8x__1__1.A__1.C/8g8x__1__1.A__1.C_ligand.pdb
  No symmetry contacts found — writing non-symm receptor only
  -> no_symmetry_contacts

Processing 8g9d__1__1.A__1.B (proper chain: 1.B)
  Downloading https://files.rcsb.org/download/8g9d.cif
  Ligand written: /home/rquiroga/github/runs-n-poses/runs-n-poses-datasets/symmetry_corrected/8g9d__1__1.A__1.B/8g9d__1__1.A__1.B_ligand.pdb
  No symmetry contacts found — writing non-symm receptor only
  -> no_symmetry_contacts

Processing 8gcz__1__1.A__1.N (proper chain: 1.N)
  Downloading https://files.rcsb.org/download/8gcz.cif
  Ligand written: /home/rquiroga/github/runs-n-poses/runs-n-poses-datasets/symmetry_corrected/8gcz__1__1.A__1.N/8gcz__1__1.A__1.N_ligand.pdb
  Found 1 symmetry operations with contacts
  Receptor (symm) written: /home/rquiroga/github/runs-n-poses/runs-n-poses-datasets/symmetry_corrected/8gcz__1__1.A__1.N/8gcz__1__1.A__1.N_receptor_symm.pdb
  Total chains in output: 3
  -> ok

Processing 8gdk__1__1.A__1.O (proper chain: 1.O)
  Downloading https://files.rcsb.org/download/8gdk.cif
  Ligand written: /home/rquiroga/github/runs-n-poses/runs-n-poses-datasets/symmetry_corrected/8gdk__1__1.A__1.O/8gdk__1__1.A__1.O_ligand.pdb
  Found 1 symmetry operations with contacts
  Receptor (symm) written: /home/rquiroga/github/runs-n-poses/runs-n-poses-datasets/symmetry_corrected/8gdk__1__1.A__1.O/8gdk__1__1.A__1.O_receptor_symm.pdb
  Total chains in output: 3
  -> ok

Processing 8gds__1__1.A__1.E (proper chain: 1.E)
  Downloading https://files.rcsb.org/download/8gds.cif
  Ligand written: /home/rquiroga/github/runs-n-poses/runs-n-poses-datasets/symmetry_corrected/8gds__1__1.A__1.E/8gds__1__1.A__1.E_ligand.pdb
  No symmetry contacts found — writing non-symm receptor only
  -> no_symmetry_contacts

Processing 8gem__1__1.A__1.B (proper chain: 1.B)
  Downloading https://files.rcsb.org/download/8gem.cif
  Ligand written: /home/rquiroga/github/runs-n-poses/runs-n-poses-datasets/symmetry_corrected/8gem__1__1.A__1.B/8gem__1__1.A__1.B_ligand.pdb
  No symmetry contacts found — writing non-symm receptor only
  -> no_symmetry_contacts

Processing 8gen__1__2.A_3.A__3.B (proper chain: 3.B)
  Downloading https://files.rcsb.org/download/8gen.cif
  Ligand written: /home/rquiroga/github/runs-n-poses/runs-n-poses-datasets/symmetry_corrected/8gen__1__2.A_3.A__3.B/8gen__1__2.A_3.A__3.B_ligand.pdb
  Found 1 symmetry operations with contacts
  Receptor (symm) written: /home/rquiroga/github/runs-n-poses/runs-n-poses-datasets/symmetry_corrected/8gen__1__2.A_3.A__3.B/8gen__1__2.A_3.A__3.B_receptor_symm.pdb
  Total chains in output: 5
  -> ok

Processing 8get__1__1.C__1.M (proper chain: 1.M)
  Downloading https://files.rcsb.org/download/8get.cif
  Ligand written: /home/rquiroga/github/runs-n-poses/runs-n-poses-datasets/symmetry_corrected/8get__1__1.C__1.M/8get__1__1.C__1.M_ligand.pdb
  No symmetry contacts found — writing non-symm receptor only
  -> no_symmetry_contacts

Processing 8geu__1__1.A__1.B (proper chain: 1.B)
  Downloading https://files.rcsb.org/download/8geu.cif
  Ligand written: /home/rquiroga/github/runs-n-poses/runs-n-poses-datasets/symmetry_corrected/8geu__1__1.A__1.B/8geu__1__1.A__1.B_ligand.pdb
  No symmetry contacts found — writing non-symm receptor only
  -> no_symmetry_contacts

Processing 8gev__1__1.A__1.B (proper chain: 1.B)
  Downloading https://files.rcsb.org/download/8gev.cif
  Ligand written: /home/rquiroga/github/runs-n-poses/runs-n-poses-datasets/symmetry_corrected/8gev__1__1.A__1.B/8gev__1__1.A__1.B_ligand.pdb
  No symmetry contacts found — writing non-symm receptor only
  -> no_symmetry_contacts

Processing 8gez__1__1.A__1.B (proper chain: 1.B)
  Downloading https://files.rcsb.org/download/8gez.cif
  Ligand written: /home/rquiroga/github/runs-n-poses/runs-n-poses-datasets/symmetry_corrected/8gez__1__1.A__1.B/8gez__1__1.A__1.B_ligand.pdb
  No symmetry contacts found — writing non-symm receptor only
  -> no_symmetry_contacts

Processing 8gf0__1__1.A__1.B (proper chain: 1.B)
  Downloading https://files.rcsb.org/download/8gf0.cif
  Ligand written: /home/rquiroga/github/runs-n-poses/runs-n-poses-datasets/symmetry_corrected/8gf0__1__1.A__1.B/8gf0__1__1.A__1.B_ligand.pdb
  No symmetry contacts found — writing non-symm receptor only
  -> no_symmetry_contacts

Processing 8gfd__1__1.A__1.B (proper chain: 1.B)
  Downloading https://files.rcsb.org/download/8gfd.cif
  Ligand written: /home/rquiroga/github/runs-n-poses/runs-n-poses-datasets/symmetry_corrected/8gfd__1__1.A__1.B/8gfd__1__1.A__1.B_ligand.pdb
  No symmetry contacts found — writing non-symm receptor only
  -> no_symmetry_contacts

Processing 8gff__1__1.A__1.B (proper chain: 1.B)
  Downloading https://files.rcsb.org/download/8gff.cif
  Ligand written: /home/rquiroga/github/runs-n-poses/runs-n-poses-datasets/symmetry_corrected/8gff__1__1.A__1.B/8gff__1__1.A__1.B_ligand.pdb
  No symmetry contacts found — writing non-symm receptor only
  -> no_symmetry_contacts

Processing 8gfg__1__1.A__1.B (proper chain: 1.B)
  Downloading https://files.rcsb.org/download/8gfg.cif
  Ligand written: /home/rquiroga/github/runs-n-poses/runs-n-poses-datasets/symmetry_corrected/8gfg__1__1.A__1.B/8gfg__1__1.A__1.B_ligand.pdb
  No symmetry contacts found — writing non-symm receptor only
  -> no_symmetry_contacts

Processing 8gfq__1__1.A__1.B (proper chain: 1.B)
  Downloading https://files.rcsb.org/download/8gfq.cif
  Ligand written: /home/rquiroga/github/runs-n-poses/runs-n-poses-datasets/symmetry_corrected/8gfq__1__1.A__1.B/8gfq__1__1.A__1.B_ligand.pdb
  No symmetry contacts found — writing non-symm receptor only
  -> no_symmetry_contacts

Processing 8gfs__1__1.A__1.B (proper chain: 1.B)
  Downloading https://files.rcsb.org/download/8gfs.cif
  Ligand written: /home/rquiroga/github/runs-n-poses/runs-n-poses-datasets/symmetry_corrected/8gfs__1__1.A__1.B/8gfs__1__1.A__1.B_ligand.pdb
  No symmetry contacts found — writing non-symm receptor only
  -> no_symmetry_contacts

Processing 8gja__1__1.A_1.B__1.G_1.H (proper chain: 1.G)
  Downloading https://files.rcsb.org/download/8gja.cif
  Ligand written: /home/rquiroga/github/runs-n-poses/runs-n-poses-datasets/symmetry_corrected/8gja__1__1.A_1.B__1.G_1.H/8gja__1__1.A_1.B__1.G_1.H_ligand.pdb
  No symmetry contacts found — writing non-symm receptor only
  -> no_symmetry_contacts

Processing 8gjb__1__1.B__1.G_1.H (proper chain: 1.G)
  Downloading https://files.rcsb.org/download/8gjb.cif
  Ligand written: /home/rquiroga/github/runs-n-poses/runs-n-poses-datasets/symmetry_corrected/8gjb__1__1.B__1.G_1.H/8gjb__1__1.B__1.G_1.H_ligand.pdb
  No symmetry contacts found — writing non-symm receptor only
  -> no_symmetry_contacts

Processing 8gju__1__1.A_1.B_1.C__1.K_1.L (proper chain: 1.K)
  Downloading https://files.rcsb.org/download/8gju.cif
  Ligand written: /home/rquiroga/github/runs-n-poses/runs-n-poses-datasets/symmetry_corrected/8gju__1__1.A_1.B_1.C__1.K_1.L/8gju__1__1.A_1.B_1.C__1.K_1.L_ligand.pdb
  No symmetry contacts found — writing non-symm receptor only
  -> no_symmetry_contacts

Processing 8gkf__1__1.A__1.J (proper chain: 1.J)
  Downloading https://files.rcsb.org/download/8gkf.cif
  Ligand written: /home/rquiroga/github/runs-n-poses/runs-n-poses-datasets/symmetry_corrected/8gkf__1__1.A__1.J/8gkf__1__1.A__1.J_ligand.pdb
  No symmetry contacts found — writing non-symm receptor only
  -> no_symmetry_contacts

Processing 8gkt__1__1.A_1.B__1.E (proper chain: 1.E)
  Downloading https://files.rcsb.org/download/8gkt.cif
  Ligand written: /home/rquiroga/github/runs-n-poses/runs-n-poses-datasets/symmetry_corrected/8gkt__1__1.A_1.B__1.E/8gkt__1__1.A_1.B__1.E_ligand.pdb
  No symmetry contacts found — writing non-symm receptor only
  -> no_symmetry_contacts

Processing 8gm5__1__1.A__1.D (proper chain: 1.D)
  Downloading https://files.rcsb.org/download/8gm5.cif
  Ligand written: /home/rquiroga/github/runs-n-poses/runs-n-poses-datasets/symmetry_corrected/8gm5__1__1.A__1.D/8gm5__1__1.A__1.D_ligand.pdb
  No symmetry contacts found — writing non-symm receptor only
  -> no_symmetry_contacts

Processing 8gne__1__1.A__1.B (proper chain: 1.B)
  Downloading https://files.rcsb.org/download/8gne.cif
  Ligand written: /home/rquiroga/github/runs-n-poses/runs-n-poses-datasets/symmetry_corrected/8gne__1__1.A__1.B/8gne__1__1.A__1.B_ligand.pdb
  No symmetry contacts found — writing non-symm receptor only
  -> no_symmetry_contacts

Processing 8gne__1__1.A__1.E (proper chain: 1.E)
  Ligand written: /home/rquiroga/github/runs-n-poses/runs-n-poses-datasets/symmetry_corrected/8gne__1__1.A__1.E/8gne__1__1.A__1.E_ligand.pdb
  No symmetry contacts found — writing non-symm receptor only
  -> no_symmetry_contacts

Processing 8goy__1__1.A_1.B__1.E (proper chain: 1.E)
  Downloading https://files.rcsb.org/download/8goy.cif
  Ligand written: /home/rquiroga/github/runs-n-poses/runs-n-poses-datasets/symmetry_corrected/8goy__1__1.A_1.B__1.E/8goy__1__1.A_1.B__1.E_ligand.pdb
  No symmetry contacts found — writing non-symm receptor only
  -> no_symmetry_contacts

Processing 8gpc__1__1.A__1.C_1.D_1.E (proper chain: 1.E)
  Downloading https://files.rcsb.org/download/8gpc.cif
  Ligand written: /home/rquiroga/github/runs-n-poses/runs-n-poses-datasets/symmetry_corrected/8gpc__1__1.A__1.C_1.D_1.E/8gpc__1__1.A__1.C_1.D_1.E_ligand.pdb
  No symmetry contacts found — writing non-symm receptor only
  -> no_symmetry_contacts

Processing 8gpd__1__1.A__1.C_1.D_1.E (proper chain: 1.E)
  Downloading https://files.rcsb.org/download/8gpd.cif
  Ligand written: /home/rquiroga/github/runs-n-poses/runs-n-poses-datasets/symmetry_corrected/8gpd__1__1.A__1.C_1.D_1.E/8gpd__1__1.A__1.C_1.D_1.E_ligand.pdb
  No symmetry contacts found — writing non-symm receptor only
  -> no_symmetry_contacts

Processing 8gpe__1__1.A__1.C_1.D_1.E (proper chain: 1.E)
  Downloading https://files.rcsb.org/download/8gpe.cif
  Ligand written: /home/rquiroga/github/runs-n-poses/runs-n-poses-datasets/symmetry_corrected/8gpe__1__1.A__1.C_1.D_1.E/8gpe__1__1.A__1.C_1.D_1.E_ligand.pdb
  No symmetry contacts found — writing non-symm receptor only
  -> no_symmetry_contacts

Processing 8grw__1__1.A_1.B__1.C_1.D (proper chain: 1.D)
  Downloading https://files.rcsb.org/download/8grw.cif
  Ligand written: /home/rquiroga/github/runs-n-poses/runs-n-poses-datasets/symmetry_corrected/8grw__1__1.A_1.B__1.C_1.D/8grw__1__1.A_1.B__1.C_1.D_ligand.pdb
  No symmetry contacts found — writing non-symm receptor only
  -> no_symmetry_contacts

Processing 8gtg__1__1.A__1.C (proper chain: 1.C)
  Downloading https://files.rcsb.org/download/8gtg.cif
  Ligand written: /home/rquiroga/github/runs-n-poses/runs-n-poses-datasets/symmetry_corrected/8gtg__1__1.A__1.C/8gtg__1__1.A__1.C_ligand.pdb
  No symmetry contacts found — writing non-symm receptor only
  -> no_symmetry_contacts

Processing 8gti__1__1.A__1.H (proper chain: 1.H)
  Downloading https://files.rcsb.org/download/8gti.cif
  Ligand written: /home/rquiroga/github/runs-n-poses/runs-n-poses-datasets/symmetry_corrected/8gti__1__1.A__1.H/8gti__1__1.A__1.H_ligand.pdb
  No symmetry contacts found — writing non-symm receptor only
  -> no_symmetry_contacts

Processing 8gtm__1__1.A__1.C (proper chain: 1.C)
  Downloading https://files.rcsb.org/download/8gtm.cif
  Ligand written: /home/rquiroga/github/runs-n-poses/runs-n-poses-datasets/symmetry_corrected/8gtm__1__1.A__1.C/8gtm__1__1.A__1.C_ligand.pdb
  No symmetry contacts found — writing non-symm receptor only
  -> no_symmetry_contacts

Processing 8gtv__1__1.A_2.B__2.D (proper chain: 2.D)
  Downloading https://files.rcsb.org/download/8gtv.cif
  Ligand written: /home/rquiroga/github/runs-n-poses/runs-n-poses-datasets/symmetry_corrected/8gtv__1__1.A_2.B__2.D/8gtv__1__1.A_2.B__2.D_ligand.pdb
  No symmetry contacts found — writing non-symm receptor only
  -> no_symmetry_contacts

Processing 8gu1__1__1.A_1.B__1.D (proper chain: 1.D)
  Downloading https://files.rcsb.org/download/8gu1.cif
  Ligand written: /home/rquiroga/github/runs-n-poses/runs-n-poses-datasets/symmetry_corrected/8gu1__1__1.A_1.B__1.D/8gu1__1__1.A_1.B__1.D_ligand.pdb
  No symmetry contacts found — writing non-symm receptor only
  -> no_symmetry_contacts

Processing 8gvj__1__1.A__1.B (proper chain: 1.B)
  Downloading https://files.rcsb.org/download/8gvj.cif
  Ligand written: /home/rquiroga/github/runs-n-poses/runs-n-poses-datasets/symmetry_corrected/8gvj__1__1.A__1.B/8gvj__1__1.A__1.B_ligand.pdb
  No symmetry contacts found — writing non-symm receptor only
  -> no_symmetry_contacts

Processing 8gwd__1__2.A__2.B_2.C (proper chain: 2.C)
  Downloading https://files.rcsb.org/download/8gwd.cif
  Ligand written: /home/rquiroga/github/runs-n-poses/runs-n-poses-datasets/symmetry_corrected/8gwd__1__2.A__2.B_2.C/8gwd__1__2.A__2.B_2.C_ligand.pdb
  No symmetry contacts found — writing non-symm receptor only
  -> no_symmetry_contacts

Processing 8gww__1__1.A__1.C (proper chain: 1.C)
  Downloading https://files.rcsb.org/download/8gww.cif
  Ligand written: /home/rquiroga/github/runs-n-poses/runs-n-poses-datasets/symmetry_corrected/8gww__1__1.A__1.C/8gww__1__1.A__1.C_ligand.pdb
  No symmetry contacts found — writing non-symm receptor only
  -> no_symmetry_contacts

Processing 8gyd__1__1.A_1.B__1.K (proper chain: 1.K)
  Downloading https://files.rcsb.org/download/8gyd.cif
  Ligand written: /home/rquiroga/github/runs-n-poses/runs-n-poses-datasets/symmetry_corrected/8gyd__1__1.A_1.B__1.K/8gyd__1__1.A_1.B__1.K_ligand.pdb
  No symmetry contacts found — writing non-symm receptor only
  -> no_symmetry_contacts

Processing 8gyj__1__1.A_1.B__1.D_1.I (proper chain: 1.I)
  Downloading https://files.rcsb.org/download/8gyj.cif
  Ligand written: /home/rquiroga/github/runs-n-poses/runs-n-poses-datasets/symmetry_corrected/8gyj__1__1.A_1.B__1.D_1.I/8gyj__1__1.A_1.B__1.D_1.I_ligand.pdb
  No symmetry contacts found — writing non-symm receptor only
  -> no_symmetry_contacts

Processing 8gzc__1__1.A__1.F (proper chain: 1.F)
  Downloading https://files.rcsb.org/download/8gzc.cif
  Ligand written: /home/rquiroga/github/runs-n-poses/runs-n-poses-datasets/symmetry_corrected/8gzc__1__1.A__1.F/8gzc__1__1.A__1.F_ligand.pdb
  No symmetry contacts found — writing non-symm receptor only
  -> no_symmetry_contacts

Processing 8h17__1__1.A__1.B_1.C (proper chain: 1.C)
  Downloading https://files.rcsb.org/download/8h17.cif
  Ligand written: /home/rquiroga/github/runs-n-poses/runs-n-poses-datasets/symmetry_corrected/8h17__1__1.A__1.B_1.C/8h17__1__1.A__1.B_1.C_ligand.pdb
  No symmetry contacts found — writing non-symm receptor only
  -> no_symmetry_contacts

Processing 8h2b__1__1.C_1.D__1.M_1.N (proper chain: 1.M)
  Downloading https://files.rcsb.org/download/8h2b.cif
  Ligand written: /home/rquiroga/github/runs-n-poses/runs-n-poses-datasets/symmetry_corrected/8h2b__1__1.C_1.D__1.M_1.N/8h2b__1__1.C_1.D__1.M_1.N_ligand.pdb
  No symmetry contacts found — writing non-symm receptor only
  -> no_symmetry_contacts

Processing 8h4q__1__1.A__1.C (proper chain: 1.C)
  Downloading https://files.rcsb.org/download/8h4q.cif
  Ligand written: /home/rquiroga/github/runs-n-poses/runs-n-poses-datasets/symmetry_corrected/8h4q__1__1.A__1.C/8h4q__1__1.A__1.C_ligand.pdb
  No symmetry contacts found — writing non-symm receptor only
  -> no_symmetry_contacts

Processing 8h53__1__1.A__1.E_1.F_1.P_1.Q (proper chain: 1.E)
  Downloading https://files.rcsb.org/download/8h53.cif
  Ligand written: /home/rquiroga/github/runs-n-poses/runs-n-poses-datasets/symmetry_corrected/8h53__1__1.A__1.E_1.F_1.P_1.Q/8h53__1__1.A__1.E_1.F_1.P_1.Q_ligand.pdb
  No symmetry contacts found — writing non-symm receptor only
  -> no_symmetry_contacts

Processing 8h59__1__1.A__1.B (proper chain: 1.B)
  Downloading https://files.rcsb.org/download/8h59.cif
  Ligand written: /home/rquiroga/github/runs-n-poses/runs-n-poses-datasets/symmetry_corrected/8h59__1__1.A__1.B/8h59__1__1.A__1.B_ligand.pdb
  No symmetry contacts found — writing non-symm receptor only
  -> no_symmetry_contacts

Processing 8h5y__1__1.A__1.D_1.E (proper chain: 1.D)
  Downloading https://files.rcsb.org/download/8h5y.cif
  Ligand written: /home/rquiroga/github/runs-n-poses/runs-n-poses-datasets/symmetry_corrected/8h5y__1__1.A__1.D_1.E/8h5y__1__1.A__1.D_1.E_ligand.pdb
  No symmetry contacts found — writing non-symm receptor only
  -> no_symmetry_contacts

Processing 8h7r__1__1.A__1.B (proper chain: 1.B)
  Downloading https://files.rcsb.org/download/8h7r.cif
  Ligand written: /home/rquiroga/github/runs-n-poses/runs-n-poses-datasets/symmetry_corrected/8h7r__1__1.A__1.B/8h7r__1__1.A__1.B_ligand.pdb
  No symmetry contacts found — writing non-symm receptor only
  -> no_symmetry_contacts

Processing 8h99__1__1.B__1.H_1.J_1.K (proper chain: 1.H)
  Downloading https://files.rcsb.org/download/8h99.cif
  Ligand written: /home/rquiroga/github/runs-n-poses/runs-n-poses-datasets/symmetry_corrected/8h99__1__1.B__1.H_1.J_1.K/8h99__1__1.B__1.H_1.J_1.K_ligand.pdb
  No symmetry contacts found — writing non-symm receptor only
  -> no_symmetry_contacts

Processing 8haq__1__1.A__1.C (proper chain: 1.C)
  Downloading https://files.rcsb.org/download/8haq.cif
  Ligand written: /home/rquiroga/github/runs-n-poses/runs-n-poses-datasets/symmetry_corrected/8haq__1__1.A__1.C/8haq__1__1.A__1.C_ligand.pdb
  No symmetry contacts found — writing non-symm receptor only
  -> no_symmetry_contacts

Processing 8hcc__1__1.B__1.I_1.J_1.K (proper chain: 1.I)
  Downloading https://files.rcsb.org/download/8hcc.cif
  Ligand written: /home/rquiroga/github/runs-n-poses/runs-n-poses-datasets/symmetry_corrected/8hcc__1__1.B__1.I_1.J_1.K/8hcc__1__1.B__1.I_1.J_1.K_ligand.pdb
  No symmetry contacts found — writing non-symm receptor only
  -> no_symmetry_contacts

Processing 8hcd__1__1.A__1.E_1.F_1.G (proper chain: 1.F)
  Downloading https://files.rcsb.org/download/8hcd.cif
  Ligand written: /home/rquiroga/github/runs-n-poses/runs-n-poses-datasets/symmetry_corrected/8hcd__1__1.A__1.E_1.F_1.G/8hcd__1__1.A__1.E_1.F_1.G_ligand.pdb
  No symmetry contacts found — writing non-symm receptor only
  -> no_symmetry_contacts

Processing 8hch__1__1.C__1.J (proper chain: 1.J)
  Downloading https://files.rcsb.org/download/8hch.cif
  Ligand written: /home/rquiroga/github/runs-n-poses/runs-n-poses-datasets/symmetry_corrected/8hch__1__1.C__1.J/8hch__1__1.C__1.J_ligand.pdb
  No symmetry contacts found — writing non-symm receptor only
  -> no_symmetry_contacts

Processing 8hd3__1__1.A__1.C (proper chain: 1.C)
  Downloading https://files.rcsb.org/download/8hd3.cif
  Ligand written: /home/rquiroga/github/runs-n-poses/runs-n-poses-datasets/symmetry_corrected/8hd3__1__1.A__1.C/8hd3__1__1.A__1.C_ligand.pdb
  No symmetry contacts found — writing non-symm receptor only
  -> no_symmetry_contacts

Processing 8he2__1__1.A__1.B_1.C (proper chain: 1.B)
  Downloading https://files.rcsb.org/download/8he2.cif
  Ligand written: /home/rquiroga/github/runs-n-poses/runs-n-poses-datasets/symmetry_corrected/8he2__1__1.A__1.B_1.C/8he2__1__1.A__1.B_1.C_ligand.pdb
  No symmetry contacts found — writing non-symm receptor only
  -> no_symmetry_contacts

Processing 8he8__1__1.A__1.D_1.E (proper chain: 1.E)
  Downloading https://files.rcsb.org/download/8he8.cif
  Ligand written: /home/rquiroga/github/runs-n-poses/runs-n-poses-datasets/symmetry_corrected/8he8__1__1.A__1.D_1.E/8he8__1__1.A__1.D_1.E_ligand.pdb
  No symmetry contacts found — writing non-symm receptor only
  -> no_symmetry_contacts

Processing 8hf8__1__1.A__1.C (proper chain: 1.C)
  Downloading https://files.rcsb.org/download/8hf8.cif
  Ligand written: /home/rquiroga/github/runs-n-poses/runs-n-poses-datasets/symmetry_corrected/8hf8__1__1.A__1.C/8hf8__1__1.A__1.C_ligand.pdb
  No symmetry contacts found — writing non-symm receptor only
  -> no_symmetry_contacts

Processing 8hfh__1__1.A__1.B_1.C (proper chain: 1.B)
  Downloading https://files.rcsb.org/download/8hfh.cif
  Ligand written: /home/rquiroga/github/runs-n-poses/runs-n-poses-datasets/symmetry_corrected/8hfh__1__1.A__1.B_1.C/8hfh__1__1.A__1.B_1.C_ligand.pdb
  No symmetry contacts found — writing non-symm receptor only
  -> no_symmetry_contacts

Processing 8hfn__1__1.A__1.C_1.D (proper chain: 1.C)
  Downloading https://files.rcsb.org/download/8hfn.cif
  Ligand written: /home/rquiroga/github/runs-n-poses/runs-n-poses-datasets/symmetry_corrected/8hfn__1__1.A__1.C_1.D/8hfn__1__1.A__1.C_1.D_ligand.pdb
  No symmetry contacts found — writing non-symm receptor only
  -> no_symmetry_contacts

Processing 8hgd__1__1.A__1.B_1.C (proper chain: 1.B)
  Downloading https://files.rcsb.org/download/8hgd.cif
  Ligand written: /home/rquiroga/github/runs-n-poses/runs-n-poses-datasets/symmetry_corrected/8hgd__1__1.A__1.B_1.C/8hgd__1__1.A__1.B_1.C_ligand.pdb
  No symmetry contacts found — writing non-symm receptor only
  -> no_symmetry_contacts

Processing 8hjg__1__1.A__1.E_1.F (proper chain: 1.E)
  Downloading https://files.rcsb.org/download/8hjg.cif
  Ligand written: /home/rquiroga/github/runs-n-poses/runs-n-poses-datasets/symmetry_corrected/8hjg__1__1.A__1.E_1.F/8hjg__1__1.A__1.E_1.F_ligand.pdb
  No symmetry contacts found — writing non-symm receptor only
  -> no_symmetry_contacts

Processing 8hkd__1__1.A__1.C_1.D_1.E (proper chain: 1.C)
  Downloading https://files.rcsb.org/download/8hkd.cif
  Ligand written: /home/rquiroga/github/runs-n-poses/runs-n-poses-datasets/symmetry_corrected/8hkd__1__1.A__1.C_1.D_1.E/8hkd__1__1.A__1.C_1.D_1.E_ligand.pdb
  No symmetry contacts found — writing non-symm receptor only
  -> no_symmetry_contacts

Processing 8hko__1__1.A__1.D_1.E_1.G_1.H (proper chain: 1.H)
  Downloading https://files.rcsb.org/download/8hko.cif
  Ligand written: /home/rquiroga/github/runs-n-poses/runs-n-poses-datasets/symmetry_corrected/8hko__1__1.A__1.D_1.E_1.G_1.H/8hko__1__1.A__1.D_1.E_1.G_1.H_ligand.pdb
  No symmetry contacts found — writing non-symm receptor only
  -> no_symmetry_contacts

Processing 8hlj__1__1.A__1.C (proper chain: 1.C)
  Downloading https://files.rcsb.org/download/8hlj.cif
  Ligand written: /home/rquiroga/github/runs-n-poses/runs-n-poses-datasets/symmetry_corrected/8hlj__1__1.A__1.C/8hlj__1__1.A__1.C_ligand.pdb
  No symmetry contacts found — writing non-symm receptor only
  -> no_symmetry_contacts

Processing 8hmn__1__1.A_1.D__1.O_1.P (proper chain: 1.O)
  Downloading https://files.rcsb.org/download/8hmn.cif
  Ligand written: /home/rquiroga/github/runs-n-poses/runs-n-poses-datasets/symmetry_corrected/8hmn__1__1.A_1.D__1.O_1.P/8hmn__1__1.A_1.D__1.O_1.P_ligand.pdb
  No symmetry contacts found — writing non-symm receptor only
  -> no_symmetry_contacts

Processing 8hms__1__1.A__1.E (proper chain: 1.E)
  Downloading https://files.rcsb.org/download/8hms.cif
  Ligand written: /home/rquiroga/github/runs-n-poses/runs-n-poses-datasets/symmetry_corrected/8hms__1__1.A__1.E/8hms__1__1.A__1.E_ligand.pdb
  No symmetry contacts found — writing non-symm receptor only
  -> no_symmetry_contacts

Processing 8ho5__1__1.A__1.B (proper chain: 1.B)
  Downloading https://files.rcsb.org/download/8ho5.cif
  Ligand written: /home/rquiroga/github/runs-n-poses/runs-n-poses-datasets/symmetry_corrected/8ho5__1__1.A__1.B/8ho5__1__1.A__1.B_ligand.pdb
  No symmetry contacts found — writing non-symm receptor only
  -> no_symmetry_contacts

Processing 8ho6__1__1.A__1.B_1.C (proper chain: 1.B)
  Downloading https://files.rcsb.org/download/8ho6.cif
  Ligand written: /home/rquiroga/github/runs-n-poses/runs-n-poses-datasets/symmetry_corrected/8ho6__1__1.A__1.B_1.C/8ho6__1__1.A__1.B_1.C_ligand.pdb
  No symmetry contacts found — writing non-symm receptor only
  -> no_symmetry_contacts

Processing 8hp4__1__1.A_1.B__1.C_1.D (proper chain: 1.C)
  Downloading https://files.rcsb.org/download/8hp4.cif
  Ligand written: /home/rquiroga/github/runs-n-poses/runs-n-poses-datasets/symmetry_corrected/8hp4__1__1.A_1.B__1.C_1.D/8hp4__1__1.A_1.B__1.C_1.D_ligand.pdb
  No symmetry contacts found — writing non-symm receptor only
  -> no_symmetry_contacts

Processing 8hpc__1__1.A_1.H__1.P (proper chain: 1.P)
  Downloading https://files.rcsb.org/download/8hpc.cif
  Ligand written: /home/rquiroga/github/runs-n-poses/runs-n-poses-datasets/symmetry_corrected/8hpc__1__1.A_1.H__1.P/8hpc__1__1.A_1.H__1.P_ligand.pdb
  No symmetry contacts found — writing non-symm receptor only
  -> no_symmetry_contacts

Processing 8hrv__1__1.A_1.B_1.C__1.E_1.H (proper chain: 1.H)
  Downloading https://files.rcsb.org/download/8hrv.cif
  Ligand written: /home/rquiroga/github/runs-n-poses/runs-n-poses-datasets/symmetry_corrected/8hrv__1__1.A_1.B_1.C__1.E_1.H/8hrv__1__1.A_1.B_1.C__1.E_1.H_ligand.pdb
  No symmetry contacts found — writing non-symm receptor only
  -> no_symmetry_contacts

Processing 8htg__1__1.A__1.F_1.G (proper chain: 1.G)
  Downloading https://files.rcsb.org/download/8htg.cif
  Ligand written: /home/rquiroga/github/runs-n-poses/runs-n-poses-datasets/symmetry_corrected/8htg__1__1.A__1.F_1.G/8htg__1__1.A__1.F_1.G_ligand.pdb
  No symmetry contacts found — writing non-symm receptor only
  -> no_symmetry_contacts

Processing 8hu6__1__1.D__1.K_1.L (proper chain: 1.L)
  Downloading https://files.rcsb.org/download/8hu6.cif
  Ligand written: /home/rquiroga/github/runs-n-poses/runs-n-poses-datasets/symmetry_corrected/8hu6__1__1.D__1.K_1.L/8hu6__1__1.D__1.K_1.L_ligand.pdb
  No symmetry contacts found — writing non-symm receptor only
  -> no_symmetry_contacts

Processing 8hul__1__1.A__1.C (proper chain: 1.C)
  Downloading https://files.rcsb.org/download/8hul.cif
  Ligand written: /home/rquiroga/github/runs-n-poses/runs-n-poses-datasets/symmetry_corrected/8hul__1__1.A__1.C/8hul__1__1.A__1.C_ligand.pdb
  No symmetry contacts found — writing non-symm receptor only
  -> no_symmetry_contacts

Processing 8hum__1__1.A__1.C (proper chain: 1.C)
  Downloading https://files.rcsb.org/download/8hum.cif
  Ligand written: /home/rquiroga/github/runs-n-poses/runs-n-poses-datasets/symmetry_corrected/8hum__1__1.A__1.C/8hum__1__1.A__1.C_ligand.pdb
  No symmetry contacts found — writing non-symm receptor only
  -> no_symmetry_contacts

Processing 8huu__1__1.A__1.C (proper chain: 1.C)
  Downloading https://files.rcsb.org/download/8huu.cif
  Ligand written: /home/rquiroga/github/runs-n-poses/runs-n-poses-datasets/symmetry_corrected/8huu__1__1.A__1.C/8huu__1__1.A__1.C_ligand.pdb
  No symmetry contacts found — writing non-symm receptor only
  -> no_symmetry_contacts

Processing 8hx2__1__1.A__1.B_1.C (proper chain: 1.C)
  Downloading https://files.rcsb.org/download/8hx2.cif
  Ligand written: /home/rquiroga/github/runs-n-poses/runs-n-poses-datasets/symmetry_corrected/8hx2__1__1.A__1.B_1.C/8hx2__1__1.A__1.B_1.C_ligand.pdb
  No symmetry contacts found — writing non-symm receptor only
  -> no_symmetry_contacts

Processing 8hx4__1__2.A__2.B_2.C_2.D (proper chain: 2.C)
  Downloading https://files.rcsb.org/download/8hx4.cif
  Ligand written: /home/rquiroga/github/runs-n-poses/runs-n-poses-datasets/symmetry_corrected/8hx4__1__2.A__2.B_2.C_2.D/8hx4__1__2.A__2.B_2.C_2.D_ligand.pdb
  No symmetry contacts found — writing non-symm receptor only
  -> no_symmetry_contacts

Processing 8hx6__1__1.B__1.F (proper chain: 1.F)
  Downloading https://files.rcsb.org/download/8hx6.cif
  Ligand written: /home/rquiroga/github/runs-n-poses/runs-n-poses-datasets/symmetry_corrected/8hx6__1__1.B__1.F/8hx6__1__1.B__1.F_ligand.pdb
  No symmetry contacts found — writing non-symm receptor only
  -> no_symmetry_contacts

Processing 8hxh__1__1.A__1.B_1.C (proper chain: 1.C)
  Downloading https://files.rcsb.org/download/8hxh.cif
  Ligand written: /home/rquiroga/github/runs-n-poses/runs-n-poses-datasets/symmetry_corrected/8hxh__1__1.A__1.B_1.C/8hxh__1__1.A__1.B_1.C_ligand.pdb
  No symmetry contacts found — writing non-symm receptor only
  -> no_symmetry_contacts

Processing 8hxu__1__1.A__1.C_1.D_1.E (proper chain: 1.E)
  Downloading https://files.rcsb.org/download/8hxu.cif
  Ligand written: /home/rquiroga/github/runs-n-poses/runs-n-poses-datasets/symmetry_corrected/8hxu__1__1.A__1.C_1.D_1.E/8hxu__1__1.A__1.C_1.D_1.E_ligand.pdb
  No symmetry contacts found — writing non-symm receptor only
  -> no_symmetry_contacts

Processing 8hy6__1__1.A__1.C_1.D_1.E (proper chain: 1.E)
  Downloading https://files.rcsb.org/download/8hy6.cif
  Ligand written: /home/rquiroga/github/runs-n-poses/runs-n-poses-datasets/symmetry_corrected/8hy6__1__1.A__1.C_1.D_1.E/8hy6__1__1.A__1.C_1.D_1.E_ligand.pdb
  No symmetry contacts found — writing non-symm receptor only
  -> no_symmetry_contacts

Processing 8hyk__1__1.A__1.B_1.C (proper chain: 1.B)
  Downloading https://files.rcsb.org/download/8hyk.cif
  Ligand written: /home/rquiroga/github/runs-n-poses/runs-n-poses-datasets/symmetry_corrected/8hyk__1__1.A__1.B_1.C/8hyk__1__1.A__1.B_1.C_ligand.pdb
  No symmetry contacts found — writing non-symm receptor only
  -> no_symmetry_contacts

Processing 8hym__1__2.A__2.B_2.C (proper chain: 2.C)
  Downloading https://files.rcsb.org/download/8hym.cif
  Ligand written: /home/rquiroga/github/runs-n-poses/runs-n-poses-datasets/symmetry_corrected/8hym__1__2.A__2.B_2.C/8hym__1__2.A__2.B_2.C_ligand.pdb
  No symmetry contacts found — writing non-symm receptor only
  -> no_symmetry_contacts

Processing 8hyp__1__2.A__2.B_2.C (proper chain: 2.C)
  Downloading https://files.rcsb.org/download/8hyp.cif
  Ligand written: /home/rquiroga/github/runs-n-poses/runs-n-poses-datasets/symmetry_corrected/8hyp__1__2.A__2.B_2.C/8hyp__1__2.A__2.B_2.C_ligand.pdb
  No symmetry contacts found — writing non-symm receptor only
  -> no_symmetry_contacts

Processing 8hz7__1__1.A__1.B_1.C (proper chain: 1.C)
  Downloading https://files.rcsb.org/download/8hz7.cif
  Ligand written: /home/rquiroga/github/runs-n-poses/runs-n-poses-datasets/symmetry_corrected/8hz7__1__1.A__1.B_1.C/8hz7__1__1.A__1.B_1.C_ligand.pdb
  No symmetry contacts found — writing non-symm receptor only
  -> no_symmetry_contacts

Processing 8i01__1__1.B_2.B__1.N_1.O (proper chain: 1.N)
  Downloading https://files.rcsb.org/download/8i01.cif
  Ligand written: /home/rquiroga/github/runs-n-poses/runs-n-poses-datasets/symmetry_corrected/8i01__1__1.B_2.B__1.N_1.O/8i01__1__1.B_2.B__1.N_1.O_ligand.pdb
  Found 1 symmetry operations with contacts
  Receptor (symm) written: /home/rquiroga/github/runs-n-poses/runs-n-poses-datasets/symmetry_corrected/8i01__1__1.B_2.B__1.N_1.O/8i01__1__1.B_2.B__1.N_1.O_receptor_symm.pdb
  Total chains in output: 6
  -> ok

Processing 8i0d__1__1.A__1.B (proper chain: 1.B)
  Downloading https://files.rcsb.org/download/8i0d.cif
  Ligand written: /home/rquiroga/github/runs-n-poses/runs-n-poses-datasets/symmetry_corrected/8i0d__1__1.A__1.B/8i0d__1__1.A__1.B_ligand.pdb
  No symmetry contacts found — writing non-symm receptor only
  -> no_symmetry_contacts

Processing 8i19__1__1.A__1.C_1.D_1.E (proper chain: 1.C)
  Downloading https://files.rcsb.org/download/8i19.cif
  Ligand written: /home/rquiroga/github/runs-n-poses/runs-n-poses-datasets/symmetry_corrected/8i19__1__1.A__1.C_1.D_1.E/8i19__1__1.A__1.C_1.D_1.E_ligand.pdb
  No symmetry contacts found — writing non-symm receptor only
  -> no_symmetry_contacts

Processing 8i1o__1__1.A__1.F (proper chain: 1.F)
  Downloading https://files.rcsb.org/download/8i1o.cif
  Ligand written: /home/rquiroga/github/runs-n-poses/runs-n-poses-datasets/symmetry_corrected/8i1o__1__1.A__1.F/8i1o__1__1.A__1.F_ligand.pdb
  No symmetry contacts found — writing non-symm receptor only
  -> no_symmetry_contacts

Processing 8i2n__1__1.A__1.C (proper chain: 1.C)
  Downloading https://files.rcsb.org/download/8i2n.cif
  Ligand written: /home/rquiroga/github/runs-n-poses/runs-n-poses-datasets/symmetry_corrected/8i2n__1__1.A__1.C/8i2n__1__1.A__1.C_ligand.pdb
  No symmetry contacts found — writing non-symm receptor only
  -> no_symmetry_contacts

Processing 8i2u__1__1.A__1.B_1.C (proper chain: 1.C)
  Downloading https://files.rcsb.org/download/8i2u.cif
  Ligand written: /home/rquiroga/github/runs-n-poses/runs-n-poses-datasets/symmetry_corrected/8i2u__1__1.A__1.B_1.C/8i2u__1__1.A__1.B_1.C_ligand.pdb
  No symmetry contacts found — writing non-symm receptor only
  -> no_symmetry_contacts

Processing 8i4i__1__1.A__1.C (proper chain: 1.C)
  Downloading https://files.rcsb.org/download/8i4i.cif
  Ligand written: /home/rquiroga/github/runs-n-poses/runs-n-poses-datasets/symmetry_corrected/8i4i__1__1.A__1.C/8i4i__1__1.A__1.C_ligand.pdb
  No symmetry contacts found — writing non-symm receptor only
  -> no_symmetry_contacts

Processing 8iag__1__3.A__3.C_3.D_3.E_3.G (proper chain: 3.C)
  Downloading https://files.rcsb.org/download/8iag.cif
  Ligand written: /home/rquiroga/github/runs-n-poses/runs-n-poses-datasets/symmetry_corrected/8iag__1__3.A__3.C_3.D_3.E_3.G/8iag__1__3.A__3.C_3.D_3.E_3.G_ligand.pdb
  No symmetry contacts found — writing non-symm receptor only
  -> no_symmetry_contacts

Processing 8ie5__1__1.A__1.B (proper chain: 1.B)
  Downloading https://files.rcsb.org/download/8ie5.cif
  Ligand written: /home/rquiroga/github/runs-n-poses/runs-n-poses-datasets/symmetry_corrected/8ie5__1__1.A__1.B/8ie5__1__1.A__1.B_ligand.pdb
  No symmetry contacts found — writing non-symm receptor only
  -> no_symmetry_contacts

Processing 8ie6__1__1.A__1.B (proper chain: 1.B)
  Downloading https://files.rcsb.org/download/8ie6.cif
  Ligand written: /home/rquiroga/github/runs-n-poses/runs-n-poses-datasets/symmetry_corrected/8ie6__1__1.A__1.B/8ie6__1__1.A__1.B_ligand.pdb
  Found 1 symmetry operations with contacts
  Receptor (symm) written: /home/rquiroga/github/runs-n-poses/runs-n-poses-datasets/symmetry_corrected/8ie6__1__1.A__1.B/8ie6__1__1.A__1.B_receptor_symm.pdb
  Total chains in output: 3
  -> ok

Processing 8ifx__1__1.A__1.C_1.D (proper chain: 1.D)
  Downloading https://files.rcsb.org/download/8ifx.cif
  Ligand written: /home/rquiroga/github/runs-n-poses/runs-n-poses-datasets/symmetry_corrected/8ifx__1__1.A__1.C_1.D/8ifx__1__1.A__1.C_1.D_ligand.pdb
  No symmetry contacts found — writing non-symm receptor only
  -> no_symmetry_contacts

Processing 8im2__1__1.E__1.S_1.T_1.U (proper chain: 1.T)
  Downloading https://files.rcsb.org/download/8im2.cif
  Ligand written: /home/rquiroga/github/runs-n-poses/runs-n-poses-datasets/symmetry_corrected/8im2__1__1.E__1.S_1.T_1.U/8im2__1__1.E__1.S_1.T_1.U_ligand.pdb
  No symmetry contacts found — writing non-symm receptor only
  -> no_symmetry_contacts

Processing 8im3__1__2.C__2.K_2.L (proper chain: 2.L)
  Downloading https://files.rcsb.org/download/8im3.cif
  Ligand written: /home/rquiroga/github/runs-n-poses/runs-n-poses-datasets/symmetry_corrected/8im3__1__2.C__2.K_2.L/8im3__1__2.C__2.K_2.L_ligand.pdb
  No symmetry contacts found — writing non-symm receptor only
  -> no_symmetry_contacts

Processing 8in7__1__1.A__1.B (proper chain: 1.B)
  Downloading https://files.rcsb.org/download/8in7.cif
  Ligand written: /home/rquiroga/github/runs-n-poses/runs-n-poses-datasets/symmetry_corrected/8in7__1__1.A__1.B/8in7__1__1.A__1.B_ligand.pdb
  No symmetry contacts found — writing non-symm receptor only
  -> no_symmetry_contacts

Processing 8ina__1__1.A__1.B_1.C (proper chain: 1.B)
  Downloading https://files.rcsb.org/download/8ina.cif
  Ligand written: /home/rquiroga/github/runs-n-poses/runs-n-poses-datasets/symmetry_corrected/8ina__1__1.A__1.B_1.C/8ina__1__1.A__1.B_1.C_ligand.pdb
  No symmetry contacts found — writing non-symm receptor only
  -> no_symmetry_contacts

Processing 8iqd__1__1.A__1.E_1.G_1.H (proper chain: 1.H)
  Downloading https://files.rcsb.org/download/8iqd.cif
  Ligand written: /home/rquiroga/github/runs-n-poses/runs-n-poses-datasets/symmetry_corrected/8iqd__1__1.A__1.E_1.G_1.H/8iqd__1__1.A__1.E_1.G_1.H_ligand.pdb
  No symmetry contacts found — writing non-symm receptor only
  -> no_symmetry_contacts

Processing 8iqn__1__1.A__1.B (proper chain: 1.B)
  Downloading https://files.rcsb.org/download/8iqn.cif
  Ligand written: /home/rquiroga/github/runs-n-poses/runs-n-poses-datasets/symmetry_corrected/8iqn__1__1.A__1.B/8iqn__1__1.A__1.B_ligand.pdb
  No symmetry contacts found — writing non-symm receptor only
  -> no_symmetry_contacts

Processing 8iqt__1__1.A__1.B (proper chain: 1.B)
  Downloading https://files.rcsb.org/download/8iqt.cif
  Ligand written: /home/rquiroga/github/runs-n-poses/runs-n-poses-datasets/symmetry_corrected/8iqt__1__1.A__1.B/8iqt__1__1.A__1.B_ligand.pdb
  No symmetry contacts found — writing non-symm receptor only
  -> no_symmetry_contacts

Processing 8iqu__1__1.A__1.B (proper chain: 1.B)
  Downloading https://files.rcsb.org/download/8iqu.cif
  Ligand written: /home/rquiroga/github/runs-n-poses/runs-n-poses-datasets/symmetry_corrected/8iqu__1__1.A__1.B/8iqu__1__1.A__1.B_ligand.pdb
  No symmetry contacts found — writing non-symm receptor only
  -> no_symmetry_contacts

Processing 8iui__1__1.A__1.C (proper chain: 1.C)
  Downloading https://files.rcsb.org/download/8iui.cif
  Ligand written: /home/rquiroga/github/runs-n-poses/runs-n-poses-datasets/symmetry_corrected/8iui__1__1.A__1.C/8iui__1__1.A__1.C_ligand.pdb
  Found 1 symmetry operations with contacts
  Receptor (symm) written: /home/rquiroga/github/runs-n-poses/runs-n-poses-datasets/symmetry_corrected/8iui__1__1.A__1.C/8iui__1__1.A__1.C_receptor_symm.pdb
  Total chains in output: 3
  -> ok

Processing 8ivg__1__1.A__1.B_1.C (proper chain: 1.B)
  Downloading https://files.rcsb.org/download/8ivg.cif
  Ligand written: /home/rquiroga/github/runs-n-poses/runs-n-poses-datasets/symmetry_corrected/8ivg__1__1.A__1.B_1.C/8ivg__1__1.A__1.B_1.C_ligand.pdb
  No symmetry contacts found — writing non-symm receptor only
  -> no_symmetry_contacts

Processing 8ivn__1__1.A_1.B__1.C (proper chain: 1.C)
  Downloading https://files.rcsb.org/download/8ivn.cif
  Ligand written: /home/rquiroga/github/runs-n-poses/runs-n-poses-datasets/symmetry_corrected/8ivn__1__1.A_1.B__1.C/8ivn__1__1.A_1.B__1.C_ligand.pdb
  No symmetry contacts found — writing non-symm receptor only
  -> no_symmetry_contacts

Processing 8ivr__1__1.A__1.B (proper chain: 1.B)
  Downloading https://files.rcsb.org/download/8ivr.cif
  Ligand written: /home/rquiroga/github/runs-n-poses/runs-n-poses-datasets/symmetry_corrected/8ivr__1__1.A__1.B/8ivr__1__1.A__1.B_ligand.pdb
  No symmetry contacts found — writing non-symm receptor only
  -> no_symmetry_contacts

Processing 8ivs__1__1.A_1.B__1.C (proper chain: 1.C)
  Downloading https://files.rcsb.org/download/8ivs.cif
  Ligand written: /home/rquiroga/github/runs-n-poses/runs-n-poses-datasets/symmetry_corrected/8ivs__1__1.A_1.B__1.C/8ivs__1__1.A_1.B__1.C_ligand.pdb
  No symmetry contacts found — writing non-symm receptor only
  -> no_symmetry_contacts

Processing 8ivt__1__1.A_1.B__1.F (proper chain: 1.F)
  Downloading https://files.rcsb.org/download/8ivt.cif
  Ligand written: /home/rquiroga/github/runs-n-poses/runs-n-poses-datasets/symmetry_corrected/8ivt__1__1.A_1.B__1.F/8ivt__1__1.A_1.B__1.F_ligand.pdb
  No symmetry contacts found — writing non-symm receptor only
  -> no_symmetry_contacts

Processing 8ivu__1__1.A_1.B__1.I (proper chain: 1.I)
  Downloading https://files.rcsb.org/download/8ivu.cif
  Ligand written: /home/rquiroga/github/runs-n-poses/runs-n-poses-datasets/symmetry_corrected/8ivu__1__1.A_1.B__1.I/8ivu__1__1.A_1.B__1.I_ligand.pdb
  No symmetry contacts found — writing non-symm receptor only
  -> no_symmetry_contacts

Processing 8iw3__1__1.A_1.B__1.C (proper chain: 1.C)
  Downloading https://files.rcsb.org/download/8iw3.cif
  Ligand written: /home/rquiroga/github/runs-n-poses/runs-n-poses-datasets/symmetry_corrected/8iw3__1__1.A_1.B__1.C/8iw3__1__1.A_1.B__1.C_ligand.pdb
  No symmetry contacts found — writing non-symm receptor only
  -> no_symmetry_contacts

Processing 8iw6__1__1.A_1.B__1.F (proper chain: 1.F)
  Downloading https://files.rcsb.org/download/8iw6.cif
  Ligand written: /home/rquiroga/github/runs-n-poses/runs-n-poses-datasets/symmetry_corrected/8iw6__1__1.A_1.B__1.F/8iw6__1__1.A_1.B__1.F_ligand.pdb
  No symmetry contacts found — writing non-symm receptor only
  -> no_symmetry_contacts

Processing 8ix9__1__2.A__2.D_2.E_2.F (proper chain: 2.D)
  Downloading https://files.rcsb.org/download/8ix9.cif
  Ligand written: /home/rquiroga/github/runs-n-poses/runs-n-poses-datasets/symmetry_corrected/8ix9__1__2.A__2.D_2.E_2.F/8ix9__1__2.A__2.D_2.E_2.F_ligand.pdb
  No symmetry contacts found — writing non-symm receptor only
  -> no_symmetry_contacts

Processing 8ixq__1__1.B__1.E (proper chain: 1.E)
  Downloading https://files.rcsb.org/download/8ixq.cif
  Ligand written: /home/rquiroga/github/runs-n-poses/runs-n-poses-datasets/symmetry_corrected/8ixq__1__1.B__1.E/8ixq__1__1.B__1.E_ligand.pdb
  No symmetry contacts found — writing non-symm receptor only
  -> no_symmetry_contacts

Processing 8izc__1__1.A_1.B__1.I (proper chain: 1.I)
  Downloading https://files.rcsb.org/download/8izc.cif
  Ligand written: /home/rquiroga/github/runs-n-poses/runs-n-poses-datasets/symmetry_corrected/8izc__1__1.A_1.B__1.I/8izc__1__1.A_1.B__1.I_ligand.pdb
  No symmetry contacts found — writing non-symm receptor only
  -> no_symmetry_contacts

Processing 8j30__1__1.A__1.C (proper chain: 1.C)
  Downloading https://files.rcsb.org/download/8j30.cif
  Ligand written: /home/rquiroga/github/runs-n-poses/runs-n-poses-datasets/symmetry_corrected/8j30__1__1.A__1.C/8j30__1__1.A__1.C_ligand.pdb
  No symmetry contacts found — writing non-symm receptor only
  -> no_symmetry_contacts

Processing 8j3c__1__1.A__1.B_1.C (proper chain: 1.C)
  Downloading https://files.rcsb.org/download/8j3c.cif
  Ligand written: /home/rquiroga/github/runs-n-poses/runs-n-poses-datasets/symmetry_corrected/8j3c__1__1.A__1.B_1.C/8j3c__1__1.A__1.B_1.C_ligand.pdb
  No symmetry contacts found — writing non-symm receptor only
  -> no_symmetry_contacts

Processing 8j40__1__1.A_2.A__1.D (proper chain: 1.D)
  Downloading https://files.rcsb.org/download/8j40.cif
  Ligand written: /home/rquiroga/github/runs-n-poses/runs-n-poses-datasets/symmetry_corrected/8j40__1__1.A_2.A__1.D/8j40__1__1.A_2.A__1.D_ligand.pdb
  Found 2 symmetry operations with contacts
  Receptor (symm) written: /home/rquiroga/github/runs-n-poses/runs-n-poses-datasets/symmetry_corrected/8j40__1__1.A_2.A__1.D/8j40__1__1.A_2.A__1.D_receptor_symm.pdb
  Total chains in output: 6
  -> ok

Processing 8j5e__1__1.A__1.B (proper chain: 1.B)
  Downloading https://files.rcsb.org/download/8j5e.cif
  Ligand written: /home/rquiroga/github/runs-n-poses/runs-n-poses-datasets/symmetry_corrected/8j5e__1__1.A__1.B/8j5e__1__1.A__1.B_ligand.pdb
  No symmetry contacts found — writing non-symm receptor only
  -> no_symmetry_contacts

Processing 8j5f__1__2.A__2.B (proper chain: 2.B)
  Downloading https://files.rcsb.org/download/8j5f.cif
  Ligand written: /home/rquiroga/github/runs-n-poses/runs-n-poses-datasets/symmetry_corrected/8j5f__1__2.A__2.B/8j5f__1__2.A__2.B_ligand.pdb
  No symmetry contacts found — writing non-symm receptor only
  -> no_symmetry_contacts

Processing 8j5x__1__1.A__1.B (proper chain: 1.B)
  Downloading https://files.rcsb.org/download/8j5x.cif
  Ligand written: /home/rquiroga/github/runs-n-poses/runs-n-poses-datasets/symmetry_corrected/8j5x__1__1.A__1.B/8j5x__1__1.A__1.B_ligand.pdb
  No symmetry contacts found — writing non-symm receptor only
  -> no_symmetry_contacts

Processing 8j6n__1__1.A_1.D__1.M (proper chain: 1.M)
  Downloading https://files.rcsb.org/download/8j6n.cif
  Ligand written: /home/rquiroga/github/runs-n-poses/runs-n-poses-datasets/symmetry_corrected/8j6n__1__1.A_1.D__1.M/8j6n__1__1.A_1.D__1.M_ligand.pdb
  No symmetry contacts found — writing non-symm receptor only
  -> no_symmetry_contacts

Processing 8j79__1__1.B__1.R_1.W_1.X (proper chain: 1.R)
  Downloading https://files.rcsb.org/download/8j79.cif
  Ligand written: /home/rquiroga/github/runs-n-poses/runs-n-poses-datasets/symmetry_corrected/8j79__1__1.B__1.R_1.W_1.X/8j79__1__1.B__1.R_1.W_1.X_ligand.pdb
  No symmetry contacts found — writing non-symm receptor only
  -> no_symmetry_contacts

Processing 8j7j__1__1.A_1.B__1.C (proper chain: 1.C)
  Downloading https://files.rcsb.org/download/8j7j.cif
  Ligand written: /home/rquiroga/github/runs-n-poses/runs-n-poses-datasets/symmetry_corrected/8j7j__1__1.A_1.B__1.C/8j7j__1__1.A_1.B__1.C_ligand.pdb
  No symmetry contacts found — writing non-symm receptor only
  -> no_symmetry_contacts

Processing 8j83__1__1.B__1.N_1.Q (proper chain: 1.N)
  Downloading https://files.rcsb.org/download/8j83.cif
  Ligand written: /home/rquiroga/github/runs-n-poses/runs-n-poses-datasets/symmetry_corrected/8j83__1__1.B__1.N_1.Q/8j83__1__1.B__1.N_1.Q_ligand.pdb
  No symmetry contacts found — writing non-symm receptor only
  -> no_symmetry_contacts

Processing 8j8x__1__1.A__1.B_1.C (proper chain: 1.C)
  Downloading https://files.rcsb.org/download/8j8x.cif
  Ligand written: /home/rquiroga/github/runs-n-poses/runs-n-poses-datasets/symmetry_corrected/8j8x__1__1.A__1.B_1.C/8j8x__1__1.A__1.B_1.C_ligand.pdb
  No symmetry contacts found — writing non-symm receptor only
  -> no_symmetry_contacts

Processing 8j9d__1__1.D__1.M_1.N (proper chain: 1.N)
  Downloading https://files.rcsb.org/download/8j9d.cif
  Ligand written: /home/rquiroga/github/runs-n-poses/runs-n-poses-datasets/symmetry_corrected/8j9d__1__1.D__1.M_1.N/8j9d__1__1.D__1.M_1.N_ligand.pdb
  No symmetry contacts found — writing non-symm receptor only
  -> no_symmetry_contacts

Processing 8jb3__1__1.A__1.B (proper chain: 1.B)
  Downloading https://files.rcsb.org/download/8jb3.cif
  Ligand written: /home/rquiroga/github/runs-n-poses/runs-n-poses-datasets/symmetry_corrected/8jb3__1__1.A__1.B/8jb3__1__1.A__1.B_ligand.pdb
  No symmetry contacts found — writing non-symm receptor only
  -> no_symmetry_contacts

Processing 8jb3__1__1.A__1.C_1.D_1.E_1.F (proper chain: 1.D)
  Ligand written: /home/rquiroga/github/runs-n-poses/runs-n-poses-datasets/symmetry_corrected/8jb3__1__1.A__1.C_1.D_1.E_1.F/8jb3__1__1.A__1.C_1.D_1.E_1.F_ligand.pdb
  No symmetry contacts found — writing non-symm receptor only
  -> no_symmetry_contacts

Processing 8jbi__1__2.C_2.D__2.I_2.M (proper chain: 2.I)
  Downloading https://files.rcsb.org/download/8jbi.cif
  Ligand written: /home/rquiroga/github/runs-n-poses/runs-n-poses-datasets/symmetry_corrected/8jbi__1__2.C_2.D__2.I_2.M/8jbi__1__2.C_2.D__2.I_2.M_ligand.pdb
  No symmetry contacts found — writing non-symm receptor only
  -> no_symmetry_contacts

Processing 8jby__1__1.A__1.C (proper chain: 1.C)
  Downloading https://files.rcsb.org/download/8jby.cif
  Ligand written: /home/rquiroga/github/runs-n-poses/runs-n-poses-datasets/symmetry_corrected/8jby__1__1.A__1.C/8jby__1__1.A__1.C_ligand.pdb
  No symmetry contacts found — writing non-symm receptor only
  -> no_symmetry_contacts

Processing 8jc5__1__1.A__1.E_1.F (proper chain: 1.E)
  Downloading https://files.rcsb.org/download/8jc5.cif
  Ligand written: /home/rquiroga/github/runs-n-poses/runs-n-poses-datasets/symmetry_corrected/8jc5__1__1.A__1.E_1.F/8jc5__1__1.A__1.E_1.F_ligand.pdb
  No symmetry contacts found — writing non-symm receptor only
  -> no_symmetry_contacts

Processing 8jdv__1__1.A__1.B_1.C_1.D (proper chain: 1.B)
  Downloading https://files.rcsb.org/download/8jdv.cif
  Ligand written: /home/rquiroga/github/runs-n-poses/runs-n-poses-datasets/symmetry_corrected/8jdv__1__1.A__1.B_1.C_1.D/8jdv__1__1.A__1.B_1.C_1.D_ligand.pdb
  No symmetry contacts found — writing non-symm receptor only
  -> no_symmetry_contacts

Processing 8jg2__1__1.A_2.A__1.C_1.D (proper chain: 1.C)
  Downloading https://files.rcsb.org/download/8jg2.cif
  Ligand written: /home/rquiroga/github/runs-n-poses/runs-n-poses-datasets/symmetry_corrected/8jg2__1__1.A_2.A__1.C_1.D/8jg2__1__1.A_2.A__1.C_1.D_ligand.pdb
  Found 1 symmetry operations with contacts
  Receptor (symm) written: /home/rquiroga/github/runs-n-poses/runs-n-poses-datasets/symmetry_corrected/8jg2__1__1.A_2.A__1.C_1.D/8jg2__1__1.A_2.A__1.C_1.D_receptor_symm.pdb
  Total chains in output: 6
  -> ok

Processing 8jg8__1__1.A__1.B (proper chain: 1.B)
  Downloading https://files.rcsb.org/download/8jg8.cif
  Ligand written: /home/rquiroga/github/runs-n-poses/runs-n-poses-datasets/symmetry_corrected/8jg8__1__1.A__1.B/8jg8__1__1.A__1.B_ligand.pdb
  No symmetry contacts found — writing non-symm receptor only
  -> no_symmetry_contacts

Processing 8ji2__1__1.B__1.J_1.K (proper chain: 1.K)
  Downloading https://files.rcsb.org/download/8ji2.cif
  Ligand written: /home/rquiroga/github/runs-n-poses/runs-n-poses-datasets/symmetry_corrected/8ji2__1__1.B__1.J_1.K/8ji2__1__1.B__1.J_1.K_ligand.pdb
  No symmetry contacts found — writing non-symm receptor only
  -> no_symmetry_contacts

Processing 8ji4__1__1.B__1.J_1.K (proper chain: 1.K)
  Downloading https://files.rcsb.org/download/8ji4.cif
  Ligand written: /home/rquiroga/github/runs-n-poses/runs-n-poses-datasets/symmetry_corrected/8ji4__1__1.B__1.J_1.K/8ji4__1__1.B__1.J_1.K_ligand.pdb
  No symmetry contacts found — writing non-symm receptor only
  -> no_symmetry_contacts

Processing 8jjk__1__1.A__1.B_1.F_1.G_1.H (proper chain: 1.B)
  Downloading https://files.rcsb.org/download/8jjk.cif
  Ligand written: /home/rquiroga/github/runs-n-poses/runs-n-poses-datasets/symmetry_corrected/8jjk__1__1.A__1.B_1.F_1.G_1.H/8jjk__1__1.A__1.B_1.F_1.G_1.H_ligand.pdb
  No symmetry contacts found — writing non-symm receptor only
  -> no_symmetry_contacts

Processing 8jjn__1__1.A__1.D_1.E (proper chain: 1.D)
  Downloading https://files.rcsb.org/download/8jjn.cif
  Ligand written: /home/rquiroga/github/runs-n-poses/runs-n-poses-datasets/symmetry_corrected/8jjn__1__1.A__1.D_1.E/8jjn__1__1.A__1.D_1.E_ligand.pdb
  No symmetry contacts found — writing non-symm receptor only
  -> no_symmetry_contacts

Processing 8jjq__1__1.A__1.D (proper chain: 1.D)
  Downloading https://files.rcsb.org/download/8jjq.cif
  Ligand written: /home/rquiroga/github/runs-n-poses/runs-n-poses-datasets/symmetry_corrected/8jjq__1__1.A__1.D/8jjq__1__1.A__1.D_ligand.pdb
  No symmetry contacts found — writing non-symm receptor only
  -> no_symmetry_contacts

Processing 8jjs__1__1.A__1.C_1.D (proper chain: 1.C)
  Downloading https://files.rcsb.org/download/8jjs.cif
  Ligand written: /home/rquiroga/github/runs-n-poses/runs-n-poses-datasets/symmetry_corrected/8jjs__1__1.A__1.C_1.D/8jjs__1__1.A__1.C_1.D_ligand.pdb
  Found 1 symmetry operations with contacts
  Receptor (symm) written: /home/rquiroga/github/runs-n-poses/runs-n-poses-datasets/symmetry_corrected/8jjs__1__1.A__1.C_1.D/8jjs__1__1.A__1.C_1.D_receptor_symm.pdb
  Total chains in output: 4
  -> ok

Processing 8jjt__1__1.A__1.D (proper chain: 1.D)
  Downloading https://files.rcsb.org/download/8jjt.cif
  Ligand written: /home/rquiroga/github/runs-n-poses/runs-n-poses-datasets/symmetry_corrected/8jjt__1__1.A__1.D/8jjt__1__1.A__1.D_ligand.pdb
  No symmetry contacts found — writing non-symm receptor only
  -> no_symmetry_contacts

Processing 8jk8__1__1.A__1.B_1.C_1.D (proper chain: 1.D)
  Downloading https://files.rcsb.org/download/8jk8.cif
  Ligand written: /home/rquiroga/github/runs-n-poses/runs-n-poses-datasets/symmetry_corrected/8jk8__1__1.A__1.B_1.C_1.D/8jk8__1__1.A__1.B_1.C_1.D_ligand.pdb
  No symmetry contacts found — writing non-symm receptor only
  -> no_symmetry_contacts

Processing 8jk9__1__1.A__1.C_1.D_1.E_1.F (proper chain: 1.E)
  Downloading https://files.rcsb.org/download/8jk9.cif
  Ligand written: /home/rquiroga/github/runs-n-poses/runs-n-poses-datasets/symmetry_corrected/8jk9__1__1.A__1.C_1.D_1.E_1.F/8jk9__1__1.A__1.C_1.D_1.E_1.F_ligand.pdb
  No symmetry contacts found — writing non-symm receptor only
  -> no_symmetry_contacts

Processing 8jkp__1__2.A__2.B_2.C_2.D_2.E (proper chain: 2.B)
  Downloading https://files.rcsb.org/download/8jkp.cif
  Ligand written: /home/rquiroga/github/runs-n-poses/runs-n-poses-datasets/symmetry_corrected/8jkp__1__2.A__2.B_2.C_2.D_2.E/8jkp__1__2.A__2.B_2.C_2.D_2.E_ligand.pdb
  No symmetry contacts found — writing non-symm receptor only
  -> no_symmetry_contacts

Processing 8jkr__1__1.A__1.B_1.G_1.H_1.I (proper chain: 1.B)
  Downloading https://files.rcsb.org/download/8jkr.cif
  Ligand written: /home/rquiroga/github/runs-n-poses/runs-n-poses-datasets/symmetry_corrected/8jkr__1__1.A__1.B_1.G_1.H_1.I/8jkr__1__1.A__1.B_1.G_1.H_1.I_ligand.pdb
  No symmetry contacts found — writing non-symm receptor only
  -> no_symmetry_contacts

Processing 8jmo__1__1.A__1.D (proper chain: 1.D)
  Downloading https://files.rcsb.org/download/8jmo.cif
  Ligand written: /home/rquiroga/github/runs-n-poses/runs-n-poses-datasets/symmetry_corrected/8jmo__1__1.A__1.D/8jmo__1__1.A__1.D_ligand.pdb
  No symmetry contacts found — writing non-symm receptor only
  -> no_symmetry_contacts

Processing 8jmp__1__1.A__1.D (proper chain: 1.D)
  Downloading https://files.rcsb.org/download/8jmp.cif
  Ligand written: /home/rquiroga/github/runs-n-poses/runs-n-poses-datasets/symmetry_corrected/8jmp__1__1.A__1.D/8jmp__1__1.A__1.D_ligand.pdb
  No symmetry contacts found — writing non-symm receptor only
  -> no_symmetry_contacts

Processing 8jmr__1__1.A_1.B__1.C_1.D (proper chain: 1.D)
  Downloading https://files.rcsb.org/download/8jmr.cif
  Ligand written: /home/rquiroga/github/runs-n-poses/runs-n-poses-datasets/symmetry_corrected/8jmr__1__1.A_1.B__1.C_1.D/8jmr__1__1.A_1.B__1.C_1.D_ligand.pdb
  No symmetry contacts found — writing non-symm receptor only
  -> no_symmetry_contacts

Processing 8jmz__1__1.A__1.C_1.E_1.J (proper chain: 1.C)
  Downloading https://files.rcsb.org/download/8jmz.cif
  Ligand written: /home/rquiroga/github/runs-n-poses/runs-n-poses-datasets/symmetry_corrected/8jmz__1__1.A__1.C_1.E_1.J/8jmz__1__1.A__1.C_1.E_1.J_ligand.pdb
  No symmetry contacts found — writing non-symm receptor only
  -> no_symmetry_contacts

Processing 8jot__1__1.A__1.B (proper chain: 1.B)
  Downloading https://files.rcsb.org/download/8jot.cif
  Ligand written: /home/rquiroga/github/runs-n-poses/runs-n-poses-datasets/symmetry_corrected/8jot__1__1.A__1.B/8jot__1__1.A__1.B_ligand.pdb
  No symmetry contacts found — writing non-symm receptor only
  -> no_symmetry_contacts

Processing 8jpz__1__1.B__1.N_1.P (proper chain: 1.N)
  Downloading https://files.rcsb.org/download/8jpz.cif
  Ligand written: /home/rquiroga/github/runs-n-poses/runs-n-poses-datasets/symmetry_corrected/8jpz__1__1.B__1.N_1.P/8jpz__1__1.B__1.N_1.P_ligand.pdb
  No symmetry contacts found — writing non-symm receptor only
  -> no_symmetry_contacts

Processing 8jqp__1__2.A__2.C_2.D_2.E (proper chain: 2.C)
  Downloading https://files.rcsb.org/download/8jqp.cif
  Ligand written: /home/rquiroga/github/runs-n-poses/runs-n-poses-datasets/symmetry_corrected/8jqp__1__2.A__2.C_2.D_2.E/8jqp__1__2.A__2.C_2.D_2.E_ligand.pdb
  No symmetry contacts found — writing non-symm receptor only
  -> no_symmetry_contacts

Processing 8jqz__1__1.A_2.B__1.C (proper chain: 1.C)
  Downloading https://files.rcsb.org/download/8jqz.cif
  Ligand written: /home/rquiroga/github/runs-n-poses/runs-n-poses-datasets/symmetry_corrected/8jqz__1__1.A_2.B__1.C/8jqz__1__1.A_2.B__1.C_ligand.pdb
  No symmetry contacts found — writing non-symm receptor only
  -> no_symmetry_contacts

Processing 8jt3__1__1.A_1.C__1.E (proper chain: 1.E)
  Downloading https://files.rcsb.org/download/8jt3.cif
  Ligand written: /home/rquiroga/github/runs-n-poses/runs-n-poses-datasets/symmetry_corrected/8jt3__1__1.A_1.C__1.E/8jt3__1__1.A_1.C__1.E_ligand.pdb
  No symmetry contacts found — writing non-symm receptor only
  -> no_symmetry_contacts

Processing 8ju9__1__1.A_2.A_4.A__1.B (proper chain: 1.B)
  Downloading https://files.rcsb.org/download/8ju9.cif
  Ligand written: /home/rquiroga/github/runs-n-poses/runs-n-poses-datasets/symmetry_corrected/8ju9__1__1.A_2.A_4.A__1.B/8ju9__1__1.A_2.A_4.A__1.B_ligand.pdb
  Found 1 symmetry operations with contacts
  Receptor (symm) written: /home/rquiroga/github/runs-n-poses/runs-n-poses-datasets/symmetry_corrected/8ju9__1__1.A_2.A_4.A__1.B/8ju9__1__1.A_2.A_4.A__1.B_receptor_symm.pdb
  Total chains in output: 6
  -> ok

Processing 8jub__1__1.A_1.B_1.D__1.E (proper chain: 1.E)
  Downloading https://files.rcsb.org/download/8jub.cif
  Ligand written: /home/rquiroga/github/runs-n-poses/runs-n-poses-datasets/symmetry_corrected/8jub__1__1.A_1.B_1.D__1.E/8jub__1__1.A_1.B_1.D__1.E_ligand.pdb
  No symmetry contacts found — writing non-symm receptor only
  -> no_symmetry_contacts

Processing 8juv__1__1.A__1.B_1.C (proper chain: 1.B)
  Downloading https://files.rcsb.org/download/8juv.cif
  Ligand written: /home/rquiroga/github/runs-n-poses/runs-n-poses-datasets/symmetry_corrected/8juv__1__1.A__1.B_1.C/8juv__1__1.A__1.B_1.C_ligand.pdb
  No symmetry contacts found — writing non-symm receptor only
  -> no_symmetry_contacts

Processing 8jwy__1__1.A__1.B (proper chain: 1.B)
  Downloading https://files.rcsb.org/download/8jwy.cif
  Ligand written: /home/rquiroga/github/runs-n-poses/runs-n-poses-datasets/symmetry_corrected/8jwy__1__1.A__1.B/8jwy__1__1.A__1.B_ligand.pdb
  No symmetry contacts found — writing non-symm receptor only
  -> no_symmetry_contacts

Processing 8jya__1__1.B__1.G (proper chain: 1.G)
  Downloading https://files.rcsb.org/download/8jya.cif
  Ligand written: /home/rquiroga/github/runs-n-poses/runs-n-poses-datasets/symmetry_corrected/8jya__1__1.B__1.G/8jya__1__1.B__1.G_ligand.pdb
  No symmetry contacts found — writing non-symm receptor only
  -> no_symmetry_contacts

Processing 8jyc__1__1.A_1.B_1.C__1.T (proper chain: 1.T)
  Downloading https://files.rcsb.org/download/8jyc.cif
  Ligand written: /home/rquiroga/github/runs-n-poses/runs-n-poses-datasets/symmetry_corrected/8jyc__1__1.A_1.B_1.C__1.T/8jyc__1__1.A_1.B_1.C__1.T_ligand.pdb
  No symmetry contacts found — writing non-symm receptor only
  -> no_symmetry_contacts

Processing 8jye__1__1.A_1.B_1.D__1.P (proper chain: 1.P)
  Downloading https://files.rcsb.org/download/8jye.cif
  Ligand written: /home/rquiroga/github/runs-n-poses/runs-n-poses-datasets/symmetry_corrected/8jye__1__1.A_1.B_1.D__1.P/8jye__1__1.A_1.B_1.D__1.P_ligand.pdb
  No symmetry contacts found — writing non-symm receptor only
  -> no_symmetry_contacts

Processing 8jyf__1__1.B__1.F (proper chain: 1.F)
  Downloading https://files.rcsb.org/download/8jyf.cif
  Ligand written: /home/rquiroga/github/runs-n-poses/runs-n-poses-datasets/symmetry_corrected/8jyf__1__1.B__1.F/8jyf__1__1.B__1.F_ligand.pdb
  No symmetry contacts found — writing non-symm receptor only
  -> no_symmetry_contacts

Processing 8jyg__1__1.A_1.B__1.C_1.Y (proper chain: 1.C)
  Downloading https://files.rcsb.org/download/8jyg.cif
  Ligand written: /home/rquiroga/github/runs-n-poses/runs-n-poses-datasets/symmetry_corrected/8jyg__1__1.A_1.B__1.C_1.Y/8jyg__1__1.A_1.B__1.C_1.Y_ligand.pdb
  No symmetry contacts found — writing non-symm receptor only
  -> no_symmetry_contacts

Processing 8k2k__1__1.A__1.B (proper chain: 1.B)
  Downloading https://files.rcsb.org/download/8k2k.cif
  Ligand written: /home/rquiroga/github/runs-n-poses/runs-n-poses-datasets/symmetry_corrected/8k2k__1__1.A__1.B/8k2k__1__1.A__1.B_ligand.pdb
  No symmetry contacts found — writing non-symm receptor only
  -> no_symmetry_contacts

Processing 8k2m__1__1.A__1.B (proper chain: 1.B)
  Downloading https://files.rcsb.org/download/8k2m.cif
  Ligand written: /home/rquiroga/github/runs-n-poses/runs-n-poses-datasets/symmetry_corrected/8k2m__1__1.A__1.B/8k2m__1__1.A__1.B_ligand.pdb
  No symmetry contacts found — writing non-symm receptor only
  -> no_symmetry_contacts

Processing 8k4c__1__1.B__1.G (proper chain: 1.G)
  Downloading https://files.rcsb.org/download/8k4c.cif
  Ligand written: /home/rquiroga/github/runs-n-poses/runs-n-poses-datasets/symmetry_corrected/8k4c__1__1.B__1.G/8k4c__1__1.B__1.G_ligand.pdb
  No symmetry contacts found — writing non-symm receptor only
  -> no_symmetry_contacts

Processing 8k5y__1__1.A__1.H (proper chain: 1.H)
  Downloading https://files.rcsb.org/download/8k5y.cif
  Ligand written: /home/rquiroga/github/runs-n-poses/runs-n-poses-datasets/symmetry_corrected/8k5y__1__1.A__1.H/8k5y__1__1.A__1.H_ligand.pdb
  No symmetry contacts found — writing non-symm receptor only
  -> no_symmetry_contacts

Processing 8k9y__1__1.A__1.C_1.E (proper chain: 1.C)
  Downloading https://files.rcsb.org/download/8k9y.cif
  Ligand written: /home/rquiroga/github/runs-n-poses/runs-n-poses-datasets/symmetry_corrected/8k9y__1__1.A__1.C_1.E/8k9y__1__1.A__1.C_1.E_ligand.pdb
  No symmetry contacts found — writing non-symm receptor only
  -> no_symmetry_contacts

Processing 8ki0__1__1.A__1.C_1.D (proper chain: 1.C)
  Downloading https://files.rcsb.org/download/8ki0.cif
  Ligand written: /home/rquiroga/github/runs-n-poses/runs-n-poses-datasets/symmetry_corrected/8ki0__1__1.A__1.C_1.D/8ki0__1__1.A__1.C_1.D_ligand.pdb
  No symmetry contacts found — writing non-symm receptor only
  -> no_symmetry_contacts

Processing 8ki5__1__1.A__1.B (proper chain: 1.B)
  Downloading https://files.rcsb.org/download/8ki5.cif
  Ligand written: /home/rquiroga/github/runs-n-poses/runs-n-poses-datasets/symmetry_corrected/8ki5__1__1.A__1.B/8ki5__1__1.A__1.B_ligand.pdb
  No symmetry contacts found — writing non-symm receptor only
  -> no_symmetry_contacts

Processing 8odp__1__1.A_1.B__1.I_1.J_1.K_1.L (proper chain: 1.K)
  Downloading https://files.rcsb.org/download/8odp.cif
  Ligand written: /home/rquiroga/github/runs-n-poses/runs-n-poses-datasets/symmetry_corrected/8odp__1__1.A_1.B__1.I_1.J_1.K_1.L/8odp__1__1.A_1.B__1.I_1.J_1.K_1.L_ligand.pdb
  No symmetry contacts found — writing non-symm receptor only
  -> no_symmetry_contacts

Processing 8ofm__1__1.B__1.HA_1.V (proper chain: 1.V)
  Downloading https://files.rcsb.org/download/8ofm.cif
  Ligand written: /home/rquiroga/github/runs-n-poses/runs-n-poses-datasets/symmetry_corrected/8ofm__1__1.B__1.HA_1.V/8ofm__1__1.B__1.HA_1.V_ligand.pdb
  No symmetry contacts found — writing non-symm receptor only
  -> no_symmetry_contacts

Processing 8og4__1__1.A__1.G_1.H (proper chain: 1.H)
  Downloading https://files.rcsb.org/download/8og4.cif
  Ligand written: /home/rquiroga/github/runs-n-poses/runs-n-poses-datasets/symmetry_corrected/8og4__1__1.A__1.G_1.H/8og4__1__1.A__1.G_1.H_ligand.pdb
  No symmetry contacts found — writing non-symm receptor only
  -> no_symmetry_contacts

Processing 8og5__1__1.A__1.D (proper chain: 1.D)
  Downloading https://files.rcsb.org/download/8og5.cif
  Ligand written: /home/rquiroga/github/runs-n-poses/runs-n-poses-datasets/symmetry_corrected/8og5__1__1.A__1.D/8og5__1__1.A__1.D_ligand.pdb
  No symmetry contacts found — writing non-symm receptor only
  -> no_symmetry_contacts

Processing 8og8__1__1.A__1.B (proper chain: 1.B)
  Downloading https://files.rcsb.org/download/8og8.cif
  Ligand written: /home/rquiroga/github/runs-n-poses/runs-n-poses-datasets/symmetry_corrected/8og8__1__1.A__1.B/8og8__1__1.A__1.B_ligand.pdb
  No symmetry contacts found — writing non-symm receptor only
  -> no_symmetry_contacts

Processing 8og9__1__1.A__1.B (proper chain: 1.B)
  Downloading https://files.rcsb.org/download/8og9.cif
  Ligand written: /home/rquiroga/github/runs-n-poses/runs-n-poses-datasets/symmetry_corrected/8og9__1__1.A__1.B/8og9__1__1.A__1.B_ligand.pdb
  No symmetry contacts found — writing non-symm receptor only
  -> no_symmetry_contacts

Processing 8ogh__1__1.A_1.B__1.M_1.R (proper chain: 1.M)
  Downloading https://files.rcsb.org/download/8ogh.cif
  Ligand written: /home/rquiroga/github/runs-n-poses/runs-n-poses-datasets/symmetry_corrected/8ogh__1__1.A_1.B__1.M_1.R/8ogh__1__1.A_1.B__1.M_1.R_ligand.pdb
  No symmetry contacts found — writing non-symm receptor only
  -> no_symmetry_contacts

Processing 8oha__1__1.B_1.C__1.EA_1.GA (proper chain: 1.GA)
  Downloading https://files.rcsb.org/download/8oha.cif
  Ligand written: /home/rquiroga/github/runs-n-poses/runs-n-poses-datasets/symmetry_corrected/8oha__1__1.B_1.C__1.EA_1.GA/8oha__1__1.B_1.C__1.EA_1.GA_ligand.pdb
  No symmetry contacts found — writing non-symm receptor only
  -> no_symmetry_contacts

Processing 8oiz__1__1.B__1.J (proper chain: 1.J)
  Downloading https://files.rcsb.org/download/8oiz.cif
  Ligand written: /home/rquiroga/github/runs-n-poses/runs-n-poses-datasets/symmetry_corrected/8oiz__1__1.B__1.J/8oiz__1__1.B__1.J_ligand.pdb
  No symmetry contacts found — writing non-symm receptor only
  -> no_symmetry_contacts

Processing 8oku__1__1.A_1.B__1.C (proper chain: 1.C)
  Downloading https://files.rcsb.org/download/8oku.cif
  Ligand written: /home/rquiroga/github/runs-n-poses/runs-n-poses-datasets/symmetry_corrected/8oku__1__1.A_1.B__1.C/8oku__1__1.A_1.B__1.C_ligand.pdb
  No symmetry contacts found — writing non-symm receptor only
  -> no_symmetry_contacts

Processing 8ol4__1__1.B_1.C__1.P (proper chain: 1.P)
  Downloading https://files.rcsb.org/download/8ol4.cif
  Ligand written: /home/rquiroga/github/runs-n-poses/runs-n-poses-datasets/symmetry_corrected/8ol4__1__1.B_1.C__1.P/8ol4__1__1.B_1.C__1.P_ligand.pdb
  No symmetry contacts found — writing non-symm receptor only
  -> no_symmetry_contacts

Processing 8oli__1__1.A__1.B_1.C (proper chain: 1.C)
  Downloading https://files.rcsb.org/download/8oli.cif
  Ligand written: /home/rquiroga/github/runs-n-poses/runs-n-poses-datasets/symmetry_corrected/8oli__1__1.A__1.B_1.C/8oli__1__1.A__1.B_1.C_ligand.pdb
  Found 1 symmetry operations with contacts
  Receptor (symm) written: /home/rquiroga/github/runs-n-poses/runs-n-poses-datasets/symmetry_corrected/8oli__1__1.A__1.B_1.C/8oli__1__1.A__1.B_1.C_receptor_symm.pdb
  Total chains in output: 4
  -> ok

Processing 8ome__1__1.A_1.D__1.E (proper chain: 1.E)
  Downloading https://files.rcsb.org/download/8ome.cif
  Ligand written: /home/rquiroga/github/runs-n-poses/runs-n-poses-datasets/symmetry_corrected/8ome__1__1.A_1.D__1.E/8ome__1__1.A_1.D__1.E_ligand.pdb
  No symmetry contacts found — writing non-symm receptor only
  -> no_symmetry_contacts

Processing 8omp__1__1.A__1.B_1.C (proper chain: 1.C)
  Downloading https://files.rcsb.org/download/8omp.cif
  Ligand written: /home/rquiroga/github/runs-n-poses/runs-n-poses-datasets/symmetry_corrected/8omp__1__1.A__1.B_1.C/8omp__1__1.A__1.B_1.C_ligand.pdb
  No symmetry contacts found — writing non-symm receptor only
  -> no_symmetry_contacts

Processing 8one__1__2.A__2.F_2.K (proper chain: 2.K)
  Downloading https://files.rcsb.org/download/8one.cif
  Ligand written: /home/rquiroga/github/runs-n-poses/runs-n-poses-datasets/symmetry_corrected/8one__1__2.A__2.F_2.K/8one__1__2.A__2.F_2.K_ligand.pdb
  No symmetry contacts found — writing non-symm receptor only
  -> no_symmetry_contacts

Processing 8onn__1__1.A__1.F (proper chain: 1.F)
  Downloading https://files.rcsb.org/download/8onn.cif
  Ligand written: /home/rquiroga/github/runs-n-poses/runs-n-poses-datasets/symmetry_corrected/8onn__1__1.A__1.F/8onn__1__1.A__1.F_ligand.pdb
  No symmetry contacts found — writing non-symm receptor only
  -> no_symmetry_contacts

Processing 8oo2__1__1.A_1.B__1.C_1.D (proper chain: 1.C)
  Downloading https://files.rcsb.org/download/8oo2.cif
  Ligand written: /home/rquiroga/github/runs-n-poses/runs-n-poses-datasets/symmetry_corrected/8oo2__1__1.A_1.B__1.C_1.D/8oo2__1__1.A_1.B__1.C_1.D_ligand.pdb
  No symmetry contacts found — writing non-symm receptor only
  -> no_symmetry_contacts

Processing 8oo5__1__1.A__1.B_1.D_1.E (proper chain: 1.B)
  Downloading https://files.rcsb.org/download/8oo5.cif
  Ligand written: /home/rquiroga/github/runs-n-poses/runs-n-poses-datasets/symmetry_corrected/8oo5__1__1.A__1.B_1.D_1.E/8oo5__1__1.A__1.B_1.D_1.E_ligand.pdb
  No symmetry contacts found — writing non-symm receptor only
  -> no_symmetry_contacts

Processing 8ooj__1__1.B__1.H (proper chain: 1.H)
  Downloading https://files.rcsb.org/download/8ooj.cif
  Ligand written: /home/rquiroga/github/runs-n-poses/runs-n-poses-datasets/symmetry_corrected/8ooj__1__1.B__1.H/8ooj__1__1.B__1.H_ligand.pdb
  No symmetry contacts found — writing non-symm receptor only
  -> no_symmetry_contacts

Processing 8oov__1__1.A_1.B__1.D (proper chain: 1.D)
  Downloading https://files.rcsb.org/download/8oov.cif
  Ligand written: /home/rquiroga/github/runs-n-poses/runs-n-poses-datasets/symmetry_corrected/8oov__1__1.A_1.B__1.D/8oov__1__1.A_1.B__1.D_ligand.pdb
  No symmetry contacts found — writing non-symm receptor only
  -> no_symmetry_contacts

Processing 8opu__1__1.A_1.C_1.D__1.IA (proper chain: 1.IA)
  Downloading https://files.rcsb.org/download/8opu.cif
  Ligand written: /home/rquiroga/github/runs-n-poses/runs-n-poses-datasets/symmetry_corrected/8opu__1__1.A_1.C_1.D__1.IA/8opu__1__1.A_1.C_1.D__1.IA_ligand.pdb
  No symmetry contacts found — writing non-symm receptor only
  -> no_symmetry_contacts

Processing 8opv__1__1.B__1.Q (proper chain: 1.Q)
  Downloading https://files.rcsb.org/download/8opv.cif
  Ligand written: /home/rquiroga/github/runs-n-poses/runs-n-poses-datasets/symmetry_corrected/8opv__1__1.B__1.Q/8opv__1__1.B__1.Q_ligand.pdb
  No symmetry contacts found — writing non-symm receptor only
  -> no_symmetry_contacts

Processing 8oq2__1__1.B__1.H_1.I (proper chain: 1.H)
  Downloading https://files.rcsb.org/download/8oq2.cif
  Ligand written: /home/rquiroga/github/runs-n-poses/runs-n-poses-datasets/symmetry_corrected/8oq2__1__1.B__1.H_1.I/8oq2__1__1.B__1.H_1.I_ligand.pdb
  No symmetry contacts found — writing non-symm receptor only
  -> no_symmetry_contacts

Processing 8oqm__1__1.B__1.N (proper chain: 1.N)
  Downloading https://files.rcsb.org/download/8oqm.cif
  Ligand written: /home/rquiroga/github/runs-n-poses/runs-n-poses-datasets/symmetry_corrected/8oqm__1__1.B__1.N/8oqm__1__1.B__1.N_ligand.pdb
  No symmetry contacts found — writing non-symm receptor only
  -> no_symmetry_contacts

Processing 8oqn__1__1.A_1.D__1.I (proper chain: 1.I)
  Downloading https://files.rcsb.org/download/8oqn.cif
  Ligand written: /home/rquiroga/github/runs-n-poses/runs-n-poses-datasets/symmetry_corrected/8oqn__1__1.A_1.D__1.I/8oqn__1__1.A_1.D__1.I_ligand.pdb
  No symmetry contacts found — writing non-symm receptor only
  -> no_symmetry_contacts

Processing 8oqp__1__1.D__1.PA (proper chain: 1.PA)
  Downloading https://files.rcsb.org/download/8oqp.cif
  Ligand written: /home/rquiroga/github/runs-n-poses/runs-n-poses-datasets/symmetry_corrected/8oqp__1__1.D__1.PA/8oqp__1__1.D__1.PA_ligand.pdb
  No symmetry contacts found — writing non-symm receptor only
  -> no_symmetry_contacts

Processing 8oqq__1__1.A__1.I (proper chain: 1.I)
  Downloading https://files.rcsb.org/download/8oqq.cif
  Ligand written: /home/rquiroga/github/runs-n-poses/runs-n-poses-datasets/symmetry_corrected/8oqq__1__1.A__1.I/8oqq__1__1.A__1.I_ligand.pdb
  No symmetry contacts found — writing non-symm receptor only
  -> no_symmetry_contacts

Processing 8oqs__1__1.C_1.D__1.OA (proper chain: 1.OA)
  Downloading https://files.rcsb.org/download/8oqs.cif
  Ligand written: /home/rquiroga/github/runs-n-poses/runs-n-poses-datasets/symmetry_corrected/8oqs__1__1.C_1.D__1.OA/8oqs__1__1.C_1.D__1.OA_ligand.pdb
  No symmetry contacts found — writing non-symm receptor only
  -> no_symmetry_contacts

Processing 8oqv__1__1.B__1.Q (proper chain: 1.Q)
  Downloading https://files.rcsb.org/download/8oqv.cif
  Ligand written: /home/rquiroga/github/runs-n-poses/runs-n-poses-datasets/symmetry_corrected/8oqv__1__1.B__1.Q/8oqv__1__1.B__1.Q_ligand.pdb
  No symmetry contacts found — writing non-symm receptor only
  -> no_symmetry_contacts

Processing 8oqx__1__1.A__1.C_1.D_1.G (proper chain: 1.C)
  Downloading https://files.rcsb.org/download/8oqx.cif
  Ligand written: /home/rquiroga/github/runs-n-poses/runs-n-poses-datasets/symmetry_corrected/8oqx__1__1.A__1.C_1.D_1.G/8oqx__1__1.A__1.C_1.D_1.G_ligand.pdb
  No symmetry contacts found — writing non-symm receptor only
  -> no_symmetry_contacts

Processing 8orc__1__1.B__1.J (proper chain: 1.J)
  Downloading https://files.rcsb.org/download/8orc.cif
  Ligand written: /home/rquiroga/github/runs-n-poses/runs-n-poses-datasets/symmetry_corrected/8orc__1__1.B__1.J/8orc__1__1.B__1.J_ligand.pdb
  No symmetry contacts found — writing non-symm receptor only
  -> no_symmetry_contacts

Processing 8oru__1__1.A_1.B__1.M (proper chain: 1.M)
  Downloading https://files.rcsb.org/download/8oru.cif
  Ligand written: /home/rquiroga/github/runs-n-poses/runs-n-poses-datasets/symmetry_corrected/8oru__1__1.A_1.B__1.M/8oru__1__1.A_1.B__1.M_ligand.pdb
  No symmetry contacts found — writing non-symm receptor only
  -> no_symmetry_contacts

Processing 8otv__1__1.A_1.B__1.F (proper chain: 1.F)
  Downloading https://files.rcsb.org/download/8otv.cif
  Ligand written: /home/rquiroga/github/runs-n-poses/runs-n-poses-datasets/symmetry_corrected/8otv__1__1.A_1.B__1.F/8otv__1__1.A_1.B__1.F_ligand.pdb
  No symmetry contacts found — writing non-symm receptor only
  -> no_symmetry_contacts

Processing 8ou2__1__1.A__1.C (proper chain: 1.C)
  Downloading https://files.rcsb.org/download/8ou2.cif
  Ligand written: /home/rquiroga/github/runs-n-poses/runs-n-poses-datasets/symmetry_corrected/8ou2__1__1.A__1.C/8ou2__1__1.A__1.C_ligand.pdb
  No symmetry contacts found — writing non-symm receptor only
  -> no_symmetry_contacts

Processing 8ou3__1__1.A_1.C__1.E (proper chain: 1.E)
  Downloading https://files.rcsb.org/download/8ou3.cif
  Ligand written: /home/rquiroga/github/runs-n-poses/runs-n-poses-datasets/symmetry_corrected/8ou3__1__1.A_1.C__1.E/8ou3__1__1.A_1.C__1.E_ligand.pdb
  No symmetry contacts found — writing non-symm receptor only
  -> no_symmetry_contacts

Processing 8ou5__1__1.A_1.C__1.E (proper chain: 1.E)
  Downloading https://files.rcsb.org/download/8ou5.cif
  Ligand written: /home/rquiroga/github/runs-n-poses/runs-n-poses-datasets/symmetry_corrected/8ou5__1__1.A_1.C__1.E/8ou5__1__1.A_1.C__1.E_ligand.pdb
  No symmetry contacts found — writing non-symm receptor only
  -> no_symmetry_contacts

Processing 8ouk__1__1.A__1.B_1.C (proper chain: 1.B)
  Downloading https://files.rcsb.org/download/8ouk.cif
  Ligand written: /home/rquiroga/github/runs-n-poses/runs-n-poses-datasets/symmetry_corrected/8ouk__1__1.A__1.B_1.C/8ouk__1__1.A__1.B_1.C_ligand.pdb
  No symmetry contacts found — writing non-symm receptor only
  -> no_symmetry_contacts

Processing 8oum__1__1.A__1.F_1.G (proper chain: 1.F)
  Downloading https://files.rcsb.org/download/8oum.cif
  Ligand written: /home/rquiroga/github/runs-n-poses/runs-n-poses-datasets/symmetry_corrected/8oum__1__1.A__1.F_1.G/8oum__1__1.A__1.F_1.G_ligand.pdb
  No symmetry contacts found — writing non-symm receptor only
  -> no_symmetry_contacts

Processing 8oun__1__1.A__1.C_1.D (proper chain: 1.C)
  Downloading https://files.rcsb.org/download/8oun.cif
  Ligand written: /home/rquiroga/github/runs-n-poses/runs-n-poses-datasets/symmetry_corrected/8oun__1__1.A__1.C_1.D/8oun__1__1.A__1.C_1.D_ligand.pdb
  No symmetry contacts found — writing non-symm receptor only
  -> no_symmetry_contacts

Processing 8ouu__1__1.A__1.F (proper chain: 1.F)
  Downloading https://files.rcsb.org/download/8ouu.cif
  Ligand written: /home/rquiroga/github/runs-n-poses/runs-n-poses-datasets/symmetry_corrected/8ouu__1__1.A__1.F/8ouu__1__1.A__1.F_ligand.pdb
  No symmetry contacts found — writing non-symm receptor only
  -> no_symmetry_contacts

Processing 8ov7__1__1.A__1.B (proper chain: 1.B)
  Downloading https://files.rcsb.org/download/8ov7.cif
  Ligand written: /home/rquiroga/github/runs-n-poses/runs-n-poses-datasets/symmetry_corrected/8ov7__1__1.A__1.B/8ov7__1__1.A__1.B_ligand.pdb
  No symmetry contacts found — writing non-symm receptor only
  -> no_symmetry_contacts

Processing 8ovr__1__1.A__1.B (proper chain: 1.B)
  Downloading https://files.rcsb.org/download/8ovr.cif
  Ligand written: /home/rquiroga/github/runs-n-poses/runs-n-poses-datasets/symmetry_corrected/8ovr__1__1.A__1.B/8ovr__1__1.A__1.B_ligand.pdb
  No symmetry contacts found — writing non-symm receptor only
  -> no_symmetry_contacts

Processing 8ovs__1__1.A__1.C_1.F_1.I_1.Q_1.T (proper chain: 1.C)
  Downloading https://files.rcsb.org/download/8ovs.cif
  Ligand written: /home/rquiroga/github/runs-n-poses/runs-n-poses-datasets/symmetry_corrected/8ovs__1__1.A__1.C_1.F_1.I_1.Q_1.T/8ovs__1__1.A__1.C_1.F_1.I_1.Q_1.T_ligand.pdb
  No symmetry contacts found — writing non-symm receptor only
  -> no_symmetry_contacts

Processing 8ow7__1__1.A_1.C__1.G (proper chain: 1.G)
  Downloading https://files.rcsb.org/download/8ow7.cif
  Ligand written: /home/rquiroga/github/runs-n-poses/runs-n-poses-datasets/symmetry_corrected/8ow7__1__1.A_1.C__1.G/8ow7__1__1.A_1.C__1.G_ligand.pdb
  No symmetry contacts found — writing non-symm receptor only
  -> no_symmetry_contacts

Processing 8ow9__1__1.A_1.B__1.G (proper chain: 1.G)
  Downloading https://files.rcsb.org/download/8ow9.cif
  Ligand written: /home/rquiroga/github/runs-n-poses/runs-n-poses-datasets/symmetry_corrected/8ow9__1__1.A_1.B__1.G/8ow9__1__1.A_1.B__1.G_ligand.pdb
  No symmetry contacts found — writing non-symm receptor only
  -> no_symmetry_contacts

Processing 8p0e__1__1.A__1.C (proper chain: 1.C)
  Downloading https://files.rcsb.org/download/8p0e.cif
  Ligand written: /home/rquiroga/github/runs-n-poses/runs-n-poses-datasets/symmetry_corrected/8p0e__1__1.A__1.C/8p0e__1__1.A__1.C_ligand.pdb
  Found 1 symmetry operations with contacts
  Receptor (symm) written: /home/rquiroga/github/runs-n-poses/runs-n-poses-datasets/symmetry_corrected/8p0e__1__1.A__1.C/8p0e__1__1.A__1.C_receptor_symm.pdb
  Total chains in output: 3
  -> ok

Processing 8p0m__1__1.C__1.L (proper chain: 1.L)
  Downloading https://files.rcsb.org/download/8p0m.cif
  Ligand written: /home/rquiroga/github/runs-n-poses/runs-n-poses-datasets/symmetry_corrected/8p0m__1__1.C__1.L/8p0m__1__1.C__1.L_ligand.pdb
  No symmetry contacts found — writing non-symm receptor only
  -> no_symmetry_contacts

Processing 8p0o__1__1.A__1.H_1.P (proper chain: 1.P)
  Downloading https://files.rcsb.org/download/8p0o.cif
  Ligand written: /home/rquiroga/github/runs-n-poses/runs-n-poses-datasets/symmetry_corrected/8p0o__1__1.A__1.H_1.P/8p0o__1__1.A__1.H_1.P_ligand.pdb
  No symmetry contacts found — writing non-symm receptor only
  -> no_symmetry_contacts

Processing 8p0p__1__1.A__1.C (proper chain: 1.C)
  Downloading https://files.rcsb.org/download/8p0p.cif
  Ligand written: /home/rquiroga/github/runs-n-poses/runs-n-poses-datasets/symmetry_corrected/8p0p__1__1.A__1.C/8p0p__1__1.A__1.C_ligand.pdb
  No symmetry contacts found — writing non-symm receptor only
  -> no_symmetry_contacts

Processing 8p1e__1__1.D_1.E__1.P (proper chain: 1.P)
  Downloading https://files.rcsb.org/download/8p1e.cif
  Ligand written: /home/rquiroga/github/runs-n-poses/runs-n-poses-datasets/symmetry_corrected/8p1e__1__1.D_1.E__1.P/8p1e__1__1.D_1.E__1.P_ligand.pdb
  No symmetry contacts found — writing non-symm receptor only
  -> no_symmetry_contacts

Processing 8p1p__1__1.A__1.E (proper chain: 1.E)
  Downloading https://files.rcsb.org/download/8p1p.cif
  Ligand written: /home/rquiroga/github/runs-n-poses/runs-n-poses-datasets/symmetry_corrected/8p1p__1__1.A__1.E/8p1p__1__1.A__1.E_ligand.pdb
  No symmetry contacts found — writing non-symm receptor only
  -> no_symmetry_contacts

Processing 8p3e__1__1.B__1.F (proper chain: 1.F)
  Downloading https://files.rcsb.org/download/8p3e.cif
  Ligand written: /home/rquiroga/github/runs-n-poses/runs-n-poses-datasets/symmetry_corrected/8p3e__1__1.B__1.F/8p3e__1__1.B__1.F_ligand.pdb
  Found 1 symmetry operations with contacts
  Receptor (symm) written: /home/rquiroga/github/runs-n-poses/runs-n-poses-datasets/symmetry_corrected/8p3e__1__1.B__1.F/8p3e__1__1.B__1.F_receptor_symm.pdb
  Total chains in output: 2
  -> ok

Processing 8p44__1__1.A_1.B__1.E (proper chain: 1.E)
  Downloading https://files.rcsb.org/download/8p44.cif
  Ligand written: /home/rquiroga/github/runs-n-poses/runs-n-poses-datasets/symmetry_corrected/8p44__1__1.A_1.B__1.E/8p44__1__1.A_1.B__1.E_ligand.pdb
  No symmetry contacts found — writing non-symm receptor only
  -> no_symmetry_contacts

Processing 8p4z__1__1.A__1.C (proper chain: 1.C)
  Downloading https://files.rcsb.org/download/8p4z.cif
  Ligand written: /home/rquiroga/github/runs-n-poses/runs-n-poses-datasets/symmetry_corrected/8p4z__1__1.A__1.C/8p4z__1__1.A__1.C_ligand.pdb
  No symmetry contacts found — writing non-symm receptor only
  -> no_symmetry_contacts

Processing 8p5c__1__1.A_1.B__1.C (proper chain: 1.C)
  Downloading https://files.rcsb.org/download/8p5c.cif
  Ligand written: /home/rquiroga/github/runs-n-poses/runs-n-poses-datasets/symmetry_corrected/8p5c__1__1.A_1.B__1.C/8p5c__1__1.A_1.B__1.C_ligand.pdb
  No symmetry contacts found — writing non-symm receptor only
  -> no_symmetry_contacts

Processing 8paf__1__1.A_1.B__1.C (proper chain: 1.C)
  Downloading https://files.rcsb.org/download/8paf.cif
  Ligand written: /home/rquiroga/github/runs-n-poses/runs-n-poses-datasets/symmetry_corrected/8paf__1__1.A_1.B__1.C/8paf__1__1.A_1.B__1.C_ligand.pdb
  No symmetry contacts found — writing non-symm receptor only
  -> no_symmetry_contacts

Processing 8pbo__1__1.A__1.C (proper chain: 1.C)
  Downloading https://files.rcsb.org/download/8pbo.cif
  Ligand written: /home/rquiroga/github/runs-n-poses/runs-n-poses-datasets/symmetry_corrected/8pbo__1__1.A__1.C/8pbo__1__1.A__1.C_ligand.pdb
  No symmetry contacts found — writing non-symm receptor only
  -> no_symmetry_contacts

Processing 8pfl__1__1.A__1.C (proper chain: 1.C)
  Downloading https://files.rcsb.org/download/8pfl.cif
  Ligand written: /home/rquiroga/github/runs-n-poses/runs-n-poses-datasets/symmetry_corrected/8pfl__1__1.A__1.C/8pfl__1__1.A__1.C_ligand.pdb
  No symmetry contacts found — writing non-symm receptor only
  -> no_symmetry_contacts

Processing 8ph4__1__1.A_1.B__1.D_1.F (proper chain: 1.D)
  Downloading https://files.rcsb.org/download/8ph4.cif
  Ligand written: /home/rquiroga/github/runs-n-poses/runs-n-poses-datasets/symmetry_corrected/8ph4__1__1.A_1.B__1.D_1.F/8ph4__1__1.A_1.B__1.D_1.F_ligand.pdb
  No symmetry contacts found — writing non-symm receptor only
  -> no_symmetry_contacts

Processing 8pj0__1__1.A_1.B__1.V (proper chain: 1.V)
  Downloading https://files.rcsb.org/download/8pj0.cif
  Ligand written: /home/rquiroga/github/runs-n-poses/runs-n-poses-datasets/symmetry_corrected/8pj0__1__1.A_1.B__1.V/8pj0__1__1.A_1.B__1.V_ligand.pdb
  No symmetry contacts found — writing non-symm receptor only
  -> no_symmetry_contacts

Processing 8pj7__1__1.A__1.B (proper chain: 1.B)
  Downloading https://files.rcsb.org/download/8pj7.cif
  Ligand written: /home/rquiroga/github/runs-n-poses/runs-n-poses-datasets/symmetry_corrected/8pj7__1__1.A__1.B/8pj7__1__1.A__1.B_ligand.pdb
  No symmetry contacts found — writing non-symm receptor only
  -> no_symmetry_contacts

Processing 8pji__1__1.A__1.E (proper chain: 1.E)
  Downloading https://files.rcsb.org/download/8pji.cif
  Ligand written: /home/rquiroga/github/runs-n-poses/runs-n-poses-datasets/symmetry_corrected/8pji__1__1.A__1.E/8pji__1__1.A__1.E_ligand.pdb
  No symmetry contacts found — writing non-symm receptor only
  -> no_symmetry_contacts

Processing 8pl6__1__1.A__1.C (proper chain: 1.C)
  Downloading https://files.rcsb.org/download/8pl6.cif
  Ligand written: /home/rquiroga/github/runs-n-poses/runs-n-poses-datasets/symmetry_corrected/8pl6__1__1.A__1.C/8pl6__1__1.A__1.C_ligand.pdb
  No symmetry contacts found — writing non-symm receptor only
  -> no_symmetry_contacts

Processing 8plb__1__1.A__1.D (proper chain: 1.D)
  Downloading https://files.rcsb.org/download/8plb.cif
  Ligand written: /home/rquiroga/github/runs-n-poses/runs-n-poses-datasets/symmetry_corrected/8plb__1__1.A__1.D/8plb__1__1.A__1.D_ligand.pdb
  No symmetry contacts found — writing non-symm receptor only
  -> no_symmetry_contacts

Processing 8ple__1__1.A__1.F (proper chain: 1.F)
  Downloading https://files.rcsb.org/download/8ple.cif
  Ligand written: /home/rquiroga/github/runs-n-poses/runs-n-poses-datasets/symmetry_corrected/8ple__1__1.A__1.F/8ple__1__1.A__1.F_ligand.pdb
  No symmetry contacts found — writing non-symm receptor only
  -> no_symmetry_contacts

Processing 8plp__1__2.B__2.F (proper chain: 2.F)
  Downloading https://files.rcsb.org/download/8plp.cif
  Ligand written: /home/rquiroga/github/runs-n-poses/runs-n-poses-datasets/symmetry_corrected/8plp__1__2.B__2.F/8plp__1__2.B__2.F_ligand.pdb
  No symmetry contacts found — writing non-symm receptor only
  -> no_symmetry_contacts

Processing 8plu__1__1.A__1.D (proper chain: 1.D)
  Downloading https://files.rcsb.org/download/8plu.cif
  Ligand written: /home/rquiroga/github/runs-n-poses/runs-n-poses-datasets/symmetry_corrected/8plu__1__1.A__1.D/8plu__1__1.A__1.D_ligand.pdb
  No symmetry contacts found — writing non-symm receptor only
  -> no_symmetry_contacts

Processing 8plw__1__2.B__2.G (proper chain: 2.G)
  Downloading https://files.rcsb.org/download/8plw.cif
  Ligand written: /home/rquiroga/github/runs-n-poses/runs-n-poses-datasets/symmetry_corrected/8plw__1__2.B__2.G/8plw__1__2.B__2.G_ligand.pdb
  No symmetry contacts found — writing non-symm receptor only
  -> no_symmetry_contacts

Processing 8plx__1__2.B__2.F (proper chain: 2.F)
  Downloading https://files.rcsb.org/download/8plx.cif
  Ligand written: /home/rquiroga/github/runs-n-poses/runs-n-poses-datasets/symmetry_corrected/8plx__1__2.B__2.F/8plx__1__2.B__2.F_ligand.pdb
  No symmetry contacts found — writing non-symm receptor only
  -> no_symmetry_contacts

Processing 8pom__1__1.A__1.C (proper chain: 1.C)
  Downloading https://files.rcsb.org/download/8pom.cif
  Ligand written: /home/rquiroga/github/runs-n-poses/runs-n-poses-datasets/symmetry_corrected/8pom__1__1.A__1.C/8pom__1__1.A__1.C_ligand.pdb
  No symmetry contacts found — writing non-symm receptor only
  -> no_symmetry_contacts

Processing 8pp0__1__1.A__1.C (proper chain: 1.C)
  Downloading https://files.rcsb.org/download/8pp0.cif
  Ligand written: /home/rquiroga/github/runs-n-poses/runs-n-poses-datasets/symmetry_corrected/8pp0__1__1.A__1.C/8pp0__1__1.A__1.C_ligand.pdb
  No symmetry contacts found — writing non-symm receptor only
  -> no_symmetry_contacts

Processing 8pp8__1__1.A__1.D (proper chain: 1.D)
  Downloading https://files.rcsb.org/download/8pp8.cif
  Ligand written: /home/rquiroga/github/runs-n-poses/runs-n-poses-datasets/symmetry_corrected/8pp8__1__1.A__1.D/8pp8__1__1.A__1.D_ligand.pdb
  No symmetry contacts found — writing non-symm receptor only
  -> no_symmetry_contacts

Processing 8ppf__1__1.A__1.D (proper chain: 1.D)
  Downloading https://files.rcsb.org/download/8ppf.cif
  Ligand written: /home/rquiroga/github/runs-n-poses/runs-n-poses-datasets/symmetry_corrected/8ppf__1__1.A__1.D/8ppf__1__1.A__1.D_ligand.pdb
  No symmetry contacts found — writing non-symm receptor only
  -> no_symmetry_contacts

Processing 8pq9__1__1.A__1.C (proper chain: 1.C)
  Downloading https://files.rcsb.org/download/8pq9.cif
  Ligand written: /home/rquiroga/github/runs-n-poses/runs-n-poses-datasets/symmetry_corrected/8pq9__1__1.A__1.C/8pq9__1__1.A__1.C_ligand.pdb
  No symmetry contacts found — writing non-symm receptor only
  -> no_symmetry_contacts

Processing 8pqa__1__1.A__1.C (proper chain: 1.C)
  Downloading https://files.rcsb.org/download/8pqa.cif
  Ligand written: /home/rquiroga/github/runs-n-poses/runs-n-poses-datasets/symmetry_corrected/8pqa__1__1.A__1.C/8pqa__1__1.A__1.C_ligand.pdb
  No symmetry contacts found — writing non-symm receptor only
  -> no_symmetry_contacts

Processing 8pqf__1__1.A__1.C (proper chain: 1.C)
  Downloading https://files.rcsb.org/download/8pqf.cif
  Ligand written: /home/rquiroga/github/runs-n-poses/runs-n-poses-datasets/symmetry_corrected/8pqf__1__1.A__1.C/8pqf__1__1.A__1.C_ligand.pdb
  No symmetry contacts found — writing non-symm receptor only
  -> no_symmetry_contacts

Processing 8pqq__1__1.B_1.D__1.J (proper chain: 1.J)
  Downloading https://files.rcsb.org/download/8pqq.cif
  Ligand written: /home/rquiroga/github/runs-n-poses/runs-n-poses-datasets/symmetry_corrected/8pqq__1__1.B_1.D__1.J/8pqq__1__1.B_1.D__1.J_ligand.pdb
  No symmetry contacts found — writing non-symm receptor only
  -> no_symmetry_contacts

Processing 8pqr__1__1.A_1.B_1.C__1.E (proper chain: 1.E)
  Downloading https://files.rcsb.org/download/8pqr.cif
  Ligand written: /home/rquiroga/github/runs-n-poses/runs-n-poses-datasets/symmetry_corrected/8pqr__1__1.A_1.B_1.C__1.E/8pqr__1__1.A_1.B_1.C__1.E_ligand.pdb
  No symmetry contacts found — writing non-symm receptor only
  -> no_symmetry_contacts

Processing 8prx__1__1.D__1.IA_1.JA_1.KA (proper chain: 1.IA)
  Downloading https://files.rcsb.org/download/8prx.cif
  Ligand written: /home/rquiroga/github/runs-n-poses/runs-n-poses-datasets/symmetry_corrected/8prx__1__1.D__1.IA_1.JA_1.KA/8prx__1__1.D__1.IA_1.JA_1.KA_ligand.pdb
  No symmetry contacts found — writing non-symm receptor only
  -> no_symmetry_contacts

Processing 8px2__1__1.A__1.B (proper chain: 1.B)
  Downloading https://files.rcsb.org/download/8px2.cif
  Ligand written: /home/rquiroga/github/runs-n-poses/runs-n-poses-datasets/symmetry_corrected/8px2__1__1.A__1.B/8px2__1__1.A__1.B_ligand.pdb
  No symmetry contacts found — writing non-symm receptor only
  -> no_symmetry_contacts

Processing 8px8__1__1.A__1.D (proper chain: 1.D)
  Downloading https://files.rcsb.org/download/8px8.cif
  Ligand written: /home/rquiroga/github/runs-n-poses/runs-n-poses-datasets/symmetry_corrected/8px8__1__1.A__1.D/8px8__1__1.A__1.D_ligand.pdb
  Found 1 symmetry operations with contacts
  Receptor (symm) written: /home/rquiroga/github/runs-n-poses/runs-n-poses-datasets/symmetry_corrected/8px8__1__1.A__1.D/8px8__1__1.A__1.D_receptor_symm.pdb
  Total chains in output: 2
  -> ok

Processing 8px9__1__1.A_1.B__1.C_1.D (proper chain: 1.D)
  Downloading https://files.rcsb.org/download/8px9.cif
  Ligand written: /home/rquiroga/github/runs-n-poses/runs-n-poses-datasets/symmetry_corrected/8px9__1__1.A_1.B__1.C_1.D/8px9__1__1.A_1.B__1.C_1.D_ligand.pdb
  No symmetry contacts found — writing non-symm receptor only
  -> no_symmetry_contacts

Processing 8pxt__1__1.C__1.L (proper chain: 1.L)
  Downloading https://files.rcsb.org/download/8pxt.cif
  Ligand written: /home/rquiroga/github/runs-n-poses/runs-n-poses-datasets/symmetry_corrected/8pxt__1__1.C__1.L/8pxt__1__1.C__1.L_ligand.pdb
  No symmetry contacts found — writing non-symm receptor only
  -> no_symmetry_contacts

Processing 8pyi__1__1.A__1.I (proper chain: 1.I)
  Downloading https://files.rcsb.org/download/8pyi.cif
  Ligand written: /home/rquiroga/github/runs-n-poses/runs-n-poses-datasets/symmetry_corrected/8pyi__1__1.A__1.I/8pyi__1__1.A__1.I_ligand.pdb
  No symmetry contacts found — writing non-symm receptor only
  -> no_symmetry_contacts

Processing 8pyn__1__1.A__1.B (proper chain: 1.B)
  Downloading https://files.rcsb.org/download/8pyn.cif
  Ligand written: /home/rquiroga/github/runs-n-poses/runs-n-poses-datasets/symmetry_corrected/8pyn__1__1.A__1.B/8pyn__1__1.A__1.B_ligand.pdb
  No symmetry contacts found — writing non-symm receptor only
  -> no_symmetry_contacts

Processing 8q0t__1__1.A__1.C (proper chain: 1.C)
  Downloading https://files.rcsb.org/download/8q0t.cif
  Ligand written: /home/rquiroga/github/runs-n-poses/runs-n-poses-datasets/symmetry_corrected/8q0t__1__1.A__1.C/8q0t__1__1.A__1.C_ligand.pdb
  No symmetry contacts found — writing non-symm receptor only
  -> no_symmetry_contacts

Processing 8q0u__1__1.A__1.D (proper chain: 1.D)
  Downloading https://files.rcsb.org/download/8q0u.cif
  Ligand written: /home/rquiroga/github/runs-n-poses/runs-n-poses-datasets/symmetry_corrected/8q0u__1__1.A__1.D/8q0u__1__1.A__1.D_ligand.pdb
  No symmetry contacts found — writing non-symm receptor only
  -> no_symmetry_contacts

Processing 8q17__1__1.A__1.F (proper chain: 1.F)
  Downloading https://files.rcsb.org/download/8q17.cif
  Ligand written: /home/rquiroga/github/runs-n-poses/runs-n-poses-datasets/symmetry_corrected/8q17__1__1.A__1.F/8q17__1__1.A__1.F_ligand.pdb
  No symmetry contacts found — writing non-symm receptor only
  -> no_symmetry_contacts

Processing 8q18__1__1.A__1.E_1.F_1.G (proper chain: 1.F)
  Downloading https://files.rcsb.org/download/8q18.cif
  Ligand written: /home/rquiroga/github/runs-n-poses/runs-n-poses-datasets/symmetry_corrected/8q18__1__1.A__1.E_1.F_1.G/8q18__1__1.A__1.E_1.F_1.G_ligand.pdb
  No symmetry contacts found — writing non-symm receptor only
  -> no_symmetry_contacts

Processing 8q1m__1__1.A_1.B__1.G (proper chain: 1.G)
  Downloading https://files.rcsb.org/download/8q1m.cif
  Ligand written: /home/rquiroga/github/runs-n-poses/runs-n-poses-datasets/symmetry_corrected/8q1m__1__1.A_1.B__1.G/8q1m__1__1.A_1.B__1.G_ligand.pdb
  No symmetry contacts found — writing non-symm receptor only
  -> no_symmetry_contacts

Processing 8q2u__1__1.A__1.C (proper chain: 1.C)
  Downloading https://files.rcsb.org/download/8q2u.cif
  Ligand written: /home/rquiroga/github/runs-n-poses/runs-n-poses-datasets/symmetry_corrected/8q2u__1__1.A__1.C/8q2u__1__1.A__1.C_ligand.pdb
  No symmetry contacts found — writing non-symm receptor only
  -> no_symmetry_contacts

Processing 8q2w__1__1.A__1.C (proper chain: 1.C)
  Downloading https://files.rcsb.org/download/8q2w.cif
  Ligand written: /home/rquiroga/github/runs-n-poses/runs-n-poses-datasets/symmetry_corrected/8q2w__1__1.A__1.C/8q2w__1__1.A__1.C_ligand.pdb
  No symmetry contacts found — writing non-symm receptor only
  -> no_symmetry_contacts

Processing 8q2y__1__1.A__1.C (proper chain: 1.C)
  Downloading https://files.rcsb.org/download/8q2y.cif
  Ligand written: /home/rquiroga/github/runs-n-poses/runs-n-poses-datasets/symmetry_corrected/8q2y__1__1.A__1.C/8q2y__1__1.A__1.C_ligand.pdb
  No symmetry contacts found — writing non-symm receptor only
  -> no_symmetry_contacts

Processing 8q31__1__1.A__1.C (proper chain: 1.C)
  Downloading https://files.rcsb.org/download/8q31.cif
  Ligand written: /home/rquiroga/github/runs-n-poses/runs-n-poses-datasets/symmetry_corrected/8q31__1__1.A__1.C/8q31__1__1.A__1.C_ligand.pdb
  No symmetry contacts found — writing non-symm receptor only
  -> no_symmetry_contacts

Processing 8q34__1__1.A__1.F (proper chain: 1.F)
  Downloading https://files.rcsb.org/download/8q34.cif
  Ligand written: /home/rquiroga/github/runs-n-poses/runs-n-poses-datasets/symmetry_corrected/8q34__1__1.A__1.F/8q34__1__1.A__1.F_ligand.pdb
  No symmetry contacts found — writing non-symm receptor only
  -> no_symmetry_contacts

Processing 8q59__1__1.A__1.C_1.D_1.E (proper chain: 1.E)
  Downloading https://files.rcsb.org/download/8q59.cif
  Ligand written: /home/rquiroga/github/runs-n-poses/runs-n-poses-datasets/symmetry_corrected/8q59__1__1.A__1.C_1.D_1.E/8q59__1__1.A__1.C_1.D_1.E_ligand.pdb
  No symmetry contacts found — writing non-symm receptor only
  -> no_symmetry_contacts

Processing 8q5v__1__1.A_1.B__1.P_1.Q (proper chain: 1.P)
  Downloading https://files.rcsb.org/download/8q5v.cif
  Ligand written: /home/rquiroga/github/runs-n-poses/runs-n-poses-datasets/symmetry_corrected/8q5v__1__1.A_1.B__1.P_1.Q/8q5v__1__1.A_1.B__1.P_1.Q_ligand.pdb
  No symmetry contacts found — writing non-symm receptor only
  -> no_symmetry_contacts

Processing 8q5x__1__1.A_1.C__1.E_1.F (proper chain: 1.E)
  Downloading https://files.rcsb.org/download/8q5x.cif
  Ligand written: /home/rquiroga/github/runs-n-poses/runs-n-poses-datasets/symmetry_corrected/8q5x__1__1.A_1.C__1.E_1.F/8q5x__1__1.A_1.C__1.E_1.F_ligand.pdb
  No symmetry contacts found — writing non-symm receptor only
  -> no_symmetry_contacts

Processing 8qc4__1__1.A__1.C (proper chain: 1.C)
  Downloading https://files.rcsb.org/download/8qc4.cif
  Ligand written: /home/rquiroga/github/runs-n-poses/runs-n-poses-datasets/symmetry_corrected/8qc4__1__1.A__1.C/8qc4__1__1.A__1.C_ligand.pdb
  No symmetry contacts found — writing non-symm receptor only
  -> no_symmetry_contacts

Processing 8qc5__1__1.B__1.E_1.F (proper chain: 1.E)
  Downloading https://files.rcsb.org/download/8qc5.cif
  Ligand written: /home/rquiroga/github/runs-n-poses/runs-n-poses-datasets/symmetry_corrected/8qc5__1__1.B__1.E_1.F/8qc5__1__1.B__1.E_1.F_ligand.pdb
  No symmetry contacts found — writing non-symm receptor only
  -> no_symmetry_contacts

Processing 8qdy__1__1.A_2.A__1.B (proper chain: 1.B)
  Downloading https://files.rcsb.org/download/8qdy.cif
  Ligand written: /home/rquiroga/github/runs-n-poses/runs-n-poses-datasets/symmetry_corrected/8qdy__1__1.A_2.A__1.B/8qdy__1__1.A_2.A__1.B_ligand.pdb
  Found 1 symmetry operations with contacts
  Receptor (symm) written: /home/rquiroga/github/runs-n-poses/runs-n-poses-datasets/symmetry_corrected/8qdy__1__1.A_2.A__1.B/8qdy__1__1.A_2.A__1.B_receptor_symm.pdb
  Total chains in output: 5
  -> ok

Processing 8qdz__1__1.A_2.A__2.B (proper chain: 2.B)
  Downloading https://files.rcsb.org/download/8qdz.cif
  Ligand written: /home/rquiroga/github/runs-n-poses/runs-n-poses-datasets/symmetry_corrected/8qdz__1__1.A_2.A__2.B/8qdz__1__1.A_2.A__2.B_ligand.pdb
  Found 1 symmetry operations with contacts
  Receptor (symm) written: /home/rquiroga/github/runs-n-poses/runs-n-poses-datasets/symmetry_corrected/8qdz__1__1.A_2.A__2.B/8qdz__1__1.A_2.A__2.B_receptor_symm.pdb
  Total chains in output: 5
  -> ok

Processing 8qe0__1__1.A_2.A__2.B (proper chain: 2.B)
  Downloading https://files.rcsb.org/download/8qe0.cif
  Ligand written: /home/rquiroga/github/runs-n-poses/runs-n-poses-datasets/symmetry_corrected/8qe0__1__1.A_2.A__2.B/8qe0__1__1.A_2.A__2.B_ligand.pdb
  Found 1 symmetry operations with contacts
  Receptor (symm) written: /home/rquiroga/github/runs-n-poses/runs-n-poses-datasets/symmetry_corrected/8qe0__1__1.A_2.A__2.B/8qe0__1__1.A_2.A__2.B_receptor_symm.pdb
  Total chains in output: 5
  -> ok

Processing 8qe1__1__1.A_2.A__1.B (proper chain: 1.B)
  Downloading https://files.rcsb.org/download/8qe1.cif
  Ligand written: /home/rquiroga/github/runs-n-poses/runs-n-poses-datasets/symmetry_corrected/8qe1__1__1.A_2.A__1.B/8qe1__1__1.A_2.A__1.B_ligand.pdb
  Found 1 symmetry operations with contacts
  Receptor (symm) written: /home/rquiroga/github/runs-n-poses/runs-n-poses-datasets/symmetry_corrected/8qe1__1__1.A_2.A__1.B/8qe1__1__1.A_2.A__1.B_receptor_symm.pdb
  Total chains in output: 5
  -> ok

Processing 8qe3__1__1.A_2.A__1.B (proper chain: 1.B)
  Downloading https://files.rcsb.org/download/8qe3.cif
  Ligand written: /home/rquiroga/github/runs-n-poses/runs-n-poses-datasets/symmetry_corrected/8qe3__1__1.A_2.A__1.B/8qe3__1__1.A_2.A__1.B_ligand.pdb
  Found 1 symmetry operations with contacts
  Receptor (symm) written: /home/rquiroga/github/runs-n-poses/runs-n-poses-datasets/symmetry_corrected/8qe3__1__1.A_2.A__1.B/8qe3__1__1.A_2.A__1.B_receptor_symm.pdb
  Total chains in output: 5
  -> ok

Processing 8qel__1__1.B__1.C (proper chain: 1.C)
  Downloading https://files.rcsb.org/download/8qel.cif
  Ligand written: /home/rquiroga/github/runs-n-poses/runs-n-poses-datasets/symmetry_corrected/8qel__1__1.B__1.C/8qel__1__1.B__1.C_ligand.pdb
  No symmetry contacts found — writing non-symm receptor only
  -> no_symmetry_contacts

Processing 8qhq__1__1.A_1.B__1.G (proper chain: 1.G)
  Downloading https://files.rcsb.org/download/8qhq.cif
  Ligand written: /home/rquiroga/github/runs-n-poses/runs-n-poses-datasets/symmetry_corrected/8qhq__1__1.A_1.B__1.G/8qhq__1__1.A_1.B__1.G_ligand.pdb
  No symmetry contacts found — writing non-symm receptor only
  -> no_symmetry_contacts

Processing 8qic__1__1.B__1.F_1.J (proper chain: 1.F)
  Downloading https://files.rcsb.org/download/8qic.cif
  Ligand written: /home/rquiroga/github/runs-n-poses/runs-n-poses-datasets/symmetry_corrected/8qic__1__1.B__1.F_1.J/8qic__1__1.B__1.F_1.J_ligand.pdb
  No symmetry contacts found — writing non-symm receptor only
  -> no_symmetry_contacts

Processing 8qk2__1__1.A__1.D (proper chain: 1.D)
  Downloading https://files.rcsb.org/download/8qk2.cif
  Ligand written: /home/rquiroga/github/runs-n-poses/runs-n-poses-datasets/symmetry_corrected/8qk2__1__1.A__1.D/8qk2__1__1.A__1.D_ligand.pdb
  No symmetry contacts found — writing non-symm receptor only
  -> no_symmetry_contacts

Processing 8qk5__1__1.A__1.D (proper chain: 1.D)
  Downloading https://files.rcsb.org/download/8qk5.cif
  Ligand written: /home/rquiroga/github/runs-n-poses/runs-n-poses-datasets/symmetry_corrected/8qk5__1__1.A__1.D/8qk5__1__1.A__1.D_ligand.pdb
  No symmetry contacts found — writing non-symm receptor only
  -> no_symmetry_contacts

Processing 8qk9__1__1.A__1.D (proper chain: 1.D)
  Downloading https://files.rcsb.org/download/8qk9.cif
  Ligand written: /home/rquiroga/github/runs-n-poses/runs-n-poses-datasets/symmetry_corrected/8qk9__1__1.A__1.D/8qk9__1__1.A__1.D_ligand.pdb
  No symmetry contacts found — writing non-symm receptor only
  -> no_symmetry_contacts

Processing 8qka__1__1.A__1.D (proper chain: 1.D)
  Downloading https://files.rcsb.org/download/8qka.cif
  Ligand written: /home/rquiroga/github/runs-n-poses/runs-n-poses-datasets/symmetry_corrected/8qka__1__1.A__1.D/8qka__1__1.A__1.D_ligand.pdb
  No symmetry contacts found — writing non-symm receptor only
  -> no_symmetry_contacts

Processing 8qkb__1__1.D__1.CA_1.HA (proper chain: 1.CA)
  Downloading https://files.rcsb.org/download/8qkb.cif
  Ligand written: /home/rquiroga/github/runs-n-poses/runs-n-poses-datasets/symmetry_corrected/8qkb__1__1.D__1.CA_1.HA/8qkb__1__1.D__1.CA_1.HA_ligand.pdb
  No symmetry contacts found — writing non-symm receptor only
  -> no_symmetry_contacts

Processing 8qlr__1__1.B__1.F (proper chain: 1.F)
  Downloading https://files.rcsb.org/download/8qlr.cif
  Ligand written: /home/rquiroga/github/runs-n-poses/runs-n-poses-datasets/symmetry_corrected/8qlr__1__1.B__1.F/8qlr__1__1.B__1.F_ligand.pdb
  No symmetry contacts found — writing non-symm receptor only
  -> no_symmetry_contacts

Processing 8qmf__1__1.A_1.B__1.M_1.R_1.S (proper chain: 1.M)
  Downloading https://files.rcsb.org/download/8qmf.cif
  Ligand written: /home/rquiroga/github/runs-n-poses/runs-n-poses-datasets/symmetry_corrected/8qmf__1__1.A_1.B__1.M_1.R_1.S/8qmf__1__1.A_1.B__1.M_1.R_1.S_ligand.pdb
  No symmetry contacts found — writing non-symm receptor only
  -> no_symmetry_contacts

Processing 8qmy__1__1.A__1.D_1.E (proper chain: 1.D)
  Downloading https://files.rcsb.org/download/8qmy.cif
  Ligand written: /home/rquiroga/github/runs-n-poses/runs-n-poses-datasets/symmetry_corrected/8qmy__1__1.A__1.D_1.E/8qmy__1__1.A__1.D_1.E_ligand.pdb
  No symmetry contacts found — writing non-symm receptor only
  -> no_symmetry_contacts

Processing 8qnh__1__1.A__1.B (proper chain: 1.B)
  Downloading https://files.rcsb.org/download/8qnh.cif
  Ligand written: /home/rquiroga/github/runs-n-poses/runs-n-poses-datasets/symmetry_corrected/8qnh__1__1.A__1.B/8qnh__1__1.A__1.B_ligand.pdb
  No symmetry contacts found — writing non-symm receptor only
  -> no_symmetry_contacts

Processing 8qpn__1__1.A__1.B_1.I (proper chain: 1.I)
  Downloading https://files.rcsb.org/download/8qpn.cif
  Ligand written: /home/rquiroga/github/runs-n-poses/runs-n-poses-datasets/symmetry_corrected/8qpn__1__1.A__1.B_1.I/8qpn__1__1.A__1.B_1.I_ligand.pdb
  No symmetry contacts found — writing non-symm receptor only
  -> no_symmetry_contacts

Processing 8qq4__1__1.A__1.B_1.I (proper chain: 1.I)
  Downloading https://files.rcsb.org/download/8qq4.cif
  Ligand written: /home/rquiroga/github/runs-n-poses/runs-n-poses-datasets/symmetry_corrected/8qq4__1__1.A__1.B_1.I/8qq4__1__1.A__1.B_1.I_ligand.pdb
  No symmetry contacts found — writing non-symm receptor only
  -> no_symmetry_contacts

Processing 8qqg__1__1.A__1.D (proper chain: 1.D)
  Downloading https://files.rcsb.org/download/8qqg.cif
  Ligand written: /home/rquiroga/github/runs-n-poses/runs-n-poses-datasets/symmetry_corrected/8qqg__1__1.A__1.D/8qqg__1__1.A__1.D_ligand.pdb
  No symmetry contacts found — writing non-symm receptor only
  -> no_symmetry_contacts

Processing 8qqy__1__1.A__1.B (proper chain: 1.B)
  Downloading https://files.rcsb.org/download/8qqy.cif
  Ligand written: /home/rquiroga/github/runs-n-poses/runs-n-poses-datasets/symmetry_corrected/8qqy__1__1.A__1.B/8qqy__1__1.A__1.B_ligand.pdb
  No symmetry contacts found — writing non-symm receptor only
  -> no_symmetry_contacts

Processing 8qrt__1__1.B__1.F (proper chain: 1.F)
  Downloading https://files.rcsb.org/download/8qrt.cif
  Ligand written: /home/rquiroga/github/runs-n-poses/runs-n-poses-datasets/symmetry_corrected/8qrt__1__1.B__1.F/8qrt__1__1.B__1.F_ligand.pdb
  No symmetry contacts found — writing non-symm receptor only
  -> no_symmetry_contacts

Processing 8qtg__1__1.A__1.B (proper chain: 1.B)
  Downloading https://files.rcsb.org/download/8qtg.cif
  Ligand written: /home/rquiroga/github/runs-n-poses/runs-n-poses-datasets/symmetry_corrected/8qtg__1__1.A__1.B/8qtg__1__1.A__1.B_ligand.pdb
  No symmetry contacts found — writing non-symm receptor only
  -> no_symmetry_contacts

Processing 8qth__1__1.A__1.B (proper chain: 1.B)
  Downloading https://files.rcsb.org/download/8qth.cif
  Ligand written: /home/rquiroga/github/runs-n-poses/runs-n-poses-datasets/symmetry_corrected/8qth__1__1.A__1.B/8qth__1__1.A__1.B_ligand.pdb
  No symmetry contacts found — writing non-symm receptor only
  -> no_symmetry_contacts

Processing 8qtj__1__1.A__1.E (proper chain: 1.E)
  Downloading https://files.rcsb.org/download/8qtj.cif
  Ligand written: /home/rquiroga/github/runs-n-poses/runs-n-poses-datasets/symmetry_corrected/8qtj__1__1.A__1.E/8qtj__1__1.A__1.E_ligand.pdb
  No symmetry contacts found — writing non-symm receptor only
  -> no_symmetry_contacts

Processing 8qtl__1__1.A_1.B__1.G (proper chain: 1.G)
  Downloading https://files.rcsb.org/download/8qtl.cif
  Ligand written: /home/rquiroga/github/runs-n-poses/runs-n-poses-datasets/symmetry_corrected/8qtl__1__1.A_1.B__1.G/8qtl__1__1.A_1.B__1.G_ligand.pdb
  No symmetry contacts found — writing non-symm receptor only
  -> no_symmetry_contacts

Processing 8qtt__1__1.C__1.D_1.V (proper chain: 1.D)
  Downloading https://files.rcsb.org/download/8qtt.cif
  Ligand written: /home/rquiroga/github/runs-n-poses/runs-n-poses-datasets/symmetry_corrected/8qtt__1__1.C__1.D_1.V/8qtt__1__1.C__1.D_1.V_ligand.pdb
  No symmetry contacts found — writing non-symm receptor only
  -> no_symmetry_contacts

Processing 8qve__1__1.A__1.B_1.D (proper chain: 1.B)
  Downloading https://files.rcsb.org/download/8qve.cif
  Ligand written: /home/rquiroga/github/runs-n-poses/runs-n-poses-datasets/symmetry_corrected/8qve__1__1.A__1.B_1.D/8qve__1__1.A__1.B_1.D_ligand.pdb
  No symmetry contacts found — writing non-symm receptor only
  -> no_symmetry_contacts

Processing 8qyg__1__1.A_1.B__1.C_1.L (proper chain: 1.C)
  Downloading https://files.rcsb.org/download/8qyg.cif
  Ligand written: /home/rquiroga/github/runs-n-poses/runs-n-poses-datasets/symmetry_corrected/8qyg__1__1.A_1.B__1.C_1.L/8qyg__1__1.A_1.B__1.C_1.L_ligand.pdb
  No symmetry contacts found — writing non-symm receptor only
  -> no_symmetry_contacts

Processing 8qyq__1__1.A__1.H (proper chain: 1.H)
  Downloading https://files.rcsb.org/download/8qyq.cif
  Ligand written: /home/rquiroga/github/runs-n-poses/runs-n-poses-datasets/symmetry_corrected/8qyq__1__1.A__1.H/8qyq__1__1.A__1.H_ligand.pdb
  No symmetry contacts found — writing non-symm receptor only
  -> no_symmetry_contacts

Processing 8qyr__1__1.A__1.G_1.H_1.I (proper chain: 1.H)
  Downloading https://files.rcsb.org/download/8qyr.cif
  Ligand written: /home/rquiroga/github/runs-n-poses/runs-n-poses-datasets/symmetry_corrected/8qyr__1__1.A__1.G_1.H_1.I/8qyr__1__1.A__1.G_1.H_1.I_ligand.pdb
  No symmetry contacts found — writing non-symm receptor only
  -> no_symmetry_contacts

Processing 8qyu__1__1.A__1.K_1.L (proper chain: 1.L)
  Downloading https://files.rcsb.org/download/8qyu.cif
  Ligand written: /home/rquiroga/github/runs-n-poses/runs-n-poses-datasets/symmetry_corrected/8qyu__1__1.A__1.K_1.L/8qyu__1__1.A__1.K_1.L_ligand.pdb
  No symmetry contacts found — writing non-symm receptor only
  -> no_symmetry_contacts

Processing 8qyw__1__1.A_2.A__1.C_1.E (proper chain: 1.C)
  Downloading https://files.rcsb.org/download/8qyw.cif
  Ligand written: /home/rquiroga/github/runs-n-poses/runs-n-poses-datasets/symmetry_corrected/8qyw__1__1.A_2.A__1.C_1.E/8qyw__1__1.A_2.A__1.C_1.E_ligand.pdb
  Found 1 symmetry operations with contacts
  Receptor (symm) written: /home/rquiroga/github/runs-n-poses/runs-n-poses-datasets/symmetry_corrected/8qyw__1__1.A_2.A__1.C_1.E/8qyw__1__1.A_2.A__1.C_1.E_receptor_symm.pdb
  Total chains in output: 6
  -> ok

Processing 8r0i__1__1.A_2.A__1.D (proper chain: 1.D)
  Downloading https://files.rcsb.org/download/8r0i.cif
  Ligand written: /home/rquiroga/github/runs-n-poses/runs-n-poses-datasets/symmetry_corrected/8r0i__1__1.A_2.A__1.D/8r0i__1__1.A_2.A__1.D_ligand.pdb
  Found 1 symmetry operations with contacts
  Receptor (symm) written: /home/rquiroga/github/runs-n-poses/runs-n-poses-datasets/symmetry_corrected/8r0i__1__1.A_2.A__1.D/8r0i__1__1.A_2.A__1.D_receptor_symm.pdb
  Total chains in output: 5
  -> ok

Processing 8r11__1__1.A_1.B__1.C (proper chain: 1.C)
  Downloading https://files.rcsb.org/download/8r11.cif
  Ligand written: /home/rquiroga/github/runs-n-poses/runs-n-poses-datasets/symmetry_corrected/8r11__1__1.A_1.B__1.C/8r11__1__1.A_1.B__1.C_ligand.pdb
  No symmetry contacts found — writing non-symm receptor only
  -> no_symmetry_contacts

Processing 8r12__1__1.A_1.B__1.C (proper chain: 1.C)
  Downloading https://files.rcsb.org/download/8r12.cif
  Ligand written: /home/rquiroga/github/runs-n-poses/runs-n-poses-datasets/symmetry_corrected/8r12__1__1.A_1.B__1.C/8r12__1__1.A_1.B__1.C_ligand.pdb
  No symmetry contacts found — writing non-symm receptor only
  -> no_symmetry_contacts

Processing 8r1n__1__1.A__1.C (proper chain: 1.C)
  Downloading https://files.rcsb.org/download/8r1n.cif
  Ligand written: /home/rquiroga/github/runs-n-poses/runs-n-poses-datasets/symmetry_corrected/8r1n__1__1.A__1.C/8r1n__1__1.A__1.C_ligand.pdb
  No symmetry contacts found — writing non-symm receptor only
  -> no_symmetry_contacts

Processing 8r1p__1__1.A_1.B__1.C (proper chain: 1.C)
  Downloading https://files.rcsb.org/download/8r1p.cif
  Ligand written: /home/rquiroga/github/runs-n-poses/runs-n-poses-datasets/symmetry_corrected/8r1p__1__1.A_1.B__1.C/8r1p__1__1.A_1.B__1.C_ligand.pdb
  No symmetry contacts found — writing non-symm receptor only
  -> no_symmetry_contacts

Processing 8r3d__1__1.B_1.E__1.J (proper chain: 1.J)
  Downloading https://files.rcsb.org/download/8r3d.cif
  Ligand written: /home/rquiroga/github/runs-n-poses/runs-n-poses-datasets/symmetry_corrected/8r3d__1__1.B_1.E__1.J/8r3d__1__1.B_1.E__1.J_ligand.pdb
  No symmetry contacts found — writing non-symm receptor only
  -> no_symmetry_contacts

Processing 8r3o__1__1.A_1.B__1.E_1.F_1.G (proper chain: 1.E)
  Downloading https://files.rcsb.org/download/8r3o.cif
  Ligand written: /home/rquiroga/github/runs-n-poses/runs-n-poses-datasets/symmetry_corrected/8r3o__1__1.A_1.B__1.E_1.F_1.G/8r3o__1__1.A_1.B__1.E_1.F_1.G_ligand.pdb
  No symmetry contacts found — writing non-symm receptor only
  -> no_symmetry_contacts

Processing 8r3p__1__1.A_1.B__1.E_1.F (proper chain: 1.E)
  Downloading https://files.rcsb.org/download/8r3p.cif
  Ligand written: /home/rquiroga/github/runs-n-poses/runs-n-poses-datasets/symmetry_corrected/8r3p__1__1.A_1.B__1.E_1.F/8r3p__1__1.A_1.B__1.E_1.F_ligand.pdb
  No symmetry contacts found — writing non-symm receptor only
  -> no_symmetry_contacts

Processing 8r3q__1__1.A_1.B__1.J_1.M (proper chain: 1.J)
  Downloading https://files.rcsb.org/download/8r3q.cif
  Ligand written: /home/rquiroga/github/runs-n-poses/runs-n-poses-datasets/symmetry_corrected/8r3q__1__1.A_1.B__1.J_1.M/8r3q__1__1.A_1.B__1.J_1.M_ligand.pdb
  No symmetry contacts found — writing non-symm receptor only
  -> no_symmetry_contacts

Processing 8r3s__1__1.A_1.B__1.K_1.L (proper chain: 1.K)
  Downloading https://files.rcsb.org/download/8r3s.cif
  Ligand written: /home/rquiroga/github/runs-n-poses/runs-n-poses-datasets/symmetry_corrected/8r3s__1__1.A_1.B__1.K_1.L/8r3s__1__1.A_1.B__1.K_1.L_ligand.pdb
  No symmetry contacts found — writing non-symm receptor only
  -> no_symmetry_contacts

Processing 8r41__1__1.A__1.E_1.F_1.G (proper chain: 1.E)
  Downloading https://files.rcsb.org/download/8r41.cif
  Ligand written: /home/rquiroga/github/runs-n-poses/runs-n-poses-datasets/symmetry_corrected/8r41__1__1.A__1.E_1.F_1.G/8r41__1__1.A__1.E_1.F_1.G_ligand.pdb
  No symmetry contacts found — writing non-symm receptor only
  -> no_symmetry_contacts

Processing 8r42__1__1.B__1.Q (proper chain: 1.Q)
  Downloading https://files.rcsb.org/download/8r42.cif
  Ligand written: /home/rquiroga/github/runs-n-poses/runs-n-poses-datasets/symmetry_corrected/8r42__1__1.B__1.Q/8r42__1__1.B__1.Q_ligand.pdb
  No symmetry contacts found — writing non-symm receptor only
  -> no_symmetry_contacts

Processing 8r4o__1__1.A__1.M (proper chain: 1.M)
  Downloading https://files.rcsb.org/download/8r4o.cif
  Ligand written: /home/rquiroga/github/runs-n-poses/runs-n-poses-datasets/symmetry_corrected/8r4o__1__1.A__1.M/8r4o__1__1.A__1.M_ligand.pdb
  No symmetry contacts found — writing non-symm receptor only
  -> no_symmetry_contacts

Processing 8r4q__1__1.A__1.M_1.N (proper chain: 1.M)
  Downloading https://files.rcsb.org/download/8r4q.cif
  Ligand written: /home/rquiroga/github/runs-n-poses/runs-n-poses-datasets/symmetry_corrected/8r4q__1__1.A__1.M_1.N/8r4q__1__1.A__1.M_1.N_ligand.pdb
  No symmetry contacts found — writing non-symm receptor only
  -> no_symmetry_contacts

Processing 8r4u__1__1.A__1.I (proper chain: 1.I)
  Downloading https://files.rcsb.org/download/8r4u.cif
  Ligand written: /home/rquiroga/github/runs-n-poses/runs-n-poses-datasets/symmetry_corrected/8r4u__1__1.A__1.I/8r4u__1__1.A__1.I_ligand.pdb
  No symmetry contacts found — writing non-symm receptor only
  -> no_symmetry_contacts

Processing 8r4x__1__1.A__1.J_1.K_1.L_1.P (proper chain: 1.P)
  Downloading https://files.rcsb.org/download/8r4x.cif
  Ligand written: /home/rquiroga/github/runs-n-poses/runs-n-poses-datasets/symmetry_corrected/8r4x__1__1.A__1.J_1.K_1.L_1.P/8r4x__1__1.A__1.J_1.K_1.L_1.P_ligand.pdb
  No symmetry contacts found — writing non-symm receptor only
  -> no_symmetry_contacts

Processing 8r99__1__1.A__1.B_1.C (proper chain: 1.B)
  Downloading https://files.rcsb.org/download/8r99.cif
  Ligand written: /home/rquiroga/github/runs-n-poses/runs-n-poses-datasets/symmetry_corrected/8r99__1__1.A__1.B_1.C/8r99__1__1.A__1.B_1.C_ligand.pdb
  No symmetry contacts found — writing non-symm receptor only
  -> no_symmetry_contacts

Processing 8rcw__1__1.A__1.C (proper chain: 1.C)
  Downloading https://files.rcsb.org/download/8rcw.cif
  Ligand written: /home/rquiroga/github/runs-n-poses/runs-n-poses-datasets/symmetry_corrected/8rcw__1__1.A__1.C/8rcw__1__1.A__1.C_ligand.pdb
  No symmetry contacts found — writing non-symm receptor only
  -> no_symmetry_contacts

Processing 8rdk__1__1.A__1.D (proper chain: 1.D)
  Downloading https://files.rcsb.org/download/8rdk.cif
  Ligand written: /home/rquiroga/github/runs-n-poses/runs-n-poses-datasets/symmetry_corrected/8rdk__1__1.A__1.D/8rdk__1__1.A__1.D_ligand.pdb
  No symmetry contacts found — writing non-symm receptor only
  -> no_symmetry_contacts

Processing 8re3__1__1.A__1.C_1.D_1.E (proper chain: 1.C)
  Downloading https://files.rcsb.org/download/8re3.cif
  Ligand written: /home/rquiroga/github/runs-n-poses/runs-n-poses-datasets/symmetry_corrected/8re3__1__1.A__1.C_1.D_1.E/8re3__1__1.A__1.C_1.D_1.E_ligand.pdb
  No symmetry contacts found — writing non-symm receptor only
  -> no_symmetry_contacts

Processing 8rkq__1__1.A__1.E (proper chain: 1.E)
  Downloading https://files.rcsb.org/download/8rkq.cif
  Ligand written: /home/rquiroga/github/runs-n-poses/runs-n-poses-datasets/symmetry_corrected/8rkq__1__1.A__1.E/8rkq__1__1.A__1.E_ligand.pdb
  No symmetry contacts found — writing non-symm receptor only
  -> no_symmetry_contacts

Processing 8s98__1__1.A__1.D (proper chain: 1.D)
  Downloading https://files.rcsb.org/download/8s98.cif
  Ligand written: /home/rquiroga/github/runs-n-poses/runs-n-poses-datasets/symmetry_corrected/8s98__1__1.A__1.D/8s98__1__1.A__1.D_ligand.pdb
  No symmetry contacts found — writing non-symm receptor only
  -> no_symmetry_contacts

Processing 8sam__1__1.A__1.C_1.D (proper chain: 1.D)
  Downloading https://files.rcsb.org/download/8sam.cif
  Ligand written: /home/rquiroga/github/runs-n-poses/runs-n-poses-datasets/symmetry_corrected/8sam__1__1.A__1.C_1.D/8sam__1__1.A__1.C_1.D_ligand.pdb
  No symmetry contacts found — writing non-symm receptor only
  -> no_symmetry_contacts

Processing 8se5__1__1.A_1.B__1.H (proper chain: 1.H)
  Downloading https://files.rcsb.org/download/8se5.cif
  Ligand written: /home/rquiroga/github/runs-n-poses/runs-n-poses-datasets/symmetry_corrected/8se5__1__1.A_1.B__1.H/8se5__1__1.A_1.B__1.H_ligand.pdb
  Found 1 symmetry operations with contacts
  Receptor (symm) written: /home/rquiroga/github/runs-n-poses/runs-n-poses-datasets/symmetry_corrected/8se5__1__1.A_1.B__1.H/8se5__1__1.A_1.B__1.H_receptor_symm.pdb
  Total chains in output: 4
  -> ok

Processing 8se6__1__1.A_1.B__1.F (proper chain: 1.F)
  Downloading https://files.rcsb.org/download/8se6.cif
  Ligand written: /home/rquiroga/github/runs-n-poses/runs-n-poses-datasets/symmetry_corrected/8se6__1__1.A_1.B__1.F/8se6__1__1.A_1.B__1.F_ligand.pdb
  No symmetry contacts found — writing non-symm receptor only
  -> no_symmetry_contacts

Processing 8sf3__1__1.A__1.B_1.C (proper chain: 1.B)
  Downloading https://files.rcsb.org/download/8sf3.cif
  Ligand written: /home/rquiroga/github/runs-n-poses/runs-n-poses-datasets/symmetry_corrected/8sf3__1__1.A__1.B_1.C/8sf3__1__1.A__1.B_1.C_ligand.pdb
  No symmetry contacts found — writing non-symm receptor only
  -> no_symmetry_contacts

Processing 8sge__1__1.A__1.H (proper chain: 1.H)
  Downloading https://files.rcsb.org/download/8sge.cif
  Ligand written: /home/rquiroga/github/runs-n-poses/runs-n-poses-datasets/symmetry_corrected/8sge__1__1.A__1.H/8sge__1__1.A__1.H_ligand.pdb
  No symmetry contacts found — writing non-symm receptor only
  -> no_symmetry_contacts

Processing 8sip__1__1.A_1.B__1.C (proper chain: 1.C)
  Downloading https://files.rcsb.org/download/8sip.cif
  Ligand written: /home/rquiroga/github/runs-n-poses/runs-n-poses-datasets/symmetry_corrected/8sip__1__1.A_1.B__1.C/8sip__1__1.A_1.B__1.C_ligand.pdb
  No symmetry contacts found — writing non-symm receptor only
  -> no_symmetry_contacts

Processing 8six__1__1.A__1.B (proper chain: 1.B)
  Downloading https://files.rcsb.org/download/8six.cif
  Ligand written: /home/rquiroga/github/runs-n-poses/runs-n-poses-datasets/symmetry_corrected/8six__1__1.A__1.B/8six__1__1.A__1.B_ligand.pdb
  No symmetry contacts found — writing non-symm receptor only
  -> no_symmetry_contacts

Processing 8sk0__1__1.B__1.G_1.H (proper chain: 1.H)
  Downloading https://files.rcsb.org/download/8sk0.cif
  Ligand written: /home/rquiroga/github/runs-n-poses/runs-n-poses-datasets/symmetry_corrected/8sk0__1__1.B__1.G_1.H/8sk0__1__1.B__1.G_1.H_ligand.pdb
  No symmetry contacts found — writing non-symm receptor only
  -> no_symmetry_contacts

Processing 8skn__1__1.A__1.C (proper chain: 1.C)
  Downloading https://files.rcsb.org/download/8skn.cif
  Ligand written: /home/rquiroga/github/runs-n-poses/runs-n-poses-datasets/symmetry_corrected/8skn__1__1.A__1.C/8skn__1__1.A__1.C_ligand.pdb
  No symmetry contacts found — writing non-symm receptor only
  -> no_symmetry_contacts

Processing 8slg__1__1.A__1.C (proper chain: 1.C)
  Downloading https://files.rcsb.org/download/8slg.cif
  Ligand written: /home/rquiroga/github/runs-n-poses/runs-n-poses-datasets/symmetry_corrected/8slg__1__1.A__1.C/8slg__1__1.A__1.C_ligand.pdb
  No symmetry contacts found — writing non-symm receptor only
  -> no_symmetry_contacts

Processing 8smf__1__1.B_1.E__1.I (proper chain: 1.I)
  Downloading https://files.rcsb.org/download/8smf.cif
  Ligand written: /home/rquiroga/github/runs-n-poses/runs-n-poses-datasets/symmetry_corrected/8smf__1__1.B_1.E__1.I/8smf__1__1.B_1.E__1.I_ligand.pdb
  No symmetry contacts found — writing non-symm receptor only
  -> no_symmetry_contacts

Processing 8smg__1__1.B_2.A__1.C (proper chain: 1.C)
  Downloading https://files.rcsb.org/download/8smg.cif
  Ligand written: /home/rquiroga/github/runs-n-poses/runs-n-poses-datasets/symmetry_corrected/8smg__1__1.B_2.A__1.C/8smg__1__1.B_2.A__1.C_ligand.pdb
  No symmetry contacts found — writing non-symm receptor only
  -> no_symmetry_contacts

Processing 8sqg__1__1.A__1.C_1.D (proper chain: 1.D)
  Downloading https://files.rcsb.org/download/8sqg.cif
  Ligand written: /home/rquiroga/github/runs-n-poses/runs-n-poses-datasets/symmetry_corrected/8sqg__1__1.A__1.C_1.D/8sqg__1__1.A__1.C_1.D_ligand.pdb
  No symmetry contacts found — writing non-symm receptor only
  -> no_symmetry_contacts

Processing 8su1__1__1.A__1.C_1.D_1.E_1.F (proper chain: 1.F)
  Downloading https://files.rcsb.org/download/8su1.cif
  Ligand written: /home/rquiroga/github/runs-n-poses/runs-n-poses-datasets/symmetry_corrected/8su1__1__1.A__1.C_1.D_1.E_1.F/8su1__1__1.A__1.C_1.D_1.E_1.F_ligand.pdb
  No symmetry contacts found — writing non-symm receptor only
  -> no_symmetry_contacts

Processing 8sua__1__1.A__1.B (proper chain: 1.B)
  Downloading https://files.rcsb.org/download/8sua.cif
  Ligand written: /home/rquiroga/github/runs-n-poses/runs-n-poses-datasets/symmetry_corrected/8sua__1__1.A__1.B/8sua__1__1.A__1.B_ligand.pdb
  No symmetry contacts found — writing non-symm receptor only
  -> no_symmetry_contacts

Processing 8sv9__1__1.A__1.C (proper chain: 1.C)
  Downloading https://files.rcsb.org/download/8sv9.cif
  Ligand written: /home/rquiroga/github/runs-n-poses/runs-n-poses-datasets/symmetry_corrected/8sv9__1__1.A__1.C/8sv9__1__1.A__1.C_ligand.pdb
  No symmetry contacts found — writing non-symm receptor only
  -> no_symmetry_contacts

Processing 8svl__1__1.A__1.B_1.C_1.G (proper chain: 1.C)
  Downloading https://files.rcsb.org/download/8svl.cif
  Ligand written: /home/rquiroga/github/runs-n-poses/runs-n-poses-datasets/symmetry_corrected/8svl__1__1.A__1.B_1.C_1.G/8svl__1__1.A__1.B_1.C_1.G_ligand.pdb
  No symmetry contacts found — writing non-symm receptor only
  -> no_symmetry_contacts

Processing 8swe__1__1.A__1.E (proper chain: 1.E)
  Downloading https://files.rcsb.org/download/8swe.cif
  Ligand written: /home/rquiroga/github/runs-n-poses/runs-n-poses-datasets/symmetry_corrected/8swe__1__1.A__1.E/8swe__1__1.A__1.E_ligand.pdb
  No symmetry contacts found — writing non-symm receptor only
  -> no_symmetry_contacts

Processing 8swq__1__1.A_1.C__1.G_1.H (proper chain: 1.G)
  Downloading https://files.rcsb.org/download/8swq.cif
  Ligand written: /home/rquiroga/github/runs-n-poses/runs-n-poses-datasets/symmetry_corrected/8swq__1__1.A_1.C__1.G_1.H/8swq__1__1.A_1.C__1.G_1.H_ligand.pdb
  No symmetry contacts found — writing non-symm receptor only
  -> no_symmetry_contacts

Processing 8swr__1__1.A_1.B__1.I (proper chain: 1.I)
  Downloading https://files.rcsb.org/download/8swr.cif
  Ligand written: /home/rquiroga/github/runs-n-poses/runs-n-poses-datasets/symmetry_corrected/8swr__1__1.A_1.B__1.I/8swr__1__1.A_1.B__1.I_ligand.pdb
  No symmetry contacts found — writing non-symm receptor only
  -> no_symmetry_contacts

Processing 8swt__1__1.A_2.A__1.C_1.D (proper chain: 1.C)
  Downloading https://files.rcsb.org/download/8swt.cif
  Ligand written: /home/rquiroga/github/runs-n-poses/runs-n-poses-datasets/symmetry_corrected/8swt__1__1.A_2.A__1.C_1.D/8swt__1__1.A_2.A__1.C_1.D_ligand.pdb
  Found 2 symmetry operations with contacts
  Receptor (symm) written: /home/rquiroga/github/runs-n-poses/runs-n-poses-datasets/symmetry_corrected/8swt__1__1.A_2.A__1.C_1.D/8swt__1__1.A_2.A__1.C_1.D_receptor_symm.pdb
  Total chains in output: 7
  -> ok

Processing 8swu__1__1.A_1.B__1.D_1.E (proper chain: 1.D)
  Downloading https://files.rcsb.org/download/8swu.cif
  Ligand written: /home/rquiroga/github/runs-n-poses/runs-n-poses-datasets/symmetry_corrected/8swu__1__1.A_1.B__1.D_1.E/8swu__1__1.A_1.B__1.D_1.E_ligand.pdb
  No symmetry contacts found — writing non-symm receptor only
  -> no_symmetry_contacts

Processing 8sx2__1__1.A__1.C (proper chain: 1.C)
  Downloading https://files.rcsb.org/download/8sx2.cif
  Ligand written: /home/rquiroga/github/runs-n-poses/runs-n-poses-datasets/symmetry_corrected/8sx2__1__1.A__1.C/8sx2__1__1.A__1.C_ligand.pdb
  No symmetry contacts found — writing non-symm receptor only
  -> no_symmetry_contacts

Processing 8sx4__1__1.A__1.C (proper chain: 1.C)
  Downloading https://files.rcsb.org/download/8sx4.cif
  Ligand written: /home/rquiroga/github/runs-n-poses/runs-n-poses-datasets/symmetry_corrected/8sx4__1__1.A__1.C/8sx4__1__1.A__1.C_ligand.pdb
  No symmetry contacts found — writing non-symm receptor only
  -> no_symmetry_contacts

Processing 8sxy__1__1.A__1.C (proper chain: 1.C)
  Downloading https://files.rcsb.org/download/8sxy.cif
  Ligand written: /home/rquiroga/github/runs-n-poses/runs-n-poses-datasets/symmetry_corrected/8sxy__1__1.A__1.C/8sxy__1__1.A__1.C_ligand.pdb
  No symmetry contacts found — writing non-symm receptor only
  -> no_symmetry_contacts

Processing 8sye__1__1.A__1.C (proper chain: 1.C)
  Downloading https://files.rcsb.org/download/8sye.cif
  Ligand written: /home/rquiroga/github/runs-n-poses/runs-n-poses-datasets/symmetry_corrected/8sye__1__1.A__1.C/8sye__1__1.A__1.C_ligand.pdb
  No symmetry contacts found — writing non-symm receptor only
  -> no_symmetry_contacts

Processing 8sz3__1__1.A_2.B__1.G (proper chain: 1.G)
  Downloading https://files.rcsb.org/download/8sz3.cif
  Ligand written: /home/rquiroga/github/runs-n-poses/runs-n-poses-datasets/symmetry_corrected/8sz3__1__1.A_2.B__1.G/8sz3__1__1.A_2.B__1.G_ligand.pdb
  No symmetry contacts found — writing non-symm receptor only
  -> no_symmetry_contacts

Processing 8sze__1__1.A__1.C (proper chain: 1.C)
  Downloading https://files.rcsb.org/download/8sze.cif
  Ligand written: /home/rquiroga/github/runs-n-poses/runs-n-poses-datasets/symmetry_corrected/8sze__1__1.A__1.C/8sze__1__1.A__1.C_ligand.pdb
  No symmetry contacts found — writing non-symm receptor only
  -> no_symmetry_contacts

Processing 8szq__1__1.A__1.B_1.C (proper chain: 1.B)
  Downloading https://files.rcsb.org/download/8szq.cif
  Ligand written: /home/rquiroga/github/runs-n-poses/runs-n-poses-datasets/symmetry_corrected/8szq__1__1.A__1.B_1.C/8szq__1__1.A__1.B_1.C_ligand.pdb
  No symmetry contacts found — writing non-symm receptor only
  -> no_symmetry_contacts

Processing 8szs__1__1.A__1.B_1.C (proper chain: 1.B)
  Downloading https://files.rcsb.org/download/8szs.cif
  Ligand written: /home/rquiroga/github/runs-n-poses/runs-n-poses-datasets/symmetry_corrected/8szs__1__1.A__1.B_1.C/8szs__1__1.A__1.B_1.C_ligand.pdb
  No symmetry contacts found — writing non-symm receptor only
  -> no_symmetry_contacts

Processing 8t1q__1__1.A__1.B_1.F_1.G (proper chain: 1.B)
  Downloading https://files.rcsb.org/download/8t1q.cif
  Ligand written: /home/rquiroga/github/runs-n-poses/runs-n-poses-datasets/symmetry_corrected/8t1q__1__1.A__1.B_1.F_1.G/8t1q__1__1.A__1.B_1.F_1.G_ligand.pdb
  No symmetry contacts found — writing non-symm receptor only
  -> no_symmetry_contacts

Processing 8t1y__1__1.A__1.B (proper chain: 1.B)
  Downloading https://files.rcsb.org/download/8t1y.cif
  Ligand written: /home/rquiroga/github/runs-n-poses/runs-n-poses-datasets/symmetry_corrected/8t1y__1__1.A__1.B/8t1y__1__1.A__1.B_ligand.pdb
  No symmetry contacts found — writing non-symm receptor only
  -> no_symmetry_contacts

Processing 8t27__1__1.A__1.B (proper chain: 1.B)
  Downloading https://files.rcsb.org/download/8t27.cif
  Ligand written: /home/rquiroga/github/runs-n-poses/runs-n-poses-datasets/symmetry_corrected/8t27__1__1.A__1.B/8t27__1__1.A__1.B_ligand.pdb
  No symmetry contacts found — writing non-symm receptor only
  -> no_symmetry_contacts

Processing 8t2h__1__1.A__1.C_1.D_1.E (proper chain: 1.C)
  Downloading https://files.rcsb.org/download/8t2h.cif
  Ligand written: /home/rquiroga/github/runs-n-poses/runs-n-poses-datasets/symmetry_corrected/8t2h__1__1.A__1.C_1.D_1.E/8t2h__1__1.A__1.C_1.D_1.E_ligand.pdb
  No symmetry contacts found — writing non-symm receptor only
  -> no_symmetry_contacts

Processing 8t5n__1__1.A__1.B_1.M (proper chain: 1.M)
  Downloading https://files.rcsb.org/download/8t5n.cif
  Ligand written: /home/rquiroga/github/runs-n-poses/runs-n-poses-datasets/symmetry_corrected/8t5n__1__1.A__1.B_1.M/8t5n__1__1.A__1.B_1.M_ligand.pdb
  No symmetry contacts found — writing non-symm receptor only
  -> no_symmetry_contacts

Processing 8t8v__1__1.A__1.B_1.C_1.E_1.F (proper chain: 1.B)
  Downloading https://files.rcsb.org/download/8t8v.cif
  Ligand written: /home/rquiroga/github/runs-n-poses/runs-n-poses-datasets/symmetry_corrected/8t8v__1__1.A__1.B_1.C_1.E_1.F/8t8v__1__1.A__1.B_1.C_1.E_1.F_ligand.pdb
  No symmetry contacts found — writing non-symm receptor only
  -> no_symmetry_contacts

Processing 8t9v__1__1.A__1.B (proper chain: 1.B)
  Downloading https://files.rcsb.org/download/8t9v.cif
  Ligand written: /home/rquiroga/github/runs-n-poses/runs-n-poses-datasets/symmetry_corrected/8t9v__1__1.A__1.B/8t9v__1__1.A__1.B_ligand.pdb
  Found 1 symmetry operations with contacts
  Receptor (symm) written: /home/rquiroga/github/runs-n-poses/runs-n-poses-datasets/symmetry_corrected/8t9v__1__1.A__1.B/8t9v__1__1.A__1.B_receptor_symm.pdb
  Total chains in output: 3
  -> ok

Processing 8tab__1__1.A__1.E_1.G (proper chain: 1.E)
  Downloading https://files.rcsb.org/download/8tab.cif
  Ligand written: /home/rquiroga/github/runs-n-poses/runs-n-poses-datasets/symmetry_corrected/8tab__1__1.A__1.E_1.G/8tab__1__1.A__1.E_1.G_ligand.pdb
  Found 1 symmetry operations with contacts
  Receptor (symm) written: /home/rquiroga/github/runs-n-poses/runs-n-poses-datasets/symmetry_corrected/8tab__1__1.A__1.E_1.G/8tab__1__1.A__1.E_1.G_receptor_symm.pdb
  Total chains in output: 5
  -> ok

Processing 8tbs__1__1.A_1.B__1.M (proper chain: 1.M)
  Downloading https://files.rcsb.org/download/8tbs.cif
  Ligand written: /home/rquiroga/github/runs-n-poses/runs-n-poses-datasets/symmetry_corrected/8tbs__1__1.A_1.B__1.M/8tbs__1__1.A_1.B__1.M_ligand.pdb
  No symmetry contacts found — writing non-symm receptor only
  -> no_symmetry_contacts

Processing 8tbu__1__1.A_1.B__1.I (proper chain: 1.I)
  Downloading https://files.rcsb.org/download/8tbu.cif
  Ligand written: /home/rquiroga/github/runs-n-poses/runs-n-poses-datasets/symmetry_corrected/8tbu__1__1.A_1.B__1.I/8tbu__1__1.A_1.B__1.I_ligand.pdb
  No symmetry contacts found — writing non-symm receptor only
  -> no_symmetry_contacts

Processing 8tc8__1__1.A__1.E_1.H_1.L (proper chain: 1.E)
  Downloading https://files.rcsb.org/download/8tc8.cif
  Ligand written: /home/rquiroga/github/runs-n-poses/runs-n-poses-datasets/symmetry_corrected/8tc8__1__1.A__1.E_1.H_1.L/8tc8__1__1.A__1.E_1.H_1.L_ligand.pdb
  No symmetry contacts found — writing non-symm receptor only
  -> no_symmetry_contacts

Processing 8tc9__1__1.A__1.E_1.M (proper chain: 1.E)
  Downloading https://files.rcsb.org/download/8tc9.cif
  Ligand written: /home/rquiroga/github/runs-n-poses/runs-n-poses-datasets/symmetry_corrected/8tc9__1__1.A__1.E_1.M/8tc9__1__1.A__1.E_1.M_ligand.pdb
  No symmetry contacts found — writing non-symm receptor only
  -> no_symmetry_contacts

Processing 8tce__1__1.A__1.C (proper chain: 1.C)
  Downloading https://files.rcsb.org/download/8tce.cif
  Ligand written: /home/rquiroga/github/runs-n-poses/runs-n-poses-datasets/symmetry_corrected/8tce__1__1.A__1.C/8tce__1__1.A__1.C_ligand.pdb
  No symmetry contacts found — writing non-symm receptor only
  -> no_symmetry_contacts

Processing 8tjc__1__1.A__1.K (proper chain: 1.K)
  Downloading https://files.rcsb.org/download/8tjc.cif
  Ligand written: /home/rquiroga/github/runs-n-poses/runs-n-poses-datasets/symmetry_corrected/8tjc__1__1.A__1.K/8tjc__1__1.A__1.K_ligand.pdb
  No symmetry contacts found — writing non-symm receptor only
  -> no_symmetry_contacts

Processing 8tl8__1__1.A__1.C (proper chain: 1.C)
  Downloading https://files.rcsb.org/download/8tl8.cif
  Ligand written: /home/rquiroga/github/runs-n-poses/runs-n-poses-datasets/symmetry_corrected/8tl8__1__1.A__1.C/8tl8__1__1.A__1.C_ligand.pdb
  No symmetry contacts found — writing non-symm receptor only
  -> no_symmetry_contacts

Processing 8tn6__1__1.A__1.D (proper chain: 1.D)
  Downloading https://files.rcsb.org/download/8tn6.cif
  Ligand written: /home/rquiroga/github/runs-n-poses/runs-n-poses-datasets/symmetry_corrected/8tn6__1__1.A__1.D/8tn6__1__1.A__1.D_ligand.pdb
  Found 1 symmetry operations with contacts
  Receptor (symm) written: /home/rquiroga/github/runs-n-poses/runs-n-poses-datasets/symmetry_corrected/8tn6__1__1.A__1.D/8tn6__1__1.A__1.D_receptor_symm.pdb
  Total chains in output: 3
  -> ok

Processing 8tnb__1__1.A_1.C__1.F (proper chain: 1.F)
  Downloading https://files.rcsb.org/download/8tnb.cif
  Ligand written: /home/rquiroga/github/runs-n-poses/runs-n-poses-datasets/symmetry_corrected/8tnb__1__1.A_1.C__1.F/8tnb__1__1.A_1.C__1.F_ligand.pdb
  No symmetry contacts found — writing non-symm receptor only
  -> no_symmetry_contacts

Processing 8tnc__1__1.B__1.E (proper chain: 1.E)
  Downloading https://files.rcsb.org/download/8tnc.cif
  Ligand written: /home/rquiroga/github/runs-n-poses/runs-n-poses-datasets/symmetry_corrected/8tnc__1__1.B__1.E/8tnc__1__1.B__1.E_ligand.pdb
  No symmetry contacts found — writing non-symm receptor only
  -> no_symmetry_contacts

Processing 8tnd__1__1.B__1.F (proper chain: 1.F)
  Downloading https://files.rcsb.org/download/8tnd.cif
  Ligand written: /home/rquiroga/github/runs-n-poses/runs-n-poses-datasets/symmetry_corrected/8tnd__1__1.B__1.F/8tnd__1__1.B__1.F_ligand.pdb
  No symmetry contacts found — writing non-symm receptor only
  -> no_symmetry_contacts

Processing 8tqv__1__1.A__1.C (proper chain: 1.C)
  Downloading https://files.rcsb.org/download/8tqv.cif
  Ligand written: /home/rquiroga/github/runs-n-poses/runs-n-poses-datasets/symmetry_corrected/8tqv__1__1.A__1.C/8tqv__1__1.A__1.C_ligand.pdb
  No symmetry contacts found — writing non-symm receptor only
  -> no_symmetry_contacts

Processing 8ts9__1__1.A__1.C (proper chain: 1.C)
  Downloading https://files.rcsb.org/download/8ts9.cif
  Ligand written: /home/rquiroga/github/runs-n-poses/runs-n-poses-datasets/symmetry_corrected/8ts9__1__1.A__1.C/8ts9__1__1.A__1.C_ligand.pdb
  No symmetry contacts found — writing non-symm receptor only
  -> no_symmetry_contacts

Processing 8tsa__1__1.A__1.C (proper chain: 1.C)
  Downloading https://files.rcsb.org/download/8tsa.cif
  Ligand written: /home/rquiroga/github/runs-n-poses/runs-n-poses-datasets/symmetry_corrected/8tsa__1__1.A__1.C/8tsa__1__1.A__1.C_ligand.pdb
  No symmetry contacts found — writing non-symm receptor only
  -> no_symmetry_contacts

Processing 8tsd__1__1.A__1.C (proper chain: 1.C)
  Downloading https://files.rcsb.org/download/8tsd.cif
  Ligand written: /home/rquiroga/github/runs-n-poses/runs-n-poses-datasets/symmetry_corrected/8tsd__1__1.A__1.C/8tsd__1__1.A__1.C_ligand.pdb
  No symmetry contacts found — writing non-symm receptor only
  -> no_symmetry_contacts

Processing 8tti__1__1.A__1.E (proper chain: 1.E)
  Downloading https://files.rcsb.org/download/8tti.cif
  Ligand written: /home/rquiroga/github/runs-n-poses/runs-n-poses-datasets/symmetry_corrected/8tti__1__1.A__1.E/8tti__1__1.A__1.E_ligand.pdb
  No symmetry contacts found — writing non-symm receptor only
  -> no_symmetry_contacts

Processing 8ttz__1__2.B__2.GA (proper chain: 2.GA)
  Downloading https://files.rcsb.org/download/8ttz.cif
  Ligand written: /home/rquiroga/github/runs-n-poses/runs-n-poses-datasets/symmetry_corrected/8ttz__1__2.B__2.GA/8ttz__1__2.B__2.GA_ligand.pdb
  No symmetry contacts found — writing non-symm receptor only
  -> no_symmetry_contacts

Processing 8twj__1__1.A__1.B_1.C_1.D_1.E (proper chain: 1.B)
  Downloading https://files.rcsb.org/download/8twj.cif
  Ligand written: /home/rquiroga/github/runs-n-poses/runs-n-poses-datasets/symmetry_corrected/8twj__1__1.A__1.B_1.C_1.D_1.E/8twj__1__1.A__1.B_1.C_1.D_1.E_ligand.pdb
  No symmetry contacts found — writing non-symm receptor only
  -> no_symmetry_contacts

Processing 8typ__1__1.A__1.C (proper chain: 1.C)
  Downloading https://files.rcsb.org/download/8typ.cif
  Ligand written: /home/rquiroga/github/runs-n-poses/runs-n-poses-datasets/symmetry_corrected/8typ__1__1.A__1.C/8typ__1__1.A__1.C_ligand.pdb
  No symmetry contacts found — writing non-symm receptor only
  -> no_symmetry_contacts

Processing 8u2e__1__1.A__1.B (proper chain: 1.B)
  Downloading https://files.rcsb.org/download/8u2e.cif
  Ligand written: /home/rquiroga/github/runs-n-poses/runs-n-poses-datasets/symmetry_corrected/8u2e__1__1.A__1.B/8u2e__1__1.A__1.B_ligand.pdb
  No symmetry contacts found — writing non-symm receptor only
  -> no_symmetry_contacts

Processing 8u2r__1__1.A__1.C (proper chain: 1.C)
  Downloading https://files.rcsb.org/download/8u2r.cif
  Ligand written: /home/rquiroga/github/runs-n-poses/runs-n-poses-datasets/symmetry_corrected/8u2r__1__1.A__1.C/8u2r__1__1.A__1.C_ligand.pdb
  No symmetry contacts found — writing non-symm receptor only
  -> no_symmetry_contacts

Processing 8u37__1__1.A__1.B (proper chain: 1.B)
  Downloading https://files.rcsb.org/download/8u37.cif
  Ligand written: /home/rquiroga/github/runs-n-poses/runs-n-poses-datasets/symmetry_corrected/8u37__1__1.A__1.B/8u37__1__1.A__1.B_ligand.pdb
  Found 1 symmetry operations with contacts
  Receptor (symm) written: /home/rquiroga/github/runs-n-poses/runs-n-poses-datasets/symmetry_corrected/8u37__1__1.A__1.B/8u37__1__1.A__1.B_receptor_symm.pdb
  Total chains in output: 3
  -> ok

Processing 8u4w__1__1.A__1.E (proper chain: 1.E)
  Downloading https://files.rcsb.org/download/8u4w.cif
  Ligand written: /home/rquiroga/github/runs-n-poses/runs-n-poses-datasets/symmetry_corrected/8u4w__1__1.A__1.E/8u4w__1__1.A__1.E_ligand.pdb
  No symmetry contacts found — writing non-symm receptor only
  -> no_symmetry_contacts

Processing 8u7w__1__1.A__1.C (proper chain: 1.C)
  Downloading https://files.rcsb.org/download/8u7w.cif
  Ligand written: /home/rquiroga/github/runs-n-poses/runs-n-poses-datasets/symmetry_corrected/8u7w__1__1.A__1.C/8u7w__1__1.A__1.C_ligand.pdb
  No symmetry contacts found — writing non-symm receptor only
  -> no_symmetry_contacts

Processing 8u7x__1__1.A__1.C (proper chain: 1.C)
  Downloading https://files.rcsb.org/download/8u7x.cif
  Ligand written: /home/rquiroga/github/runs-n-poses/runs-n-poses-datasets/symmetry_corrected/8u7x__1__1.A__1.C/8u7x__1__1.A__1.C_ligand.pdb
  No symmetry contacts found — writing non-symm receptor only
  -> no_symmetry_contacts

Processing 8u8j__1__1.A__1.B (proper chain: 1.B)
  Downloading https://files.rcsb.org/download/8u8j.cif
  Ligand written: /home/rquiroga/github/runs-n-poses/runs-n-poses-datasets/symmetry_corrected/8u8j__1__1.A__1.B/8u8j__1__1.A__1.B_ligand.pdb
  No symmetry contacts found — writing non-symm receptor only
  -> no_symmetry_contacts

Processing 8u8k__1__1.A__1.B (proper chain: 1.B)
  Downloading https://files.rcsb.org/download/8u8k.cif
  Ligand written: /home/rquiroga/github/runs-n-poses/runs-n-poses-datasets/symmetry_corrected/8u8k__1__1.A__1.B/8u8k__1__1.A__1.B_ligand.pdb
  No symmetry contacts found — writing non-symm receptor only
  -> no_symmetry_contacts

Processing 8u97__1__1.A__1.B (proper chain: 1.B)
  Downloading https://files.rcsb.org/download/8u97.cif
  Ligand written: /home/rquiroga/github/runs-n-poses/runs-n-poses-datasets/symmetry_corrected/8u97__1__1.A__1.B/8u97__1__1.A__1.B_ligand.pdb
  Found 1 symmetry operations with contacts
  Receptor (symm) written: /home/rquiroga/github/runs-n-poses/runs-n-poses-datasets/symmetry_corrected/8u97__1__1.A__1.B/8u97__1__1.A__1.B_receptor_symm.pdb
  Total chains in output: 3
  -> ok

Processing 8uak__1__1.A__1.B (proper chain: 1.B)
  Downloading https://files.rcsb.org/download/8uak.cif
  Ligand written: /home/rquiroga/github/runs-n-poses/runs-n-poses-datasets/symmetry_corrected/8uak__1__1.A__1.B/8uak__1__1.A__1.B_ligand.pdb
  No symmetry contacts found — writing non-symm receptor only
  -> no_symmetry_contacts

Processing 8ufp__1__1.A_1.B__1.K (proper chain: 1.K)
  Downloading https://files.rcsb.org/download/8ufp.cif
  Ligand written: /home/rquiroga/github/runs-n-poses/runs-n-poses-datasets/symmetry_corrected/8ufp__1__1.A_1.B__1.K/8ufp__1__1.A_1.B__1.K_ligand.pdb
  No symmetry contacts found — writing non-symm receptor only
  -> no_symmetry_contacts

Processing 8ug1__1__1.B__1.H (proper chain: 1.H)
  Downloading https://files.rcsb.org/download/8ug1.cif
  Ligand written: /home/rquiroga/github/runs-n-poses/runs-n-poses-datasets/symmetry_corrected/8ug1__1__1.B__1.H/8ug1__1__1.B__1.H_ligand.pdb
  No symmetry contacts found — writing non-symm receptor only
  -> no_symmetry_contacts

Processing 8ug3__1__1.A_1.B__1.C (proper chain: 1.C)
  Downloading https://files.rcsb.org/download/8ug3.cif
  Ligand written: /home/rquiroga/github/runs-n-poses/runs-n-poses-datasets/symmetry_corrected/8ug3__1__1.A_1.B__1.C/8ug3__1__1.A_1.B__1.C_ligand.pdb
  No symmetry contacts found — writing non-symm receptor only
  -> no_symmetry_contacts

Processing 8ui1__1__1.A__1.B_1.C (proper chain: 1.B)
  Downloading https://files.rcsb.org/download/8ui1.cif
  Ligand written: /home/rquiroga/github/runs-n-poses/runs-n-poses-datasets/symmetry_corrected/8ui1__1__1.A__1.B_1.C/8ui1__1__1.A__1.B_1.C_ligand.pdb
  No symmetry contacts found — writing non-symm receptor only
  -> no_symmetry_contacts

Processing 8ujy__1__1.B__1.D (proper chain: 1.D)
  Downloading https://files.rcsb.org/download/8ujy.cif
  Ligand written: /home/rquiroga/github/runs-n-poses/runs-n-poses-datasets/symmetry_corrected/8ujy__1__1.B__1.D/8ujy__1__1.B__1.D_ligand.pdb
  No symmetry contacts found — writing non-symm receptor only
  -> no_symmetry_contacts

Processing 8uk6__1__1.A__1.C (proper chain: 1.C)
  Downloading https://files.rcsb.org/download/8uk6.cif
  Ligand written: /home/rquiroga/github/runs-n-poses/runs-n-poses-datasets/symmetry_corrected/8uk6__1__1.A__1.C/8uk6__1__1.A__1.C_ligand.pdb
  Found 1 symmetry operations with contacts
  Receptor (symm) written: /home/rquiroga/github/runs-n-poses/runs-n-poses-datasets/symmetry_corrected/8uk6__1__1.A__1.C/8uk6__1__1.A__1.C_receptor_symm.pdb
  Total chains in output: 3
  -> ok

Processing 8uob__1__1.A__1.B (proper chain: 1.B)
  Downloading https://files.rcsb.org/download/8uob.cif
  Ligand written: /home/rquiroga/github/runs-n-poses/runs-n-poses-datasets/symmetry_corrected/8uob__1__1.A__1.B/8uob__1__1.A__1.B_ligand.pdb
  No symmetry contacts found — writing non-symm receptor only
  -> no_symmetry_contacts

Processing 8ur9__1__1.A_1.B__1.C (proper chain: 1.C)
  Downloading https://files.rcsb.org/download/8ur9.cif
  Ligand written: /home/rquiroga/github/runs-n-poses/runs-n-poses-datasets/symmetry_corrected/8ur9__1__1.A_1.B__1.C/8ur9__1__1.A_1.B__1.C_ligand.pdb
  No symmetry contacts found — writing non-symm receptor only
  -> no_symmetry_contacts

Processing 8usm__1__1.A__1.C (proper chain: 1.C)
  Downloading https://files.rcsb.org/download/8usm.cif
  Ligand written: /home/rquiroga/github/runs-n-poses/runs-n-poses-datasets/symmetry_corrected/8usm__1__1.A__1.C/8usm__1__1.A__1.C_ligand.pdb
  No symmetry contacts found — writing non-symm receptor only
  -> no_symmetry_contacts

Processing 8uuf__1__1.A__1.B (proper chain: 1.B)
  Downloading https://files.rcsb.org/download/8uuf.cif
  Ligand written: /home/rquiroga/github/runs-n-poses/runs-n-poses-datasets/symmetry_corrected/8uuf__1__1.A__1.B/8uuf__1__1.A__1.B_ligand.pdb
  No symmetry contacts found — writing non-symm receptor only
  -> no_symmetry_contacts

Processing 8uuu__1__1.A__1.B (proper chain: 1.B)
  Downloading https://files.rcsb.org/download/8uuu.cif
  Ligand written: /home/rquiroga/github/runs-n-poses/runs-n-poses-datasets/symmetry_corrected/8uuu__1__1.A__1.B/8uuu__1__1.A__1.B_ligand.pdb
  No symmetry contacts found — writing non-symm receptor only
  -> no_symmetry_contacts

Processing 8uuv__1__1.A__1.B (proper chain: 1.B)
  Downloading https://files.rcsb.org/download/8uuv.cif
  Ligand written: /home/rquiroga/github/runs-n-poses/runs-n-poses-datasets/symmetry_corrected/8uuv__1__1.A__1.B/8uuv__1__1.A__1.B_ligand.pdb
  No symmetry contacts found — writing non-symm receptor only
  -> no_symmetry_contacts

Processing 8ux7__1__1.B__1.I (proper chain: 1.I)
  Downloading https://files.rcsb.org/download/8ux7.cif
  Ligand written: /home/rquiroga/github/runs-n-poses/runs-n-poses-datasets/symmetry_corrected/8ux7__1__1.B__1.I/8ux7__1__1.B__1.I_ligand.pdb
  Found 1 symmetry operations with contacts
  Receptor (symm) written: /home/rquiroga/github/runs-n-poses/runs-n-poses-datasets/symmetry_corrected/8ux7__1__1.B__1.I/8ux7__1__1.B__1.I_receptor_symm.pdb
  Total chains in output: 2
  -> ok

Processing 8v2k__1__1.C_1.D__1.N (proper chain: 1.N)
  Downloading https://files.rcsb.org/download/8v2k.cif
  Ligand written: /home/rquiroga/github/runs-n-poses/runs-n-poses-datasets/symmetry_corrected/8v2k__1__1.C_1.D__1.N/8v2k__1__1.C_1.D__1.N_ligand.pdb
  No symmetry contacts found — writing non-symm receptor only
  -> no_symmetry_contacts

Processing 8v2t__1__1.A_3.A_4.A__3.C_4.B (proper chain: 4.B)
  Downloading https://files.rcsb.org/download/8v2t.cif
  Ligand written: /home/rquiroga/github/runs-n-poses/runs-n-poses-datasets/symmetry_corrected/8v2t__1__1.A_3.A_4.A__3.C_4.B/8v2t__1__1.A_3.A_4.A__3.C_4.B_ligand.pdb
  Found 3 symmetry operations with contacts
  Receptor (symm) written: /home/rquiroga/github/runs-n-poses/runs-n-poses-datasets/symmetry_corrected/8v2t__1__1.A_3.A_4.A__3.C_4.B/8v2t__1__1.A_3.A_4.A__3.C_4.B_receptor_symm.pdb
  Total chains in output: 13
  -> ok

Processing 8v4a__1__1.C_1.D__1.M (proper chain: 1.M)
  Downloading https://files.rcsb.org/download/8v4a.cif
  Ligand written: /home/rquiroga/github/runs-n-poses/runs-n-poses-datasets/symmetry_corrected/8v4a__1__1.C_1.D__1.M/8v4a__1__1.C_1.D__1.M_ligand.pdb
  No symmetry contacts found — writing non-symm receptor only
  -> no_symmetry_contacts

Processing 8v4j__1__1.A_3.A_4.A__3.C_4.B (proper chain: 4.B)
  Downloading https://files.rcsb.org/download/8v4j.cif
  Ligand written: /home/rquiroga/github/runs-n-poses/runs-n-poses-datasets/symmetry_corrected/8v4j__1__1.A_3.A_4.A__3.C_4.B/8v4j__1__1.A_3.A_4.A__3.C_4.B_ligand.pdb
  Found 3 symmetry operations with contacts
  Receptor (symm) written: /home/rquiroga/github/runs-n-poses/runs-n-poses-datasets/symmetry_corrected/8v4j__1__1.A_3.A_4.A__3.C_4.B/8v4j__1__1.A_3.A_4.A__3.C_4.B_receptor_symm.pdb
  Total chains in output: 13
  -> ok

Processing 8v4p__1__1.A__1.L (proper chain: 1.L)
  Downloading https://files.rcsb.org/download/8v4p.cif
  Ligand written: /home/rquiroga/github/runs-n-poses/runs-n-poses-datasets/symmetry_corrected/8v4p__1__1.A__1.L/8v4p__1__1.A__1.L_ligand.pdb
  No symmetry contacts found — writing non-symm receptor only
  -> no_symmetry_contacts

Processing 8v5g__1__1.A__1.D (proper chain: 1.D)
  Downloading https://files.rcsb.org/download/8v5g.cif
  Ligand written: /home/rquiroga/github/runs-n-poses/runs-n-poses-datasets/symmetry_corrected/8v5g__1__1.A__1.D/8v5g__1__1.A__1.D_ligand.pdb
  No symmetry contacts found — writing non-symm receptor only
  -> no_symmetry_contacts

Processing 8v8e__1__1.A__1.D (proper chain: 1.D)
  Downloading https://files.rcsb.org/download/8v8e.cif
  Ligand written: /home/rquiroga/github/runs-n-poses/runs-n-poses-datasets/symmetry_corrected/8v8e__1__1.A__1.D/8v8e__1__1.A__1.D_ligand.pdb
  No symmetry contacts found — writing non-symm receptor only
  -> no_symmetry_contacts

Processing 8v8j__1__1.A__1.F (proper chain: 1.F)
  Downloading https://files.rcsb.org/download/8v8j.cif
  Ligand written: /home/rquiroga/github/runs-n-poses/runs-n-poses-datasets/symmetry_corrected/8v8j__1__1.A__1.F/8v8j__1__1.A__1.F_ligand.pdb
  No symmetry contacts found — writing non-symm receptor only
  -> no_symmetry_contacts

Processing 8v9p__1__1.C_1.D__1.M (proper chain: 1.M)
  Downloading https://files.rcsb.org/download/8v9p.cif
  Ligand written: /home/rquiroga/github/runs-n-poses/runs-n-poses-datasets/symmetry_corrected/8v9p__1__1.C_1.D__1.M/8v9p__1__1.C_1.D__1.M_ligand.pdb
  No symmetry contacts found — writing non-symm receptor only
  -> no_symmetry_contacts

Processing 8vh9__1__1.A_1.B__1.C_1.F (proper chain: 1.F)
  Downloading https://files.rcsb.org/download/8vh9.cif
  Ligand written: /home/rquiroga/github/runs-n-poses/runs-n-poses-datasets/symmetry_corrected/8vh9__1__1.A_1.B__1.C_1.F/8vh9__1__1.A_1.B__1.C_1.F_ligand.pdb
  No symmetry contacts found — writing non-symm receptor only
  -> no_symmetry_contacts

Processing 8vw1__1__1.A__1.B_1.C (proper chain: 1.B)
  Downloading https://files.rcsb.org/download/8vw1.cif
  Ligand written: /home/rquiroga/github/runs-n-poses/runs-n-poses-datasets/symmetry_corrected/8vw1__1__1.A__1.B_1.C/8vw1__1__1.A__1.B_1.C_ligand.pdb
  No symmetry contacts found — writing non-symm receptor only
  -> no_symmetry_contacts

Processing 8w0b__1__1.A__1.D (proper chain: 1.D)
  Downloading https://files.rcsb.org/download/8w0b.cif
  Ligand written: /home/rquiroga/github/runs-n-poses/runs-n-poses-datasets/symmetry_corrected/8w0b__1__1.A__1.D/8w0b__1__1.A__1.D_ligand.pdb
  No symmetry contacts found — writing non-symm receptor only
  -> no_symmetry_contacts

Processing 8w0d__1__1.A__1.E (proper chain: 1.E)
  Downloading https://files.rcsb.org/download/8w0d.cif
  Ligand written: /home/rquiroga/github/runs-n-poses/runs-n-poses-datasets/symmetry_corrected/8w0d__1__1.A__1.E/8w0d__1__1.A__1.E_ligand.pdb
  No symmetry contacts found — writing non-symm receptor only
  -> no_symmetry_contacts

Processing 8w0j__1__1.A__1.D (proper chain: 1.D)
  Downloading https://files.rcsb.org/download/8w0j.cif
  Ligand written: /home/rquiroga/github/runs-n-poses/runs-n-poses-datasets/symmetry_corrected/8w0j__1__1.A__1.D/8w0j__1__1.A__1.D_ligand.pdb
  No symmetry contacts found — writing non-symm receptor only
  -> no_symmetry_contacts

Processing 8w0m__1__1.C__1.F (proper chain: 1.F)
  Downloading https://files.rcsb.org/download/8w0m.cif
  Ligand written: /home/rquiroga/github/runs-n-poses/runs-n-poses-datasets/symmetry_corrected/8w0m__1__1.C__1.F/8w0m__1__1.C__1.F_ligand.pdb
  No symmetry contacts found — writing non-symm receptor only
  -> no_symmetry_contacts

Processing 8w4s__1__1.A__1.D (proper chain: 1.D)
  Downloading https://files.rcsb.org/download/8w4s.cif
  Ligand written: /home/rquiroga/github/runs-n-poses/runs-n-poses-datasets/symmetry_corrected/8w4s__1__1.A__1.D/8w4s__1__1.A__1.D_ligand.pdb
  No symmetry contacts found — writing non-symm receptor only
  -> no_symmetry_contacts

Processing 8w7f__1__1.A__1.E_1.F (proper chain: 1.F)
  Downloading https://files.rcsb.org/download/8w7f.cif
  Ligand written: /home/rquiroga/github/runs-n-poses/runs-n-poses-datasets/symmetry_corrected/8w7f__1__1.A__1.E_1.F/8w7f__1__1.A__1.E_1.F_ligand.pdb
  No symmetry contacts found — writing non-symm receptor only
  -> no_symmetry_contacts

Processing 8wa7__1__1.A_1.B__1.CA_1.DA_1.N_1.X (proper chain: 1.CA)
  Downloading https://files.rcsb.org/download/8wa7.cif
  Ligand written: /home/rquiroga/github/runs-n-poses/runs-n-poses-datasets/symmetry_corrected/8wa7__1__1.A_1.B__1.CA_1.DA_1.N_1.X/8wa7__1__1.A_1.B__1.CA_1.DA_1.N_1.X_ligand.pdb
  No symmetry contacts found — writing non-symm receptor only
  -> no_symmetry_contacts

Processing 8wd4__1__1.A__1.B (proper chain: 1.B)
  Downloading https://files.rcsb.org/download/8wd4.cif
  Ligand written: /home/rquiroga/github/runs-n-poses/runs-n-poses-datasets/symmetry_corrected/8wd4__1__1.A__1.B/8wd4__1__1.A__1.B_ligand.pdb
  No symmetry contacts found — writing non-symm receptor only
  -> no_symmetry_contacts

Processing 8wdx__1__1.A__1.B (proper chain: 1.B)
  Downloading https://files.rcsb.org/download/8wdx.cif
  Ligand written: /home/rquiroga/github/runs-n-poses/runs-n-poses-datasets/symmetry_corrected/8wdx__1__1.A__1.B/8wdx__1__1.A__1.B_ligand.pdb
  No symmetry contacts found — writing non-symm receptor only
  -> no_symmetry_contacts

Processing 8wg1__1__1.A__1.E_1.I_1.K (proper chain: 1.E)
  Downloading https://files.rcsb.org/download/8wg1.cif
  Ligand written: /home/rquiroga/github/runs-n-poses/runs-n-poses-datasets/symmetry_corrected/8wg1__1__1.A__1.E_1.I_1.K/8wg1__1__1.A__1.E_1.I_1.K_ligand.pdb
  No symmetry contacts found — writing non-symm receptor only
  -> no_symmetry_contacts

Processing 8wjy__1__1.A__1.B (proper chain: 1.B)
  Downloading https://files.rcsb.org/download/8wjy.cif
  Ligand written: /home/rquiroga/github/runs-n-poses/runs-n-poses-datasets/symmetry_corrected/8wjy__1__1.A__1.B/8wjy__1__1.A__1.B_ligand.pdb
  No symmetry contacts found — writing non-symm receptor only
  -> no_symmetry_contacts

Processing 8wmy__1__1.A__1.C_1.D_1.E (proper chain: 1.C)
  Downloading https://files.rcsb.org/download/8wmy.cif
  Ligand written: /home/rquiroga/github/runs-n-poses/runs-n-poses-datasets/symmetry_corrected/8wmy__1__1.A__1.C_1.D_1.E/8wmy__1__1.A__1.C_1.D_1.E_ligand.pdb
  No symmetry contacts found — writing non-symm receptor only
  -> no_symmetry_contacts

Processing 8wnj__1__1.A__1.F (proper chain: 1.F)
  Downloading https://files.rcsb.org/download/8wnj.cif
  Ligand written: /home/rquiroga/github/runs-n-poses/runs-n-poses-datasets/symmetry_corrected/8wnj__1__1.A__1.F/8wnj__1__1.A__1.F_ligand.pdb
  No symmetry contacts found — writing non-symm receptor only
  -> no_symmetry_contacts

Processing 8wo2__1__1.A__1.D (proper chain: 1.D)
  Downloading https://files.rcsb.org/download/8wo2.cif
  Ligand written: /home/rquiroga/github/runs-n-poses/runs-n-poses-datasets/symmetry_corrected/8wo2__1__1.A__1.D/8wo2__1__1.A__1.D_ligand.pdb
  No symmetry contacts found — writing non-symm receptor only
  -> no_symmetry_contacts

Processing 8wr2__1__1.A__1.E_1.F (proper chain: 1.F)
  Downloading https://files.rcsb.org/download/8wr2.cif
  Ligand written: /home/rquiroga/github/runs-n-poses/runs-n-poses-datasets/symmetry_corrected/8wr2__1__1.A__1.E_1.F/8wr2__1__1.A__1.E_1.F_ligand.pdb
  No symmetry contacts found — writing non-symm receptor only
  -> no_symmetry_contacts

Processing 8wrj__1__1.A__1.B (proper chain: 1.B)
  Downloading https://files.rcsb.org/download/8wrj.cif
  Ligand written: /home/rquiroga/github/runs-n-poses/runs-n-poses-datasets/symmetry_corrected/8wrj__1__1.A__1.B/8wrj__1__1.A__1.B_ligand.pdb
  No symmetry contacts found — writing non-symm receptor only
  -> no_symmetry_contacts

Processing 8wsm__1__1.A__1.B_1.C (proper chain: 1.C)
  Downloading https://files.rcsb.org/download/8wsm.cif
  Ligand written: /home/rquiroga/github/runs-n-poses/runs-n-poses-datasets/symmetry_corrected/8wsm__1__1.A__1.B_1.C/8wsm__1__1.A__1.B_1.C_ligand.pdb
  No symmetry contacts found — writing non-symm receptor only
  -> no_symmetry_contacts

Processing 8wsm__1__1.A__1.D (proper chain: 1.D)
  Ligand written: /home/rquiroga/github/runs-n-poses/runs-n-poses-datasets/symmetry_corrected/8wsm__1__1.A__1.D/8wsm__1__1.A__1.D_ligand.pdb
  No symmetry contacts found — writing non-symm receptor only
  -> no_symmetry_contacts

Processing 8wsw__1__1.A__1.E (proper chain: 1.E)
  Downloading https://files.rcsb.org/download/8wsw.cif
  Ligand written: /home/rquiroga/github/runs-n-poses/runs-n-poses-datasets/symmetry_corrected/8wsw__1__1.A__1.E/8wsw__1__1.A__1.E_ligand.pdb
  No symmetry contacts found — writing non-symm receptor only
  -> no_symmetry_contacts

Processing 8wwo__1__1.A_2.D__2.K_2.L (proper chain: 2.K)
  Downloading https://files.rcsb.org/download/8wwo.cif
  Ligand written: /home/rquiroga/github/runs-n-poses/runs-n-poses-datasets/symmetry_corrected/8wwo__1__1.A_2.D__2.K_2.L/8wwo__1__1.A_2.D__2.K_2.L_ligand.pdb
  No symmetry contacts found — writing non-symm receptor only
  -> no_symmetry_contacts

Processing 8wzq__1__1.A__1.C (proper chain: 1.C)
  Downloading https://files.rcsb.org/download/8wzq.cif
  Ligand written: /home/rquiroga/github/runs-n-poses/runs-n-poses-datasets/symmetry_corrected/8wzq__1__1.A__1.C/8wzq__1__1.A__1.C_ligand.pdb
  No symmetry contacts found — writing non-symm receptor only
  -> no_symmetry_contacts

Processing 8x1a__1__1.A__1.B (proper chain: 1.B)
  Downloading https://files.rcsb.org/download/8x1a.cif
  Ligand written: /home/rquiroga/github/runs-n-poses/runs-n-poses-datasets/symmetry_corrected/8x1a__1__1.A__1.B/8x1a__1__1.A__1.B_ligand.pdb
  No symmetry contacts found — writing non-symm receptor only
  -> no_symmetry_contacts

Processing 8xfd__1__1.C_1.D__1.N (proper chain: 1.N)
  Downloading https://files.rcsb.org/download/8xfd.cif
  Ligand written: /home/rquiroga/github/runs-n-poses/runs-n-poses-datasets/symmetry_corrected/8xfd__1__1.C_1.D__1.N/8xfd__1__1.C_1.D__1.N_ligand.pdb
  No symmetry contacts found — writing non-symm receptor only
  -> no_symmetry_contacts

Processing 8xhd__1__1.A_1.B__1.C (proper chain: 1.C)
  Downloading https://files.rcsb.org/download/8xhd.cif
  Ligand written: /home/rquiroga/github/runs-n-poses/runs-n-poses-datasets/symmetry_corrected/8xhd__1__1.A_1.B__1.C/8xhd__1__1.A_1.B__1.C_ligand.pdb
  No symmetry contacts found — writing non-symm receptor only
  -> no_symmetry_contacts

Processing 8xkf__1__1.A_1.C__1.M_1.S (proper chain: 1.S)
  Downloading https://files.rcsb.org/download/8xkf.cif
  Ligand written: /home/rquiroga/github/runs-n-poses/runs-n-poses-datasets/symmetry_corrected/8xkf__1__1.A_1.C__1.M_1.S/8xkf__1__1.A_1.C__1.M_1.S_ligand.pdb
  No symmetry contacts found — writing non-symm receptor only
  -> no_symmetry_contacts

Processing 8y33__1__1.A__1.B (proper chain: 1.B)
  Downloading https://files.rcsb.org/download/8y33.cif
  Ligand written: /home/rquiroga/github/runs-n-poses/runs-n-poses-datasets/symmetry_corrected/8y33__1__1.A__1.B/8y33__1__1.A__1.B_ligand.pdb
  No symmetry contacts found — writing non-symm receptor only
  -> no_symmetry_contacts

Processing 8yhw__1__1.A__1.E_1.F (proper chain: 1.E)
  Downloading https://files.rcsb.org/download/8yhw.cif
  Ligand written: /home/rquiroga/github/runs-n-poses/runs-n-poses-datasets/symmetry_corrected/8yhw__1__1.A__1.E_1.F/8yhw__1__1.A__1.E_1.F_ligand.pdb
  No symmetry contacts found — writing non-symm receptor only
  -> no_symmetry_contacts

Processing 9eun__1__1.A__1.E (proper chain: 1.E)
  Downloading https://files.rcsb.org/download/9eun.cif
  Ligand written: /home/rquiroga/github/runs-n-poses/runs-n-poses-datasets/symmetry_corrected/9eun__1__1.A__1.E/9eun__1__1.A__1.E_ligand.pdb
  No symmetry contacts found — writing non-symm receptor only
  -> no_symmetry_contacts

Processing 9f40__1__1.A__1.Q (proper chain: 1.Q)
  Downloading https://files.rcsb.org/download/9f40.cif
  Ligand written: /home/rquiroga/github/runs-n-poses/runs-n-poses-datasets/symmetry_corrected/9f40__1__1.A__1.Q/9f40__1__1.A__1.Q_ligand.pdb
  No symmetry contacts found — writing non-symm receptor only
  -> no_symmetry_contacts

Processing 9f41__1__1.A__1.Q (proper chain: 1.Q)
  Downloading https://files.rcsb.org/download/9f41.cif
  Ligand written: /home/rquiroga/github/runs-n-poses/runs-n-poses-datasets/symmetry_corrected/9f41__1__1.A__1.Q/9f41__1__1.A__1.Q_ligand.pdb
  No symmetry contacts found — writing non-symm receptor only
  -> no_symmetry_contacts

============================================================
Results: OK=246, Skip=2, NoSymmContacts=1929, Failed=1
============================================================
Log written to /home/rquiroga/github/runs-n-poses/scripts/symmetry_receptors_log.csv
