

==== run_full_benchmark @ 2026-06-29 12:03:23 ====

[2026-06-29 12:03:23] $ /home/rquiroga/anaconda3/envs/runs_n_poses/bin/python /home/rquiroga/github/runs-n-poses/scripts/prepare_receptor_meeko.py --input-dir /home/rquiroga/Datasets/runs-n-poses-datasets/symmetry_corrected --output-pdbqt /tmp/meeko_test/recs_pdbqt --output-pdbt /tmp/meeko_test/recs_pdbt --system-list /tmp/test_3sys.csv
Receptors (Meeko): PDBQT=2, PDBT=2, Fail=0

[2026-06-29 12:03:35] $ /home/rquiroga/anaconda3/envs/runs_n_poses/bin/python /home/rquiroga/github/runs-n-poses/scripts/prepare_ligand_meeko.py --ground-truth-dir /home/rquiroga/Datasets/runs-n-poses-datasets/ground_truth --output-pdbt /tmp/meeko_ligands_pdbt --output-pdbqt /tmp/meeko_ligands_pdbqt --system-info /tmp/test_3sys.csv
Ligands (Meeko): PDBT=2, PDBQT=2, Fail=0

[2026-06-29 12:03:37] $ /home/rquiroga/anaconda3/envs/runs_n_poses/bin/python /home/rquiroga/github/runs-n-poses/scripts/run_vina_gpu21.py --receptor-dir /home/rquiroga/Datasets/runs-n-poses-datasets/symmetry_receptors_pdbqt --ligand-dir /home/rquiroga/Datasets/runs-n-poses-datasets/symmetry_ligands_pdbqt --output-dir /tmp/dock_test/vina_gpu21 --system-list /tmp/test_3sys.csv --threads 4 --resume
  No receptor: system_id,proper_ligand_chain
  No receptor: 5s9y__1__1.A__1.K,1.K
  No receptor: 5s9z__1__1.A_1.B__1.R,1.R
Vina-GPU 2.1: OK=0, Skip=0, Fail=3

[2026-06-29 12:03:37] $ /home/rquiroga/anaconda3/envs/runs_n_poses/bin/python /home/rquiroga/github/runs-n-poses/scripts/run_vina_cuda.py --receptor-dir /home/rquiroga/Datasets/runs-n-poses-datasets/symmetry_receptors_pdbqt --ligand-dir /home/rquiroga/Datasets/runs-n-poses-datasets/symmetry_ligands_pdbqt --output-dir /tmp/dock_test/vina_cuda --system-list /tmp/test_3sys.csv --threads 4 --resume
  No receptor: system_id,proper_ligand_chain
  No receptor: 5s9y__1__1.A__1.K,1.K
  No receptor: 5s9z__1__1.A_1.B__1.R,1.R
Vina-CUDA: OK=0, Skip=0, Fail=3

[2026-06-29 12:03:37] $ /home/rquiroga/anaconda3/envs/runs_n_poses/bin/python /home/rquiroga/github/runs-n-poses/scripts/run_autodock_gpu.py --receptor-dir /tmp/meeko_test/recs_pdbqt --ligand-dir /tmp/meeko_ligands_pdbqt --sym-receptor-dir /home/rquiroga/Datasets/runs-n-poses-datasets/symmetry_corrected --output-dir /tmp/dock_test/autodock_gpu --system-list /tmp/test_3sys.csv --nrun 20 --resume
  No receptor PDBQT: system_id,proper_ligand_chain
  No receptor PDBQT: 5s9y__1__1.A__1.K,1.K
  No receptor PDBQT: 5s9z__1__1.A_1.B__1.R,1.R
AutoDock-GPU: OK=0, Skip=0, Fail=3

[2026-06-29 12:03:37] $ /home/rquiroga/anaconda3/envs/runs_n_poses/bin/python /home/rquiroga/github/runs-n-poses/scripts/03_run_vina.py --receptor-dir /home/rquiroga/Datasets/runs-n-poses-datasets/symmetry_receptors_pdbqt --ligand-dir /home/rquiroga/Datasets/runs-n-poses-datasets/symmetry_ligands_pdbqt --output-dir /tmp/dock_test/vina_8 --exhaustiveness 8 --threads 4 --executable vina --resume
Processing 2579 systems...
Running Vina (exhaustiveness=8) -> /tmp/dock_test/vina_8
Running Vina (ex=8):   0%|          | 0/2579 [00:00<?, ?it/s]Running Vina (ex=8):   0%|          | 1/2579 [00:18<12:54:33, 18.03s/it]Running Vina (ex=8):   0%|          | 2/2579 [00:34<12:20:26, 17.24s/it]Running Vina (ex=8):   0%|          | 3/2579 [00:40<8:44:21, 12.21s/it] Running Vina (ex=8):   0%|          | 4/2579 [00:52<8:34:06, 11.98s/it]Running Vina (ex=8):   0%|          | 5/2579 [01:00<7:35:29, 10.62s/it]Running Vina (ex=8):   0%|          | 6/2579 [01:13<8:10:17, 11.43s/it]Running Vina (ex=8):   0%|          | 7/2579 [01:22<7:37:18, 10.67s/it]Running Vina (ex=8):   0%|          | 8/2579 [01:33<7:31:13, 10.53s/it]

==== run_full_benchmark @ 2026-07-01 15:19:27 ====

[2026-07-01 15:19:27] $ /home/rquiroga/anaconda3/envs/runs_n_poses/bin/python /home/rquiroga/github/runs-n-poses/scripts/03_run_vina.py --receptor-dir /home/rquiroga/Datasets/runs-n-poses-datasets/symmetry_receptors_pdbqt --ligand-dir /home/rquiroga/Datasets/runs-n-poses-datasets/symmetry_ligands_pdbqt --output-dir /home/rquiroga/Datasets/runs-n-poses-datasets/autodock_vina_8 --exhaustiveness 8 --threads 8 --executable vina --annotations /home/rquiroga/github/runs-n-poses/scripts/annotations_single_ligand_symmetry.csv --resume
Processing 1426 systems...
Running Vina (exhaustiveness=8) -> /home/rquiroga/Datasets/runs-n-poses-datasets/autodock_vina_8
Running Vina (ex=8):   0%|          | 0/1426 [00:00<?, ?it/s]Running vina for 5s9y__1__1.A__1.K, ligand 1.K...
  Skipping (exists) 5s9y__1__1.A__1.K 1.K
Running vina for 5s9z__1__1.A_1.B__1.R, ligand 1.R...
  Skipping (exists) 5s9z__1__1.A_1.B__1.R 1.R
Running vina for 5sau__1__1.A__1.B, ligand 1.B...
  Skipping (exists) 5sau__1__1.A__1.B 1.B
Running vina for 5sav__1__1.A__1.B, ligand 1.B...
  Skipping (exists) 5sav__1__1.A__1.B 1.B
Running vina for 5saw__1__1.A__1.B, ligand 1.B...
  Skipping (exists) 5saw__1__1.A__1.B 1.B
Running vina for 5sb2__1__1.A__1.G, ligand 1.G...
  Skipping (exists) 5sb2__1__1.A__1.G 1.G
Running vina for 5sdh__1__1.A_1.B__1.F, ligand 1.F...
  Skipping (exists) 5sdh__1__1.A_1.B__1.F 1.F
Running vina for 5sdu__1__1.A__1.G, ligand 1.G...
  Skipping (exists) 5sdu__1__1.A__1.G 1.G
Running vina for 5sdy__1__1.A__1.D, ligand 1.D...
  Skipping (exists) 5sdy__1__1.A__1.D 1.D
Running vina for 5se0__1__1.A__1.G, ligand 1.G...
  Skipping (exists) 5se0__1__1.A__1.G 1.G
Running vina for 5se2__1__1.A__1.G, ligand 1.G...
  Skipping (exists) 5se2__1__1.A__1.G 1.G
Running vina for 5se3__1__1.A__1.G, ligand 1.G...
  Skipping (exists) 5se3__1__1.A__1.G 1.G
Running vina for 5se5__1__1.A__1.G, ligand 1.G...
  Skipping (exists) 5se5__1__1.A__1.G 1.G
Running vina for 5se6__1__1.A__1.G, ligand 1.G...
  Skipping (exists) 5se6__1__1.A__1.G 1.G
Running vina for 5se8__1__1.A__1.G, ligand 1.G...
  Skipping (exists) 5se8__1__1.A__1.G 1.G
Running vina for 5se9__1__1.A__1.G, ligand 1.G...
  Skipping (exists) 5se9__1__1.A__1.G 1.G
Running vina for 5sea__1__1.A__1.G, ligand 1.G...
  Skipping (exists) 5sea__1__1.A__1.G 1.G
Running vina for 5seb__1__1.A__1.G, ligand 1.G...
  Skipping (exists) 5seb__1__1.A__1.G 1.G
Running vina for 5sec__1__1.A__1.G, ligand 1.G...
  Skipping (exists) 5sec__1__1.A__1.G 1.G
Running vina for 5see__1__1.A__1.E, ligand 1.E...
  Skipping (exists) 5see__1__1.A__1.E 1.E
Running vina for 5seh__1__1.A__1.G, ligand 1.G...
  Skipping (exists) 5seh__1__1.A__1.G 1.G
Running vina for 5sek__1__1.A__1.G, ligand 1.G...
  Skipping (exists) 5sek__1__1.A__1.G 1.G
Running vina for 5sel__1__1.A__1.G, ligand 1.G...
  Skipping (exists) 5sel__1__1.A__1.G 1.G
Running vina for 5sem__1__1.A__1.G, ligand 1.G...
  Skipping (exists) 5sem__1__1.A__1.G 1.G
Running vina for 5sen__1__1.A__1.G, ligand 1.G...
  Skipping (exists) 5sen__1__1.A__1.G 1.G
Running vina for 5seo__1__1.A__1.G, ligand 1.G...
  Skipping (exists) 5seo__1__1.A__1.G 1.G
Running vina for 5sex__1__1.A__1.G, ligand 1.G...
  Skipping (exists) 5sex__1__1.A__1.G 1.G
Running vina for 5sez__1__1.A__1.G, ligand 1.G...
  Skipping (exists) 5sez__1__1.A__1.G 1.G
Running vina for 5sf0__1__1.A__1.G, ligand 1.G...
  Skipping (exists) 5sf0__1__1.A__1.G 1.G
Running vina for 5sf1__1__1.A__1.E, ligand 1.E...
  Skipping (exists) 5sf1__1__1.A__1.E 1.E
Running vina for 5sf4__1__1.A__1.G, ligand 1.G...
  Skipping (exists) 5sf4__1__1.A__1.G 1.G
Running vina for 5sf7__1__1.A__1.G, ligand 1.G...
  Skipping (exists) 5sf7__1__1.A__1.G 1.G
Running vina for 5sfc__1__1.A__1.G, ligand 1.G...
  Skipping (exists) 5sfc__1__1.A__1.G 1.G
Running vina for 5sfd__1__1.A__1.G, ligand 1.G...
  Skipping (exists) 5sfd__1__1.A__1.G 1.G
Running vina for 5sfg__1__1.A__1.G, ligand 1.G...
  Skipping (exists) 5sfg__1__1.A__1.G 1.G
Running vina for 5sfh__1__1.A__1.G, ligand 1.G...
  Skipping (exists) 5sfh__1__1.A__1.G 1.G
Running vina for 5sfl__1__1.A__1.G, ligand 1.G...
  Skipping (exists) 5sfl__1__1.A__1.G 1.G
Running vina for 5sfn__1__1.A__1.G, ligand 1.G...
  Skipping (exists) 5sfn__1__1.A__1.G 1.G
Running vina for 5sfo__1__1.A__1.G, ligand 1.G...
  Skipping (exists) 5sfo__1__1.A__1.G 1.G
Running vina for 5sfp__1__1.A__1.G, ligand 1.G...
  Skipping (exists) 5sfp__1__1.A__1.G 1.G
Running vina for 5sfr__1__1.A__1.G, ligand 1.G...
  Skipping (exists) 5sfr__1__1.A__1.G 1.G
Running vina for 5sfx__1__1.A__1.G, ligand 1.G...
  Skipping (exists) 5sfx__1__1.A__1.G 1.G
Running vina for 5sfy__1__1.A__1.G, ligand 1.G...
  Skipping (exists) 5sfy__1__1.A__1.G 1.G
Running vina for 5sg0__1__1.A__1.G, ligand 1.G...
  Skipping (exists) 5sg0__1__1.A__1.G 1.G
Running vina for 5sg5__1__1.A__1.G, ligand 1.G...
  Skipping (exists) 5sg5__1__1.A__1.G 1.G
Running vina for 5sg6__1__1.A__1.G, ligand 1.G...
  Skipping (exists) 5sg6__1__1.A__1.G 1.G
Running vina for 5sg9__1__1.A__1.G, ligand 1.G...
  Skipping (exists) 5sg9__1__1.A__1.G 1.G
Running vina for 5sgg__1__1.A__1.G, ligand 1.G...
  Skipping (exists) 5sgg__1__1.A__1.G 1.G
Running vina for 5sgh__1__1.A__1.G, ligand 1.G...
  Skipping (exists) 5sgh__1__1.A__1.G 1.G
Running vina for 5sgk__1__1.A__1.G, ligand 1.G...
  Skipping (exists) 5sgk__1__1.A__1.G 1.G
Running vina for 5sgl__1__1.A__1.G, ligand 1.G...
  Skipping (exists) 5sgl__1__1.A__1.G 1.G
Running vina for 5sgm__1__1.A__1.D, ligand 1.D...
  Skipping (exists) 5sgm__1__1.A__1.D 1.D
Running vina for 5sgp__1__1.A__1.H, ligand 1.H...
  Skipping (exists) 5sgp__1__1.A__1.H 1.H
Running vina for 5sgr__1__1.A__1.G, ligand 1.G...
  Skipping (exists) 5sgr__1__1.A__1.G 1.G
Running vina for 5sgs__1__1.A__1.G, ligand 1.G...
  Skipping (exists) 5sgs__1__1.A__1.G 1.G
Running vina for 5sgt__1__1.A__1.G, ligand 1.G...
  Skipping (exists) 5sgt__1__1.A__1.G 1.G
Running vina for 5sgu__1__1.A__1.G, ligand 1.G...
  Skipping (exists) 5sgu__1__1.A__1.G 1.G
Running vina for 5sgw__1__1.A__1.G, ligand 1.G...
  Skipping (exists) 5sgw__1__1.A__1.G 1.G
Running vina for 5sgx__1__1.A__1.G, ligand 1.G...
  Skipping (exists) 5sgx__1__1.A__1.G 1.G
Running vina for 5sgz__1__1.A__1.G, ligand 1.G...
  Skipping (exists) 5sgz__1__1.A__1.G 1.G
Running vina for 5sh0__1__1.A__1.G, ligand 1.G...
  Skipping (exists) 5sh0__1__1.A__1.G 1.G
Running vina for 5sh1__1__1.A__1.G, ligand 1.G...
  Skipping (exists) 5sh1__1__1.A__1.G 1.G
Running vina for 5sh2__1__1.A__1.G, ligand 1.G...
  Skipping (exists) 5sh2__1__1.A__1.G 1.G
Running vina for 5sh6__1__1.A__1.G, ligand 1.G...
  Skipping (exists) 5sh6__1__1.A__1.G 1.G
Running vina for 5sh8__1__1.A__1.E, ligand 1.E...
  Skipping (exists) 5sh8__1__1.A__1.E 1.E
Running vina for 5shc__1__1.A__1.G, ligand 1.G...
  Skipping (exists) 5shc__1__1.A__1.G 1.G
Running vina for 5shf__1__1.A__1.G, ligand 1.G...
  Skipping (exists) 5shf__1__1.A__1.G 1.G
Running vina for 5shg__1__1.A__1.G, ligand 1.G...
  Skipping (exists) 5shg__1__1.A__1.G 1.G
Running vina for 5shh__1__1.A__1.G, ligand 1.G...
  Skipping (exists) 5shh__1__1.A__1.G 1.G
Running vina for 5shi__1__1.A__1.E, ligand 1.E...
  Skipping (exists) 5shi__1__1.A__1.E 1.E
Running vina for 5shk__1__1.A__1.G, ligand 1.G...
  Skipping (exists) 5shk__1__1.A__1.G 1.G
Running vina for 5shp__1__1.A__1.G, ligand 1.G...
  Skipping (exists) 5shp__1__1.A__1.G 1.G
Running vina for 5shr__1__1.A__1.G, ligand 1.G...
  Skipping (exists) 5shr__1__1.A__1.G 1.G
Running vina for 5shu__1__1.A__1.G, ligand 1.G...
  Skipping (exists) 5shu__1__1.A__1.G 1.G
Running vina for 5shw__1__1.A__1.G, ligand 1.G...
  Skipping (exists) 5shw__1__1.A__1.G 1.G
Running vina for 5shx__1__1.A__1.G, ligand 1.G...
  Skipping (exists) 5shx__1__1.A__1.G 1.G
Running vina for 5si3__1__1.A__1.E, ligand 1.E...
  Skipping (exists) 5si3__1__1.A__1.E 1.E
Running vina for 5si5__1__1.A__1.G, ligand 1.G...
  Skipping (exists) 5si5__1__1.A__1.G 1.G
Running vina for 5si6__1__1.A__1.G, ligand 1.G...
  Skipping (exists) 5si6__1__1.A__1.G 1.G
Running vina for 5si7__1__1.A__1.G, ligand 1.G...
  Skipping (exists) 5si7__1__1.A__1.G 1.G
Running vina for 5si8__1__1.A__1.G, ligand 1.G...
  Skipping (exists) 5si8__1__1.A__1.G 1.G
Running vina for 5si9__1__1.A__1.G, ligand 1.G...
  Skipping (exists) 5si9__1__1.A__1.G 1.G
Running vina for 5sie__1__1.A__1.G, ligand 1.G...
  Skipping (exists) 5sie__1__1.A__1.G 1.G
Running vina for 5sif__1__1.A__1.I, ligand 1.I...
  Skipping (exists) 5sif__1__1.A__1.I 1.I
Running vina for 5sig__1__1.A__1.G, ligand 1.G...
  Skipping (exists) 5sig__1__1.A__1.G 1.G
Running vina for 5sih__1__1.A__1.H, ligand 1.H...
  Skipping (exists) 5sih__1__1.A__1.H 1.H
Running vina for 5sio__1__1.A__1.H, ligand 1.H...
  Skipping (exists) 5sio__1__1.A__1.H 1.H
Running vina for 5sip__1__1.A__1.G, ligand 1.G...
  Skipping (exists) 5sip__1__1.A__1.G 1.G
Running vina for 5siq__1__1.A__1.H, ligand 1.H...
  Skipping (exists) 5siq__1__1.A__1.H 1.H
Running vina for 5sir__1__1.A__1.G, ligand 1.G...
  Skipping (exists) 5sir__1__1.A__1.G 1.G
Running vina for 5siy__1__1.A__1.G, ligand 1.G...
  Skipping (exists) 5siy__1__1.A__1.G 1.G
Running vina for 5siz__1__1.A__1.G, ligand 1.G...
  Skipping (exists) 5siz__1__1.A__1.G 1.G
Running vina for 5sj1__1__1.A__1.G, ligand 1.G...
  Skipping (exists) 5sj1__1__1.A__1.G 1.G
Running vina for 5sj7__1__1.A__1.G, ligand 1.G...
  Skipping (exists) 5sj7__1__1.A__1.G 1.G
Running vina for 5sj8__1__1.A__1.G, ligand 1.G...
  Skipping (exists) 5sj8__1__1.A__1.G 1.G
Running vina for 5sjb__1__1.A__1.G, ligand 1.G...
  Skipping (exists) 5sjb__1__1.A__1.G 1.G
Running vina for 5sjc__1__1.A__1.F, ligand 1.F...
  Skipping (exists) 5sjc__1__1.A__1.F 1.F
Running vina for 5sjf__1__1.A__1.H, ligand 1.H...
  Skipping (exists) 5sjf__1__1.A__1.H 1.H
Running vina for 5sjg__1__1.A__1.G, ligand 1.G...
  Skipping (exists) 5sjg__1__1.A__1.G 1.G
Running vina for 5sjl__1__1.A__1.G, ligand 1.G...
  Skipping (exists) 5sjl__1__1.A__1.G 1.G
Running vina for 5sjo__1__1.A__1.H, ligand 1.H...
  Skipping (exists) 5sjo__1__1.A__1.H 1.H
Running vina for 5sjt__1__1.A__1.H, ligand 1.H...
  Skipping (exists) 5sjt__1__1.A__1.H 1.H
Running vina for 5sju__1__1.A__1.G, ligand 1.G...
  Skipping (exists) 5sju__1__1.A__1.G 1.G
Running vina for 5sjv__1__1.A__1.G, ligand 1.G...
  Skipping (exists) 5sjv__1__1.A__1.G 1.G
Running vina for 5sjw__1__1.A__1.I, ligand 1.I...
  Skipping (exists) 5sjw__1__1.A__1.I 1.I
Running vina for 5sk0__1__1.A__1.G, ligand 1.G...
  Skipping (exists) 5sk0__1__1.A__1.G 1.G
Running vina for 5sk4__1__1.A__1.G, ligand 1.G...
  Skipping (exists) 5sk4__1__1.A__1.G 1.G
Running vina for 5sk5__1__1.A__1.H, ligand 1.H...
  Skipping (exists) 5sk5__1__1.A__1.H 1.H
Running vina for 5sk6__1__1.A__1.G, ligand 1.G...
  Skipping (exists) 5sk6__1__1.A__1.G 1.G
Running vina for 5sk9__1__1.A__1.G, ligand 1.G...
  Skipping (exists) 5sk9__1__1.A__1.G 1.G
Running vina for 5skd__1__1.A__1.G, ligand 1.G...
  Skipping (exists) 5skd__1__1.A__1.G 1.G
Running vina for 5ske__1__1.A__1.G, ligand 1.G...
  Skipping (exists) 5ske__1__1.A__1.G 1.G
Running vina for 5skf__1__1.A__1.I, ligand 1.I...
  Skipping (exists) 5skf__1__1.A__1.I 1.I
Running vina for 5skg__1__1.A__1.G, ligand 1.G...
  Skipping (exists) 5skg__1__1.A__1.G 1.G
Running vina for 5skh__1__1.A__1.H, ligand 1.H...
  Skipping (exists) 5skh__1__1.A__1.H 1.H
Running vina for 5ski__1__1.A__1.G, ligand 1.G...
  Skipping (exists) 5ski__1__1.A__1.G 1.G
Running vina for 5skl__1__1.A__1.G, ligand 1.G...
  Skipping (exists) 5skl__1__1.A__1.G 1.G
Running vina for 5skm__1__1.A__1.G, ligand 1.G...
  Skipping (exists) 5skm__1__1.A__1.G 1.G
Running vina for 5sko__1__1.A__1.G, ligand 1.G...
  Skipping (exists) 5sko__1__1.A__1.G 1.G
Running vina for 5skr__1__1.A__1.G, ligand 1.G...
  Skipping (exists) 5skr__1__1.A__1.G 1.G
Running vina for 5skt__1__1.A__1.G, ligand 1.G...
  Skipping (exists) 5skt__1__1.A__1.G 1.G
Running vina for 5sku__1__1.A__1.G, ligand 1.G...
  Skipping (exists) 5sku__1__1.A__1.G 1.G
Running vina for 5slg__1__1.A__1.G, ligand 1.G...
  Skipping (exists) 5slg__1__1.A__1.G 1.G
Running vina for 6th4__1__1.C_1.D__1.T, ligand 1.T...
  Skipping (exists) 6th4__1__1.C_1.D__1.T 1.T
Running vina for 6xqr__1__1.B__1.E, ligand 1.E...
  Skipping (exists) 6xqr__1__1.B__1.E 1.E
Running vina for 6z48__1__1.B__1.J, ligand 1.J...
  Skipping (exists) 6z48__1__1.B__1.J 1.J
Running vina for 6zfz__1__1.A__1.B, ligand 1.B...
  Skipping (exists) 6zfz__1__1.A__1.B 1.B
Running vina for 6zg4__1__1.A__1.B, ligand 1.B...
  Skipping (exists) 6zg4__1__1.A__1.B 1.B
Running vina for 6zg9__1__1.A__1.B, ligand 1.B...
  Skipping (exists) 6zg9__1__1.A__1.B 1.B
Running vina for 6zx1__1__1.A_2.A__1.B, ligand 1.B...
  Skipping (exists) 6zx1__1__1.A_2.A__1.B 1.B
Running vina for 7a4q__1__1.A__1.B, ligand 1.B...
  Skipping (exists) 7a4q__1__1.A__1.B 1.B
Running vina for 7abj__1__1.A__1.T, ligand 1.T...
  Skipping (exists) 7abj__1__1.A__1.T 1.T
Running vina for 7ait__1__1.A__1.C, ligand 1.C...
  Skipping (exists) 7ait__1__1.A__1.C 1.C
Running vina for 7aiu__1__1.A__1.H, ligand 1.H...
  Skipping (exists) 7aiu__1__1.A__1.H 1.H
Running vina for 7aiw__1__2.B__2.M, ligand 2.M...
  Skipping (exists) 7aiw__1__2.B__2.M 2.M
Running vina for 7an8__1__1.B__1.E, ligand 1.E...
  Skipping (exists) 7an8__1__1.B__1.E 1.E
Running vina for 7ana__1__1.A__1.C, ligand 1.C...
  Skipping (exists) 7ana__1__1.A__1.C 1.C
Running vina for 7au4__1__1.A_2.A__2.D, ligand 2.D...
  Skipping (exists) 7au4__1__1.A_2.A__2.D 2.D
Running vina for 7ay9__1__1.A__1.I, ligand 1.I...
  Skipping (exists) 7ay9__1__1.A__1.I 1.I
Running vina for 7ayz__1__1.A__1.D, ligand 1.D...
  Skipping (exists) 7ayz__1__1.A__1.D 1.D
Running vina for 7b2u__1__1.A_1.B__1.C, ligand 1.C...
  Skipping (exists) 7b2u__1__1.A_1.B__1.C 1.C
Running vina for 7b3g__1__1.A__1.I, ligand 1.I...
  Skipping (exists) 7b3g__1__1.A__1.I 1.I
Running vina for 7b3h__1__1.A__1.H, ligand 1.H...
  Skipping (exists) 7b3h__1__1.A__1.H 1.H
Running vina for 7b3i__1__1.A__1.I, ligand 1.I...
  Skipping (exists) 7b3i__1__1.A__1.I 1.I
Running vina for 7b3p__1__1.A__1.G, ligand 1.G...
  Skipping (exists) 7b3p__1__1.A__1.G 1.G
Running vina for 7b3x__1__1.A__1.F, ligand 1.F...
  Skipping (exists) 7b3x__1__1.A__1.F 1.F
Running vina for 7b4x__1__1.A__1.M, ligand 1.M...
  Skipping (exists) 7b4x__1__1.A__1.M 1.M
Running vina for 7b6v__1__1.C_1.D__1.Y, ligand 1.Y...
  Skipping (exists) 7b6v__1__1.C_1.D__1.Y 1.Y
Running vina for 7b77__1__1.A_2.A__1.F, ligand 1.F...
  Skipping (exists) 7b77__1__1.A_2.A__1.F 1.F
Running vina for 7b87__1__1.A__1.N, ligand 1.N...
  Skipping (exists) 7b87__1__1.A__1.N 1.N
Running vina for 7b89__1__1.A__1.D, ligand 1.D...
  Skipping (exists) 7b89__1__1.A__1.D 1.D
Running vina for 7b8a__1__1.A__1.F, ligand 1.F...
  Skipping (exists) 7b8a__1__1.A__1.F 1.F
Running vina for 7bc9__1__1.A__1.J, ligand 1.J...
  Skipping (exists) 7bc9__1__1.A__1.J 1.J
Running vina for 7bcf__1__1.A__1.H, ligand 1.H...
  Skipping (exists) 7bcf__1__1.A__1.H 1.H
Running vina for 7bdd__1__1.A__1.G, ligand 1.G...
  Skipping (exists) 7bdd__1__1.A__1.G 1.G
Running vina for 7bis__1__1.A_2.A__2.F, ligand 2.F...
  Skipping (exists) 7bis__1__1.A_2.A__2.F 2.F
Running vina for 7bk9__1__1.A_2.A__2.F, ligand 2.F...
  Skipping (exists) 7bk9__1__1.A_2.A__2.F 2.F
Running vina for 7blw__1__1.A__1.F, ligand 1.F...
  Skipping (exists) 7blw__1__1.A__1.F 1.F
Running vina for 7bm7__1__1.A__1.F, ligand 1.F...
  Skipping (exists) 7bm7__1__1.A__1.F 1.F
Running vina for 7bn5__1__1.A__1.G, ligand 1.G...
  Skipping (exists) 7bn5__1__1.A__1.G 1.G
Running vina for 7bn8__1__1.A__1.G, ligand 1.G...
  Skipping (exists) 7bn8__1__1.A__1.G 1.G
Running vina for 7bnc__1__1.A__1.K, ligand 1.K...
  Skipping (exists) 7bnc__1__1.A__1.K 1.K
Running vina for 7bo7__1__1.A__1.C, ligand 1.C...
  Skipping (exists) 7bo7__1__1.A__1.C 1.C
Running vina for 7dcw__1__1.A_1.B__1.D, ligand 1.D...
  Skipping (exists) 7dcw__1__1.A_1.B__1.D 1.D
Running vina for 7dg4__1__1.A__1.B, ligand 1.B...
  Skipping (exists) 7dg4__1__1.A__1.B 1.B
Running vina for 7dh3__1__1.A__1.B, ligand 1.B...
  Skipping (exists) 7dh3__1__1.A__1.B 1.B
Running vina for 7dh9__1__1.A__1.B, ligand 1.B...
  Skipping (exists) 7dh9__1__1.A__1.B 1.B
Running vina for 7dhn__1__1.A__1.B, ligand 1.B...
  Skipping (exists) 7dhn__1__1.A__1.B 1.B
Running vina for 7di7__1__1.A__1.D, ligand 1.D...
  Skipping (exists) 7di7__1__1.A__1.D 1.D
Running vina for 7dji__1__1.D_1.E__1.L, ligand 1.L...
  Skipping (exists) 7dji__1__1.D_1.E__1.L 1.L
Running vina for 7dml__1__1.A__1.E, ligand 1.E...
  Skipping (log exists) 7dml__1__1.A__1.E 1.E
Running vina for 7dnn__1__1.A_1.B__1.E, ligand 1.E...
  Skipping (exists) 7dnn__1__1.A_1.B__1.E 1.E
Running vina for 7dow__1__1.A_1.B__1.C, ligand 1.C...
  Skipping (exists) 7dow__1__1.A_1.B__1.C 1.C
Running vina for 7doy__1__1.A_1.B__1.E, ligand 1.E...
  Skipping (exists) 7doy__1__1.A_1.B__1.E 1.E
Running vina for 7du9__1__1.A_1.B__1.D, ligand 1.D...
  Skipping (exists) 7du9__1__1.A_1.B__1.D 1.D
Running vina for 7dua__1__1.B__1.D, ligand 1.D...
  Skipping (exists) 7dua__1__1.B__1.D 1.D
Running vina for 7dvb__1__1.A__1.E, ligand 1.E...
  Skipping (exists) 7dvb__1__1.A__1.E 1.E
Running vina for 7dxl__1__1.A__1.C, ligand 1.C...
  Skipping (exists) 7dxl__1__1.A__1.C 1.C
Running vina for 7e1n__1__1.A_1.B__1.D, ligand 1.D...
  Skipping (exists) 7e1n__1__1.A_1.B__1.D 1.D
Running vina for 7e5f__1__1.A_2.A__2.B, ligand 2.B...
  Skipping (exists) 7e5f__1__1.A_2.A__2.B 2.B
Running vina for 7e5g__1__1.A_2.A__2.B, ligand 2.B...
  Skipping (exists) 7e5g__1__1.A_2.A__2.B 2.B
Running vina for 7eba__1__1.A__1.C, ligand 1.C...
  Skipping (exists) 7eba__1__1.A__1.C 1.C
Running vina for 7ee5__1__1.A__1.H, ligand 1.H...
  Skipping (exists) 7ee5__1__1.A__1.H 1.H
Running vina for 7ei4__1__1.A_1.B_1.C__1.F, ligand 1.F...
  Skipping (exists) 7ei4__1__1.A_1.B_1.C__1.F 1.F
Running vina for 7ejv__1__1.B__1.D, ligand 1.D...
  Skipping (exists) 7ejv__1__1.B__1.D 1.D
Running vina for 7ekr__1__1.A__1.C, ligand 1.C...
  Skipping (exists) 7ekr__1__1.A__1.C 1.C
Running vina for 7elt__1__2.A__2.B, ligand 2.B...
  Skipping (exists) 7elt__1__2.A__2.B 2.B
Running vina for 7ems__1__1.A__1.D, ligand 1.D...
  Skipping (exists) 7ems__1__1.A__1.D 1.D
Running vina for 7en5__1__1.A_3.A_4.A__3.B, ligand 3.B...
  Skipping (exists) 7en5__1__1.A_3.A_4.A__3.B 3.B
Running vina for 7en7__1__1.A_2.A_4.A__2.B, ligand 2.B...
  Skipping (exists) 7en7__1__1.A_2.A_4.A__2.B 2.B
Running vina for 7en9__1__1.A_2.A__2.B, ligand 2.B...
  Skipping (exists) 7en9__1__1.A_2.A__2.B 2.B
Running vina for 7end__1__1.A_2.A__2.B, ligand 2.B...
  Skipping (exists) 7end__1__1.A_2.A__2.B 2.B
Running vina for 7ene__1__1.A_1.B__1.E, ligand 1.E...
  Skipping (exists) 7ene__1__1.A_1.B__1.E 1.E
Running vina for 7er2__1__1.A__1.B, ligand 1.B...
  Skipping (exists) 7er2__1__1.A__1.B 1.B
Running vina for 7es1__1__1.A__1.C, ligand 1.C...
  Skipping (exists) 7es1__1__1.A__1.C 1.C
Running vina for 7eue__1__1.B__1.F, ligand 1.F...
  Skipping (exists) 7eue__1__1.B__1.F 1.F
Running vina for 7exu__1__1.A__1.C, ligand 1.C...
  Skipping (exists) 7exu__1__1.A__1.C 1.C
Running vina for 7ezf__1__1.B__1.G, ligand 1.G...
  Skipping (exists) 7ezf__1__1.B__1.G 1.G
Running vina for 7ezp__1__1.D__1.L, ligand 1.L...
  Skipping (exists) 7ezp__1__1.D__1.L 1.L
Running vina for 7ezr__1__1.B__1.G, ligand 1.G...
  Skipping (exists) 7ezr__1__1.B__1.G 1.G
Running vina for 7f06__1__1.A__1.C, ligand 1.C...
  Skipping (exists) 7f06__1__1.A__1.C 1.C
Running vina for 7f10__1__1.B__1.C, ligand 1.C...
  Skipping (exists) 7f10__1__1.B__1.C 1.C
Running vina for 7f14__1__1.B__1.D, ligand 1.D...
  Skipping (exists) 7f14__1__1.B__1.D 1.D
Running vina for 7f1u__1__1.A_1.B__1.E, ligand 1.E...
  Skipping (exists) 7f1u__1__1.A_1.B__1.E 1.E
Running vina for 7f1v__1__1.C_1.D__1.F, ligand 1.F...
  Skipping (exists) 7f1v__1__1.C_1.D__1.F 1.F
Running vina for 7f35__1__1.A_1.B__1.G, ligand 1.G...
  Skipping (exists) 7f35__1__1.A_1.B__1.G 1.G
Running vina for 7f42__1__1.B__1.C, ligand 1.C...
  Skipping (exists) 7f42__1__1.B__1.C 1.C
Running vina for 7f51__1__1.A__1.C, ligand 1.C...
  Skipping (exists) 7f51__1__1.A__1.C 1.C
Running vina for 7f6w__1__2.A__2.B, ligand 2.B...
  Skipping (exists) 7f6w__1__2.A__2.B 2.B
Running vina for 7f7d__1__2.A__2.B, ligand 2.B...
  Skipping (exists) 7f7d__1__2.A__2.B 2.B
Running vina for 7f83__1__1.B__1.J, ligand 1.J...
  Skipping (exists) 7f83__1__1.B__1.J 1.J
Running vina for 7f8u__1__1.A__1.B, ligand 1.B...
  Skipping (exists) 7f8u__1__1.A__1.B 1.B
Running vina for 7fai__1__1.A__1.E, ligand 1.E...
  Skipping (exists) 7fai__1__1.A__1.E 1.E
Running vina for 7faj__1__1.A__1.E, ligand 1.E...
  Skipping (exists) 7faj__1__1.A__1.E 1.E
Running vina for 7fak__1__1.A__1.B, ligand 1.B...
  Skipping (exists) 7fak__1__1.A__1.B 1.B
Running vina for 7fcz__1__2.B__2.D, ligand 2.D...
  Skipping (exists) 7fcz__1__2.B__2.D 2.D
Running vina for 7fd0__1__1.A__1.C, ligand 1.C...
  Skipping (exists) 7fd0__1__1.A__1.C 1.C
Running vina for 7fd6__1__1.A__1.B, ligand 1.B...
  Skipping (exists) 7fd6__1__1.A__1.B 1.B
Running vina for 7fee__1__1.A__1.D, ligand 1.D...
  Skipping (exists) 7fee__1__1.A__1.D 1.D
Running vina for 7fee__1__1.A__1.E, ligand 1.E...
  Skipping (exists) 7fee__1__1.A__1.E 1.E
Running vina for 7fgc__1__1.B__1.E, ligand 1.E...
  Skipping (exists) 7fgc__1__1.B__1.E 1.E
Running vina for 7fgd__1__1.B__1.E, ligand 1.E...
  Skipping (exists) 7fgd__1__1.B__1.E 1.E
Running vina for 7fha__1__1.A__1.C, ligand 1.C...
  Skipping (exists) 7fha__1__1.A__1.C 1.C
Running vina for 7fhb__1__1.A__1.B, ligand 1.B...
  Skipping (exists) 7fhb__1__1.A__1.B 1.B
Running vina for 7fmg__1__1.A__1.C, ligand 1.C...
  Skipping (exists) 7fmg__1__1.A__1.C 1.C
Running vina for 7fnt__1__1.B__1.C, ligand 1.C...
  Skipping (exists) 7fnt__1__1.B__1.C 1.C
Running vina for 7fsd__1__1.A__1.I, ligand 1.I...
  Skipping (exists) 7fsd__1__1.A__1.I 1.I
Running vina for 7fti__1__1.A__1.C, ligand 1.C...
  Skipping (exists) 7fti__1__1.A__1.C 1.C
Running vina for 7ftm__1__1.A__1.C, ligand 1.C...
  Skipping (exists) 7ftm__1__1.A__1.C 1.C
Running vina for 7ftv__1__1.A__1.C, ligand 1.C...
  Skipping (exists) 7ftv__1__1.A__1.C 1.C
Running vina for 7ftw__1__1.A__1.C, ligand 1.C...
  Skipping (exists) 7ftw__1__1.A__1.C 1.C
Running vina for 7ftz__1__1.A__1.D, ligand 1.D...
  Skipping (exists) 7ftz__1__1.A__1.D 1.D
Running vina for 7fu2__1__1.A__1.C, ligand 1.C...
  Skipping (exists) 7fu2__1__1.A__1.C 1.C
Running vina for 7fu6__1__1.A__1.C, ligand 1.C...
  Skipping (exists) 7fu6__1__1.A__1.C 1.C
Running vina for 7fu7__1__1.A__1.C, ligand 1.C...
  Skipping (exists) 7fu7__1__1.A__1.C 1.C
Running vina for 7fu8__1__1.A__1.C, ligand 1.C...
  Skipping (exists) 7fu8__1__1.A__1.C 1.C
Running vina for 7fuc__1__1.A__1.C, ligand 1.C...
  Skipping (exists) 7fuc__1__1.A__1.C 1.C
Running vina for 7fuf__1__1.A__1.C, ligand 1.C...
  Skipping (exists) 7fuf__1__1.A__1.C 1.C
Running vina for 7fum__1__1.A__1.C, ligand 1.C...
  Skipping (exists) 7fum__1__1.A__1.C 1.C
Running vina for 7fw3__1__1.A__1.B, ligand 1.B...
  Skipping (exists) 7fw3__1__1.A__1.B 1.B
Running vina for 7fwb__1__1.A__1.B, ligand 1.B...
  Skipping (exists) 7fwb__1__1.A__1.B 1.B
Running vina for 7fwe__1__1.A__1.B, ligand 1.B...
  Skipping (exists) 7fwe__1__1.A__1.B 1.B
Running vina for 7fwh__1__1.A__1.B, ligand 1.B...
  Skipping (exists) 7fwh__1__1.A__1.B 1.B
Running vina for 7fwi__1__1.A__1.D, ligand 1.D...
  Skipping (exists) 7fwi__1__1.A__1.D 1.D
Running vina for 7fwl__1__1.A__1.B, ligand 1.B...
  Skipping (exists) 7fwl__1__1.A__1.B 1.B
Running vina for 7fwm__1__1.A__1.B, ligand 1.B...
  Skipping (exists) 7fwm__1__1.A__1.B 1.B
Running vina for 7fwn__1__1.A__1.D, ligand 1.D...
  Skipping (exists) 7fwn__1__1.A__1.D 1.D
Running vina for 7fwr__1__1.A__1.B, ligand 1.B...
  Skipping (exists) 7fwr__1__1.A__1.B 1.B
Running vina for 7fx1__1__1.A__1.B, ligand 1.B...
  Skipping (exists) 7fx1__1__1.A__1.B 1.B
Running vina for 7fxi__1__1.A__1.D, ligand 1.D...
  Skipping (exists) 7fxi__1__1.A__1.D 1.D
Running vina for 7fyr__1__1.A__1.B, ligand 1.B...
  Skipping (exists) 7fyr__1__1.A__1.B 1.B
Running vina for 7fys__1__1.A__1.B, ligand 1.B...
  Skipping (exists) 7fys__1__1.A__1.B 1.B
Running vina for 7fyx__1__1.A__1.C, ligand 1.C...
  Skipping (exists) 7fyx__1__1.A__1.C 1.C
Running vina for 7fz0__1__1.A__1.E, ligand 1.E...
  Skipping (exists) 7fz0__1__1.A__1.E 1.E
Running vina for 7fz3__1__1.A__1.B, ligand 1.B...
  Skipping (exists) 7fz3__1__1.A__1.B 1.B
Running vina for 7fzc__1__1.A__1.B, ligand 1.B...
  Skipping (exists) 7fzc__1__1.A__1.B 1.B
Running vina for 7fzl__1__1.A__1.B, ligand 1.B...
  Skipping (exists) 7fzl__1__1.A__1.B 1.B
Running vina for 7fzs__1__1.A__1.B, ligand 1.B...
  Skipping (exists) 7fzs__1__1.A__1.B 1.B
Running vina for 7g00__1__1.A__1.Q, ligand 1.Q...
  Skipping (exists) 7g00__1__1.A__1.Q 1.Q
Running vina for 7g07__1__1.A__1.B, ligand 1.B...
  Skipping (exists) 7g07__1__1.A__1.B 1.B
Running vina for 7g0g__1__1.A__1.B, ligand 1.B...
  Skipping (exists) 7g0g__1__1.A__1.B 1.B
Running vina for 7g0j__1__1.A__1.D, ligand 1.D...
  Skipping (exists) 7g0j__1__1.A__1.D 1.D
Running vina for 7g0t__1__1.A__1.B, ligand 1.B...
  Skipping (exists) 7g0t__1__1.A__1.B 1.B
Running vina for 7g10__1__1.A__1.D, ligand 1.D...
  Skipping (exists) 7g10__1__1.A__1.D 1.D
Running vina for 7g1b__1__1.A__1.B, ligand 1.B...
  Skipping (exists) 7g1b__1__1.A__1.B 1.B
Running vina for 7g1e__1__1.A__1.C, ligand 1.C...
  Skipping (exists) 7g1e__1__1.A__1.C 1.C
Running vina for 7g1j__1__1.A__1.B, ligand 1.B...
  Skipping (exists) 7g1j__1__1.A__1.B 1.B
Running vina for 7g1m__1__1.A__1.B, ligand 1.B...
  Skipping (exists) 7g1m__1__1.A__1.B 1.B
Running vina for 7g20__1__1.A__1.B, ligand 1.B...
  Skipping (exists) 7g20__1__1.A__1.B 1.B
Running vina for 7g90__1__1.A__1.C, ligand 1.C...
  Skipping (exists) 7g90__1__1.A__1.C 1.C
Running vina for 7gaw__1__1.A_1.B__1.K, ligand 1.K...
  Skipping (exists) 7gaw__1__1.A_1.B__1.K 1.K
Running vina for 7gb6__1__1.A_2.A__1.F, ligand 1.F...
  Skipping (exists) 7gb6__1__1.A_2.A__1.F 1.F
Running vina for 7gb7__1__1.A_2.A__1.B, ligand 1.B...
  Skipping (exists) 7gb7__1__1.A_2.A__1.B 1.B
Running vina for 7gb8__1__1.A_2.A__1.F, ligand 1.F...
  Skipping (exists) 7gb8__1__1.A_2.A__1.F 1.F
Running vina for 7gbc__1__1.A_2.A__2.E, ligand 2.E...
  Skipping (exists) 7gbc__1__1.A_2.A__2.E 2.E
Running vina for 7gbd__1__1.A_2.A__2.E, ligand 2.E...
  Skipping (exists) 7gbd__1__1.A_2.A__2.E 2.E
Running vina for 7gbe__1__1.A_2.A__1.B, ligand 1.B...
  Skipping (exists) 7gbe__1__1.A_2.A__1.B 1.B
Running vina for 7gbg__1__1.A_2.A__2.E, ligand 2.E...
  Skipping (exists) 7gbg__1__1.A_2.A__2.E 2.E
Running vina for 7gbi__1__1.A_2.A__2.D, ligand 2.D...
  Skipping (exists) 7gbi__1__1.A_2.A__2.D 2.D
Running vina for 7gbo__1__1.A_2.A__1.E, ligand 1.E...
  Skipping (exists) 7gbo__1__1.A_2.A__1.E 1.E
Running vina for 7gbp__1__1.A_2.A__2.F, ligand 2.F...
  Skipping (exists) 7gbp__1__1.A_2.A__2.F 2.F
Running vina for 7gbq__1__1.A_2.A__1.E, ligand 1.E...
  Skipping (exists) 7gbq__1__1.A_2.A__1.E 1.E
Running vina for 7gbr__1__1.A_2.A__2.F, ligand 2.F...
  Skipping (exists) 7gbr__1__1.A_2.A__2.F 2.F
Running vina for 7gbw__1__1.A_2.A__1.F, ligand 1.F...
  Skipping (exists) 7gbw__1__1.A_2.A__1.F 1.F
Running vina for 7gby__1__1.A_2.A__1.E, ligand 1.E...
  Skipping (exists) 7gby__1__1.A_2.A__1.E 1.E
Running vina for 7gbz__1__1.A_2.A__2.F, ligand 2.F...
  Skipping (exists) 7gbz__1__1.A_2.A__2.F 2.F
Running vina for 7gc0__1__1.A_2.A__1.E, ligand 1.E...
  Skipping (exists) 7gc0__1__1.A_2.A__1.E 1.E
Running vina for 7gc1__1__1.A_2.A__2.E, ligand 2.E...
  Skipping (exists) 7gc1__1__1.A_2.A__2.E 2.E
Running vina for 7gc2__1__1.A_2.A__2.E, ligand 2.E...
  Skipping (exists) 7gc2__1__1.A_2.A__2.E 2.E
Running vina for 7gc3__1__1.A_2.A__2.F, ligand 2.F...
  Skipping (exists) 7gc3__1__1.A_2.A__2.F 2.F
Running vina for 7gc8__1__1.A_2.A__2.E, ligand 2.E...
  Skipping (exists) 7gc8__1__1.A_2.A__2.E 2.E
Running vina for 7gce__1__1.A_2.A__2.E, ligand 2.E...
  Skipping (exists) 7gce__1__1.A_2.A__2.E 2.E
Running vina for 7gcf__1__1.A_2.A__2.E, ligand 2.E...
  Skipping (exists) 7gcf__1__1.A_2.A__2.E 2.E
Running vina for 7gcj__1__1.A_2.A__1.E, ligand 1.E...
  Skipping (exists) 7gcj__1__1.A_2.A__1.E 1.E
Running vina for 7gck__1__1.A_2.A__1.E, ligand 1.E...
  Skipping (exists) 7gck__1__1.A_2.A__1.E 1.E
Running vina for 7gcl__1__1.A_2.A__2.F, ligand 2.F...
  Skipping (exists) 7gcl__1__1.A_2.A__2.F 2.F
Running vina for 7gcn__1__1.A_2.A__2.F, ligand 2.F...
  Skipping (exists) 7gcn__1__1.A_2.A__2.F 2.F
Running vina for 7gco__1__1.A_2.A__2.E, ligand 2.E...
  Skipping (exists) 7gco__1__1.A_2.A__2.E 2.E
Running vina for 7gcq__1__1.A_2.A__1.F, ligand 1.F...
  Skipping (exists) 7gcq__1__1.A_2.A__1.F 1.F
Running vina for 7gcs__1__1.A_2.A__1.E, ligand 1.E...
  Skipping (exists) 7gcs__1__1.A_2.A__1.E 1.E
Running vina for 7gcu__1__1.A_2.A__1.E, ligand 1.E...
  Skipping (exists) 7gcu__1__1.A_2.A__1.E 1.E
Running vina for 7gcv__1__1.A_2.A__2.E, ligand 2.E...
  Skipping (exists) 7gcv__1__1.A_2.A__2.E 2.E
Running vina for 7gcx__1__1.A_2.A__2.E, ligand 2.E...
  Skipping (exists) 7gcx__1__1.A_2.A__2.E 2.E
Running vina for 7gd0__1__1.A_2.A__1.F, ligand 1.F...
  Skipping (exists) 7gd0__1__1.A_2.A__1.F 1.F
Running vina for 7gd1__1__1.A_2.A__1.E, ligand 1.E...
  Skipping (exists) 7gd1__1__1.A_2.A__1.E 1.E
Running vina for 7gda__1__1.A_2.A__1.D, ligand 1.D...
  Skipping (exists) 7gda__1__1.A_2.A__1.D 1.D
Running vina for 7gdc__1__1.A_2.A__2.D, ligand 2.D...
  Skipping (exists) 7gdc__1__1.A_2.A__2.D 2.D
Running vina for 7gde__1__1.A_2.A__1.E, ligand 1.E...
  Skipping (exists) 7gde__1__1.A_2.A__1.E 1.E
Running vina for 7gdg__1__1.A_2.A__2.F, ligand 2.F...
  Skipping (exists) 7gdg__1__1.A_2.A__2.F 2.F
Running vina for 7gdj__1__1.A_2.A__2.E, ligand 2.E...
  Skipping (exists) 7gdj__1__1.A_2.A__2.E 2.E
Running vina for 7gdk__1__1.A_2.A__2.E, ligand 2.E...
  Skipping (exists) 7gdk__1__1.A_2.A__2.E 2.E
Running vina for 7gdl__1__1.A_2.A__1.E, ligand 1.E...
  Skipping (exists) 7gdl__1__1.A_2.A__1.E 1.E
Running vina for 7gdm__1__1.A_2.A__2.E, ligand 2.E...
  Skipping (exists) 7gdm__1__1.A_2.A__2.E 2.E
Running vina for 7gdz__1__1.A_2.A__1.E, ligand 1.E...
  Skipping (exists) 7gdz__1__1.A_2.A__1.E 1.E
Running vina for 7ge2__1__1.A_2.A__2.E, ligand 2.E...
  Skipping (exists) 7ge2__1__1.A_2.A__2.E 2.E
Running vina for 7ge3__1__1.A_2.A__1.D, ligand 1.D...
  Skipping (exists) 7ge3__1__1.A_2.A__1.D 1.D
Running vina for 7ge8__1__1.A_2.A__2.E, ligand 2.E...
  Skipping (exists) 7ge8__1__1.A_2.A__2.E 2.E
Running vina for 7ge9__1__1.A_2.A__1.E, ligand 1.E...
  Skipping (exists) 7ge9__1__1.A_2.A__1.E 1.E
Running vina for 7gec__1__1.A_2.A__2.E, ligand 2.E...
  Skipping (exists) 7gec__1__1.A_2.A__2.E 2.E
Running vina for 7ged__1__1.A_2.A__1.E, ligand 1.E...
  Skipping (exists) 7ged__1__1.A_2.A__1.E 1.E
Running vina for 7gee__1__1.A_2.A__2.E, ligand 2.E...
  Skipping (exists) 7gee__1__1.A_2.A__2.E 2.E
Running vina for 7gef__1__1.A_2.A__1.D, ligand 1.D...
  Skipping (exists) 7gef__1__1.A_2.A__1.D 1.D
Running vina for 7geg__1__1.A_2.A__2.E, ligand 2.E...
  Skipping (exists) 7geg__1__1.A_2.A__2.E 2.E
Running vina for 7geh__1__1.A_2.A__2.E, ligand 2.E...
  Skipping (exists) 7geh__1__1.A_2.A__2.E 2.E
Running vina for 7gek__1__1.A_2.A__1.E, ligand 1.E...
  Skipping (exists) 7gek__1__1.A_2.A__1.E 1.E
Running vina for 7gen__1__1.A_2.A__2.E, ligand 2.E...
  Skipping (exists) 7gen__1__1.A_2.A__2.E 2.E
Running vina for 7ges__1__1.A_2.A__2.E, ligand 2.E...
  Skipping (exists) 7ges__1__1.A_2.A__2.E 2.E
Running vina for 7geu__1__1.A_2.A__2.E, ligand 2.E...
  Skipping (exists) 7geu__1__1.A_2.A__2.E 2.E
Running vina for 7gew__1__1.A_2.A__1.E, ligand 1.E...
  Skipping (exists) 7gew__1__1.A_2.A__1.E 1.E
Running vina for 7gey__1__1.A_2.A__2.E, ligand 2.E...
  Skipping (exists) 7gey__1__1.A_2.A__2.E 2.E
Running vina for 7gf0__1__1.A_2.A__1.E, ligand 1.E...
  Skipping (exists) 7gf0__1__1.A_2.A__1.E 1.E
Running vina for 7gf2__1__1.A_2.A__2.E, ligand 2.E...
  Skipping (exists) 7gf2__1__1.A_2.A__2.E 2.E
Running vina for 7gf3__1__1.A_2.A__1.E, ligand 1.E...
  Skipping (exists) 7gf3__1__1.A_2.A__1.E 1.E
Running vina for 7gf5__1__1.A_2.A__1.E, ligand 1.E...
  Skipping (exists) 7gf5__1__1.A_2.A__1.E 1.E
Running vina for 7gf6__1__1.A_2.A__2.E, ligand 2.E...
  Skipping (exists) 7gf6__1__1.A_2.A__2.E 2.E
Running vina for 7gfb__1__1.A_2.A__2.E, ligand 2.E...
  Skipping (exists) 7gfb__1__1.A_2.A__2.E 2.E
Running vina for 7gfh__1__1.A_2.A__1.E, ligand 1.E...
  Skipping (exists) 7gfh__1__1.A_2.A__1.E 1.E
Running vina for 7gfl__1__1.A_2.A__2.E, ligand 2.E...
  Skipping (exists) 7gfl__1__1.A_2.A__2.E 2.E
Running vina for 7gfr__1__1.A_2.A__2.E, ligand 2.E...
  Skipping (exists) 7gfr__1__1.A_2.A__2.E 2.E
Running vina for 7gfs__1__1.A_2.A__2.E, ligand 2.E...
  Skipping (exists) 7gfs__1__1.A_2.A__2.E 2.E
Running vina for 7gft__1__1.A_2.A__1.E, ligand 1.E...
  Skipping (exists) 7gft__1__1.A_2.A__1.E 1.E
Running vina for 7gfx__1__1.A_2.A__2.E, ligand 2.E...
  Skipping (exists) 7gfx__1__1.A_2.A__2.E 2.E
Running vina for 7gg2__1__1.A_2.A__2.E, ligand 2.E...
  Skipping (exists) 7gg2__1__1.A_2.A__2.E 2.E
Running vina for 7ggd__1__1.A__1.E, ligand 1.E...
  Skipping (exists) 7ggd__1__1.A__1.E 1.E
Running vina for 7gh3__1__1.A_2.A__2.E, ligand 2.E...
  Skipping (exists) 7gh3__1__1.A_2.A__2.E 2.E
Running vina for 7gh5__1__1.A_2.A__1.B, ligand 1.B...
  Skipping (exists) 7gh5__1__1.A_2.A__1.B 1.B
Running vina for 7gh6__1__1.A_2.A__2.B, ligand 2.B...
  Skipping (exists) 7gh6__1__1.A_2.A__2.B 2.B
Running vina for 7ghn__1__1.A_1.B__1.N, ligand 1.N...
  Skipping (exists) 7ghn__1__1.A_1.B__1.N 1.N
Running vina for 7ghr__1__1.A_1.B__1.M, ligand 1.M...
  Skipping (exists) 7ghr__1__1.A_1.B__1.M 1.M
Running vina for 7gi4__1__1.A_1.B__1.J, ligand 1.J...
  Skipping (exists) 7gi4__1__1.A_1.B__1.J 1.J
Running vina for 7gi6__1__1.A_1.B__1.D, ligand 1.D...
  Skipping (exists) 7gi6__1__1.A_1.B__1.D 1.D
Running vina for 7gi7__1__1.A_1.B__1.L, ligand 1.L...
  Skipping (exists) 7gi7__1__1.A_1.B__1.L 1.L
Running vina for 7gi9__1__1.A_1.B__1.F, ligand 1.F...
  Skipping (exists) 7gi9__1__1.A_1.B__1.F 1.F
Running vina for 7gia__1__1.A_1.B__1.F, ligand 1.F...
  Skipping (exists) 7gia__1__1.A_1.B__1.F 1.F
Running vina for 7gjc__1__1.A_1.B__1.E, ligand 1.E...
  Skipping (exists) 7gjc__1__1.A_1.B__1.E 1.E
Running vina for 7gji__1__1.A_1.B__1.L, ligand 1.L...
  Skipping (exists) 7gji__1__1.A_1.B__1.L 1.L
Running vina for 7gk7__1__1.A_1.B__1.H, ligand 1.H...
  Skipping (exists) 7gk7__1__1.A_1.B__1.H 1.H
Running vina for 7gk8__1__1.A_1.B__1.H, ligand 1.H...
  Skipping (exists) 7gk8__1__1.A_1.B__1.H 1.H
Running vina for 7gkh__1__1.A_1.B__1.J, ligand 1.J...
  Skipping (exists) 7gkh__1__1.A_1.B__1.J 1.J
Running vina for 7gki__1__1.A__1.I, ligand 1.I...
  Skipping (exists) 7gki__1__1.A__1.I 1.I
Running vina for 7gkk__1__1.A_1.B__1.O, ligand 1.O...
  Skipping (exists) 7gkk__1__1.A_1.B__1.O 1.O
Running vina for 7gks__1__1.A_1.B__1.H, ligand 1.H...
  Skipping (exists) 7gks__1__1.A_1.B__1.H 1.H
Running vina for 7gkx__1__1.A_1.B__1.I, ligand 1.I...
  Skipping (exists) 7gkx__1__1.A_1.B__1.I 1.I
Running vina for 7gl3__1__1.A_1.B__1.H, ligand 1.H...
  Skipping (exists) 7gl3__1__1.A_1.B__1.H 1.H
Running vina for 7gla__1__1.A_1.B__1.I, ligand 1.I...
  Skipping (exists) 7gla__1__1.A_1.B__1.I 1.I
Running vina for 7glb__1__1.A_1.B__1.N, ligand 1.N...
  Skipping (exists) 7glb__1__1.A_1.B__1.N 1.N
Running vina for 7gld__1__1.A_1.B__1.H, ligand 1.H...
  Skipping (exists) 7gld__1__1.A_1.B__1.H 1.H
Running vina for 7glg__1__1.A_1.B__1.H, ligand 1.H...
  Skipping (exists) 7glg__1__1.A_1.B__1.H 1.H
Running vina for 7gli__1__1.A_1.B__1.L, ligand 1.L...
  Skipping (exists) 7gli__1__1.A_1.B__1.L 1.L
Running vina for 7gln__1__1.A_1.B__1.I, ligand 1.I...
  Skipping (exists) 7gln__1__1.A_1.B__1.I 1.I
Running vina for 7gly__1__1.A_1.B__1.I, ligand 1.I...
  Skipping (exists) 7gly__1__1.A_1.B__1.I 1.I
Running vina for 7gm0__1__1.A_1.B__1.N, ligand 1.N...
  Skipping (exists) 7gm0__1__1.A_1.B__1.N 1.N
Running vina for 7gm1__1__1.A_1.B__1.I, ligand 1.I...
  Skipping (exists) 7gm1__1__1.A_1.B__1.I 1.I
Running vina for 7gm4__1__1.A_1.B__1.I, ligand 1.I...
  Skipping (exists) 7gm4__1__1.A_1.B__1.I 1.I
Running vina for 7gm5__1__1.A_1.B__1.I, ligand 1.I...
  Skipping (exists) 7gm5__1__1.A_1.B__1.I 1.I
Running vina for 7gm6__1__1.A_1.B__1.N, ligand 1.N...
  Skipping (exists) 7gm6__1__1.A_1.B__1.N 1.N
Running vina for 7gm8__1__1.A_1.B__1.I, ligand 1.I...
  Skipping (exists) 7gm8__1__1.A_1.B__1.I 1.I
Running vina for 7gm9__1__1.A_1.B__1.I, ligand 1.I...
  Skipping (exists) 7gm9__1__1.A_1.B__1.I 1.I
Running vina for 7gma__1__1.A_1.B__1.J, ligand 1.J...
  Skipping (exists) 7gma__1__1.A_1.B__1.J 1.J
Running vina for 7gmh__1__1.A_1.B__1.O, ligand 1.O...
  Skipping (exists) 7gmh__1__1.A_1.B__1.O 1.O
Running vina for 7gms__1__1.A_1.B__1.I, ligand 1.I...
  Skipping (exists) 7gms__1__1.A_1.B__1.I 1.I
Running vina for 7gmu__1__1.A_1.B__1.I, ligand 1.I...
  Skipping (exists) 7gmu__1__1.A_1.B__1.I 1.I
Running vina for 7gmy__1__1.A_1.B__1.I, ligand 1.I...
  Skipping (exists) 7gmy__1__1.A_1.B__1.I 1.I
Running vina for 7gn0__1__1.A_1.B__1.I, ligand 1.I...
  Skipping (exists) 7gn0__1__1.A_1.B__1.I 1.I
Running vina for 7gn5__1__1.A_1.B__1.I, ligand 1.I...
  Skipping (exists) 7gn5__1__1.A_1.B__1.I 1.I
Running vina for 7gn9__1__1.A_1.B__1.O, ligand 1.O...
  Skipping (exists) 7gn9__1__1.A_1.B__1.O 1.O
Running vina for 7gng__1__1.A_1.B__1.Q, ligand 1.Q...
  Skipping (exists) 7gng__1__1.A_1.B__1.Q 1.Q
Running vina for 7gnh__1__1.A_1.B__1.M, ligand 1.M...
  Skipping (exists) 7gnh__1__1.A_1.B__1.M 1.M
Running vina for 7gnk__1__1.A_1.B__1.T, ligand 1.T...
  Skipping (exists) 7gnk__1__1.A_1.B__1.T 1.T
Running vina for 7gnl__1__1.A_1.B__1.N, ligand 1.N...
  Skipping (exists) 7gnl__1__1.A_1.B__1.N 1.N
Running vina for 7gnm__1__1.A_1.B__1.S, ligand 1.S...
  Skipping (exists) 7gnm__1__1.A_1.B__1.S 1.S
Running vina for 7gnn__1__1.A_1.B__1.I, ligand 1.I...
  Skipping (exists) 7gnn__1__1.A_1.B__1.I 1.I
Running vina for 7grr__1__1.A__1.D, ligand 1.D...
  Skipping (exists) 7grr__1__1.A__1.D 1.D
Running vina for 7grs__1__1.B__1.Q, ligand 1.Q...
  Skipping (exists) 7grs__1__1.B__1.Q 1.Q
Running vina for 7gs0__1__1.A_1.B__1.D, ligand 1.D...
  Skipping (exists) 7gs0__1__1.A_1.B__1.D 1.D
Running vina for 7h1j__1__1.B__1.E, ligand 1.E...
  Skipping (exists) 7h1j__1__1.B__1.E 1.E
Running vina for 7jhq__1__2.D__2.Q, ligand 2.Q...
  Skipping (exists) 7jhq__1__2.D__2.Q 2.Q
Running vina for 7jni__1__1.A__1.C, ligand 1.C...
  Skipping (exists) 7jni__1__1.A__1.C 1.C
Running vina for 7jxa__1__1.C__1.I, ligand 1.I...
  Skipping (exists) 7jxa__1__1.C__1.I 1.I
Running vina for 7jyd__1__1.A__1.C, ligand 1.C...
  Skipping (exists) 7jyd__1__1.A__1.C 1.C
Running vina for 7k5v__1__1.A__1.C, ligand 1.C...
  Skipping (exists) 7k5v__1__1.A__1.C 1.C
Running vina for 7kb8__1__1.A__1.E, ligand 1.E...
  Skipping (exists) 7kb8__1__1.A__1.E 1.E
Running vina for 7kgy__1__2.C_2.D__2.J, ligand 2.J...
  Skipping (exists) 7kgy__1__2.C_2.D__2.J 2.J
Running vina for 7kkh__1__1.A_1.B__1.D, ligand 1.D...
  Skipping (exists) 7kkh__1__1.A_1.B__1.D 1.D
Running vina for 7ko6__1__1.A__1.D, ligand 1.D...
  Skipping (exists) 7ko6__1__1.A__1.D 1.D
Running vina for 7kxz__1__1.A__1.C, ligand 1.C...
  Skipping (exists) 7kxz__1__1.A__1.C 1.C
Running vina for 7l1p__1__1.A_1.B__1.C, ligand 1.C...
  Skipping (exists) 7l1p__1__1.A_1.B__1.C 1.C
Running vina for 7l2y__1__1.A_2.A__1.J, ligand 1.J...
  Skipping (exists) 7l2y__1__1.A_2.A__1.J 1.J
Running vina for 7lbv__1__1.A__1.B, ligand 1.B...
  Skipping (exists) 7lbv__1__1.A__1.B 1.B
Running vina for 7ldy__1__1.A_1.B__1.H, ligand 1.H...
  Skipping (exists) 7ldy__1__1.A_1.B__1.H 1.H
Running vina for 7le3__1__1.A_1.B__1.C, ligand 1.C...
  Skipping (exists) 7le3__1__1.A_1.B__1.C 1.C
Running vina for 7le5__1__1.A_1.B__1.H, ligand 1.H...
  Skipping (exists) 7le5__1__1.A_1.B__1.H 1.H
Running vina for 7le6__1__1.A_1.B__1.C, ligand 1.C...
  Skipping (exists) 7le6__1__1.A_1.B__1.C 1.C
Running vina for 7lk0__1__1.A_2.A__1.D, ligand 1.D...
  Skipping (exists) 7lk0__1__1.A_2.A__1.D 1.D
Running vina for 7lnh__1__2.A_2.B__2.E, ligand 2.E...
  Skipping (exists) 7lnh__1__2.A_2.B__2.E 2.E
Running vina for 7lp0__1__1.A__1.C, ligand 1.C...
  Skipping (exists) 7lp0__1__1.A__1.C 1.C
Running vina for 7lpk__1__1.A__1.C, ligand 1.C...
  Skipping (exists) 7lpk__1__1.A__1.C 1.C
Running vina for 7lpw__1__1.A_1.B__1.G, ligand 1.G...
  Skipping (exists) 7lpw__1__1.A_1.B__1.G 1.G
Running vina for 7lr9__1__1.A__1.C, ligand 1.C...
  Skipping (exists) 7lr9__1__1.A__1.C 1.C
Running vina for 7lrk__1__1.A__1.C, ligand 1.C...
  Skipping (exists) 7lrk__1__1.A__1.C 1.C
Running vina for 7lro__1__1.A__1.D, ligand 1.D...
  Skipping (exists) 7lro__1__1.A__1.D 1.D
Running vina for 7lzr__1__1.A_1.B__1.H, ligand 1.H...
  Skipping (exists) 7lzr__1__1.A_1.B__1.H 1.H
Running vina for 7m94__1__1.B__1.J, ligand 1.J...
  Skipping (exists) 7m94__1__1.B__1.J 1.J
Running vina for 7m95__1__1.B__1.K, ligand 1.K...
  Skipping (exists) 7m95__1__1.B__1.K 1.K
Running vina for 7m96__1__1.A__1.E, ligand 1.E...
  Skipping (exists) 7m96__1__1.A__1.E 1.E
Running vina for 7m9g__1__1.A_1.B__1.E, ligand 1.E...
  Skipping (exists) 7m9g__1__1.A_1.B__1.E 1.E
Running vina for 7m9h__1__1.A_1.B__1.E, ligand 1.E...
  Skipping (exists) 7m9h__1__1.A_1.B__1.E 1.E
Running vina for 7m9r__1__1.A_1.B__1.C, ligand 1.C...
  Skipping (exists) 7m9r__1__1.A_1.B__1.C 1.C
Running vina for 7m9t__1__1.A_1.B__1.D, ligand 1.D...
  Skipping (exists) 7m9t__1__1.A_1.B__1.D 1.D
Running vina for 7m9v__1__1.A_1.B__1.C, ligand 1.C...
  Skipping (exists) 7m9v__1__1.A_1.B__1.C 1.C
Running vina for 7m9x__1__1.A_1.B__1.C, ligand 1.C...
  Skipping (exists) 7m9x__1__1.A_1.B__1.C 1.C
Running vina for 7ma0__1__1.A_1.B__1.I, ligand 1.I...
  Skipping (exists) 7ma0__1__1.A_1.B__1.I 1.I
Running vina for 7ma1__1__1.A_1.B__1.M, ligand 1.M...
  Skipping (exists) 7ma1__1__1.A_1.B__1.M 1.M
Running vina for 7ma2__1__1.A_1.B__1.E, ligand 1.E...
  Skipping (exists) 7ma2__1__1.A_1.B__1.E 1.E
Running vina for 7ma3__1__1.A_1.B__1.E, ligand 1.E...
  Skipping (exists) 7ma3__1__1.A_1.B__1.E 1.E
Running vina for 7ma4__1__1.A_1.B__1.D, ligand 1.D...
  Skipping (exists) 7ma4__1__1.A_1.B__1.D 1.D
Running vina for 7ma5__1__1.A_1.B__1.G, ligand 1.G...
  Skipping (exists) 7ma5__1__1.A_1.B__1.G 1.G
Running vina for 7ma7__1__1.A_1.B__1.E, ligand 1.E...
  Skipping (exists) 7ma7__1__1.A_1.B__1.E 1.E
Running vina for 7ma8__1__1.A_1.B__1.E, ligand 1.E...
  Skipping (exists) 7ma8__1__1.A_1.B__1.E 1.E
Running vina for 7maq__1__1.A_1.B__1.C, ligand 1.C...
  Skipping (exists) 7maq__1__1.A_1.B__1.C 1.C
Running vina for 7mdp__1__1.A__1.D, ligand 1.D...
  Skipping (exists) 7mdp__1__1.A__1.D 1.D
Running vina for 7mgj__1__1.A__1.E, ligand 1.E...
  Skipping (exists) 7mgj__1__1.A__1.E 1.E
Running vina for 7mgk__1__1.A__1.E, ligand 1.E...
  Skipping (exists) 7mgk__1__1.A__1.E 1.E
Running vina for 7mjd__1__1.B__1.S, ligand 1.S...
  Skipping (exists) 7mjd__1__1.B__1.S 1.S
Running vina for 7mkx__1__1.A__1.E, ligand 1.E...
  Skipping (exists) 7mkx__1__1.A__1.E 1.E
Running vina for 7mlo__1__1.A__1.C, ligand 1.C...
  Skipping (exists) 7mlo__1__1.A__1.C 1.C
Running vina for 7mlp__1__1.A__1.B, ligand 1.B...
  Skipping (exists) 7mlp__1__1.A__1.B 1.B
Running vina for 7mlt__1__1.A__1.W, ligand 1.W...
  Skipping (exists) 7mlt__1__1.A__1.W 1.W
Running vina for 7mof__1__1.A__1.C, ligand 1.C...
  Skipping (exists) 7mof__1__1.A__1.C 1.C
Running vina for 7mog__1__1.A__1.C, ligand 1.C...
  Skipping (exists) 7mog__1__1.A__1.C 1.C
Running vina for 7mt4__1__2.A_2.B__2.C, ligand 2.C...
  Skipping (exists) 7mt4__1__2.A_2.B__2.C 2.C
Running vina for 7mwn__1__1.A_1.B__1.C, ligand 1.C...
  Skipping (exists) 7mwn__1__1.A_1.B__1.C 1.C
Running vina for 7mxh__1__1.A__1.D, ligand 1.D...
  Skipping (exists) 7mxh__1__1.A__1.D 1.D
Running vina for 7mxn__1__1.A__1.C, ligand 1.C...
  Skipping (exists) 7mxn__1__1.A__1.C 1.C
Running vina for 7myj__1__1.A__1.G, ligand 1.G...
  Skipping (exists) 7myj__1__1.A__1.G 1.G
Running vina for 7n4w__1__1.A__1.D, ligand 1.D...
  Skipping (exists) 7n4w__1__1.A__1.D 1.D
Running vina for 7n4z__1__1.A__1.F, ligand 1.F...
  Skipping (exists) 7n4z__1__1.A__1.F 1.F
Running vina for 7n53__1__1.A__1.D, ligand 1.D...
  Skipping (exists) 7n53__1__1.A__1.D 1.D
Running vina for 7n54__1__1.B__1.H, ligand 1.H...
  Skipping (exists) 7n54__1__1.B__1.H 1.H
Running vina for 7n9d__1__1.A__1.D, ligand 1.D...
  Skipping (exists) 7n9d__1__1.A__1.D 1.D
Running vina for 7nag__1__1.A__1.C, ligand 1.C...
  Skipping (exists) 7nag__1__1.A__1.C 1.C
Running vina for 7nah__1__1.A__1.C, ligand 1.C...
  Skipping (exists) 7nah__1__1.A__1.C 1.C
Running vina for 7nai__1__1.A__1.C, ligand 1.C...
  Skipping (exists) 7nai__1__1.A__1.C 1.C
Running vina for 7nb3__1__1.A__1.C, ligand 1.C...
  Skipping (exists) 7nb3__1__1.A__1.C 1.C
Running vina for 7nb7__1__1.A__1.E, ligand 1.E...
  Skipping (exists) 7nb7__1__1.A__1.E 1.E
Running vina for 7nbt__1__1.A_2.A__1.C, ligand 1.C...
  Skipping (exists) 7nbt__1__1.A_2.A__1.C 1.C
Running vina for 7nbw__1__1.A_2.A__1.B, ligand 1.B...
  Skipping (exists) 7nbw__1__1.A_2.A__1.B 1.B
Running vina for 7ngd__1__1.A__1.B, ligand 1.B...
  Skipping (exists) 7ngd__1__1.A__1.B 1.B
Running vina for 7ngg__1__2.A__2.B, ligand 2.B...
  Skipping (exists) 7ngg__1__2.A__2.B 2.B
Running vina for 7ngi__1__2.A__2.C, ligand 2.C...
  Skipping (exists) 7ngi__1__2.A__2.C 2.C
Running vina for 7ngj__1__1.A__1.B, ligand 1.B...
  Skipping (exists) 7ngj__1__1.A__1.B 1.B
Running vina for 7ngk__1__2.A__2.C, ligand 2.C...
  Skipping (exists) 7ngk__1__2.A__2.C 2.C
Running vina for 7ngm__1__2.A__2.B, ligand 2.B...
  Skipping (exists) 7ngm__1__2.A__2.B 2.B
Running vina for 7ngs__1__1.A__1.B, ligand 1.B...
  Skipping (exists) 7ngs__1__1.A__1.B 1.B
Running vina for 7ngw__1__2.A__2.B, ligand 2.B...
  Skipping (exists) 7ngw__1__2.A__2.B 2.B
Running vina for 7ngx__1__1.A__1.B, ligand 1.B...
  Skipping (exists) 7ngx__1__1.A__1.B 1.B
Running vina for 7ngy__1__2.A__2.B, ligand 2.B...
  Skipping (exists) 7ngy__1__2.A__2.B 2.B
Running vina for 7nlv__1__1.A_1.C__1.G, ligand 1.G...
  Skipping (exists) 7nlv__1__1.A_1.C__1.G 1.G
Running vina for 7nr5__1__1.A__1.F, ligand 1.F...
  Skipping (exists) 7nr5__1__1.A__1.F 1.F
Running vina for 7nr6__1__1.B__1.H, ligand 1.H...
  Skipping (exists) 7nr6__1__1.B__1.H 1.H
Running vina for 7nsn__1__1.A__1.J, ligand 1.J...
  Skipping (exists) 7nsn__1__1.A__1.J 1.J
Running vina for 7ntz__1__1.A__1.B, ligand 1.B...
  Skipping (exists) 7ntz__1__1.A__1.B 1.B
Running vina for 7nud__1__1.B__1.D, ligand 1.D...
  Skipping (exists) 7nud__1__1.B__1.D 1.D
Running vina for 7nue__1__1.A__1.C, ligand 1.C...
  Skipping (exists) 7nue__1__1.A__1.C 1.C
Running vina for 7nwa__1__1.A_1.B__1.E, ligand 1.E...
  Skipping (exists) 7nwa__1__1.A_1.B__1.E 1.E
Running vina for 7nwc__1__1.A_1.B__1.G, ligand 1.G...
  Skipping (exists) 7nwc__1__1.A_1.B__1.G 1.G
Running vina for 7nya__1__1.A_1.B__1.F, ligand 1.F...
  Skipping (exists) 7nya__1__1.A_1.B__1.F 1.F
Running vina for 7nzn__1__1.A_2.A__1.B, ligand 1.B...
  Skipping (exists) 7nzn__1__1.A_2.A__1.B 1.B
Running vina for 7nzy__1__1.A__1.E, ligand 1.E...
  Skipping (exists) 7nzy__1__1.A__1.E 1.E
Running vina for 7o1b__1__1.A__1.E, ligand 1.E...
  Skipping (exists) 7o1b__1__1.A__1.E 1.E
Running vina for 7o2t__1__1.A_2.A__1.B, ligand 1.B...
  Skipping (exists) 7o2t__1__1.A_2.A__1.B 1.B
Running vina for 7o46__1__1.A_2.A__1.B, ligand 1.B...
  Skipping (exists) 7o46__1__1.A_2.A__1.B 1.B
Running vina for 7o6x__1__1.A__1.E, ligand 1.E...
  Skipping (exists) 7o6x__1__1.A__1.E 1.E
Running vina for 7o7j__1__1.A__1.B, ligand 1.B...
  Skipping (exists) 7o7j__1__1.A__1.B 1.B
Running vina for 7o7k__1__1.A__1.E, ligand 1.E...
  Skipping (exists) 7o7k__1__1.A__1.E 1.E
Running vina for 7o9i__1__1.A__1.B, ligand 1.B...
  Skipping (exists) 7o9i__1__1.A__1.B 1.B
Running vina for 7ocs__1__1.D__1.BB, ligand 1.BB...
  Skipping (exists) 7ocs__1__1.D__1.BB 1.BB
Running vina for 7odn__1__1.A_1.B__1.J, ligand 1.J...
  Skipping (exists) 7odn__1__1.A_1.B__1.J 1.J
Running vina for 7oed__1__1.A__1.C, ligand 1.C...
  Skipping (exists) 7oed__1__1.A__1.C 1.C
Running vina for 7of8__1__1.A__1.B, ligand 1.B...
  Skipping (exists) 7of8__1__1.A__1.B 1.B
Running vina for 7oj6__1__1.A_1.C__1.Y, ligand 1.Y...
  Skipping (exists) 7oj6__1__1.A_1.C__1.Y 1.Y
Running vina for 7ojq__1__1.A_1.C__1.F, ligand 1.F...
  Skipping (exists) 7ojq__1__1.A_1.C__1.F 1.F
Running vina for 7ojw__1__1.A_1.C__1.F, ligand 1.F...
  Skipping (exists) 7ojw__1__1.A_1.C__1.F 1.F
Running vina for 7ojy__1__1.A_1.B__1.D, ligand 1.D...
  Skipping (exists) 7ojy__1__1.A_1.B__1.D 1.D
Running vina for 7ok1__1__1.A_1.B__1.D, ligand 1.D...
  Skipping (exists) 7ok1__1__1.A_1.B__1.D 1.D
Running vina for 7okc__1__1.A_2.A__2.B, ligand 2.B...
  Skipping (exists) 7okc__1__1.A_2.A__2.B 2.B
Running vina for 7oli__1__1.A__1.C, ligand 1.C...
  Skipping (exists) 7oli__1__1.A__1.C 1.C
Running vina for 7olj__1__1.A_1.B__1.E, ligand 1.E...
  Skipping (exists) 7olj__1__1.A_1.B__1.E 1.E
Running vina for 7om1__1__1.A_1.B__1.E, ligand 1.E...
  Skipping (exists) 7om1__1__1.A_1.B__1.E 1.E
Running vina for 7ome__1__1.A__1.B, ligand 1.B...
  Skipping (exists) 7ome__1__1.A__1.B 1.B
Running vina for 7omo__1__1.A__1.C, ligand 1.C...
  Skipping (exists) 7omo__1__1.A__1.C 1.C
Running vina for 7omr__1__1.A__1.B, ligand 1.B...
  Skipping (exists) 7omr__1__1.A__1.B 1.B
Running vina for 7onf__1__1.A_2.A__1.C, ligand 1.C...
  Skipping (exists) 7onf__1__1.A_2.A__1.C 1.C
Running vina for 7opm__1__1.A__1.D, ligand 1.D...
  Skipping (exists) 7opm__1__1.A__1.D 1.D
Running vina for 7osx__1__1.A__1.C, ligand 1.C...
  Skipping (exists) 7osx__1__1.A__1.C 1.C
Running vina for 7ou8__1__1.A__1.C, ligand 1.C...
  Skipping (exists) 7ou8__1__1.A__1.C 1.C
Running vina for 7oum__1__1.A__1.K, ligand 1.K...
  Skipping (exists) 7oum__1__1.A__1.K 1.K
Running vina for 7ouw__1__1.A__1.C, ligand 1.C...
  Skipping (exists) 7ouw__1__1.A__1.C 1.C
Running vina for 7ovd__1__1.A__1.B, ligand 1.B...
  Skipping (exists) 7ovd__1__1.A__1.B 1.B
Running vina for 7oy5__1__1.A__1.C, ligand 1.C...
  Skipping (exists) 7oy5__1__1.A__1.C 1.C
Running vina for 7p1f__1__1.A__1.C, ligand 1.C...
  Skipping (exists) 7p1f__1__1.A__1.C 1.C
Running vina for 7p1o__1__1.A__1.D, ligand 1.D...
  Skipping (exists) 7p1o__1__1.A__1.D 1.D
Running vina for 7p1s__1__1.A__1.E, ligand 1.E...
  Skipping (exists) 7p1s__1__1.A__1.E 1.E
Running vina for 7p3v__1__1.B__1.D, ligand 1.D...
  Skipping (exists) 7p3v__1__1.B__1.D 1.D
Running vina for 7p4v__1__1.A_3.A__1.B, ligand 1.B...
  Skipping (exists) 7p4v__1__1.A_3.A__1.B 1.B
Running vina for 7p5f__1__1.A__1.C, ligand 1.C...
  Skipping (exists) 7p5f__1__1.A__1.C 1.C
Running vina for 7p5i__1__1.A__1.D, ligand 1.D...
  Skipping (exists) 7p5i__1__1.A__1.D 1.D
Running vina for 7p5k__1__1.A__1.C, ligand 1.C...
  Skipping (exists) 7p5k__1__1.A__1.C 1.C
Running vina for 7p5n__1__1.A__1.C, ligand 1.C...
  Skipping (exists) 7p5n__1__1.A__1.C 1.C
Running vina for 7p5p__1__1.A__1.D, ligand 1.D...
  Skipping (exists) 7p5p__1__1.A__1.D 1.D
Running vina for 7pa1__1__1.A__1.D, ligand 1.D...
  Skipping (exists) 7pa1__1__1.A__1.D 1.D
Running vina for 7paw__1__1.B__1.C, ligand 1.C...
  Skipping (exists) 7paw__1__1.B__1.C 1.C
Running vina for 7pd6__1__1.A_1.B__1.K, ligand 1.K...
  Skipping (exists) 7pd6__1__1.A_1.B__1.K 1.K
Running vina for 7pdb__1__1.C_1.D__1.H, ligand 1.H...
  Skipping (exists) 7pdb__1__1.C_1.D__1.H 1.H
Running vina for 7pdr__1__1.A_1.E__1.I, ligand 1.I...
  Skipping (exists) 7pdr__1__1.A_1.E__1.I 1.I
Running vina for 7pdt__1__1.A__1.E, ligand 1.E...
  Skipping (exists) 7pdt__1__1.A__1.E 1.E
Running vina for 7pe5__1__1.D_1.E__1.I, ligand 1.I...
  Skipping (exists) 7pe5__1__1.D_1.E__1.I 1.I
Running vina for 7pe6__1__1.A_1.B__1.F, ligand 1.F...
  Skipping (exists) 7pe6__1__1.A_1.B__1.F 1.F
Running vina for 7pfm__1__1.A_1.B__1.C, ligand 1.C...
  Skipping (exists) 7pfm__1__1.A_1.B__1.C 1.C
Running vina for 7phe__1__1.A__1.C, ligand 1.C...
  Skipping (exists) 7phe__1__1.A__1.C 1.C
Running vina for 7pi1__1__1.A__1.F, ligand 1.F...
  Skipping (exists) 7pi1__1__1.A__1.F 1.F
Running vina for 7pj9__1__1.A__1.C, ligand 1.C...
  Skipping (exists) 7pj9__1__1.A__1.C 1.C
Running vina for 7pjk__1__1.A__1.E, ligand 1.E...
  Skipping (exists) 7pjk__1__1.A__1.E 1.E
Running vina for 7poo__1__1.A_1.B__1.G, ligand 1.G...
  Skipping (exists) 7poo__1__1.A_1.B__1.G 1.G
Running vina for 7pox__1__1.A__1.C, ligand 1.C...
  Skipping (exists) 7pox__1__1.A__1.C 1.C
Running vina for 7ppq__1__1.B__1.H, ligand 1.H...
  Skipping (exists) 7ppq__1__1.B__1.H 1.H
Running vina for 7pqs__1__1.A__1.C, ligand 1.C...
  Skipping (exists) 7pqs__1__1.A__1.C 1.C
Running vina for 7pqv__1__1.A__1.B, ligand 1.B...
  Skipping (exists) 7pqv__1__1.A__1.B 1.B
Running vina for 7pu8__1__1.A_1.B__1.H, ligand 1.H...
  Skipping (exists) 7pu8__1__1.A_1.B__1.H 1.H
Running vina for 7puc__1__1.C_1.D__1.I, ligand 1.I...
  Skipping (exists) 7puc__1__1.C_1.D__1.I 1.I
Running vina for 7puq__1__1.C_1.D__1.K, ligand 1.K...
  Skipping (exists) 7puq__1__1.C_1.D__1.K 1.K
Running vina for 7put__1__1.A__1.I, ligand 1.I...
  Skipping (exists) 7put__1__1.A__1.I 1.I
Running vina for 7pwd__1__1.A__1.D, ligand 1.D...
  Skipping (exists) 7pwd__1__1.A__1.D 1.D
Running vina for 7pwu__1__1.A__1.C, ligand 1.C...
  Skipping (exists) 7pwu__1__1.A__1.C 1.C
Running vina for 7pz1__1__1.A__1.D, ligand 1.D...
  Skipping (exists) 7pz1__1__1.A__1.D 1.D
Running vina for 7q2o__1__1.A_1.B__1.D, ligand 1.D...
  Skipping (exists) 7q2o__1__1.A_1.B__1.D 1.D
Running vina for 7q4f__1__1.A_1.C__1.J, ligand 1.J...
  Skipping (exists) 7q4f__1__1.A_1.C__1.J 1.J
Running vina for 7q6v__1__1.A__1.E, ligand 1.E...
  Skipping (exists) 7q6v__1__1.A__1.E 1.E
Running vina for 7q6w__1__1.A__1.E, ligand 1.E...
  Skipping (exists) 7q6w__1__1.A__1.E 1.E
Running vina for 7q7i__1__1.A__1.B, ligand 1.B...
  Skipping (exists) 7q7i__1__1.A__1.B 1.B
Running vina for 7q7k__1__1.A__1.B, ligand 1.B...
  Skipping (exists) 7q7k__1__1.A__1.B 1.B
Running vina for 7q7t__1__1.A_2.A__2.C, ligand 2.C...
  Skipping (exists) 7q7t__1__1.A_2.A__2.C 2.C
Running vina for 7q7v__1__1.A_2.A__2.B, ligand 2.B...
  Skipping (exists) 7q7v__1__1.A_2.A__2.B 2.B
Running vina for 7q8z__1__1.A__1.E, ligand 1.E...
  Skipping (exists) 7q8z__1__1.A__1.E 1.E
Running vina for 7q90__1__1.A__1.D, ligand 1.D...
  Skipping (exists) 7q90__1__1.A__1.D 1.D
Running vina for 7qa3__1__1.A__1.C, ligand 1.C...
  Skipping (exists) 7qa3__1__1.A__1.C 1.C
Running vina for 7qaa__1__1.B__1.D, ligand 1.D...
  Skipping (exists) 7qaa__1__1.B__1.D 1.D
Running vina for 7qdt__1__1.A__1.B, ligand 1.B...
  Skipping (exists) 7qdt__1__1.A__1.B 1.B
Running vina for 7qea__1__1.A__1.C, ligand 1.C...
  Skipping (exists) 7qea__1__1.A__1.C 1.C
Running vina for 7qei__1__1.A__1.B, ligand 1.B...
  Skipping (exists) 7qei__1__1.A__1.B 1.B
Running vina for 7qfe__1__1.A__1.D, ligand 1.D...
  Skipping (exists) 7qfe__1__1.A__1.D 1.D
Running vina for 7qg1__1__1.A__1.C, ligand 1.C...
  Skipping (exists) 7qg1__1__1.A__1.C 1.C
Running vina for 7qg3__1__1.A__1.C, ligand 1.C...
  Skipping (exists) 7qg3__1__1.A__1.C 1.C
Running vina for 7qg5__1__1.A__1.C, ligand 1.C...
  Skipping (exists) 7qg5__1__1.A__1.C 1.C
Running vina for 7qgt__1__1.B__1.F, ligand 1.F...
  Skipping (exists) 7qgt__1__1.B__1.F 1.F
Running vina for 7qhe__1__1.A__1.I, ligand 1.I...
  Skipping (exists) 7qhe__1__1.A__1.I 1.I
Running vina for 7qhl__1__1.A__1.E, ligand 1.E...
  Skipping (exists) 7qhl__1__1.A__1.E 1.E
Running vina for 7qhz__1__1.A__1.B, ligand 1.B...
  Skipping (exists) 7qhz__1__1.A__1.B 1.B
Running vina for 7qi0__1__1.A__1.C, ligand 1.C...
  Skipping (exists) 7qi0__1__1.A__1.C 1.C
Running vina for 7qnn__1__1.A__1.C, ligand 1.C...
  Skipping (exists) 7qnn__1__1.A__1.C 1.C
Running vina for 7qrb__1__1.A__1.G, ligand 1.G...
  Skipping (exists) 7qrb__1__1.A__1.G 1.G
Running vina for 7qrc__1__1.A__1.D, ligand 1.D...
  Skipping (exists) 7qrc__1__1.A__1.D 1.D
Running vina for 7qt2__1__1.A_1.B__1.E, ligand 1.E...
  Skipping (exists) 7qt2__1__1.A_1.B__1.E 1.E
Running vina for 7qt6__1__1.A__1.B, ligand 1.B...
  Skipping (exists) 7qt6__1__1.A__1.B 1.B
Running vina for 7qty__1__1.A__1.C, ligand 1.C...
  Skipping (exists) 7qty__1__1.A__1.C 1.C
Running vina for 7qy9__1__1.A__1.C, ligand 1.C...
  Skipping (exists) 7qy9__1__1.A__1.C 1.C
Running vina for 7qyn__1__1.B__1.O, ligand 1.O...
  Skipping (exists) 7qyn__1__1.B__1.O 1.O
Running vina for 7r02__1__1.B__1.L, ligand 1.L...
  Skipping (exists) 7r02__1__1.B__1.L 1.L
Running vina for 7r0a__1__1.A__1.C, ligand 1.C...
  Skipping (exists) 7r0a__1__1.A__1.C 1.C
Running vina for 7r26__1__1.A__1.B, ligand 1.B...
  Skipping (exists) 7r26__1__1.A__1.B 1.B
Running vina for 7r4a__1__1.A__1.C, ligand 1.C...
  Skipping (exists) 7r4a__1__1.A__1.C 1.C
Running vina for 7r5d__1__1.A__1.C, ligand 1.C...
  Skipping (exists) 7r5d__1__1.A__1.C 1.C
Running vina for 7r6g__1__1.A__1.C, ligand 1.C...
  Skipping (exists) 7r6g__1__1.A__1.C 1.C
Running vina for 7r7l__1__1.A__1.C, ligand 1.C...
  Skipping (exists) 7r7l__1__1.A__1.C 1.C
Running vina for 7r7r__1__1.A__1.B, ligand 1.B...
  Skipping (exists) 7r7r__1__1.A__1.B 1.B
Running vina for 7r9n__1__1.B__1.E, ligand 1.E...
  Skipping (exists) 7r9n__1__1.B__1.E 1.E
Running vina for 7r9p__1__1.A__1.C, ligand 1.C...
  Skipping (exists) 7r9p__1__1.A__1.C 1.C
Running vina for 7r9t__1__1.A__1.C, ligand 1.C...
  Skipping (exists) 7r9t__1__1.A__1.C 1.C
Running vina for 7rae__1__1.A__1.C, ligand 1.C...
  Skipping (exists) 7rae__1__1.A__1.C 1.C
Running vina for 7raf__1__1.A__1.C, ligand 1.C...
  Skipping (exists) 7raf__1__1.A__1.C 1.C
Running vina for 7rbw__1__1.A__1.C, ligand 1.C...
  Skipping (exists) 7rbw__1__1.A__1.C 1.C
Running vina for 7rc9__1__1.A_1.B__1.X, ligand 1.X...
  Skipping (exists) 7rc9__1__1.A_1.B__1.X 1.X
Running vina for 7rdp__1__1.A__1.B, ligand 1.B...
  Skipping (exists) 7rdp__1__1.A__1.B 1.B
Running vina for 7rf9__1__1.A_1.B__1.G, ligand 1.G...
  Skipping (exists) 7rf9__1__1.A_1.B__1.G 1.G
Running vina for 7rh1__1__1.A__1.D, ligand 1.D...
  Skipping (exists) 7rh1__1__1.A__1.D 1.D
Running vina for 7rh3__1__1.A__1.C, ligand 1.C...
  Skipping (exists) 7rh3__1__1.A__1.C 1.C
Running vina for 7rh4__1__1.A__1.C, ligand 1.C...
  Skipping (exists) 7rh4__1__1.A__1.C 1.C
Running vina for 7rke__1__1.A__1.E, ligand 1.E...
  Skipping (exists) 7rke__1__1.A__1.E 1.E
Running vina for 7rl2__1__1.A__1.C, ligand 1.C...
  Skipping (exists) 7rl2__1__1.A__1.C 1.C
Running vina for 7rls__1__1.A_2.A__2.B, ligand 2.B...
  Skipping (exists) 7rls__1__1.A_2.A__2.B 2.B
Running vina for 7rmb__1__1.A_2.A__2.B, ligand 2.B...
  Skipping (exists) 7rmb__1__1.A_2.A__2.B 2.B
Running vina for 7rmw__1__1.A__1.G, ligand 1.G...
  Skipping (exists) 7rmw__1__1.A__1.G 1.G
Running vina for 7rn4__1__1.A_2.A__2.B, ligand 2.B...
  Skipping (exists) 7rn4__1__1.A_2.A__2.B 2.B
Running vina for 7rnk__1__1.A_2.A__2.B, ligand 2.B...
  Skipping (exists) 7rnk__1__1.A_2.A__2.B 2.B
Running vina for 7rnm__1__1.B__1.F, ligand 1.F...
  Skipping (exists) 7rnm__1__1.B__1.F 1.F
Running vina for 7rnp__1__1.A__1.E, ligand 1.E...
  Skipping (exists) 7rnp__1__1.A__1.E 1.E
Running vina for 7rof__1__1.A__1.E, ligand 1.E...
  Skipping (exists) 7rof__1__1.A__1.E 1.E
Running vina for 7ros__1__1.A__1.C, ligand 1.C...
  Skipping (exists) 7ros__1__1.A__1.C 1.C
Running vina for 7rq0__1__1.A_1.B__1.L, ligand 1.L...
  Skipping (exists) 7rq0__1__1.A_1.B__1.L 1.L
Running vina for 7rrb__1__1.A__1.C, ligand 1.C...
  Skipping (exists) 7rrb__1__1.A__1.C 1.C
Running vina for 7rrc__1__1.A__1.C, ligand 1.C...
  Skipping (exists) 7rrc__1__1.A__1.C 1.C
Running vina for 7rwe__1__1.A__1.B, ligand 1.B...
  Skipping (exists) 7rwe__1__1.A__1.B 1.B
Running vina for 7rwf__1__1.A__1.C, ligand 1.C...
  Skipping (exists) 7rwf__1__1.A__1.C 1.C
Running vina for 7rxo__1__1.A__1.C, ligand 1.C...
  Skipping (exists) 7rxo__1__1.A__1.C 1.C
Running vina for 7s1c__1__1.A__1.C, ligand 1.C...
  Skipping (exists) 7s1c__1__1.A__1.C 1.C
Running vina for 7s1d__1__1.A__1.C, ligand 1.C...
  Skipping (exists) 7s1d__1__1.A__1.C 1.C
Running vina for 7s6u__1__1.A__1.B, ligand 1.B...
  Skipping (exists) 7s6u__1__1.A__1.B 1.B
Running vina for 7s6v__1__1.A__1.B, ligand 1.B...
  Skipping (exists) 7s6v__1__1.A__1.B 1.B
Running vina for 7s7t__1__1.A__1.B, ligand 1.B...
  Skipping (exists) 7s7t__1__1.A__1.B 1.B
Running vina for 7s7x__1__1.A__1.D, ligand 1.D...
  Skipping (exists) 7s7x__1__1.A__1.D 1.D
Running vina for 7s84__1__1.A__1.B, ligand 1.B...
  Skipping (exists) 7s84__1__1.A__1.B 1.B
Running vina for 7sa0__1__1.A__1.F, ligand 1.F...
  Skipping (exists) 7sa0__1__1.A__1.F 1.F
Running vina for 7scr__1__1.E__1.K, ligand 1.K...
  Skipping (exists) 7scr__1__1.E__1.K 1.K
Running vina for 7sdd__1__2.A__2.B, ligand 2.B...
  Skipping (exists) 7sdd__1__2.A__2.B 2.B
Running vina for 7sdr__1__1.A__1.D, ligand 1.D...
  Skipping (exists) 7sdr__1__1.A__1.D 1.D
Running vina for 7sel__1__1.A__1.C, ligand 1.C...
  Skipping (exists) 7sel__1__1.A__1.C 1.C
Running vina for 7sez__1__1.A__1.B, ligand 1.B...
  Skipping (exists) 7sez__1__1.A__1.B 1.B
Running vina for 7sfo__1__1.A__1.E, ligand 1.E...
  Skipping (exists) 7sfo__1__1.A__1.E 1.E
Running vina for 7shh__1__1.A__1.E, ligand 1.E...
  Skipping (exists) 7shh__1__1.A__1.E 1.E
Running vina for 7si4__1__1.A__1.B, ligand 1.B...
  Skipping (exists) 7si4__1__1.A__1.B 1.B
Running vina for 7si5__1__1.A__1.D, ligand 1.D...
  Skipping (exists) 7si5__1__1.A__1.D 1.D
Running vina for 7sia__1__1.A_1.B__1.C, ligand 1.C...
  Skipping (exists) 7sia__1__1.A_1.B__1.C 1.C
Running vina for 7siu__1__1.A__1.C, ligand 1.C...
  Skipping (exists) 7siu__1__1.A__1.C 1.C
Running vina for 7slr__1__1.A_1.B__1.C, ligand 1.C...
  Skipping (exists) 7slr__1__1.A_1.B__1.C 1.C
Running vina for 7sls__1__1.A_1.B__1.C, ligand 1.C...
  Skipping (exists) 7sls__1__1.A_1.B__1.C 1.C
Running vina for 7slz__1__1.A__1.B, ligand 1.B...
  Skipping (exists) 7slz__1__1.A__1.B 1.B
Running vina for 7snz__1__1.A_1.B__1.C, ligand 1.C...
  Skipping (exists) 7snz__1__1.A_1.B__1.C 1.C
Running vina for 7so1__1__1.A_1.B__1.C, ligand 1.C...
  Skipping (exists) 7so1__1__1.A_1.B__1.C 1.C
Running vina for 7sok__1__1.A__1.E, ligand 1.E...
  Skipping (exists) 7sok__1__1.A__1.E 1.E
Running vina for 7sqe__1__1.A__1.D, ligand 1.D...
  Skipping (exists) 7sqe__1__1.A__1.D 1.D
Running vina for 7sqm__1__1.A__1.B, ligand 1.B...
  Skipping (exists) 7sqm__1__1.A__1.B 1.B
Running vina for 7sxg__1__1.A__1.C, ligand 1.C...
  Skipping (exists) 7sxg__1__1.A__1.C 1.C
Running vina for 7sxj__1__1.A__1.C, ligand 1.C...
  Skipping (exists) 7sxj__1__1.A__1.C 1.C
Running vina for 7sz3__1__1.B__1.I, ligand 1.I...
  Skipping (exists) 7sz3__1__1.B__1.I 1.I
Running vina for 7sza__1__1.A__1.E, ligand 1.E...
  Skipping (exists) 7sza__1__1.A__1.E 1.E
Running vina for 7szb__1__1.A__1.E, ligand 1.E...
  Skipping (exists) 7szb__1__1.A__1.E 1.E
Running vina for 7szc__1__1.A__1.F, ligand 1.F...
  Skipping (exists) 7szc__1__1.A__1.F 1.F
Running vina for 7szr__1__1.A__1.G, ligand 1.G...
  Skipping (exists) 7szr__1__1.A__1.G 1.G
Running vina for 7t0c__1__1.A_1.B__1.VA, ligand 1.VA...
  Skipping (exists) 7t0c__1__1.A_1.B__1.VA 1.VA
Running vina for 7t0f__1__1.A_1.B__1.C, ligand 1.C...
  Skipping (exists) 7t0f__1__1.A_1.B__1.C 1.C
Running vina for 7t39__1__1.A__1.B, ligand 1.B...
  Skipping (exists) 7t39__1__1.A__1.B 1.B
Running vina for 7t5k__1__1.A__1.D, ligand 1.D...
  Skipping (exists) 7t5k__1__1.A__1.D 1.D
Running vina for 7t5x__1__1.A_1.C__1.I, ligand 1.I...
  Skipping (exists) 7t5x__1__1.A_1.C__1.I 1.I
Running vina for 7t5y__1__1.B__1.G, ligand 1.G...
  Skipping (exists) 7t5y__1__1.B__1.G 1.G
Running vina for 7t5z__1__1.A_1.C__1.I, ligand 1.I...
  Skipping (exists) 7t5z__1__1.A_1.C__1.I 1.I
Running vina for 7t60__1__1.B_1.C__1.M, ligand 1.M...
  Skipping (exists) 7t60__1__1.B_1.C__1.M 1.M
Running vina for 7t61__1__1.B_1.C__1.L, ligand 1.L...
  Skipping (exists) 7t61__1__1.B_1.C__1.L 1.L
Running vina for 7t6c__1__1.A__1.E, ligand 1.E...
  Skipping (exists) 7t6c__1__1.A__1.E 1.E
Running vina for 7t7m__1__1.A__1.I, ligand 1.I...
  Skipping (exists) 7t7m__1__1.A__1.I 1.I
Running vina for 7t9r__1__1.A__1.F, ligand 1.F...
  Skipping (exists) 7t9r__1__1.A__1.F 1.F
Running vina for 7tab__1__1.A__1.B, ligand 1.B...
  Skipping (exists) 7tab__1__1.A__1.B 1.B
Running vina for 7taz__1__1.A__1.C, ligand 1.C...
  Skipping (exists) 7taz__1__1.A__1.C 1.C
Running vina for 7tbd__1__1.A__1.E, ligand 1.E...
  Skipping (exists) 7tbd__1__1.A__1.E 1.E
Running vina for 7tbu__1__1.A__1.D, ligand 1.D...
  Skipping (exists) 7tbu__1__1.A__1.D 1.D
Running vina for 7te8__1__1.A_1.B__1.E, ligand 1.E...
  Skipping (exists) 7te8__1__1.A_1.B__1.E 1.E
Running vina for 7tev__1__1.A_2.A__2.D, ligand 2.D...
  Skipping (exists) 7tev__1__1.A_2.A__2.D 2.D
Running vina for 7tjo__1__1.A__1.E, ligand 1.E...
  Skipping (exists) 7tjo__1__1.A__1.E 1.E
Running vina for 7tt8__1__1.A__1.C, ligand 1.C...
  Skipping (exists) 7tt8__1__1.A__1.C 1.C
Running vina for 7tuo__1__1.A__1.B, ligand 1.B...
  Skipping (exists) 7tuo__1__1.A__1.B 1.B
Running vina for 7twu__1__1.B__1.N, ligand 1.N...
  Skipping (exists) 7twu__1__1.B__1.N 1.N
Running vina for 7txk__1__1.A__1.C, ligand 1.C...
  Skipping (exists) 7txk__1__1.A__1.C 1.C
Running vina for 7txp__1__1.A_2.A__2.B, ligand 2.B...
  Skipping (exists) 7txp__1__1.A_2.A__2.B 2.B
Running vina for 7tz7__1__1.A__1.C, ligand 1.C...
  Skipping (exists) 7tz7__1__1.A__1.C 1.C
Running vina for 7tzb__1__1.A__1.C, ligand 1.C...
  Skipping (exists) 7tzb__1__1.A__1.C 1.C
Running vina for 7u0t__1__1.A_1.B__1.H, ligand 1.H...
  Skipping (exists) 7u0t__1__1.A_1.B__1.H 1.H
Running vina for 7u1m__1__1.A__1.D, ligand 1.D...
  Skipping (exists) 7u1m__1__1.A__1.D 1.D
Running vina for 7u2z__1__1.A__1.C, ligand 1.C...
  Skipping (exists) 7u2z__1__1.A__1.C 1.C
Running vina for 7u30__1__1.A__1.I, ligand 1.I...
  Skipping (exists) 7u30__1__1.A__1.I 1.I
Running vina for 7u31__1__1.A__1.D, ligand 1.D...
  Skipping (exists) 7u31__1__1.A__1.D 1.D
Running vina for 7u4g__1__4.A__4.E, ligand 4.E...
  Skipping (exists) 7u4g__1__4.A__4.E 4.E
Running vina for 7u4o__1__1.A__1.G, ligand 1.G...
  Skipping (exists) 7u4o__1__1.A__1.G 1.G
Running vina for 7u5z__1__1.A_1.B__1.C, ligand 1.C...
  Skipping (exists) 7u5z__1__1.A_1.B__1.C 1.C
Running vina for 7u64__1__1.A_1.B__1.S, ligand 1.S...
  Skipping (exists) 7u64__1__1.A_1.B__1.S 1.S
Running vina for 7u70__1__1.A__1.C, ligand 1.C...
  Skipping (exists) 7u70__1__1.A__1.C 1.C
Running vina for 7u8v__1__1.A__1.C, ligand 1.C...
  Skipping (exists) 7u8v__1__1.A__1.C 1.C
Running vina for 7u8w__1__1.A__1.C, ligand 1.C...
  Skipping (exists) 7u8w__1__1.A__1.C 1.C
Running vina for 7u8x__1__1.A__1.B, ligand 1.B...
  Skipping (exists) 7u8x__1__1.A__1.B 1.B
Running vina for 7u98__1__1.A__1.E, ligand 1.E...
  Skipping (exists) 7u98__1__1.A__1.E 1.E
Running vina for 7u99__1__1.A__1.B, ligand 1.B...
  Skipping (exists) 7u99__1__1.A__1.B 1.B
Running vina for 7u9a__1__1.A__1.B, ligand 1.B...
  Skipping (exists) 7u9a__1__1.A__1.B 1.B
Running vina for 7uad__1__1.A__1.B, ligand 1.B...
  Skipping (exists) 7uad__1__1.A__1.B 1.B
Running vina for 7uas__1__1.A__1.C, ligand 1.C...
  Skipping (exists) 7uas__1__1.A__1.C 1.C
Running vina for 7uaw__1__1.A_1.B__1.C, ligand 1.C...
  Skipping (exists) 7uaw__1__1.A_1.B__1.C 1.C
Running vina for 7ubo__1__1.A__1.E, ligand 1.E...
  Skipping (exists) 7ubo__1__1.A__1.E 1.E
Running vina for 7udq__1__1.A__1.C, ligand 1.C...
  Skipping (exists) 7udq__1__1.A__1.C 1.C
Running vina for 7ue4__1__1.A_2.A__2.F, ligand 2.F...
  Skipping (exists) 7ue4__1__1.A_2.A__2.F 2.F
Running vina for 7ue8__1__1.A_2.A__2.D, ligand 2.D...
  Skipping (exists) 7ue8__1__1.A_2.A__2.D 2.D
Running vina for 7ueo__1__1.A_2.A__2.D, ligand 2.D...
  Skipping (exists) 7ueo__1__1.A_2.A__2.D 2.D
Running vina for 7ueu__1__1.A_2.A__2.B, ligand 2.B...
  Skipping (exists) 7ueu__1__1.A_2.A__2.B 2.B
Running vina for 7uf0__1__1.A_2.A__1.B, ligand 1.B...
  Skipping (exists) 7uf0__1__1.A_2.A__1.B 1.B
Running vina for 7ug5__1__1.A__1.E, ligand 1.E...
  Skipping (exists) 7ug5__1__1.A__1.E 1.E
Running vina for 7ugb__1__1.A__1.C, ligand 1.C...
  Skipping (exists) 7ugb__1__1.A__1.C 1.C
Running vina for 7ugl__1__1.A__1.C, ligand 1.C...
  Skipping (exists) 7ugl__1__1.A__1.C 1.C
Running vina for 7ugl__1__1.A__1.D, ligand 1.D...
  Skipping (exists) 7ugl__1__1.A__1.D 1.D
Running vina for 7uj7__1__1.A__1.E, ligand 1.E...
  Skipping (exists) 7uj7__1__1.A__1.E 1.E
Running vina for 7uj8__1__1.A__1.C, ligand 1.C...
  Skipping (exists) 7uj8__1__1.A__1.C 1.C
Running vina for 7ujc__1__1.B__1.D, ligand 1.D...
  Skipping (exists) 7ujc__1__1.B__1.D 1.D
Running vina for 7ujf__1__1.A__1.E, ligand 1.E...
  Skipping (exists) 7ujf__1__1.A__1.E 1.E
Running vina for 7ujh__1__1.A_1.B__1.D, ligand 1.D...
  Skipping (exists) 7ujh__1__1.A_1.B__1.D 1.D
Running vina for 7ujo__1__1.D__1.H, ligand 1.H...
  Skipping (exists) 7ujo__1__1.D__1.H 1.H
Running vina for 7ujy__1__1.B__1.F, ligand 1.F...
  Skipping (exists) 7ujy__1__1.B__1.F 1.F
Running vina for 7ukr__1__1.A__1.C, ligand 1.C...
  Skipping (exists) 7ukr__1__1.A__1.C 1.C
Running vina for 7um4__1__1.A__1.I, ligand 1.I...
  Skipping (exists) 7um4__1__1.A__1.I 1.I
Running vina for 7un0__1__1.A__1.G, ligand 1.G...
  Skipping (exists) 7un0__1__1.A__1.G 1.G
Running vina for 7ur3__1__1.A__1.B, ligand 1.B...
  Skipping (exists) 7ur3__1__1.A__1.B 1.B
Running vina for 7ur9__1__1.A_1.B__1.D, ligand 1.D...
  Skipping (exists) 7ur9__1__1.A_1.B__1.D 1.D
Running vina for 7usg__1__1.A__1.B, ligand 1.B...
  Skipping (exists) 7usg__1__1.A__1.B 1.B
Running vina for 7ush__1__1.A__1.B, ligand 1.B...
  Skipping (exists) 7ush__1__1.A__1.B 1.B
Running vina for 7usi__1__1.A__1.G, ligand 1.G...
  Skipping (exists) 7usi__1__1.A__1.G 1.G
Running vina for 7ut5__1__1.A__1.C, ligand 1.C...
  Skipping (exists) 7ut5__1__1.A__1.C 1.C
Running vina for 7uw2__1__1.A__1.C, ligand 1.C...
  Skipping (exists) 7uw2__1__1.A__1.C 1.C
Running vina for 7uw4__1__1.A__1.C, ligand 1.C...
  Skipping (exists) 7uw4__1__1.A__1.C 1.C
Running vina for 7uy0__1__1.A__1.E, ligand 1.E...
  Skipping (exists) 7uy0__1__1.A__1.E 1.E
Running vina for 7v13__1__1.A__1.C, ligand 1.C...
  Skipping (exists) 7v13__1__1.A__1.C 1.C
Running vina for 7v16__1__1.A__1.C, ligand 1.C...
  Skipping (exists) 7v16__1__1.A__1.C 1.C
Running vina for 7v17__1__1.A__1.C, ligand 1.C...
  Skipping (exists) 7v17__1__1.A__1.C 1.C
Running vina for 7v18__1__1.A__1.C, ligand 1.C...
  Skipping (exists) 7v18__1__1.A__1.C 1.C
Running vina for 7v1o__1__1.A__1.D, ligand 1.D...
  Skipping (exists) 7v1o__1__1.A__1.D 1.D
Running vina for 7v3d__1__1.A_1.B__1.F, ligand 1.F...
  Skipping (exists) 7v3d__1__1.A_1.B__1.F 1.F
Running vina for 7v3s__1__1.A__1.B, ligand 1.B...
  Skipping (exists) 7v3s__1__1.A__1.B 1.B
Running vina for 7v62__1__1.C__1.M, ligand 1.M...
  Skipping (exists) 7v62__1__1.C__1.M 1.M
Running vina for 7vbt__1__1.B__1.D, ligand 1.D...
  Skipping (exists) 7vbt__1__1.B__1.D 1.D
Running vina for 7vbv__1__1.B__1.N, ligand 1.N...
  Skipping (exists) 7vbv__1__1.B__1.N 1.N
Running vina for 7vdq__1__1.A__1.E, ligand 1.E...
  Skipping (exists) 7vdq__1__1.A__1.E 1.E
Running vina for 7vds__1__1.A__1.E, ligand 1.E...
  Skipping (exists) 7vds__1__1.A__1.E 1.E
Running vina for 7vez__1__1.A_1.D__1.E, ligand 1.E...
  Skipping (exists) 7vez__1__1.A_1.D__1.E 1.E
Running vina for 7vhy__1__1.A__1.F, ligand 1.F...
  Skipping (exists) 7vhy__1__1.A__1.F 1.F
Running vina for 7vhz__1__1.A__1.F, ligand 1.F...
  Skipping (exists) 7vhz__1__1.A__1.F 1.F
Running vina for 7vi0__1__1.A__1.F, ligand 1.F...
  Skipping (exists) 7vi0__1__1.A__1.F 1.F
Running vina for 7vi7__1__1.A__1.C, ligand 1.C...
  Skipping (exists) 7vi7__1__1.A__1.C 1.C
Running vina for 7vjt__1__1.A__1.C, ligand 1.C...
  Skipping (exists) 7vjt__1__1.A__1.C 1.C
Running vina for 7vkg__1__1.A__1.B, ligand 1.B...
  Skipping (exists) 7vkg__1__1.A__1.B 1.B
Running vina for 7vkh__1__1.A__1.C, ligand 1.C...
  Skipping (exists) 7vkh__1__1.A__1.C 1.C
Running vina for 7vl0__1__1.A__1.C, ligand 1.C...
  Skipping (exists) 7vl0__1__1.A__1.C 1.C
Running vina for 7vl2__1__1.A__1.C, ligand 1.C...
  Skipping (exists) 7vl2__1__1.A__1.C 1.C
Running vina for 7vl3__1__1.A__1.C, ligand 1.C...
  Skipping (exists) 7vl3__1__1.A__1.C 1.C
Running vina for 7vl6__1__1.A__1.C, ligand 1.C...
  Skipping (exists) 7vl6__1__1.A__1.C 1.C
Running vina for 7vl7__1__1.A__1.C, ligand 1.C...
  Skipping (exists) 7vl7__1__1.A__1.C 1.C
Running vina for 7vm7__1__1.A__1.B, ligand 1.B...
  Skipping (exists) 7vm7__1__1.A__1.B 1.B
Running vina for 7vnh__1__1.A__1.C, ligand 1.C...
  Skipping (exists) 7vnh__1__1.A__1.C 1.C
Running vina for 7vns__1__1.A_2.A__2.C, ligand 2.C...
  Skipping (exists) 7vns__1__1.A_2.A__2.C 2.C
Running vina for 7vo5__1__1.A__1.B, ligand 1.B...
  Skipping (exists) 7vo5__1__1.A__1.B 1.B
Running vina for 7vpe__1__1.A__1.B, ligand 1.B...
  Skipping (exists) 7vpe__1__1.A__1.B 1.B
Running vina for 7vpr__1__1.B__1.F, ligand 1.F...
  Skipping (exists) 7vpr__1__1.B__1.F 1.F
Running vina for 7vpu__1__1.A__1.E, ligand 1.E...
  Skipping (exists) 7vpu__1__1.A__1.E 1.E
Running vina for 7vqp__1__1.A__1.C, ligand 1.C...
  Skipping (exists) 7vqp__1__1.A__1.C 1.C
Running vina for 7vre__1__1.A__1.B, ligand 1.B...
  Skipping (exists) 7vre__1__1.A__1.B 1.B
Running vina for 7vrh__1__1.A__1.D, ligand 1.D...
  Skipping (exists) 7vrh__1__1.A__1.D 1.D
Running vina for 7vsl__1__1.A__1.D, ligand 1.D...
  Skipping (exists) 7vsl__1__1.A__1.D 1.D
Running vina for 7vte__1__1.A__1.F, ligand 1.F...
  Skipping (exists) 7vte__1__1.A__1.F 1.F
Running vina for 7vtf__1__1.A_1.B__1.F, ligand 1.F...
  Skipping (exists) 7vtf__1__1.A_1.B__1.F 1.F
Running vina for 7vtg__1__1.A__1.E, ligand 1.E...
  Skipping (exists) 7vtg__1__1.A__1.E 1.E
Running vina for 7vvt__1__1.A__1.C, ligand 1.C...
  Skipping (exists) 7vvt__1__1.A__1.C 1.C
Running vina for 7vwe__1__1.A__1.D, ligand 1.D...
  Skipping (exists) 7vwe__1__1.A__1.D 1.D
Running vina for 7vwg__1__1.A__1.D, ligand 1.D...
  Skipping (exists) 7vwg__1__1.A__1.D 1.D
Running vina for 7vwh__1__1.B__1.F, ligand 1.F...
  Skipping (exists) 7vwh__1__1.B__1.F 1.F
Running vina for 7vwt__1__1.B__1.H, ligand 1.H...
  Skipping (exists) 7vwt__1__1.B__1.H 1.H
Running vina for 7w0g__1__1.B__1.D, ligand 1.D...
  Skipping (exists) 7w0g__1__1.B__1.D 1.D
Running vina for 7w1i__1__1.A__1.B, ligand 1.B...
  Skipping (exists) 7w1i__1__1.A__1.B 1.B
Running vina for 7w2d__1__1.B__1.R, ligand 1.R...
  Skipping (exists) 7w2d__1__1.B__1.R 1.R
Running vina for 7w2f__1__1.A__1.M, ligand 1.M...
  Skipping (exists) 7w2f__1__1.A__1.M 1.M
Running vina for 7w3p__1__1.A__1.C, ligand 1.C...
  Skipping (exists) 7w3p__1__1.A__1.C 1.C
Running vina for 7w3s__1__1.B_1.D__1.F, ligand 1.F...
  Skipping (log exists) 7w3s__1__1.B_1.D__1.F 1.F
Running vina for 7w41__1__1.A__1.B, ligand 1.B...
  Skipping (exists) 7w41__1__1.A__1.B 1.B
Running vina for 7w4y__1__1.A__1.E, ligand 1.E...
  Skipping (exists) 7w4y__1__1.A__1.E 1.E
Running vina for 7w6f__1__1.A_1.B__1.C, ligand 1.C...
  Skipping (exists) 7w6f__1__1.A_1.B__1.C 1.C
Running vina for 7wbs__1__1.A_1.B__1.D, ligand 1.D...
  Skipping (exists) 7wbs__1__1.A_1.B__1.D 1.D
Running vina for 7wc6__1__1.A__1.F, ligand 1.F...
  Skipping (exists) 7wc6__1__1.A__1.F 1.F
Running vina for 7wc7__1__1.A__1.M, ligand 1.M...
  Skipping (exists) 7wc7__1__1.A__1.M 1.M
Running vina for 7wc8__1__1.A__1.H, ligand 1.H...
  Skipping (exists) 7wc8__1__1.A__1.H 1.H
Running vina for 7wcl__1__1.A__1.C, ligand 1.C...
  Skipping (exists) 7wcl__1__1.A__1.C 1.C
Running vina for 7wdt__1__1.A__1.B, ligand 1.B...
  Skipping (exists) 7wdt__1__1.A__1.B 1.B
Running vina for 7wdt__1__1.A__1.C, ligand 1.C...
  Skipping (exists) 7wdt__1__1.A__1.C 1.C
Running vina for 7wdu__1__1.A__1.C, ligand 1.C...
  Skipping (exists) 7wdu__1__1.A__1.C 1.C
Running vina for 7wew__1__1.A__1.K, ligand 1.K...
  Skipping (exists) 7wew__1__1.A__1.K 1.K
Running vina for 7wf5__1__1.A__1.C, ligand 1.C...
  Skipping (exists) 7wf5__1__1.A__1.C 1.C
Running vina for 7wgl__1__1.A__1.D, ligand 1.D...
  Skipping (exists) 7wgl__1__1.A__1.D 1.D
Running vina for 7wgn__1__1.A__1.B, ligand 1.B...
  Skipping (exists) 7wgn__1__1.A__1.B 1.B
Running vina for 7wgo__1__1.A__1.C, ligand 1.C...
  Skipping (exists) 7wgo__1__1.A__1.C 1.C
Running vina for 7wgq__1__1.A__1.C, ligand 1.C...
  Skipping (exists) 7wgq__1__1.A__1.C 1.C
Running vina for 7wlw__1__1.A__1.I, ligand 1.I...
  Skipping (exists) 7wlw__1__1.A__1.I 1.I
Running vina for 7wlx__1__1.A__1.C, ligand 1.C...
  Skipping (exists) 7wlx__1__1.A__1.C 1.C
Running vina for 7wmh__1__1.A__1.C, ligand 1.C...
  Skipping (exists) 7wmh__1__1.A__1.C 1.C
Running vina for 7wmj__1__1.A__1.C, ligand 1.C...
  Skipping (exists) 7wmj__1__1.A__1.C 1.C
Running vina for 7wmo__1__1.A__1.C, ligand 1.C...
  Skipping (exists) 7wmo__1__1.A__1.C 1.C
Running vina for 7wqq__1__1.A__1.C, ligand 1.C...
  Skipping (exists) 7wqq__1__1.A__1.C 1.C
Running vina for 7wux__1__1.A_1.D__1.J, ligand 1.J...
  Skipping (exists) 7wux__1__1.A_1.D__1.J 1.J
Running vina for 7x11__1__1.D__1.P, ligand 1.P...
  Skipping (exists) 7x11__1__1.D__1.P 1.P
Running vina for 7x4u__1__1.A__1.B, ligand 1.B...
  Skipping (exists) 7x4u__1__1.A__1.B 1.B
Running vina for 7x7x__1__1.A__1.C, ligand 1.C...
  Skipping (exists) 7x7x__1__1.A__1.C 1.C
Running vina for 7x81__1__1.A_1.B__1.D, ligand 1.D...
  Skipping (exists) 7x81__1__1.A_1.B__1.D 1.D
Running vina for 7x86__1__1.A_1.C__1.G, ligand 1.G...
  Skipping (exists) 7x86__1__1.A_1.C__1.G 1.G
Running vina for 7x9d__1__1.A__1.E, ligand 1.E...
  Skipping (exists) 7x9d__1__1.A__1.E 1.E
Running vina for 7xbv__1__1.A__1.B, ligand 1.B...
  Skipping (exists) 7xbv__1__1.A__1.B 1.B
Running vina for 7xef__1__1.A__1.E, ligand 1.E...
  Skipping (exists) 7xef__1__1.A__1.E 1.E
Running vina for 7xej__1__1.A_2.A__1.B, ligand 1.B...
  Skipping (exists) 7xej__1__1.A_2.A__1.B 1.B
Running vina for 7xek__1__1.A_2.A__1.B, ligand 1.B...
  Skipping (exists) 7xek__1__1.A_2.A__1.B 1.B
Running vina for 7xen__1__1.A_2.A__2.B, ligand 2.B...
  Skipping (exists) 7xen__1__1.A_2.A__2.B 2.B
Running vina for 7xep__1__1.A_2.A__1.E, ligand 1.E...
  Skipping (exists) 7xep__1__1.A_2.A__1.E 1.E
Running vina for 7xeq__1__1.A_2.A__2.D, ligand 2.D...
  Skipping (exists) 7xeq__1__1.A_2.A__2.D 2.D
Running vina for 7xes__1__1.A_2.A__2.D, ligand 2.D...
  Skipping (exists) 7xes__1__1.A_2.A__2.D 2.D
Running vina for 7xet__1__1.A_2.A__1.B, ligand 1.B...
  Skipping (exists) 7xet__1__1.A_2.A__1.B 1.B
Running vina for 7xf7__1__1.A__1.B, ligand 1.B...
  Skipping (exists) 7xf7__1__1.A__1.B 1.B
Running vina for 7xh6__1__1.A__1.E, ligand 1.E...
  Skipping (exists) 7xh6__1__1.A__1.E 1.E
Running vina for 7xhh__1__1.B__1.D, ligand 1.D...
  Skipping (exists) 7xhh__1__1.B__1.D 1.D
Running vina for 7xhq__1__1.A__1.C, ligand 1.C...
  Skipping (exists) 7xhq__1__1.A__1.C 1.C
Running vina for 7xi7__1__1.A__1.B, ligand 1.B...
  Skipping (exists) 7xi7__1__1.A__1.B 1.B
Running vina for 7xk9__1__1.A__1.C, ligand 1.C...
  Skipping (exists) 7xk9__1__1.A__1.C 1.C
Running vina for 7xka__1__1.A__1.C, ligand 1.C...
  Skipping (exists) 7xka__1__1.A__1.C 1.C
Running vina for 7xlp__1__1.A__1.B, ligand 1.B...
  Skipping (exists) 7xlp__1__1.A__1.B 1.B
Running vina for 7xm7__1__1.A__1.E, ligand 1.E...
  Skipping (exists) 7xm7__1__1.A__1.E 1.E
Running vina for 7xmk__1__1.A__1.D, ligand 1.D...
  Skipping (exists) 7xmk__1__1.A__1.D 1.D
Running vina for 7xnc__1__1.A__1.B, ligand 1.B...
  Skipping (exists) 7xnc__1__1.A__1.B 1.B
Running vina for 7xoz__1__1.B__1.F, ligand 1.F...
  Skipping (exists) 7xoz__1__1.B__1.F 1.F
Running vina for 7xpo__1__1.B__1.H, ligand 1.H...
  Skipping (exists) 7xpo__1__1.B__1.H 1.H
Running vina for 7xrr__1__1.A__1.B, ligand 1.B...
  Skipping (exists) 7xrr__1__1.A__1.B 1.B
Running vina for 7xsv__1__1.A__1.B, ligand 1.B...
  Skipping (exists) 7xsv__1__1.A__1.B 1.B
Running vina for 7xua__1__1.B__1.N, ligand 1.N...
  Skipping (exists) 7xua__1__1.B__1.N 1.N
Running vina for 7xub__1__1.A__1.H, ligand 1.H...
  Skipping (exists) 7xub__1__1.A__1.H 1.H
Running vina for 7xuc__1__1.A__1.H, ligand 1.H...
  Skipping (exists) 7xuc__1__1.A__1.H 1.H
Running vina for 7xvu__1__4.A__4.C, ligand 4.C...
  Skipping (exists) 7xvu__1__4.A__4.C 4.C
Running vina for 7xvv__1__3.A__3.C, ligand 3.C...
  Skipping (exists) 7xvv__1__3.A__3.C 3.C
Running vina for 7xvw__1__2.A__2.C, ligand 2.C...
  Skipping (exists) 7xvw__1__2.A__2.C 2.C
Running vina for 7xxc__1__1.A_1.B_1.D__1.M, ligand 1.M...
  Skipping (exists) 7xxc__1__1.A_1.B_1.D__1.M 1.M
Running vina for 7xxm__1__1.A_1.B_1.C__1.K, ligand 1.K...
  Skipping (exists) 7xxm__1__1.A_1.B_1.C__1.K 1.K
Running vina for 7xxp__1__1.A_1.B_1.C__1.K, ligand 1.K...
  Skipping (exists) 7xxp__1__1.A_1.B_1.C__1.K 1.K
Running vina for 7y0f__1__1.B__1.G, ligand 1.G...
  Skipping (exists) 7y0f__1__1.B__1.G 1.G
Running vina for 7y4g__1__2.A__2.D, ligand 2.D...
  Skipping (exists) 7y4g__1__2.A__2.D 2.D
Running vina for 7y4u__1__1.A__1.B, ligand 1.B...
  Skipping (exists) 7y4u__1__1.A__1.B 1.B
Running vina for 7yd2__1__1.A_1.B__1.K, ligand 1.K...
  Skipping (exists) 7yd2__1__1.A_1.B__1.K 1.K
Running vina for 7ydx__1__2.B__2.H, ligand 2.H...
  Skipping (exists) 7ydx__1__2.B__2.H 2.H
Running vina for 7yj9__1__1.A_2.A__2.B, ligand 2.B...
  Skipping (exists) 7yj9__1__1.A_2.A__2.B 2.B
Running vina for 7yja__1__1.A_1.B__1.E, ligand 1.E...
  Skipping (exists) 7yja__1__1.A_1.B__1.E 1.E
Running vina for 7yjb__1__1.A_2.A__2.B, ligand 2.B...
  Skipping (exists) 7yjb__1__1.A_2.A__2.B 2.B
Running vina for 7yop__1__1.A_1.B__1.E, ligand 1.E...
  Skipping (exists) 7yop__1__1.A_1.B__1.E 1.E
Running vina for 7yoq__1__1.B__1.D, ligand 1.D...
  Skipping (exists) 7yoq__1__1.B__1.D 1.D
Running vina for 7ypu__1__1.A_1.B__1.I, ligand 1.I...
  Skipping (exists) 7ypu__1__1.A_1.B__1.I 1.I
Running vina for 7ypv__1__1.A_1.B__1.J, ligand 1.J...
  Skipping (exists) 7ypv__1__1.A_1.B__1.J 1.J
Running vina for 7ysx__1__1.B__1.J, ligand 1.J...
  Skipping (exists) 7ysx__1__1.B__1.J 1.J
Running vina for 7yv4__1__1.A__1.B, ligand 1.B...
  Skipping (exists) 7yv4__1__1.A__1.B 1.B
Running vina for 7yxd__1__1.A__1.I, ligand 1.I...
  Skipping (exists) 7yxd__1__1.A__1.I 1.I
Running vina for 7yxe__1__1.A__1.C, ligand 1.C...
  Skipping (exists) 7yxe__1__1.A__1.C 1.C
Running vina for 7yzs__1__1.A__1.B, ligand 1.B...
  Skipping (exists) 7yzs__1__1.A__1.B 1.B
Running vina for 7yzu__1__1.A__1.B, ligand 1.B...
  Skipping (exists) 7yzu__1__1.A__1.B 1.B
Running vina for 7z1r__1__1.A_2.A__1.B, ligand 1.B...
  Skipping (exists) 7z1r__1__1.A_2.A__1.B 1.B
Running vina for 7z1v__1__1.A__1.C, ligand 1.C...
  Skipping (exists) 7z1v__1__1.A__1.C 1.C
Running vina for 7z1w__1__1.A__1.C, ligand 1.C...
  Skipping (exists) 7z1w__1__1.A__1.C 1.C
Running vina for 7z2q__1__1.A__1.C, ligand 1.C...
  Skipping (exists) 7z2q__1__1.A__1.C 1.C
Running vina for 7z39__1__1.A__1.C, ligand 1.C...
  Skipping (exists) 7z39__1__1.A__1.C 1.C
Running vina for 7z3y__1__1.A__1.D, ligand 1.D...
  Skipping (exists) 7z3y__1__1.A__1.D 1.D
Running vina for 7z41__1__1.A__1.C, ligand 1.C...
  Skipping (exists) 7z41__1__1.A__1.C 1.C
Running vina for 7z5b__1__1.A__1.D, ligand 1.D...
  Skipping (exists) 7z5b__1__1.A__1.D 1.D
Running vina for 7z5r__1__1.A__1.D, ligand 1.D...
  Skipping (exists) 7z5r__1__1.A__1.D 1.D
Running vina for 7z5x__1__1.A__1.C, ligand 1.C...
  Skipping (exists) 7z5x__1__1.A__1.C 1.C
Running vina for 7z78__1__1.A__1.D, ligand 1.D...
  Skipping (exists) 7z78__1__1.A__1.D 1.D
Running vina for 7z9t__1__1.A__1.C, ligand 1.C...
  Skipping (exists) 7z9t__1__1.A__1.C 1.C
Running vina for 7za0__1__1.A__1.B, ligand 1.B...
  Skipping (exists) 7za0__1__1.A__1.B 1.B
Running vina for 7zaa__1__1.A__1.C, ligand 1.C...
  Skipping (exists) 7zaa__1__1.A__1.C 1.C
Running vina for 7zeg__1__1.A__1.C, ligand 1.C...
  Skipping (exists) 7zeg__1__1.A__1.C 1.C
Running vina for 7zfv__1__1.A__1.C, ligand 1.C...
  Skipping (exists) 7zfv__1__1.A__1.C 1.C
Running vina for 7zg9__1__1.A__1.C, ligand 1.C...
  Skipping (exists) 7zg9__1__1.A__1.C 1.C
Running vina for 7zgb__1__1.A__1.B, ligand 1.B...
  Skipping (exists) 7zgb__1__1.A__1.B 1.B
Running vina for 7zgc__1__1.A__1.B, ligand 1.B...
  Skipping (exists) 7zgc__1__1.A__1.B 1.B
Running vina for 7zgd__1__1.A__1.B, ligand 1.B...
  Skipping (exists) 7zgd__1__1.A__1.B 1.B
Running vina for 7zi0__1__1.A__1.C, ligand 1.C...
  Skipping (exists) 7zi0__1__1.A__1.C 1.C
Running vina for 7zik__1__1.A__1.D, ligand 1.D...
  Skipping (exists) 7zik__1__1.A__1.D 1.D
Running vina for 7ziy__1__1.A__1.C, ligand 1.C...
  Skipping (exists) 7ziy__1__1.A__1.C 1.C
Running vina for 7zj0__1__1.A__1.C, ligand 1.C...
  Skipping (exists) 7zj0__1__1.A__1.C 1.C
Running vina for 7zjp__1__1.A__1.C, ligand 1.C...
  Skipping (exists) 7zjp__1__1.A__1.C 1.C
Running vina for 7zjq__1__1.A__1.E, ligand 1.E...
  Skipping (exists) 7zjq__1__1.A__1.E 1.E
Running vina for 7zks__1__1.A__1.B, ligand 1.B...
  Skipping (exists) 7zks__1__1.A__1.B 1.B
Running vina for 7zkw__1__1.A_1.C__1.E, ligand 1.E...
  Skipping (exists) 7zkw__1__1.A_1.C__1.E 1.E
Running vina for 7zp7__1__1.A__1.C, ligand 1.C...
  Skipping (exists) 7zp7__1__1.A__1.C 1.C
Running vina for 7zsm__1__1.A_2.A__1.B, ligand 1.B...
  Skipping (exists) 7zsm__1__1.A_2.A__1.B 1.B
Running vina for 7zso__1__1.A_1.C__1.S, ligand 1.S...
  Skipping (exists) 7zso__1__1.A_1.C__1.S 1.S
Running vina for 7zst__1__1.B_1.C__1.H, ligand 1.H...
  Skipping (exists) 7zst__1__1.B_1.C__1.H 1.H
Running vina for 7zwb__1__1.A__1.D, ligand 1.D...
  Skipping (exists) 7zwb__1__1.A__1.D 1.D
Running vina for 7zxz__1__2.A_2.B__2.E, ligand 2.E...
  Skipping (exists) 7zxz__1__2.A_2.B__2.E 2.E
Running vina for 7zym__1__1.A__1.B, ligand 1.B...
  Skipping (exists) 7zym__1__1.A__1.B 1.B
Running vina for 7zyn__1__1.A__1.B, ligand 1.B...
  Skipping (exists) 7zyn__1__1.A__1.B 1.B
Running vina for 7zz7__1__1.A_4.A__4.C, ligand 4.C...
  Skipping (exists) 7zz7__1__1.A_4.A__4.C 4.C
Running vina for 7zzc__1__1.A_4.A__4.D, ligand 4.D...
  Skipping (exists) 7zzc__1__1.A_4.A__4.D 4.D
Running vina for 7zzf__1__2.A_3.A__3.C, ligand 3.C...
  Skipping (exists) 7zzf__1__2.A_3.A__3.C 3.C
Running vina for 7zzg__1__2.A_3.A__2.C, ligand 2.C...
  Skipping (exists) 7zzg__1__2.A_3.A__2.C 2.C
Running vina for 8a0t__1__1.A__1.C, ligand 1.C...
  Skipping (exists) 8a0t__1__1.A__1.C 1.C
Running vina for 8a2p__1__1.A__1.B, ligand 1.B...
  Skipping (exists) 8a2p__1__1.A__1.B 1.B
Running vina for 8a3a__1__1.A__1.B, ligand 1.B...
  Skipping (exists) 8a3a__1__1.A__1.B 1.B
Running vina for 8a4q__1__1.A_2.A__1.B, ligand 1.B...
  Skipping (exists) 8a4q__1__1.A_2.A__1.B 1.B
Running vina for 8a56__1__1.A_1.B__1.I, ligand 1.I...
  Skipping (exists) 8a56__1__1.A_1.B__1.I 1.I
Running vina for 8a66__1__1.A__1.C, ligand 1.C...
  Skipping (exists) 8a66__1__1.A__1.C 1.C
Running vina for 8a7i__1__1.A__1.C, ligand 1.C...
  Skipping (exists) 8a7i__1__1.A__1.C 1.C
Running vina for 8a9i__1__1.A__1.B, ligand 1.B...
  Skipping (exists) 8a9i__1__1.A__1.B 1.B
Running vina for 8a9v__1__2.A_3.A__3.C, ligand 3.C...
  Skipping (exists) 8a9v__1__2.A_3.A__3.C 3.C
Running vina for 8ab3__1__1.A_1.B_1.C_1.D__1.L, ligand 1.L...
  Skipping (exists) 8ab3__1__1.A_1.B_1.C_1.D__1.L 1.L
Running vina for 8abu__1__1.A__1.D, ligand 1.D...
  Skipping (exists) 8abu__1__1.A__1.D 1.D
Running vina for 8acm__1__1.A__1.E, ligand 1.E...
  Skipping (exists) 8acm__1__1.A__1.E 1.E
Running vina for 8ad7__1__1.A__1.J, ligand 1.J...
  Skipping (exists) 8ad7__1__1.A__1.J 1.J
Running vina for 8adf__1__1.B__1.D, ligand 1.D...
  Skipping (exists) 8adf__1__1.B__1.D 1.D
Running vina for 8adj__1__1.A__1.D, ligand 1.D...
  Skipping (exists) 8adj__1__1.A__1.D 1.D
Running vina for 8aev__1__1.A__1.G, ligand 1.G...
  Skipping (exists) 8aev__1__1.A__1.G 1.G
Running vina for 8ai7__1__1.A__1.Q, ligand 1.Q...
  Skipping (exists) 8ai7__1__1.A__1.Q 1.Q
Running vina for 8am2__1__1.A__1.D, ligand 1.D...
  Skipping (exists) 8am2__1__1.A__1.D 1.D
Running vina for 8aop__1__1.A__1.E, ligand 1.E...
  Skipping (exists) 8aop__1__1.A__1.E 1.E
Running vina for 8apt__1__1.A_2.A__1.B, ligand 1.B...
  Skipping (exists) 8apt__1__1.A_2.A__1.B 1.B
Running vina for 8apu__1__1.A_2.A__1.B, ligand 1.B...
  Skipping (exists) 8apu__1__1.A_2.A__1.B 1.B
Running vina for 8apw__1__1.A_2.A__2.C, ligand 2.C...
  Skipping (exists) 8apw__1__1.A_2.A__2.C 2.C
Running vina for 8aqf__1__1.A__1.B, ligand 1.B...
  Skipping (exists) 8aqf__1__1.A__1.B 1.B
Running vina for 8aqj__1__1.A_3.A__3.B, ligand 3.B...
  Skipping (exists) 8aqj__1__1.A_3.A__3.B 3.B
Running vina for 8arj__1__1.A__1.B, ligand 1.B...
  Skipping (exists) 8arj__1__1.A__1.B 1.B
Running vina for 8asf__1__1.B__1.E, ligand 1.E...
  Skipping (exists) 8asf__1__1.B__1.E 1.E
Running vina for 8atb__1__1.A__1.C, ligand 1.C...
  Skipping (exists) 8atb__1__1.A__1.C 1.C
Running vina for 8atl__1__1.A__1.C, ligand 1.C...
  Skipping (exists) 8atl__1__1.A__1.C 1.C
Running vina for 8aw1__1__1.A__1.C, ligand 1.C...
  Skipping (exists) 8aw1__1__1.A__1.C 1.C
Running vina for 8ax0__1__1.B__1.H, ligand 1.H...
  Skipping (exists) 8ax0__1__1.B__1.H 1.H
Running vina for 8axp__1__1.A__1.C, ligand 1.C...
  Skipping (exists) 8axp__1__1.A__1.C 1.C
Running vina for 8ay6__1__1.A_1.B__1.C, ligand 1.C...
  Skipping (exists) 8ay6__1__1.A_1.B__1.C 1.C
Running vina for 8ay8__1__1.A_1.B__1.D, ligand 1.D...
  Skipping (exists) 8ay8__1__1.A_1.B__1.D 1.D
Running vina for 8aya__1__1.A_1.B__1.C, ligand 1.C...
  Skipping (exists) 8aya__1__1.A_1.B__1.C 1.C
Running vina for 8azd__1__1.A__1.C, ligand 1.C...
  Skipping (exists) 8azd__1__1.A__1.C 1.C
Running vina for 8azi__1__1.A__1.C, ligand 1.C...
  Skipping (exists) 8azi__1__1.A__1.C 1.C
Running vina for 8azl__1__1.A__1.C, ligand 1.C...
  Skipping (exists) 8azl__1__1.A__1.C 1.C
Running vina for 8azm__1__1.A__1.C, ligand 1.C...
  Skipping (exists) 8azm__1__1.A__1.C 1.C
Running vina for 8azo__1__1.A__1.C, ligand 1.C...
  Skipping (exists) 8azo__1__1.A__1.C 1.C
Running vina for 8azp__1__1.A__1.C, ligand 1.C...
  Skipping (exists) 8azp__1__1.A__1.C 1.C
Running vina for 8b08__1__1.B__1.E, ligand 1.E...
  Skipping (exists) 8b08__1__1.B__1.E 1.E
Running vina for 8b1v__1__1.A_1.B__1.E, ligand 1.E...
  Skipping (exists) 8b1v__1__1.A_1.B__1.E 1.E
Running vina for 8b25__1__1.A_1.B__1.J, ligand 1.J...
  Skipping (exists) 8b25__1__1.A_1.B__1.J 1.J
Running vina for 8b35__1__1.A_1.B__1.E, ligand 1.E...
  Skipping (exists) 8b35__1__1.A_1.B__1.E 1.E
Running vina for 8b5s__1__1.B__1.D, ligand 1.D...
  Skipping (exists) 8b5s__1__1.B__1.D 1.D
Running vina for 8b62__1__1.A__1.C, ligand 1.C...
  Skipping (exists) 8b62__1__1.A__1.C 1.C
Running vina for 8b6m__1__1.A_1.B__1.E, ligand 1.E...
  Skipping (exists) 8b6m__1__1.A_1.B__1.E 1.E
Running vina for 8b75__1__1.A__1.B, ligand 1.B...
  Skipping (exists) 8b75__1__1.A__1.B 1.B
Running vina for 8b8x__1__1.A_1.C__1.E, ligand 1.E...
  Skipping (exists) 8b8x__1__1.A_1.C__1.E 1.E
Running vina for 8b8z__1__1.A__1.E, ligand 1.E...
  Skipping (exists) 8b8z__1__1.A__1.E 1.E
Running vina for 8b91__1__1.A__1.E, ligand 1.E...
  Skipping (exists) 8b91__1__1.A__1.E 1.E
Running vina for 8b9h__1__1.A__1.B, ligand 1.B...
  Skipping (exists) 8b9h__1__1.A__1.B 1.B
Running vina for 8baj__1__1.A__1.B, ligand 1.B...
  Skipping (exists) 8baj__1__1.A__1.B 1.B
Running vina for 8bcy__1__1.A__1.C, ligand 1.C...
  Skipping (exists) 8bcy__1__1.A__1.C 1.C
Running vina for 8bdm__1__1.C__1.M, ligand 1.M...
  Skipping (log exists) 8bdm__1__1.C__1.M 1.M
Running vina for 8bgc__1__1.A__1.F, ligand 1.F...
  Skipping (exists) 8bgc__1__1.A__1.F 1.F
Running vina for 8bgt__1__1.A_2.A__2.D, ligand 2.D...
  Skipping (exists) 8bgt__1__1.A_2.A__2.D 2.D
Running vina for 8bgz__1__1.A_1.B__1.F, ligand 1.F...
  Skipping (exists) 8bgz__1__1.A_1.B__1.F 1.F
Running vina for 8bh0__1__1.A_1.D__1.J, ligand 1.J...
  Skipping (exists) 8bh0__1__1.A_1.D__1.J 1.J
Running vina for 8bhg__1__1.B_1.C__1.K, ligand 1.K...
  Skipping (exists) 8bhg__1__1.B_1.C__1.K 1.K
Running vina for 8bi6__1__1.A__1.D, ligand 1.D...
  Skipping (exists) 8bi6__1__1.A__1.D 1.D
Running vina for 8bih__1__1.A_1.L__1.N, ligand 1.N...
  Skipping (exists) 8bih__1__1.A_1.L__1.N 1.N
Running vina for 8biq__1__1.C__1.G, ligand 1.G...
  Skipping (exists) 8biq__1__1.C__1.G 1.G
Running vina for 8bir__1__1.A_1.B__1.D, ligand 1.D...
  Skipping (exists) 8bir__1__1.A_1.B__1.D 1.D
Running vina for 8bj3__1__1.A_1.B__1.C, ligand 1.C...
  Skipping (exists) 8bj3__1__1.A_1.B__1.C 1.C
Running vina for 8bjd__1__1.A__1.B, ligand 1.B...
  Skipping (exists) 8bjd__1__1.A__1.B 1.B
Running vina for 8bjt__1__1.A__1.C, ligand 1.C...
  Skipping (exists) 8bjt__1__1.A__1.C 1.C
Running vina for 8bju__1__1.A__1.B, ligand 1.B...
  Skipping (exists) 8bju__1__1.A__1.B 1.B
Running vina for 8bk0__1__1.A__1.H, ligand 1.H...
  Skipping (exists) 8bk0__1__1.A__1.H 1.H
Running vina for 8blt__1__1.A_1.B__1.I, ligand 1.I...
  Skipping (exists) 8blt__1__1.A_1.B__1.I 1.I
Running vina for 8bnx__1__1.A__1.C, ligand 1.C...
  Skipping (exists) 8bnx__1__1.A__1.C 1.C
Running vina for 8bo3__1__1.A__1.B, ligand 1.B...
  Skipping (exists) 8bo3__1__1.A__1.B 1.B
Running vina for 8bo4__1__1.A__1.C, ligand 1.C...
  Skipping (exists) 8bo4__1__1.A__1.C 1.C
Running vina for 8boc__1__1.A__1.B, ligand 1.B...
  Skipping (exists) 8boc__1__1.A__1.B 1.B
Running vina for 8bok__1__1.A__1.B, ligand 1.B...
  Skipping (exists) 8bok__1__1.A__1.B 1.B
Running vina for 8bq4__1__1.B__1.D, ligand 1.D...
  Skipping (exists) 8bq4__1__1.B__1.D 1.D
Running vina for 8br5__1__1.A__1.E, ligand 1.E...
  Skipping (exists) 8br5__1__1.A__1.E 1.E
Running vina for 8br6__1__1.A__1.C, ligand 1.C...
  Skipping (exists) 8br6__1__1.A__1.C 1.C
Running vina for 8bsg__1__1.A__1.B, ligand 1.B...
  Skipping (exists) 8bsg__1__1.A__1.B 1.B
Running vina for 8bsl__1__1.C_1.D__1.F, ligand 1.F...
  Skipping (exists) 8bsl__1__1.C_1.D__1.F 1.F
Running vina for 8bst__1__1.A__1.R, ligand 1.R...
  Skipping (exists) 8bst__1__1.A__1.R 1.R
Running vina for 8bt0__1__1.A__1.M, ligand 1.M...
  Skipping (exists) 8bt0__1__1.A__1.M 1.M
Running vina for 8bt2__1__1.A__1.M, ligand 1.M...
  Skipping (exists) 8bt2__1__1.A__1.M 1.M
Running vina for 8c1m__1__1.A__1.C, ligand 1.C...
  Skipping (exists) 8c1m__1__1.A__1.C 1.C
Running vina for 8c3g__1__1.C__1.AA, ligand 1.AA...
  Skipping (exists) 8c3g__1__1.C__1.AA 1.AA
Warning: Receptor file not found for 8c3i__1__1.B__1.D
Running vina for 8c3r__1__1.A__1.C, ligand 1.C...
  Skipping (exists) 8c3r__1__1.A__1.C 1.C
Running vina for 8c3u__1__1.A__1.C, ligand 1.C...
  Skipping (exists) 8c3u__1__1.A__1.C 1.C
Running vina for 8c6l__1__1.A__1.C, ligand 1.C...
  Skipping (exists) 8c6l__1__1.A__1.C 1.C
Running vina for 8c6n__1__1.A__1.B, ligand 1.B...
  Skipping (exists) 8c6n__1__1.A__1.B 1.B
Running vina for 8c6o__1__1.A__1.C, ligand 1.C...
  Skipping (exists) 8c6o__1__1.A__1.C 1.C
Running vina for 8c6p__1__1.A__1.B, ligand 1.B...
  Skipping (exists) 8c6p__1__1.A__1.B 1.B
Running vina for 8c6q__1__1.A__1.C, ligand 1.C...
  Skipping (exists) 8c6q__1__1.A__1.C 1.C
Running vina for 8c6s__1__1.A__1.C, ligand 1.C...
  Skipping (exists) 8c6s__1__1.A__1.C 1.C
Running vina for 8c70__1__1.A__1.B, ligand 1.B...
  Skipping (exists) 8c70__1__1.A__1.B 1.B
Running vina for 8c71__1__1.A__1.C, ligand 1.C...
  Skipping (exists) 8c71__1__1.A__1.C 1.C
Running vina for 8c74__1__1.A__1.C, ligand 1.C...
  Skipping (exists) 8c74__1__1.A__1.C 1.C
Running vina for 8c9d__1__1.A__1.D, ligand 1.D...
  Skipping (exists) 8c9d__1__1.A__1.D 1.D
Running vina for 8c9e__1__1.A__1.C, ligand 1.C...
  Skipping (exists) 8c9e__1__1.A__1.C 1.C
Running vina for 8caa__1__1.B__1.F, ligand 1.F...
  Skipping (exists) 8caa__1__1.B__1.F 1.F
Running vina for 8cbh__1__1.A__1.C, ligand 1.C...
  Skipping (exists) 8cbh__1__1.A__1.C 1.C
Running vina for 8cbr__1__1.A_1.B_1.D__1.E, ligand 1.E...
  Skipping (exists) 8cbr__1__1.A_1.B_1.D__1.E 1.E
Running vina for 8cbs__1__1.B_1.C_1.D__1.L, ligand 1.L...
  Skipping (exists) 8cbs__1__1.B_1.C_1.D__1.L 1.L
Running vina for 8cbu__1__1.A_1.B_1.D__1.M, ligand 1.M...
  Skipping (exists) 8cbu__1__1.A_1.B_1.D__1.M 1.M
Running vina for 8cdw__1__1.B__1.D, ligand 1.D...
  Skipping (exists) 8cdw__1__1.B__1.D 1.D
Running vina for 8ce3__1__1.A_1.B__1.E, ligand 1.E...
  Skipping (exists) 8ce3__1__1.A_1.B__1.E 1.E
Running vina for 8ceq__1__1.A__1.C, ligand 1.C...
  Skipping (exists) 8ceq__1__1.A__1.C 1.C
Running vina for 8ces__1__1.A__1.C, ligand 1.C...
  Skipping (exists) 8ces__1__1.A__1.C 1.C
Running vina for 8cev__1__1.A__1.C, ligand 1.C...
  Skipping (exists) 8cev__1__1.A__1.C 1.C
Running vina for 8cex__1__1.A__1.D, ligand 1.D...
  Skipping (exists) 8cex__1__1.A__1.D 1.D
Running vina for 8cey__1__1.A__1.D, ligand 1.D...
  Skipping (exists) 8cey__1__1.A__1.D 1.D
Running vina for 8cfb__1__1.A__1.L, ligand 1.L...
  Skipping (exists) 8cfb__1__1.A__1.L 1.L
Running vina for 8cg0__1__1.D__1.IA, ligand 1.IA...
  Skipping (exists) 8cg0__1__1.D__1.IA 1.IA
Running vina for 8ch9__1__1.G__1.BB, ligand 1.BB...
  Skipping (exists) 8ch9__1__1.G__1.BB 1.BB
Running vina for 8chc__1__1.A__1.B, ligand 1.B...
  Skipping (exists) 8chc__1__1.A__1.B 1.B
Running vina for 8chk__1__1.A__1.D, ligand 1.D...
  Skipping (exists) 8chk__1__1.A__1.D 1.D
Running vina for 8cij__1__1.A__1.B, ligand 1.B...
  Skipping (exists) 8cij__1__1.A__1.B 1.B
Running vina for 8cje__1__1.A__1.F, ligand 1.F...
  Skipping (exists) 8cje__1__1.A__1.F 1.F
Running vina for 8cjg__1__1.A__1.D, ligand 1.D...
  Skipping (exists) 8cjg__1__1.A__1.D 1.D
Running vina for 8cju__1__1.A__1.B, ligand 1.B...
  Skipping (exists) 8cju__1__1.A__1.B 1.B
Running vina for 8ck5__1__1.A__1.D, ligand 1.D...
  Skipping (exists) 8ck5__1__1.A__1.D 1.D
Running vina for 8ckc__1__2.A__2.D, ligand 2.D...
  Skipping (exists) 8ckc__1__2.A__2.D 2.D
Running vina for 8ckh__1__1.A_1.B__1.D, ligand 1.D...
  Skipping (exists) 8ckh__1__1.A_1.B__1.D 1.D
Running vina for 8clq__1__1.A__1.E, ligand 1.E...
  Skipping (exists) 8clq__1__1.A__1.E 1.E
Running vina for 8cou__1__1.A__1.V, ligand 1.V...
  Skipping (exists) 8cou__1__1.A__1.V 1.V
Running vina for 8cov__1__1.A__1.D, ligand 1.D...
  Skipping (exists) 8cov__1__1.A__1.D 1.D
Running vina for 8cp7__1__1.A__1.B, ligand 1.B...
  Skipping (exists) 8cp7__1__1.A__1.B 1.B
Running vina for 8cpb__1__1.B__1.H, ligand 1.H...
  Skipping (exists) 8cpb__1__1.B__1.H 1.H
Running vina for 8crj__1__1.A__1.B, ligand 1.B...
  Skipping (exists) 8crj__1__1.A__1.B 1.B
Running vina for 8crl__1__1.A__1.C, ligand 1.C...
  Skipping (exists) 8crl__1__1.A__1.C 1.C
Running vina for 8cta__1__1.A_1.B_1.D__1.Q, ligand 1.Q...
  Skipping (exists) 8cta__1__1.A_1.B_1.D__1.Q 1.Q
Running vina for 8cu7__1__1.A__1.C, ligand 1.C...
  Skipping (exists) 8cu7__1__1.A__1.C 1.C
Running vina for 8cyu__1__1.A_1.B__1.F, ligand 1.F...
  Skipping (exists) 8cyu__1__1.A_1.B__1.F 1.F
Running vina for 8cyz__1__1.A_1.C__1.E, ligand 1.E...
  Skipping (exists) 8cyz__1__1.A_1.C__1.E 1.E
Running vina for 8cz7__1__1.A_1.C__1.E, ligand 1.E...
  Skipping (exists) 8cz7__1__1.A_1.C__1.E 1.E
Running vina for 8d0e__1__1.B__1.D, ligand 1.D...
  Skipping (exists) 8d0e__1__1.B__1.D 1.D
Running vina for 8d0f__1__1.A_1.B__1.D, ligand 1.D...
  Skipping (exists) 8d0f__1__1.A_1.B__1.D 1.D
Running vina for 8d6c__1__1.A__1.F, ligand 1.F...
  Skipping (exists) 8d6c__1__1.A__1.F 1.F
Running vina for 8d6e__1__1.A__1.D, ligand 1.D...
  Skipping (exists) 8d6e__1__1.A__1.D 1.D
Running vina for 8d6f__1__1.A__1.D, ligand 1.D...
  Skipping (exists) 8d6f__1__1.A__1.D 1.D
Running vina for 8d6m__1__1.A__1.C, ligand 1.C...
  Skipping (exists) 8d6m__1__1.A__1.C 1.C
Running vina for 8d6t__1__1.A__1.C, ligand 1.C...
  Skipping (exists) 8d6t__1__1.A__1.C 1.C
Running vina for 8db0__1__1.A__1.E, ligand 1.E...
  Skipping (exists) 8db0__1__1.A__1.E 1.E
Running vina for 8deg__1__1.A__1.B, ligand 1.B...
  Skipping (exists) 8deg__1__1.A__1.B 1.B
Running vina for 8dhw__1__1.B_2.B__2.I, ligand 2.I...
  Skipping (exists) 8dhw__1__1.B_2.B__2.I 2.I
Running vina for 8dk4__1__1.A__1.C, ligand 1.C...
  Skipping (exists) 8dk4__1__1.A__1.C 1.C
Running vina for 8dml__1__1.B__1.J, ligand 1.J...
  Skipping (exists) 8dml__1__1.B__1.J 1.J
Running vina for 8dmt__1__1.A__1.E, ligand 1.E...
  Skipping (exists) 8dmt__1__1.A__1.E 1.E
Running vina for 8dqd__1__1.A__1.B, ligand 1.B...
  Skipping (exists) 8dqd__1__1.A__1.B 1.B
Running vina for 8dsc__1__1.B__1.L, ligand 1.L...
  Skipping (exists) 8dsc__1__1.B__1.L 1.L
Running vina for 8dsh__1__1.A_1.B__1.C, ligand 1.C...
  Skipping (exists) 8dsh__1__1.A_1.B__1.C 1.C
Running vina for 8dsm__1__1.A_1.B__1.J, ligand 1.J...
  Skipping (exists) 8dsm__1__1.A_1.B__1.J 1.J
Running vina for 8dsr__1__1.A__1.C, ligand 1.C...
  Skipping (exists) 8dsr__1__1.A__1.C 1.C
Running vina for 8du3__1__1.A__1.B, ligand 1.B...
  Skipping (exists) 8du3__1__1.A__1.B 1.B
Running vina for 8du6__1__1.B__1.D, ligand 1.D...
  Skipping (exists) 8du6__1__1.B__1.D 1.D
Running vina for 8du8__1__1.A__1.C, ligand 1.C...
  Skipping (exists) 8du8__1__1.A__1.C 1.C
Running vina for 8du9__1__1.B__1.D, ligand 1.D...
  Skipping (exists) 8du9__1__1.B__1.D 1.D
Running vina for 8dub__1__1.A__1.C, ligand 1.C...
  Skipping (exists) 8dub__1__1.A__1.C 1.C
Running vina for 8duh__1__1.A__1.C, ligand 1.C...
  Skipping (exists) 8duh__1__1.A__1.C 1.C
Running vina for 8dui__1__1.A__1.C, ligand 1.C...
  Skipping (exists) 8dui__1__1.A__1.C 1.C
Running vina for 8duk__1__1.A__1.E, ligand 1.E...
  Skipping (exists) 8duk__1__1.A__1.E 1.E
Running vina for 8dv7__1__1.B__1.D, ligand 1.D...
  Skipping (exists) 8dv7__1__1.B__1.D 1.D
Running vina for 8dv8__1__1.A__1.C, ligand 1.C...
  Skipping (exists) 8dv8__1__1.A__1.C 1.C
Running vina for 8dxk__1__1.A_1.B__1.C, ligand 1.C...
  Skipping (exists) 8dxk__1__1.A_1.B__1.C 1.C
Running vina for 8e0h__1__1.A__1.C, ligand 1.C...
  Skipping (exists) 8e0h__1__1.A__1.C 1.C
Running vina for 8e0t__1__1.C__1.F, ligand 1.F...
  Skipping (exists) 8e0t__1__1.C__1.F 1.F
Running vina for 8e1o__1__1.A__1.D, ligand 1.D...
  Skipping (exists) 8e1o__1__1.A__1.D 1.D
Running vina for 8e1t__1__1.A__1.D, ligand 1.D...
  Skipping (exists) 8e1t__1__1.A__1.D 1.D
Running vina for 8e1x__1__1.A__1.C, ligand 1.C...
  Skipping (exists) 8e1x__1__1.A__1.C 1.C
Running vina for 8e5m__1__1.A_1.E__1.U, ligand 1.U...
  Skipping (exists) 8e5m__1__1.A_1.E__1.U 1.U
Running vina for 8e80__1__1.A__1.B, ligand 1.B...
  Skipping (exists) 8e80__1__1.A__1.B 1.B
Running vina for 8e81__1__1.A__1.B, ligand 1.B...
  Skipping (exists) 8e81__1__1.A__1.B 1.B
Running vina for 8ea6__1__1.A_1.B__1.C, ligand 1.C...
  Skipping (exists) 8ea6__1__1.A_1.B__1.C 1.C
Running vina for 8efj__1__1.A__1.D, ligand 1.D...
  Skipping (exists) 8efj__1__1.A__1.D 1.D
Running vina for 8egz__1__1.B__1.I, ligand 1.I...
  Skipping (exists) 8egz__1__1.B__1.I 1.I
Running vina for 8emu__1__1.A__1.E, ligand 1.E...
  Skipping (exists) 8emu__1__1.A__1.E 1.E
Running vina for 8eni__1__2.A__2.B, ligand 2.B...
  Skipping (exists) 8eni__1__2.A__2.B 2.B
Running vina for 8eq9__1__1.A__1.B, ligand 1.B...
  Skipping (exists) 8eq9__1__1.A__1.B 1.B
Running vina for 8eqz__1__1.A__1.C, ligand 1.C...
  Skipping (exists) 8eqz__1__1.A__1.C 1.C
Running vina for 8erb__1__1.A_1.C__1.Q, ligand 1.Q...
  Skipping (exists) 8erb__1__1.A_1.C__1.Q 1.Q
Running vina for 8erd__1__1.A__1.B, ligand 1.B...
  Skipping (exists) 8erd__1__1.A__1.B 1.B
Running vina for 8erj__1__1.A_2.C__1.I, ligand 1.I...
  Skipping (exists) 8erj__1__1.A_2.C__1.I 1.I
Running vina for 8et0__1__1.B__1.L, ligand 1.L...
  Skipping (exists) 8et0__1__1.B__1.L 1.L
Running vina for 8etl__1__1.A__1.C, ligand 1.C...
  Skipping (exists) 8etl__1__1.A__1.C 1.C
Running vina for 8ex1__1__1.A__1.B, ligand 1.B...
  Skipping (exists) 8ex1__1__1.A__1.B 1.B
Running vina for 8ex2__1__1.A__1.B, ligand 1.B...
  Skipping (exists) 8ex2__1__1.A__1.B 1.B
Running vina for 8exl__1__1.A__1.B, ligand 1.B...
  Skipping (exists) 8exl__1__1.A__1.B 1.B
Running vina for 8exu__1__1.A__1.B, ligand 1.B...
  Skipping (exists) 8exu__1__1.A__1.B 1.B
Running vina for 8ez1__1__1.A_1.B__1.D, ligand 1.D...
  Skipping (exists) 8ez1__1__1.A_1.B__1.D 1.D
Running vina for 8f1g__1__1.A__1.C, ligand 1.C...
  Skipping (exists) 8f1g__1__1.A__1.C 1.C
Running vina for 8f1z__1__1.A__1.B, ligand 1.B...
  Skipping (exists) 8f1z__1__1.A__1.B 1.B
Running vina for 8f4q__1__1.A__1.F, ligand 1.F...
  Skipping (exists) 8f4q__1__1.A__1.F 1.F
Running vina for 8f8e__1__1.A__1.C, ligand 1.C...
  Skipping (exists) 8f8e__1__1.A__1.C 1.C
Running vina for 8f8m__1__1.A__1.C, ligand 1.C...
  Skipping (exists) 8f8m__1__1.A__1.C 1.C
Running vina for 8fb1__1__1.A__1.C, ligand 1.C...
  Skipping (exists) 8fb1__1__1.A__1.C 1.C
Running vina for 8fb1__1__1.A__1.D, ligand 1.D...
  Skipping (exists) 8fb1__1__1.A__1.D 1.D
Running vina for 8fcd__1__1.A_1.B__1.C, ligand 1.C...
  Skipping (exists) 8fcd__1__1.A_1.B__1.C 1.C
Running vina for 8fe6__1__1.A__1.I, ligand 1.I...
  Skipping (exists) 8fe6__1__1.A__1.I 1.I
Running vina for 8fe8__1__1.A_1.B__1.C, ligand 1.C...
  Skipping (exists) 8fe8__1__1.A_1.B__1.C 1.C
Running vina for 8fe9__1__1.A__1.B, ligand 1.B...
  Skipping (exists) 8fe9__1__1.A__1.B 1.B
Running vina for 8fgz__1__1.A__1.B, ligand 1.B...
  Skipping (exists) 8fgz__1__1.A__1.B 1.B
Running vina for 8fh4__1__1.A__1.E, ligand 1.E...
  Skipping (exists) 8fh4__1__1.A__1.E 1.E
Running vina for 8fjz__1__1.C__1.I, ligand 1.I...
  Skipping (exists) 8fjz__1__1.C__1.I 1.I
Running vina for 8fko__1__1.C__1.I, ligand 1.I...
  Skipping (exists) 8fko__1__1.C__1.I 1.I
Running vina for 8fly__1__1.A__1.K, ligand 1.K...
  Skipping (exists) 8fly__1__1.A__1.K 1.K
Running vina for 8flz__1__1.A__1.K, ligand 1.K...
  Skipping (exists) 8flz__1__1.A__1.K 1.K
Running vina for 8fm0__1__1.A__1.K, ligand 1.K...
  Skipping (exists) 8fm0__1__1.A__1.K 1.K
Running vina for 8fm2__1__1.A__1.K, ligand 1.K...
  Skipping (exists) 8fm2__1__1.A__1.K 1.K
Running vina for 8fm3__1__1.A__1.K, ligand 1.K...
  Skipping (exists) 8fm3__1__1.A__1.K 1.K
Running vina for 8fm4__1__1.A__1.K, ligand 1.K...
  Skipping (exists) 8fm4__1__1.A__1.K 1.K
Running vina for 8fm5__1__1.A__1.K, ligand 1.K...
  Skipping (exists) 8fm5__1__1.A__1.K 1.K
Running vina for 8fm7__1__1.A__1.K, ligand 1.K...
  Skipping (exists) 8fm7__1__1.A__1.K 1.K
Running vina for 8fm8__1__1.A__1.K, ligand 1.K...
  Skipping (exists) 8fm8__1__1.A__1.K 1.K
Running vina for 8fo5__1__1.A_1.B__1.E, ligand 1.E...
  Skipping (exists) 8fo5__1__1.A_1.B__1.E 1.E
Running vina for 8fp1__1__1.A__1.B, ligand 1.B...
  Skipping (exists) 8fp1__1__1.A__1.B 1.B
Running vina for 8ftr__1__2.A__2.B, ligand 2.B...
  Skipping (exists) 8ftr__1__2.A__2.B 2.B
Running vina for 8fwz__1__1.B__1.E, ligand 1.E...
  Skipping (exists) 8fwz__1__1.B__1.E 1.E
Running vina for 8fx1__1__1.A__1.C, ligand 1.C...
  Skipping (exists) 8fx1__1__1.A__1.C 1.C
Running vina for 8fx2__1__1.B__1.D, ligand 1.D...
  Skipping (exists) 8fx2__1__1.B__1.D 1.D
Running vina for 8fx3__1__1.B__1.D, ligand 1.D...
  Skipping (exists) 8fx3__1__1.B__1.D 1.D
Running vina for 8fxn__1__1.A__1.B, ligand 1.B...
  Skipping (exists) 8fxn__1__1.A__1.B 1.B
Running vina for 8fy7__1__1.A_1.B__1.C, ligand 1.C...
  Skipping (exists) 8fy7__1__1.A_1.B__1.C 1.C
Running vina for 8g3e__1__1.A__1.C, ligand 1.C...
  Skipping (exists) 8g3e__1__1.A__1.C 1.C
Running vina for 8g3s__1__1.A__1.E, ligand 1.E...
  Skipping (exists) 8g3s__1__1.A__1.E 1.E
Running vina for 8g4a__1__1.A_1.B__1.C, ligand 1.C...
  Skipping (exists) 8g4a__1__1.A_1.B__1.C 1.C
Running vina for 8g63__1__1.A__1.B, ligand 1.B...
  Skipping (exists) 8g63__1__1.A__1.B 1.B
Running vina for 8g68__1__1.A__1.C, ligand 1.C...
  Skipping (exists) 8g68__1__1.A__1.C 1.C
Running vina for 8g69__1__1.A__1.C, ligand 1.C...
  Skipping (exists) 8g69__1__1.A__1.C 1.C
Running vina for 8g8o__1__1.B__1.E, ligand 1.E...
  Skipping (exists) 8g8o__1__1.B__1.E 1.E
Running vina for 8g8x__1__1.A__1.C, ligand 1.C...
  Skipping (exists) 8g8x__1__1.A__1.C 1.C
Running vina for 8g9d__1__1.A__1.B, ligand 1.B...
  Skipping (exists) 8g9d__1__1.A__1.B 1.B
Running vina for 8gcz__1__1.A__1.N, ligand 1.N...
  Skipping (exists) 8gcz__1__1.A__1.N 1.N
Running vina for 8gdk__1__1.A__1.O, ligand 1.O...
  Skipping (exists) 8gdk__1__1.A__1.O 1.O
Running vina for 8gds__1__1.A__1.E, ligand 1.E...
  Skipping (exists) 8gds__1__1.A__1.E 1.E
Running vina for 8gem__1__1.A__1.B, ligand 1.B...
  Skipping (exists) 8gem__1__1.A__1.B 1.B
Running vina for 8gen__1__2.A_3.A__3.B, ligand 3.B...
  Skipping (exists) 8gen__1__2.A_3.A__3.B 3.B
Running vina for 8get__1__1.C__1.M, ligand 1.M...
  Skipping (exists) 8get__1__1.C__1.M 1.M
Running vina for 8geu__1__1.A__1.B, ligand 1.B...
  Skipping (exists) 8geu__1__1.A__1.B 1.B
Running vina for 8gev__1__1.A__1.B, ligand 1.B...
  Skipping (exists) 8gev__1__1.A__1.B 1.B
Running vina for 8gez__1__1.A__1.B, ligand 1.B...
  Skipping (exists) 8gez__1__1.A__1.B 1.B
Running vina for 8gf0__1__1.A__1.B, ligand 1.B...
  Skipping (exists) 8gf0__1__1.A__1.B 1.B
Running vina for 8gfd__1__1.A__1.B, ligand 1.B...
  Skipping (exists) 8gfd__1__1.A__1.B 1.B
Running vina for 8gff__1__1.A__1.B, ligand 1.B...
  Skipping (exists) 8gff__1__1.A__1.B 1.B
Running vina for 8gfg__1__1.A__1.B, ligand 1.B...
  Skipping (exists) 8gfg__1__1.A__1.B 1.B
Running vina for 8gfq__1__1.A__1.B, ligand 1.B...
  Skipping (exists) 8gfq__1__1.A__1.B 1.B
Running vina for 8gfs__1__1.A__1.B, ligand 1.B...
  Skipping (exists) 8gfs__1__1.A__1.B 1.B
Running vina for 8gkf__1__1.A__1.J, ligand 1.J...
  Skipping (exists) 8gkf__1__1.A__1.J 1.J
Running vina for 8gkt__1__1.A_1.B__1.E, ligand 1.E...
  Skipping (exists) 8gkt__1__1.A_1.B__1.E 1.E
Running vina for 8gm5__1__1.A__1.D, ligand 1.D...
  Skipping (exists) 8gm5__1__1.A__1.D 1.D
Running vina for 8gne__1__1.A__1.B, ligand 1.B...
  Skipping (exists) 8gne__1__1.A__1.B 1.B
Running vina for 8gne__1__1.A__1.E, ligand 1.E...
  Skipping (exists) 8gne__1__1.A__1.E 1.E
Running vina for 8goy__1__1.A_1.B__1.E, ligand 1.E...
  Skipping (exists) 8goy__1__1.A_1.B__1.E 1.E
Running vina for 8gtg__1__1.A__1.C, ligand 1.C...
  Skipping (exists) 8gtg__1__1.A__1.C 1.C
Running vina for 8gti__1__1.A__1.H, ligand 1.H...
  Skipping (exists) 8gti__1__1.A__1.H 1.H
Running vina for 8gtm__1__1.A__1.C, ligand 1.C...
  Skipping (exists) 8gtm__1__1.A__1.C 1.C
Running vina for 8gtv__1__1.A_2.B__2.D, ligand 2.D...
  Skipping (exists) 8gtv__1__1.A_2.B__2.D 2.D
Running vina for 8gu1__1__1.A_1.B__1.D, ligand 1.D...
  Skipping (exists) 8gu1__1__1.A_1.B__1.D 1.D
Running vina for 8gvj__1__1.A__1.B, ligand 1.B...
  Skipping (exists) 8gvj__1__1.A__1.B 1.B
Running vina for 8gww__1__1.A__1.C, ligand 1.C...
  Skipping (exists) 8gww__1__1.A__1.C 1.C
Running vina for 8gyd__1__1.A_1.B__1.K, ligand 1.K...
  Skipping (exists) 8gyd__1__1.A_1.B__1.K 1.K
Running vina for 8gzc__1__1.A__1.F, ligand 1.F...
  Skipping (exists) 8gzc__1__1.A__1.F 1.F
Running vina for 8h4q__1__1.A__1.C, ligand 1.C...
  Skipping (exists) 8h4q__1__1.A__1.C 1.C
Running vina for 8h59__1__1.A__1.B, ligand 1.B...
  Skipping (exists) 8h59__1__1.A__1.B 1.B
Running vina for 8h7r__1__1.A__1.B, ligand 1.B...
  Skipping (exists) 8h7r__1__1.A__1.B 1.B
Running vina for 8haq__1__1.A__1.C, ligand 1.C...
  Skipping (exists) 8haq__1__1.A__1.C 1.C
Running vina for 8hch__1__1.C__1.J, ligand 1.J...
  Skipping (exists) 8hch__1__1.C__1.J 1.J
Running vina for 8hd3__1__1.A__1.C, ligand 1.C...
  Skipping (exists) 8hd3__1__1.A__1.C 1.C
Running vina for 8hf8__1__1.A__1.C, ligand 1.C...
  Skipping (exists) 8hf8__1__1.A__1.C 1.C
Running vina for 8hlj__1__1.A__1.C, ligand 1.C...
  Skipping (exists) 8hlj__1__1.A__1.C 1.C
Running vina for 8hms__1__1.A__1.E, ligand 1.E...
  Skipping (exists) 8hms__1__1.A__1.E 1.E
Running vina for 8ho5__1__1.A__1.B, ligand 1.B...
  Skipping (exists) 8ho5__1__1.A__1.B 1.B
Running vina for 8hpc__1__1.A_1.H__1.P, ligand 1.P...
  Skipping (exists) 8hpc__1__1.A_1.H__1.P 1.P
Running vina for 8hul__1__1.A__1.C, ligand 1.C...
  Skipping (exists) 8hul__1__1.A__1.C 1.C
Running vina for 8hum__1__1.A__1.C, ligand 1.C...
  Skipping (exists) 8hum__1__1.A__1.C 1.C
Running vina for 8huu__1__1.A__1.C, ligand 1.C...
  Skipping (exists) 8huu__1__1.A__1.C 1.C
Running vina for 8hx6__1__1.B__1.F, ligand 1.F...
  Skipping (exists) 8hx6__1__1.B__1.F 1.F
Running vina for 8i0d__1__1.A__1.B, ligand 1.B...
  Skipping (exists) 8i0d__1__1.A__1.B 1.B
Running vina for 8i1o__1__1.A__1.F, ligand 1.F...
  Skipping (exists) 8i1o__1__1.A__1.F 1.F
Running vina for 8i2n__1__1.A__1.C, ligand 1.C...
  Skipping (exists) 8i2n__1__1.A__1.C 1.C
Running vina for 8i4i__1__1.A__1.C, ligand 1.C...
  Skipping (exists) 8i4i__1__1.A__1.C 1.C
Running vina for 8ie5__1__1.A__1.B, ligand 1.B...
  Skipping (exists) 8ie5__1__1.A__1.B 1.B
Running vina for 8ie6__1__1.A__1.B, ligand 1.B...
  Skipping (exists) 8ie6__1__1.A__1.B 1.B
Running vina for 8in7__1__1.A__1.B, ligand 1.B...
  Skipping (exists) 8in7__1__1.A__1.B 1.B
Running vina for 8iqn__1__1.A__1.B, ligand 1.B...
  Skipping (exists) 8iqn__1__1.A__1.B 1.B
Running vina for 8iqt__1__1.A__1.B, ligand 1.B...
  Skipping (exists) 8iqt__1__1.A__1.B 1.B
Running vina for 8iqu__1__1.A__1.B, ligand 1.B...
  Skipping (exists) 8iqu__1__1.A__1.B 1.B
Running vina for 8iui__1__1.A__1.C, ligand 1.C...
  Skipping (exists) 8iui__1__1.A__1.C 1.C
Running vina for 8ivn__1__1.A_1.B__1.C, ligand 1.C...
  Skipping (exists) 8ivn__1__1.A_1.B__1.C 1.C
Running vina for 8ivr__1__1.A__1.B, ligand 1.B...
  Skipping (exists) 8ivr__1__1.A__1.B 1.B
Running vina for 8ivs__1__1.A_1.B__1.C, ligand 1.C...
  Skipping (exists) 8ivs__1__1.A_1.B__1.C 1.C
Running vina for 8ivt__1__1.A_1.B__1.F, ligand 1.F...
  Skipping (exists) 8ivt__1__1.A_1.B__1.F 1.F
Running vina for 8ivu__1__1.A_1.B__1.I, ligand 1.I...
  Skipping (exists) 8ivu__1__1.A_1.B__1.I 1.I
Running vina for 8iw3__1__1.A_1.B__1.C, ligand 1.C...
  Skipping (exists) 8iw3__1__1.A_1.B__1.C 1.C
Running vina for 8iw6__1__1.A_1.B__1.F, ligand 1.F...
  Skipping (exists) 8iw6__1__1.A_1.B__1.F 1.F
Running vina for 8ixq__1__1.B__1.E, ligand 1.E...
  Skipping (exists) 8ixq__1__1.B__1.E 1.E
Running vina for 8izc__1__1.A_1.B__1.I, ligand 1.I...
  Skipping (exists) 8izc__1__1.A_1.B__1.I 1.I
Running vina for 8j30__1__1.A__1.C, ligand 1.C...
  Skipping (exists) 8j30__1__1.A__1.C 1.C
Running vina for 8j40__1__1.A_2.A__1.D, ligand 1.D...
  Skipping (exists) 8j40__1__1.A_2.A__1.D 1.D
Running vina for 8j5e__1__1.A__1.B, ligand 1.B...
  Skipping (exists) 8j5e__1__1.A__1.B 1.B
Running vina for 8j5f__1__2.A__2.B, ligand 2.B...
  Skipping (exists) 8j5f__1__2.A__2.B 2.B
Running vina for 8j5x__1__1.A__1.B, ligand 1.B...
  Skipping (exists) 8j5x__1__1.A__1.B 1.B
Running vina for 8j6n__1__1.A_1.D__1.M, ligand 1.M...
  Skipping (exists) 8j6n__1__1.A_1.D__1.M 1.M
Running vina for 8j7j__1__1.A_1.B__1.C, ligand 1.C...
  Skipping (exists) 8j7j__1__1.A_1.B__1.C 1.C
Running vina for 8jb3__1__1.A__1.B, ligand 1.B...
  Skipping (log exists) 8jb3__1__1.A__1.B 1.B
Running vina for 8jby__1__1.A__1.C, ligand 1.C...
  Skipping (exists) 8jby__1__1.A__1.C 1.C
Running vina for 8jg8__1__1.A__1.B, ligand 1.B...
  Skipping (exists) 8jg8__1__1.A__1.B 1.B
Running vina for 8jjq__1__1.A__1.D, ligand 1.D...
  Skipping (exists) 8jjq__1__1.A__1.D 1.D
Running vina for 8jjt__1__1.A__1.D, ligand 1.D...
  Skipping (exists) 8jjt__1__1.A__1.D 1.D
Running vina for 8jmo__1__1.A__1.D, ligand 1.D...
  Skipping (exists) 8jmo__1__1.A__1.D 1.D
Running vina for 8jmp__1__1.A__1.D, ligand 1.D...
  Skipping (exists) 8jmp__1__1.A__1.D 1.D
Running vina for 8jot__1__1.A__1.B, ligand 1.B...
  Skipping (exists) 8jot__1__1.A__1.B 1.B
Running vina for 8jqz__1__1.A_2.B__1.C, ligand 1.C...
  Skipping (exists) 8jqz__1__1.A_2.B__1.C 1.C
Running vina for 8jt3__1__1.A_1.C__1.E, ligand 1.E...
  Skipping (exists) 8jt3__1__1.A_1.C__1.E 1.E
Running vina for 8ju9__1__1.A_2.A_4.A__1.B, ligand 1.B...
  Skipping (exists) 8ju9__1__1.A_2.A_4.A__1.B 1.B
Running vina for 8jub__1__1.A_1.B_1.D__1.E, ligand 1.E...
  Skipping (exists) 8jub__1__1.A_1.B_1.D__1.E 1.E
Running vina for 8jwy__1__1.A__1.B, ligand 1.B...
  Skipping (exists) 8jwy__1__1.A__1.B 1.B
Running vina for 8jya__1__1.B__1.G, ligand 1.G...
  Skipping (exists) 8jya__1__1.B__1.G 1.G
Running vina for 8jyc__1__1.A_1.B_1.C__1.T, ligand 1.T...
  Skipping (exists) 8jyc__1__1.A_1.B_1.C__1.T 1.T
Running vina for 8jye__1__1.A_1.B_1.D__1.P, ligand 1.P...
  Skipping (exists) 8jye__1__1.A_1.B_1.D__1.P 1.P
Running vina for 8jyf__1__1.B__1.F, ligand 1.F...
  Skipping (exists) 8jyf__1__1.B__1.F 1.F
Running vina for 8k2k__1__1.A__1.B, ligand 1.B...
  Skipping (exists) 8k2k__1__1.A__1.B 1.B
Running vina for 8k2m__1__1.A__1.B, ligand 1.B...
  Skipping (exists) 8k2m__1__1.A__1.B 1.B
Running vina for 8k4c__1__1.B__1.G, ligand 1.G...
  Skipping (exists) 8k4c__1__1.B__1.G 1.G
Running vina for 8k5y__1__1.A__1.H, ligand 1.H...
  Skipping (exists) 8k5y__1__1.A__1.H 1.H
Running vina for 8ki5__1__1.A__1.B, ligand 1.B...
  Skipping (exists) 8ki5__1__1.A__1.B 1.B
Running vina for 8og5__1__1.A__1.D, ligand 1.D...
  Skipping (exists) 8og5__1__1.A__1.D 1.D
Running vina for 8og8__1__1.A__1.B, ligand 1.B...
  Skipping (exists) 8og8__1__1.A__1.B 1.B
Running vina for 8og9__1__1.A__1.B, ligand 1.B...
  Skipping (exists) 8og9__1__1.A__1.B 1.B
Running vina for 8oiz__1__1.B__1.J, ligand 1.J...
  Skipping (exists) 8oiz__1__1.B__1.J 1.J
Running vina for 8oku__1__1.A_1.B__1.C, ligand 1.C...
  Skipping (exists) 8oku__1__1.A_1.B__1.C 1.C
Running vina for 8ol4__1__1.B_1.C__1.P, ligand 1.P...
  Skipping (exists) 8ol4__1__1.B_1.C__1.P 1.P
Running vina for 8ome__1__1.A_1.D__1.E, ligand 1.E...
  Skipping (exists) 8ome__1__1.A_1.D__1.E 1.E
Running vina for 8onn__1__1.A__1.F, ligand 1.F...
  Skipping (exists) 8onn__1__1.A__1.F 1.F
Running vina for 8ooj__1__1.B__1.H, ligand 1.H...
  Skipping (exists) 8ooj__1__1.B__1.H 1.H
Running vina for 8oov__1__1.A_1.B__1.D, ligand 1.D...
  Skipping (exists) 8oov__1__1.A_1.B__1.D 1.D
Running vina for 8opu__1__1.A_1.C_1.D__1.IA, ligand 1.IA...
  Skipping (exists) 8opu__1__1.A_1.C_1.D__1.IA 1.IA
Running vina for 8opv__1__1.B__1.Q, ligand 1.Q...
  Skipping (exists) 8opv__1__1.B__1.Q 1.Q
Running vina for 8oqm__1__1.B__1.N, ligand 1.N...
  Skipping (exists) 8oqm__1__1.B__1.N 1.N
Running vina for 8oqn__1__1.A_1.D__1.I, ligand 1.I...
  Skipping (exists) 8oqn__1__1.A_1.D__1.I 1.I
Running vina for 8oqp__1__1.D__1.PA, ligand 1.PA...
  Skipping (exists) 8oqp__1__1.D__1.PA 1.PA
Running vina for 8oqq__1__1.A__1.I, ligand 1.I...
  Skipping (exists) 8oqq__1__1.A__1.I 1.I
Running vina for 8oqs__1__1.C_1.D__1.OA, ligand 1.OA...
  Skipping (exists) 8oqs__1__1.C_1.D__1.OA 1.OA
Running vina for 8oqv__1__1.B__1.Q, ligand 1.Q...
  Skipping (exists) 8oqv__1__1.B__1.Q 1.Q
Running vina for 8orc__1__1.B__1.J, ligand 1.J...
  Skipping (exists) 8orc__1__1.B__1.J 1.J
Running vina for 8oru__1__1.A_1.B__1.M, ligand 1.M...
  Skipping (exists) 8oru__1__1.A_1.B__1.M 1.M
Running vina for 8otv__1__1.A_1.B__1.F, ligand 1.F...
  Skipping (exists) 8otv__1__1.A_1.B__1.F 1.F
Running vina for 8ou2__1__1.A__1.C, ligand 1.C...
  Skipping (exists) 8ou2__1__1.A__1.C 1.C
Running vina for 8ou3__1__1.A_1.C__1.E, ligand 1.E...
  Skipping (exists) 8ou3__1__1.A_1.C__1.E 1.E
Running vina for 8ou5__1__1.A_1.C__1.E, ligand 1.E...
  Skipping (exists) 8ou5__1__1.A_1.C__1.E 1.E
Running vina for 8ouu__1__1.A__1.F, ligand 1.F...
  Skipping (exists) 8ouu__1__1.A__1.F 1.F
Running vina for 8ov7__1__1.A__1.B, ligand 1.B...
  Skipping (exists) 8ov7__1__1.A__1.B 1.B
Running vina for 8ovr__1__1.A__1.B, ligand 1.B...
  Skipping (exists) 8ovr__1__1.A__1.B 1.B
Running vina for 8ow7__1__1.A_1.C__1.G, ligand 1.G...
  Skipping (exists) 8ow7__1__1.A_1.C__1.G 1.G
Running vina for 8ow9__1__1.A_1.B__1.G, ligand 1.G...
  Skipping (exists) 8ow9__1__1.A_1.B__1.G 1.G
Running vina for 8p0e__1__1.A__1.C, ligand 1.C...
  Skipping (exists) 8p0e__1__1.A__1.C 1.C
Running vina for 8p0m__1__1.C__1.L, ligand 1.L...
  Skipping (exists) 8p0m__1__1.C__1.L 1.L
Running vina for 8p0p__1__1.A__1.C, ligand 1.C...
  Skipping (exists) 8p0p__1__1.A__1.C 1.C
Running vina for 8p1e__1__1.D_1.E__1.P, ligand 1.P...
  Skipping (exists) 8p1e__1__1.D_1.E__1.P 1.P
Running vina for 8p1p__1__1.A__1.E, ligand 1.E...
  Skipping (exists) 8p1p__1__1.A__1.E 1.E
Running vina for 8p3e__1__1.B__1.F, ligand 1.F...
  Skipping (exists) 8p3e__1__1.B__1.F 1.F
Running vina for 8p44__1__1.A_1.B__1.E, ligand 1.E...
  Skipping (exists) 8p44__1__1.A_1.B__1.E 1.E
Running vina for 8p4z__1__1.A__1.C, ligand 1.C...
  Skipping (exists) 8p4z__1__1.A__1.C 1.C
Running vina for 8p5c__1__1.A_1.B__1.C, ligand 1.C...
  Skipping (exists) 8p5c__1__1.A_1.B__1.C 1.C
Running vina for 8paf__1__1.A_1.B__1.C, ligand 1.C...
  Skipping (exists) 8paf__1__1.A_1.B__1.C 1.C
Running vina for 8pbo__1__1.A__1.C, ligand 1.C...
  Skipping (exists) 8pbo__1__1.A__1.C 1.C
Running vina for 8pfl__1__1.A__1.C, ligand 1.C...
  Skipping (exists) 8pfl__1__1.A__1.C 1.C
Running vina for 8pj0__1__1.A_1.B__1.V, ligand 1.V...
  Skipping (exists) 8pj0__1__1.A_1.B__1.V 1.V
Running vina for 8pj7__1__1.A__1.B, ligand 1.B...
  Skipping (exists) 8pj7__1__1.A__1.B 1.B
Running vina for 8pji__1__1.A__1.E, ligand 1.E...
  Skipping (exists) 8pji__1__1.A__1.E 1.E
Running vina for 8pl6__1__1.A__1.C, ligand 1.C...
  Skipping (exists) 8pl6__1__1.A__1.C 1.C
Running vina for 8plb__1__1.A__1.D, ligand 1.D...
  Skipping (exists) 8plb__1__1.A__1.D 1.D
Running vina for 8ple__1__1.A__1.F, ligand 1.F...
  Skipping (exists) 8ple__1__1.A__1.F 1.F
Running vina for 8plp__1__2.B__2.F, ligand 2.F...
  Skipping (exists) 8plp__1__2.B__2.F 2.F
Running vina for 8plu__1__1.A__1.D, ligand 1.D...
  Skipping (exists) 8plu__1__1.A__1.D 1.D
Running vina for 8plw__1__2.B__2.G, ligand 2.G...
  Skipping (exists) 8plw__1__2.B__2.G 2.G
Running vina for 8plx__1__2.B__2.F, ligand 2.F...
  Skipping (exists) 8plx__1__2.B__2.F 2.F
Running vina for 8pom__1__1.A__1.C, ligand 1.C...
  Skipping (exists) 8pom__1__1.A__1.C 1.C
Running vina for 8pp0__1__1.A__1.C, ligand 1.C...
  Skipping (exists) 8pp0__1__1.A__1.C 1.C
Running vina for 8pp8__1__1.A__1.D, ligand 1.D...
  Skipping (exists) 8pp8__1__1.A__1.D 1.D
Running vina for 8ppf__1__1.A__1.D, ligand 1.D...
  Skipping (exists) 8ppf__1__1.A__1.D 1.D
Running vina for 8pq9__1__1.A__1.C, ligand 1.C...
  Skipping (exists) 8pq9__1__1.A__1.C 1.C
Running vina for 8pqa__1__1.A__1.C, ligand 1.C...
  Skipping (exists) 8pqa__1__1.A__1.C 1.C
Running vina for 8pqf__1__1.A__1.C, ligand 1.C...
  Skipping (exists) 8pqf__1__1.A__1.C 1.C
Running vina for 8pqq__1__1.B_1.D__1.J, ligand 1.J...
  Skipping (exists) 8pqq__1__1.B_1.D__1.J 1.J
Running vina for 8pqr__1__1.A_1.B_1.C__1.E, ligand 1.E...
  Skipping (exists) 8pqr__1__1.A_1.B_1.C__1.E 1.E
Running vina for 8px2__1__1.A__1.B, ligand 1.B...
  Skipping (exists) 8px2__1__1.A__1.B 1.B
Running vina for 8px8__1__1.A__1.D, ligand 1.D...
  Skipping (exists) 8px8__1__1.A__1.D 1.D
Running vina for 8pxt__1__1.C__1.L, ligand 1.L...
  Skipping (exists) 8pxt__1__1.C__1.L 1.L
Running vina for 8pyi__1__1.A__1.I, ligand 1.I...
  Skipping (exists) 8pyi__1__1.A__1.I 1.I
Running vina for 8pyn__1__1.A__1.B, ligand 1.B...
  Skipping (exists) 8pyn__1__1.A__1.B 1.B
Running vina for 8q0t__1__1.A__1.C, ligand 1.C...
  Skipping (exists) 8q0t__1__1.A__1.C 1.C
Running vina for 8q0u__1__1.A__1.D, ligand 1.D...
  Skipping (exists) 8q0u__1__1.A__1.D 1.D
Running vina for 8q17__1__1.A__1.F, ligand 1.F...
  Skipping (exists) 8q17__1__1.A__1.F 1.F
Running vina for 8q1m__1__1.A_1.B__1.G, ligand 1.G...
  Skipping (exists) 8q1m__1__1.A_1.B__1.G 1.G
Running vina for 8q2u__1__1.A__1.C, ligand 1.C...
  Skipping (exists) 8q2u__1__1.A__1.C 1.C
Running vina for 8q2w__1__1.A__1.C, ligand 1.C...
  Skipping (exists) 8q2w__1__1.A__1.C 1.C
Running vina for 8q2y__1__1.A__1.C, ligand 1.C...
  Skipping (exists) 8q2y__1__1.A__1.C 1.C
Running vina for 8q31__1__1.A__1.C, ligand 1.C...
  Skipping (exists) 8q31__1__1.A__1.C 1.C
Running vina for 8q34__1__1.A__1.F, ligand 1.F...
  Skipping (exists) 8q34__1__1.A__1.F 1.F
Running vina for 8qc4__1__1.A__1.C, ligand 1.C...
  Skipping (exists) 8qc4__1__1.A__1.C 1.C
Running vina for 8qdy__1__1.A_2.A__1.B, ligand 1.B...
  Skipping (exists) 8qdy__1__1.A_2.A__1.B 1.B
Running vina for 8qdz__1__1.A_2.A__2.B, ligand 2.B...
  Skipping (exists) 8qdz__1__1.A_2.A__2.B 2.B
Running vina for 8qe0__1__1.A_2.A__2.B, ligand 2.B...
  Skipping (exists) 8qe0__1__1.A_2.A__2.B 2.B
Running vina for 8qe1__1__1.A_2.A__1.B, ligand 1.B...
  Skipping (exists) 8qe1__1__1.A_2.A__1.B 1.B
Running vina for 8qe3__1__1.A_2.A__1.B, ligand 1.B...
  Skipping (exists) 8qe3__1__1.A_2.A__1.B 1.B
Running vina for 8qel__1__1.B__1.C, ligand 1.C...
  Skipping (exists) 8qel__1__1.B__1.C 1.C
Running vina for 8qhq__1__1.A_1.B__1.G, ligand 1.G...
  Skipping (exists) 8qhq__1__1.A_1.B__1.G 1.G
Running vina for 8qk2__1__1.A__1.D, ligand 1.D...
  Skipping (exists) 8qk2__1__1.A__1.D 1.D
Running vina for 8qk5__1__1.A__1.D, ligand 1.D...
  Skipping (exists) 8qk5__1__1.A__1.D 1.D
Running vina for 8qk9__1__1.A__1.D, ligand 1.D...
  Skipping (exists) 8qk9__1__1.A__1.D 1.D
Running vina for 8qka__1__1.A__1.D, ligand 1.D...
  Skipping (exists) 8qka__1__1.A__1.D 1.D
Running vina for 8qlr__1__1.B__1.F, ligand 1.F...
  Skipping (exists) 8qlr__1__1.B__1.F 1.F
Running vina for 8qnh__1__1.A__1.B, ligand 1.B...
  Skipping (exists) 8qnh__1__1.A__1.B 1.B
Running vina for 8qqg__1__1.A__1.D, ligand 1.D...
  Skipping (exists) 8qqg__1__1.A__1.D 1.D
Running vina for 8qqy__1__1.A__1.B, ligand 1.B...
  Skipping (exists) 8qqy__1__1.A__1.B 1.B
Running vina for 8qrt__1__1.B__1.F, ligand 1.F...
  Skipping (exists) 8qrt__1__1.B__1.F 1.F
Running vina for 8qtg__1__1.A__1.B, ligand 1.B...
  Skipping (exists) 8qtg__1__1.A__1.B 1.B
Running vina for 8qth__1__1.A__1.B, ligand 1.B...
  Skipping (exists) 8qth__1__1.A__1.B 1.B
Running vina for 8qtj__1__1.A__1.E, ligand 1.E...
  Skipping (exists) 8qtj__1__1.A__1.E 1.E
Running vina for 8qtl__1__1.A_1.B__1.G, ligand 1.G...
  Skipping (exists) 8qtl__1__1.A_1.B__1.G 1.G
Running vina for 8qyq__1__1.A__1.H, ligand 1.H...
  Skipping (exists) 8qyq__1__1.A__1.H 1.H
Running vina for 8r0i__1__1.A_2.A__1.D, ligand 1.D...
  Skipping (exists) 8r0i__1__1.A_2.A__1.D 1.D
Running vina for 8r11__1__1.A_1.B__1.C, ligand 1.C...
  Skipping (exists) 8r11__1__1.A_1.B__1.C 1.C
Running vina for 8r12__1__1.A_1.B__1.C, ligand 1.C...
  Skipping (exists) 8r12__1__1.A_1.B__1.C 1.C
Running vina for 8r1n__1__1.A__1.C, ligand 1.C...
  Skipping (exists) 8r1n__1__1.A__1.C 1.C
Running vina for 8r1p__1__1.A_1.B__1.C, ligand 1.C...
  Skipping (exists) 8r1p__1__1.A_1.B__1.C 1.C
Running vina for 8r3d__1__1.B_1.E__1.J, ligand 1.J...
  Skipping (exists) 8r3d__1__1.B_1.E__1.J 1.J
Running vina for 8r42__1__1.B__1.Q, ligand 1.Q...
  Skipping (exists) 8r42__1__1.B__1.Q 1.Q
Running vina for 8r4o__1__1.A__1.M, ligand 1.M...
  Skipping (exists) 8r4o__1__1.A__1.M 1.M
Running vina for 8r4u__1__1.A__1.I, ligand 1.I...
  Skipping (exists) 8r4u__1__1.A__1.I 1.I
Running vina for 8rcw__1__1.A__1.C, ligand 1.C...
  Skipping (exists) 8rcw__1__1.A__1.C 1.C
Running vina for 8rdk__1__1.A__1.D, ligand 1.D...
  Skipping (exists) 8rdk__1__1.A__1.D 1.D
Running vina for 8rkq__1__1.A__1.E, ligand 1.E...
  Skipping (exists) 8rkq__1__1.A__1.E 1.E
Running vina for 8s98__1__1.A__1.D, ligand 1.D...
  Skipping (exists) 8s98__1__1.A__1.D 1.D
Running vina for 8se5__1__1.A_1.B__1.H, ligand 1.H...
  Skipping (exists) 8se5__1__1.A_1.B__1.H 1.H
Running vina for 8se6__1__1.A_1.B__1.F, ligand 1.F...
  Skipping (exists) 8se6__1__1.A_1.B__1.F 1.F
Running vina for 8sge__1__1.A__1.H, ligand 1.H...
  Skipping (exists) 8sge__1__1.A__1.H 1.H
Running vina for 8sip__1__1.A_1.B__1.C, ligand 1.C...
  Skipping (exists) 8sip__1__1.A_1.B__1.C 1.C
Running vina for 8six__1__1.A__1.B, ligand 1.B...
  Skipping (exists) 8six__1__1.A__1.B 1.B
Running vina for 8skn__1__1.A__1.C, ligand 1.C...
  Skipping (exists) 8skn__1__1.A__1.C 1.C
Running vina for 8slg__1__1.A__1.C, ligand 1.C...
  Skipping (exists) 8slg__1__1.A__1.C 1.C
Running vina for 8smf__1__1.B_1.E__1.I, ligand 1.I...
  Skipping (exists) 8smf__1__1.B_1.E__1.I 1.I
Running vina for 8smg__1__1.B_2.A__1.C, ligand 1.C...
  Skipping (exists) 8smg__1__1.B_2.A__1.C 1.C
Running vina for 8sua__1__1.A__1.B, ligand 1.B...
  Skipping (log exists) 8sua__1__1.A__1.B 1.B
Running vina for 8sv9__1__1.A__1.C, ligand 1.C...
  Skipping (exists) 8sv9__1__1.A__1.C 1.C
Running vina for 8swe__1__1.A__1.E, ligand 1.E...
  Skipping (exists) 8swe__1__1.A__1.E 1.E
Running vina for 8swr__1__1.A_1.B__1.I, ligand 1.I...
  Skipping (exists) 8swr__1__1.A_1.B__1.I 1.I
Running vina for 8sx2__1__1.A__1.C, ligand 1.C...
  Skipping (exists) 8sx2__1__1.A__1.C 1.C
Running vina for 8sx4__1__1.A__1.C, ligand 1.C...
  Skipping (exists) 8sx4__1__1.A__1.C 1.C
Running vina for 8sxy__1__1.A__1.C, ligand 1.C...
  Skipping (exists) 8sxy__1__1.A__1.C 1.C
Running vina for 8sye__1__1.A__1.C, ligand 1.C...
  Skipping (exists) 8sye__1__1.A__1.C 1.C
Running vina for 8sz3__1__1.A_2.B__1.G, ligand 1.G...
  Skipping (exists) 8sz3__1__1.A_2.B__1.G 1.G
Running vina for 8sze__1__1.A__1.C, ligand 1.C...
  Skipping (exists) 8sze__1__1.A__1.C 1.C
Running vina for 8t1y__1__1.A__1.B, ligand 1.B...
  Skipping (exists) 8t1y__1__1.A__1.B 1.B
Running vina for 8t27__1__1.A__1.B, ligand 1.B...
  Skipping (exists) 8t27__1__1.A__1.B 1.B
Running vina for 8t9v__1__1.A__1.B, ligand 1.B...
  Skipping (exists) 8t9v__1__1.A__1.B 1.B
Running vina for 8tbs__1__1.A_1.B__1.M, ligand 1.M...
  Skipping (exists) 8tbs__1__1.A_1.B__1.M 1.M
Running vina for 8tbu__1__1.A_1.B__1.I, ligand 1.I...
  Skipping (exists) 8tbu__1__1.A_1.B__1.I 1.I
Running vina for 8tce__1__1.A__1.C, ligand 1.C...
  Skipping (exists) 8tce__1__1.A__1.C 1.C
Running vina for 8tjc__1__1.A__1.K, ligand 1.K...
  Skipping (exists) 8tjc__1__1.A__1.K 1.K
Running vina for 8tl8__1__1.A__1.C, ligand 1.C...
  Skipping (exists) 8tl8__1__1.A__1.C 1.C
Running vina for 8tn6__1__1.A__1.D, ligand 1.D...
  Skipping (exists) 8tn6__1__1.A__1.D 1.D
Running vina for 8tnb__1__1.A_1.C__1.F, ligand 1.F...
  Skipping (exists) 8tnb__1__1.A_1.C__1.F 1.F
Running vina for 8tnc__1__1.B__1.E, ligand 1.E...
  Skipping (exists) 8tnc__1__1.B__1.E 1.E
Running vina for 8tnd__1__1.B__1.F, ligand 1.F...
  Skipping (exists) 8tnd__1__1.B__1.F 1.F
Running vina for 8tqv__1__1.A__1.C, ligand 1.C...
  Skipping (exists) 8tqv__1__1.A__1.C 1.C
Running vina for 8ts9__1__1.A__1.C, ligand 1.C...
  Skipping (exists) 8ts9__1__1.A__1.C 1.C
Running vina for 8tsa__1__1.A__1.C, ligand 1.C...
  Skipping (exists) 8tsa__1__1.A__1.C 1.C
Running vina for 8tsd__1__1.A__1.C, ligand 1.C...
  Skipping (exists) 8tsd__1__1.A__1.C 1.C
Running vina for 8tti__1__1.A__1.E, ligand 1.E...
  Skipping (exists) 8tti__1__1.A__1.E 1.E
Running vina for 8ttz__1__2.B__2.GA, ligand 2.GA...
  Skipping (exists) 8ttz__1__2.B__2.GA 2.GA
Running vina for 8typ__1__1.A__1.C, ligand 1.C...
  Skipping (exists) 8typ__1__1.A__1.C 1.C
Running vina for 8u2e__1__1.A__1.B, ligand 1.B...
  Skipping (exists) 8u2e__1__1.A__1.B 1.B
Running vina for 8u2r__1__1.A__1.C, ligand 1.C...
  Skipping (exists) 8u2r__1__1.A__1.C 1.C
Running vina for 8u37__1__1.A__1.B, ligand 1.B...
  Skipping (exists) 8u37__1__1.A__1.B 1.B
Running vina for 8u4w__1__1.A__1.E, ligand 1.E...
  Skipping (exists) 8u4w__1__1.A__1.E 1.E
Running vina for 8u7w__1__1.A__1.C, ligand 1.C...
  Skipping (exists) 8u7w__1__1.A__1.C 1.C
Running vina for 8u7x__1__1.A__1.C, ligand 1.C...
  Skipping (exists) 8u7x__1__1.A__1.C 1.C
Running vina for 8u8j__1__1.A__1.B, ligand 1.B...
  Skipping (exists) 8u8j__1__1.A__1.B 1.B
Running vina for 8u8k__1__1.A__1.B, ligand 1.B...
  Skipping (exists) 8u8k__1__1.A__1.B 1.B
Running vina for 8u97__1__1.A__1.B, ligand 1.B...
  Skipping (exists) 8u97__1__1.A__1.B 1.B
Running Vina (ex=8): 100%|██████████| 1426/1426 [00:00<00:00, 19030.32it/s]
Running vina for 8uak__1__1.A__1.B, ligand 1.B...
  Skipping (exists) 8uak__1__1.A__1.B 1.B
Running vina for 8ufp__1__1.A_1.B__1.K, ligand 1.K...
  Skipping (exists) 8ufp__1__1.A_1.B__1.K 1.K
Running vina for 8ug1__1__1.B__1.H, ligand 1.H...
  Skipping (exists) 8ug1__1__1.B__1.H 1.H
Running vina for 8ug3__1__1.A_1.B__1.C, ligand 1.C...
  Skipping (exists) 8ug3__1__1.A_1.B__1.C 1.C
Running vina for 8ujy__1__1.B__1.D, ligand 1.D...
  Skipping (exists) 8ujy__1__1.B__1.D 1.D
Running vina for 8uk6__1__1.A__1.C, ligand 1.C...
  Skipping (exists) 8uk6__1__1.A__1.C 1.C
Running vina for 8uob__1__1.A__1.B, ligand 1.B...
  Skipping (exists) 8uob__1__1.A__1.B 1.B
Running vina for 8ur9__1__1.A_1.B__1.C, ligand 1.C...
  Skipping (exists) 8ur9__1__1.A_1.B__1.C 1.C
Running vina for 8usm__1__1.A__1.C, ligand 1.C...
  Skipping (exists) 8usm__1__1.A__1.C 1.C
Running vina for 8uuf__1__1.A__1.B, ligand 1.B...
  Skipping (exists) 8uuf__1__1.A__1.B 1.B
Running vina for 8uuu__1__1.A__1.B, ligand 1.B...
  Skipping (exists) 8uuu__1__1.A__1.B 1.B
Running vina for 8uuv__1__1.A__1.B, ligand 1.B...
  Skipping (exists) 8uuv__1__1.A__1.B 1.B
Running vina for 8ux7__1__1.B__1.I, ligand 1.I...
  Skipping (exists) 8ux7__1__1.B__1.I 1.I
Running vina for 8v2k__1__1.C_1.D__1.N, ligand 1.N...
  Skipping (exists) 8v2k__1__1.C_1.D__1.N 1.N
Running vina for 8v4a__1__1.C_1.D__1.M, ligand 1.M...
  Skipping (exists) 8v4a__1__1.C_1.D__1.M 1.M
Running vina for 8v4p__1__1.A__1.L, ligand 1.L...
  Skipping (exists) 8v4p__1__1.A__1.L 1.L
Running vina for 8v5g__1__1.A__1.D, ligand 1.D...
  Skipping (exists) 8v5g__1__1.A__1.D 1.D
Running vina for 8v8e__1__1.A__1.D, ligand 1.D...
  Skipping (exists) 8v8e__1__1.A__1.D 1.D
Running vina for 8v8j__1__1.A__1.F, ligand 1.F...
  Skipping (exists) 8v8j__1__1.A__1.F 1.F
Running vina for 8v9p__1__1.C_1.D__1.M, ligand 1.M...
  Skipping (exists) 8v9p__1__1.C_1.D__1.M 1.M
Running vina for 8w0b__1__1.A__1.D, ligand 1.D...
  Skipping (exists) 8w0b__1__1.A__1.D 1.D
Running vina for 8w0d__1__1.A__1.E, ligand 1.E...
  Skipping (exists) 8w0d__1__1.A__1.E 1.E
Running vina for 8w0j__1__1.A__1.D, ligand 1.D...
  Skipping (exists) 8w0j__1__1.A__1.D 1.D
Running vina for 8w0m__1__1.C__1.F, ligand 1.F...
  Skipping (exists) 8w0m__1__1.C__1.F 1.F
Running vina for 8w4s__1__1.A__1.D, ligand 1.D...
  Skipping (exists) 8w4s__1__1.A__1.D 1.D
Running vina for 8wd4__1__1.A__1.B, ligand 1.B...
  Skipping (exists) 8wd4__1__1.A__1.B 1.B
Running vina for 8wdx__1__1.A__1.B, ligand 1.B...
  Skipping (exists) 8wdx__1__1.A__1.B 1.B
Running vina for 8wjy__1__1.A__1.B, ligand 1.B...
  Skipping (exists) 8wjy__1__1.A__1.B 1.B
Running vina for 8wnj__1__1.A__1.F, ligand 1.F...
  Skipping (exists) 8wnj__1__1.A__1.F 1.F
Running vina for 8wo2__1__1.A__1.D, ligand 1.D...
  Skipping (exists) 8wo2__1__1.A__1.D 1.D
Running vina for 8wrj__1__1.A__1.B, ligand 1.B...
  Skipping (exists) 8wrj__1__1.A__1.B 1.B
Running vina for 8wsm__1__1.A__1.D, ligand 1.D...
  Skipping (exists) 8wsm__1__1.A__1.D 1.D
Running vina for 8wsw__1__1.A__1.E, ligand 1.E...
  Skipping (exists) 8wsw__1__1.A__1.E 1.E
Running vina for 8wzq__1__1.A__1.C, ligand 1.C...
  Skipping (exists) 8wzq__1__1.A__1.C 1.C
Running vina for 8x1a__1__1.A__1.B, ligand 1.B...
  Skipping (exists) 8x1a__1__1.A__1.B 1.B
Running vina for 8xfd__1__1.C_1.D__1.N, ligand 1.N...
  Skipping (exists) 8xfd__1__1.C_1.D__1.N 1.N
Running vina for 8xhd__1__1.A_1.B__1.C, ligand 1.C...
  Skipping (exists) 8xhd__1__1.A_1.B__1.C 1.C
Running vina for 8y33__1__1.A__1.B, ligand 1.B...
  Skipping (exists) 8y33__1__1.A__1.B 1.B
Running vina for 9eun__1__1.A__1.E, ligand 1.E...
  Skipping (exists) 9eun__1__1.A__1.E 1.E
Running vina for 9f40__1__1.A__1.Q, ligand 1.Q...
  Skipping (exists) 9f40__1__1.A__1.Q 1.Q
Running vina for 9f41__1__1.A__1.Q, ligand 1.Q...
  Skipping (exists) 9f41__1__1.A__1.Q 1.Q

Done! Success: 1425, Failed: 1
Output directory (base): /home/rquiroga/Datasets/runs-n-poses-datasets/autodock_vina_8

[2026-07-01 15:19:28] $ /home/rquiroga/anaconda3/envs/runs_n_poses/bin/python /home/rquiroga/github/runs-n-poses/scripts/03_run_vina.py --receptor-dir /home/rquiroga/Datasets/runs-n-poses-datasets/symmetry_receptors_pdbqt --ligand-dir /home/rquiroga/Datasets/runs-n-poses-datasets/symmetry_ligands_pdbqt --output-dir /home/rquiroga/Datasets/runs-n-poses-datasets/autodock_vina_32 --exhaustiveness 32 --threads 8 --executable vina --annotations /home/rquiroga/github/runs-n-poses/scripts/annotations_single_ligand_symmetry.csv --resume
Processing 1426 systems...
Running Vina (exhaustiveness=32) -> /home/rquiroga/Datasets/runs-n-poses-datasets/autodock_vina_32
Running Vina (ex=32):   0%|          | 0/1426 [00:00<?, ?it/s]Running vina for 5s9y__1__1.A__1.K, ligand 1.K...
  Skipping (exists) 5s9y__1__1.A__1.K 1.K
Running vina for 5s9z__1__1.A_1.B__1.R, ligand 1.R...
  Skipping (exists) 5s9z__1__1.A_1.B__1.R 1.R
Running vina for 5sau__1__1.A__1.B, ligand 1.B...
  Skipping (exists) 5sau__1__1.A__1.B 1.B
Running vina for 5sav__1__1.A__1.B, ligand 1.B...
  Skipping (exists) 5sav__1__1.A__1.B 1.B
Running vina for 5saw__1__1.A__1.B, ligand 1.B...
  Skipping (exists) 5saw__1__1.A__1.B 1.B
Running vina for 5sb2__1__1.A__1.G, ligand 1.G...
  Skipping (exists) 5sb2__1__1.A__1.G 1.G
Running vina for 5sdh__1__1.A_1.B__1.F, ligand 1.F...
  Skipping (exists) 5sdh__1__1.A_1.B__1.F 1.F
Running vina for 5sdu__1__1.A__1.G, ligand 1.G...
  Skipping (exists) 5sdu__1__1.A__1.G 1.G
Running vina for 5sdy__1__1.A__1.D, ligand 1.D...
  Skipping (exists) 5sdy__1__1.A__1.D 1.D
Running vina for 5se0__1__1.A__1.G, ligand 1.G...
  Skipping (exists) 5se0__1__1.A__1.G 1.G
Running vina for 5se2__1__1.A__1.G, ligand 1.G...
  Skipping (exists) 5se2__1__1.A__1.G 1.G
Running vina for 5se3__1__1.A__1.G, ligand 1.G...
  Skipping (exists) 5se3__1__1.A__1.G 1.G
Running vina for 5se5__1__1.A__1.G, ligand 1.G...
  Skipping (exists) 5se5__1__1.A__1.G 1.G
Running vina for 5se6__1__1.A__1.G, ligand 1.G...
  Skipping (exists) 5se6__1__1.A__1.G 1.G
Running vina for 5se8__1__1.A__1.G, ligand 1.G...
  Skipping (exists) 5se8__1__1.A__1.G 1.G
Running vina for 5se9__1__1.A__1.G, ligand 1.G...
  Skipping (exists) 5se9__1__1.A__1.G 1.G
Running vina for 5sea__1__1.A__1.G, ligand 1.G...
  Skipping (exists) 5sea__1__1.A__1.G 1.G
Running vina for 5seb__1__1.A__1.G, ligand 1.G...
  Skipping (exists) 5seb__1__1.A__1.G 1.G
Running vina for 5sec__1__1.A__1.G, ligand 1.G...
  Skipping (exists) 5sec__1__1.A__1.G 1.G
Running vina for 5see__1__1.A__1.E, ligand 1.E...
  Skipping (exists) 5see__1__1.A__1.E 1.E
Running vina for 5seh__1__1.A__1.G, ligand 1.G...
  Skipping (exists) 5seh__1__1.A__1.G 1.G
Running vina for 5sek__1__1.A__1.G, ligand 1.G...
  Skipping (exists) 5sek__1__1.A__1.G 1.G
Running vina for 5sel__1__1.A__1.G, ligand 1.G...
  Skipping (exists) 5sel__1__1.A__1.G 1.G
Running vina for 5sem__1__1.A__1.G, ligand 1.G...
  Skipping (exists) 5sem__1__1.A__1.G 1.G
Running vina for 5sen__1__1.A__1.G, ligand 1.G...
  Skipping (exists) 5sen__1__1.A__1.G 1.G
Running vina for 5seo__1__1.A__1.G, ligand 1.G...
  Skipping (exists) 5seo__1__1.A__1.G 1.G
Running vina for 5sex__1__1.A__1.G, ligand 1.G...
  Skipping (exists) 5sex__1__1.A__1.G 1.G
Running vina for 5sez__1__1.A__1.G, ligand 1.G...
  Skipping (exists) 5sez__1__1.A__1.G 1.G
Running vina for 5sf0__1__1.A__1.G, ligand 1.G...
  Skipping (exists) 5sf0__1__1.A__1.G 1.G
Running vina for 5sf1__1__1.A__1.E, ligand 1.E...
  Skipping (exists) 5sf1__1__1.A__1.E 1.E
Running vina for 5sf4__1__1.A__1.G, ligand 1.G...
  Skipping (exists) 5sf4__1__1.A__1.G 1.G
Running vina for 5sf7__1__1.A__1.G, ligand 1.G...
  Skipping (exists) 5sf7__1__1.A__1.G 1.G
Running vina for 5sfc__1__1.A__1.G, ligand 1.G...
  Skipping (exists) 5sfc__1__1.A__1.G 1.G
Running vina for 5sfd__1__1.A__1.G, ligand 1.G...
  Skipping (exists) 5sfd__1__1.A__1.G 1.G
Running vina for 5sfg__1__1.A__1.G, ligand 1.G...
  Skipping (exists) 5sfg__1__1.A__1.G 1.G
Running vina for 5sfh__1__1.A__1.G, ligand 1.G...
  Skipping (exists) 5sfh__1__1.A__1.G 1.G
Running vina for 5sfl__1__1.A__1.G, ligand 1.G...
  Skipping (exists) 5sfl__1__1.A__1.G 1.G
Running vina for 5sfn__1__1.A__1.G, ligand 1.G...
  Skipping (exists) 5sfn__1__1.A__1.G 1.G
Running vina for 5sfo__1__1.A__1.G, ligand 1.G...
  Skipping (exists) 5sfo__1__1.A__1.G 1.G
Running vina for 5sfp__1__1.A__1.G, ligand 1.G...
  Skipping (exists) 5sfp__1__1.A__1.G 1.G
Running vina for 5sfr__1__1.A__1.G, ligand 1.G...
  Skipping (exists) 5sfr__1__1.A__1.G 1.G
Running vina for 5sfx__1__1.A__1.G, ligand 1.G...
  Skipping (exists) 5sfx__1__1.A__1.G 1.G
Running vina for 5sfy__1__1.A__1.G, ligand 1.G...
  Skipping (exists) 5sfy__1__1.A__1.G 1.G
Running vina for 5sg0__1__1.A__1.G, ligand 1.G...
  Skipping (exists) 5sg0__1__1.A__1.G 1.G
Running vina for 5sg5__1__1.A__1.G, ligand 1.G...
  Skipping (exists) 5sg5__1__1.A__1.G 1.G
Running vina for 5sg6__1__1.A__1.G, ligand 1.G...
  Skipping (exists) 5sg6__1__1.A__1.G 1.G
Running vina for 5sg9__1__1.A__1.G, ligand 1.G...
  Skipping (exists) 5sg9__1__1.A__1.G 1.G
Running vina for 5sgg__1__1.A__1.G, ligand 1.G...
  Skipping (exists) 5sgg__1__1.A__1.G 1.G
Running vina for 5sgh__1__1.A__1.G, ligand 1.G...
  Skipping (exists) 5sgh__1__1.A__1.G 1.G
Running vina for 5sgk__1__1.A__1.G, ligand 1.G...
  Skipping (exists) 5sgk__1__1.A__1.G 1.G
Running vina for 5sgl__1__1.A__1.G, ligand 1.G...
  Skipping (exists) 5sgl__1__1.A__1.G 1.G
Running vina for 5sgm__1__1.A__1.D, ligand 1.D...
  Skipping (exists) 5sgm__1__1.A__1.D 1.D
Running vina for 5sgp__1__1.A__1.H, ligand 1.H...
  Skipping (exists) 5sgp__1__1.A__1.H 1.H
Running vina for 5sgr__1__1.A__1.G, ligand 1.G...
  Skipping (exists) 5sgr__1__1.A__1.G 1.G
Running vina for 5sgs__1__1.A__1.G, ligand 1.G...
  Skipping (exists) 5sgs__1__1.A__1.G 1.G
Running vina for 5sgt__1__1.A__1.G, ligand 1.G...
  Skipping (exists) 5sgt__1__1.A__1.G 1.G
Running vina for 5sgu__1__1.A__1.G, ligand 1.G...
  Skipping (exists) 5sgu__1__1.A__1.G 1.G
Running vina for 5sgw__1__1.A__1.G, ligand 1.G...
  Skipping (exists) 5sgw__1__1.A__1.G 1.G
Running vina for 5sgx__1__1.A__1.G, ligand 1.G...
  Skipping (exists) 5sgx__1__1.A__1.G 1.G
Running vina for 5sgz__1__1.A__1.G, ligand 1.G...
  Skipping (exists) 5sgz__1__1.A__1.G 1.G
Running vina for 5sh0__1__1.A__1.G, ligand 1.G...
  Skipping (exists) 5sh0__1__1.A__1.G 1.G
Running vina for 5sh1__1__1.A__1.G, ligand 1.G...
  Skipping (exists) 5sh1__1__1.A__1.G 1.G
Running vina for 5sh2__1__1.A__1.G, ligand 1.G...
  Skipping (exists) 5sh2__1__1.A__1.G 1.G
Running vina for 5sh6__1__1.A__1.G, ligand 1.G...
  Skipping (exists) 5sh6__1__1.A__1.G 1.G
Running vina for 5sh8__1__1.A__1.E, ligand 1.E...
  Skipping (exists) 5sh8__1__1.A__1.E 1.E
Running vina for 5shc__1__1.A__1.G, ligand 1.G...
  Skipping (exists) 5shc__1__1.A__1.G 1.G
Running vina for 5shf__1__1.A__1.G, ligand 1.G...
  Skipping (exists) 5shf__1__1.A__1.G 1.G
Running vina for 5shg__1__1.A__1.G, ligand 1.G...
  Skipping (exists) 5shg__1__1.A__1.G 1.G
Running vina for 5shh__1__1.A__1.G, ligand 1.G...
  Skipping (exists) 5shh__1__1.A__1.G 1.G
Running vina for 5shi__1__1.A__1.E, ligand 1.E...
  Skipping (exists) 5shi__1__1.A__1.E 1.E
Running vina for 5shk__1__1.A__1.G, ligand 1.G...
  Skipping (exists) 5shk__1__1.A__1.G 1.G
Running vina for 5shp__1__1.A__1.G, ligand 1.G...
  Skipping (exists) 5shp__1__1.A__1.G 1.G
Running vina for 5shr__1__1.A__1.G, ligand 1.G...
  Skipping (exists) 5shr__1__1.A__1.G 1.G
Running vina for 5shu__1__1.A__1.G, ligand 1.G...
  Skipping (exists) 5shu__1__1.A__1.G 1.G
Running vina for 5shw__1__1.A__1.G, ligand 1.G...
  Skipping (exists) 5shw__1__1.A__1.G 1.G
Running vina for 5shx__1__1.A__1.G, ligand 1.G...
  Skipping (exists) 5shx__1__1.A__1.G 1.G
Running vina for 5si3__1__1.A__1.E, ligand 1.E...
  Skipping (exists) 5si3__1__1.A__1.E 1.E
Running vina for 5si5__1__1.A__1.G, ligand 1.G...
  Skipping (exists) 5si5__1__1.A__1.G 1.G
Running vina for 5si6__1__1.A__1.G, ligand 1.G...
  Skipping (exists) 5si6__1__1.A__1.G 1.G
Running vina for 5si7__1__1.A__1.G, ligand 1.G...
  Skipping (exists) 5si7__1__1.A__1.G 1.G
Running vina for 5si8__1__1.A__1.G, ligand 1.G...
  Skipping (exists) 5si8__1__1.A__1.G 1.G
Running vina for 5si9__1__1.A__1.G, ligand 1.G...
  Skipping (exists) 5si9__1__1.A__1.G 1.G
Running vina for 5sie__1__1.A__1.G, ligand 1.G...
  Skipping (exists) 5sie__1__1.A__1.G 1.G
Running vina for 5sif__1__1.A__1.I, ligand 1.I...
  Skipping (exists) 5sif__1__1.A__1.I 1.I
Running vina for 5sig__1__1.A__1.G, ligand 1.G...
  Skipping (exists) 5sig__1__1.A__1.G 1.G
Running vina for 5sih__1__1.A__1.H, ligand 1.H...
  Skipping (exists) 5sih__1__1.A__1.H 1.H
Running vina for 5sio__1__1.A__1.H, ligand 1.H...
  Skipping (exists) 5sio__1__1.A__1.H 1.H
Running vina for 5sip__1__1.A__1.G, ligand 1.G...
  Skipping (exists) 5sip__1__1.A__1.G 1.G
Running vina for 5siq__1__1.A__1.H, ligand 1.H...
  Skipping (exists) 5siq__1__1.A__1.H 1.H
Running vina for 5sir__1__1.A__1.G, ligand 1.G...
  Skipping (exists) 5sir__1__1.A__1.G 1.G
Running vina for 5siy__1__1.A__1.G, ligand 1.G...
  Skipping (exists) 5siy__1__1.A__1.G 1.G
Running vina for 5siz__1__1.A__1.G, ligand 1.G...
  Skipping (exists) 5siz__1__1.A__1.G 1.G
Running vina for 5sj1__1__1.A__1.G, ligand 1.G...
  Skipping (exists) 5sj1__1__1.A__1.G 1.G
Running vina for 5sj7__1__1.A__1.G, ligand 1.G...
  Skipping (exists) 5sj7__1__1.A__1.G 1.G
Running vina for 5sj8__1__1.A__1.G, ligand 1.G...
  Skipping (exists) 5sj8__1__1.A__1.G 1.G
Running vina for 5sjb__1__1.A__1.G, ligand 1.G...
  Skipping (exists) 5sjb__1__1.A__1.G 1.G
Running vina for 5sjc__1__1.A__1.F, ligand 1.F...
  Skipping (exists) 5sjc__1__1.A__1.F 1.F
Running vina for 5sjf__1__1.A__1.H, ligand 1.H...
  Skipping (exists) 5sjf__1__1.A__1.H 1.H
Running vina for 5sjg__1__1.A__1.G, ligand 1.G...
  Skipping (exists) 5sjg__1__1.A__1.G 1.G
Running vina for 5sjl__1__1.A__1.G, ligand 1.G...
  Skipping (exists) 5sjl__1__1.A__1.G 1.G
Running vina for 5sjo__1__1.A__1.H, ligand 1.H...
  Skipping (exists) 5sjo__1__1.A__1.H 1.H
Running vina for 5sjt__1__1.A__1.H, ligand 1.H...
  Skipping (exists) 5sjt__1__1.A__1.H 1.H
Running vina for 5sju__1__1.A__1.G, ligand 1.G...
  Skipping (exists) 5sju__1__1.A__1.G 1.G
Running vina for 5sjv__1__1.A__1.G, ligand 1.G...
  Skipping (exists) 5sjv__1__1.A__1.G 1.G
Running vina for 5sjw__1__1.A__1.I, ligand 1.I...
  Skipping (exists) 5sjw__1__1.A__1.I 1.I
Running vina for 5sk0__1__1.A__1.G, ligand 1.G...
  Skipping (exists) 5sk0__1__1.A__1.G 1.G
Running vina for 5sk4__1__1.A__1.G, ligand 1.G...
  Skipping (exists) 5sk4__1__1.A__1.G 1.G
Running vina for 5sk5__1__1.A__1.H, ligand 1.H...
  Skipping (exists) 5sk5__1__1.A__1.H 1.H
Running vina for 5sk6__1__1.A__1.G, ligand 1.G...
  Skipping (exists) 5sk6__1__1.A__1.G 1.G
Running vina for 5sk9__1__1.A__1.G, ligand 1.G...
  Skipping (exists) 5sk9__1__1.A__1.G 1.G
Running vina for 5skd__1__1.A__1.G, ligand 1.G...
  Skipping (exists) 5skd__1__1.A__1.G 1.G
Running vina for 5ske__1__1.A__1.G, ligand 1.G...
  Skipping (exists) 5ske__1__1.A__1.G 1.G
Running vina for 5skf__1__1.A__1.I, ligand 1.I...
  Skipping (exists) 5skf__1__1.A__1.I 1.I
Running vina for 5skg__1__1.A__1.G, ligand 1.G...
  Skipping (exists) 5skg__1__1.A__1.G 1.G
Running vina for 5skh__1__1.A__1.H, ligand 1.H...
  Skipping (exists) 5skh__1__1.A__1.H 1.H
Running vina for 5ski__1__1.A__1.G, ligand 1.G...
  Skipping (exists) 5ski__1__1.A__1.G 1.G
Running vina for 5skl__1__1.A__1.G, ligand 1.G...
  Skipping (exists) 5skl__1__1.A__1.G 1.G
Running vina for 5skm__1__1.A__1.G, ligand 1.G...
  Skipping (exists) 5skm__1__1.A__1.G 1.G
Running vina for 5sko__1__1.A__1.G, ligand 1.G...
  Skipping (exists) 5sko__1__1.A__1.G 1.G
Running vina for 5skr__1__1.A__1.G, ligand 1.G...
  Skipping (exists) 5skr__1__1.A__1.G 1.G
Running vina for 5skt__1__1.A__1.G, ligand 1.G...
  Skipping (exists) 5skt__1__1.A__1.G 1.G
Running vina for 5sku__1__1.A__1.G, ligand 1.G...
  Skipping (exists) 5sku__1__1.A__1.G 1.G
Running vina for 5slg__1__1.A__1.G, ligand 1.G...
  Skipping (exists) 5slg__1__1.A__1.G 1.G
Running vina for 6th4__1__1.C_1.D__1.T, ligand 1.T...
  Skipping (exists) 6th4__1__1.C_1.D__1.T 1.T
Running vina for 6xqr__1__1.B__1.E, ligand 1.E...
  Skipping (exists) 6xqr__1__1.B__1.E 1.E
Running vina for 6z48__1__1.B__1.J, ligand 1.J...
  Skipping (exists) 6z48__1__1.B__1.J 1.J
Running vina for 6zfz__1__1.A__1.B, ligand 1.B...
  Skipping (exists) 6zfz__1__1.A__1.B 1.B
Running vina for 6zg4__1__1.A__1.B, ligand 1.B...
  Skipping (exists) 6zg4__1__1.A__1.B 1.B
Running vina for 6zg9__1__1.A__1.B, ligand 1.B...
  Skipping (exists) 6zg9__1__1.A__1.B 1.B
Running vina for 6zx1__1__1.A_2.A__1.B, ligand 1.B...
  Skipping (exists) 6zx1__1__1.A_2.A__1.B 1.B
Running vina for 7a4q__1__1.A__1.B, ligand 1.B...
  Skipping (exists) 7a4q__1__1.A__1.B 1.B
Running vina for 7abj__1__1.A__1.T, ligand 1.T...
  Skipping (exists) 7abj__1__1.A__1.T 1.T
Running vina for 7ait__1__1.A__1.C, ligand 1.C...
  Skipping (exists) 7ait__1__1.A__1.C 1.C
Running vina for 7aiu__1__1.A__1.H, ligand 1.H...
  Skipping (exists) 7aiu__1__1.A__1.H 1.H
Running vina for 7aiw__1__2.B__2.M, ligand 2.M...
  Skipping (exists) 7aiw__1__2.B__2.M 2.M
Running vina for 7an8__1__1.B__1.E, ligand 1.E...
  Skipping (exists) 7an8__1__1.B__1.E 1.E
Running vina for 7ana__1__1.A__1.C, ligand 1.C...
  Skipping (exists) 7ana__1__1.A__1.C 1.C
Running vina for 7au4__1__1.A_2.A__2.D, ligand 2.D...
  Skipping (exists) 7au4__1__1.A_2.A__2.D 2.D
Running vina for 7ay9__1__1.A__1.I, ligand 1.I...
  Skipping (exists) 7ay9__1__1.A__1.I 1.I
Running vina for 7ayz__1__1.A__1.D, ligand 1.D...
  Skipping (exists) 7ayz__1__1.A__1.D 1.D
Running vina for 7b2u__1__1.A_1.B__1.C, ligand 1.C...
  Skipping (exists) 7b2u__1__1.A_1.B__1.C 1.C
Running vina for 7b3g__1__1.A__1.I, ligand 1.I...
  Skipping (exists) 7b3g__1__1.A__1.I 1.I
Running vina for 7b3h__1__1.A__1.H, ligand 1.H...
  Skipping (exists) 7b3h__1__1.A__1.H 1.H
Running vina for 7b3i__1__1.A__1.I, ligand 1.I...
  Skipping (exists) 7b3i__1__1.A__1.I 1.I
Running vina for 7b3p__1__1.A__1.G, ligand 1.G...
  Skipping (exists) 7b3p__1__1.A__1.G 1.G
Running vina for 7b3x__1__1.A__1.F, ligand 1.F...
  Skipping (exists) 7b3x__1__1.A__1.F 1.F
Running vina for 7b4x__1__1.A__1.M, ligand 1.M...
  Skipping (exists) 7b4x__1__1.A__1.M 1.M
Running vina for 7b6v__1__1.C_1.D__1.Y, ligand 1.Y...
  Skipping (exists) 7b6v__1__1.C_1.D__1.Y 1.Y
Running vina for 7b77__1__1.A_2.A__1.F, ligand 1.F...
  Skipping (exists) 7b77__1__1.A_2.A__1.F 1.F
Running vina for 7b87__1__1.A__1.N, ligand 1.N...
  Skipping (exists) 7b87__1__1.A__1.N 1.N
Running vina for 7b89__1__1.A__1.D, ligand 1.D...
  Skipping (exists) 7b89__1__1.A__1.D 1.D
Running vina for 7b8a__1__1.A__1.F, ligand 1.F...
  Skipping (exists) 7b8a__1__1.A__1.F 1.F
Running vina for 7bc9__1__1.A__1.J, ligand 1.J...
  Skipping (exists) 7bc9__1__1.A__1.J 1.J
Running vina for 7bcf__1__1.A__1.H, ligand 1.H...
  Skipping (exists) 7bcf__1__1.A__1.H 1.H
Running vina for 7bdd__1__1.A__1.G, ligand 1.G...
  Skipping (exists) 7bdd__1__1.A__1.G 1.G
Running vina for 7bis__1__1.A_2.A__2.F, ligand 2.F...
  Skipping (exists) 7bis__1__1.A_2.A__2.F 2.F
Running vina for 7bk9__1__1.A_2.A__2.F, ligand 2.F...
  Skipping (exists) 7bk9__1__1.A_2.A__2.F 2.F
Running vina for 7blw__1__1.A__1.F, ligand 1.F...
  Skipping (exists) 7blw__1__1.A__1.F 1.F
Running vina for 7bm7__1__1.A__1.F, ligand 1.F...
  Skipping (exists) 7bm7__1__1.A__1.F 1.F
Running vina for 7bn5__1__1.A__1.G, ligand 1.G...
  Skipping (exists) 7bn5__1__1.A__1.G 1.G
Running vina for 7bn8__1__1.A__1.G, ligand 1.G...
  Skipping (exists) 7bn8__1__1.A__1.G 1.G
Running vina for 7bnc__1__1.A__1.K, ligand 1.K...
  Skipping (exists) 7bnc__1__1.A__1.K 1.K
Running vina for 7bo7__1__1.A__1.C, ligand 1.C...
  Skipping (exists) 7bo7__1__1.A__1.C 1.C
Running vina for 7dcw__1__1.A_1.B__1.D, ligand 1.D...
  Skipping (exists) 7dcw__1__1.A_1.B__1.D 1.D
Running vina for 7dg4__1__1.A__1.B, ligand 1.B...
  Skipping (exists) 7dg4__1__1.A__1.B 1.B
Running vina for 7dh3__1__1.A__1.B, ligand 1.B...
  Skipping (exists) 7dh3__1__1.A__1.B 1.B
Running vina for 7dh9__1__1.A__1.B, ligand 1.B...
  Skipping (exists) 7dh9__1__1.A__1.B 1.B
Running vina for 7dhn__1__1.A__1.B, ligand 1.B...
  Skipping (exists) 7dhn__1__1.A__1.B 1.B
Running vina for 7di7__1__1.A__1.D, ligand 1.D...
  Skipping (exists) 7di7__1__1.A__1.D 1.D
Running vina for 7dji__1__1.D_1.E__1.L, ligand 1.L...
  Skipping (exists) 7dji__1__1.D_1.E__1.L 1.L
Running vina for 7dml__1__1.A__1.E, ligand 1.E...
  Skipping (log exists) 7dml__1__1.A__1.E 1.E
Running vina for 7dnn__1__1.A_1.B__1.E, ligand 1.E...
  Skipping (exists) 7dnn__1__1.A_1.B__1.E 1.E
Running vina for 7dow__1__1.A_1.B__1.C, ligand 1.C...
  Skipping (exists) 7dow__1__1.A_1.B__1.C 1.C
Running vina for 7doy__1__1.A_1.B__1.E, ligand 1.E...
  Skipping (exists) 7doy__1__1.A_1.B__1.E 1.E
Running vina for 7du9__1__1.A_1.B__1.D, ligand 1.D...
  Skipping (exists) 7du9__1__1.A_1.B__1.D 1.D
Running vina for 7dua__1__1.B__1.D, ligand 1.D...
  Skipping (exists) 7dua__1__1.B__1.D 1.D
Running vina for 7dvb__1__1.A__1.E, ligand 1.E...
  Skipping (exists) 7dvb__1__1.A__1.E 1.E
Running vina for 7dxl__1__1.A__1.C, ligand 1.C...
  Skipping (exists) 7dxl__1__1.A__1.C 1.C
Running vina for 7e1n__1__1.A_1.B__1.D, ligand 1.D...
  Skipping (exists) 7e1n__1__1.A_1.B__1.D 1.D
Running vina for 7e5f__1__1.A_2.A__2.B, ligand 2.B...
  Skipping (exists) 7e5f__1__1.A_2.A__2.B 2.B
Running vina for 7e5g__1__1.A_2.A__2.B, ligand 2.B...
  Skipping (exists) 7e5g__1__1.A_2.A__2.B 2.B
Running vina for 7eba__1__1.A__1.C, ligand 1.C...
  Skipping (exists) 7eba__1__1.A__1.C 1.C
Running vina for 7ee5__1__1.A__1.H, ligand 1.H...
  Skipping (exists) 7ee5__1__1.A__1.H 1.H
Running vina for 7ei4__1__1.A_1.B_1.C__1.F, ligand 1.F...
  Skipping (exists) 7ei4__1__1.A_1.B_1.C__1.F 1.F
Running vina for 7ejv__1__1.B__1.D, ligand 1.D...
  Skipping (exists) 7ejv__1__1.B__1.D 1.D
Running vina for 7ekr__1__1.A__1.C, ligand 1.C...
  Skipping (exists) 7ekr__1__1.A__1.C 1.C
Running vina for 7elt__1__2.A__2.B, ligand 2.B...
  Skipping (exists) 7elt__1__2.A__2.B 2.B
Running vina for 7ems__1__1.A__1.D, ligand 1.D...
  Skipping (exists) 7ems__1__1.A__1.D 1.D
Running vina for 7en5__1__1.A_3.A_4.A__3.B, ligand 3.B...
  Skipping (exists) 7en5__1__1.A_3.A_4.A__3.B 3.B
Running vina for 7en7__1__1.A_2.A_4.A__2.B, ligand 2.B...
  Skipping (exists) 7en7__1__1.A_2.A_4.A__2.B 2.B
Running vina for 7en9__1__1.A_2.A__2.B, ligand 2.B...
  Skipping (exists) 7en9__1__1.A_2.A__2.B 2.B
Running vina for 7end__1__1.A_2.A__2.B, ligand 2.B...
  Skipping (exists) 7end__1__1.A_2.A__2.B 2.B
Running vina for 7ene__1__1.A_1.B__1.E, ligand 1.E...
  Skipping (exists) 7ene__1__1.A_1.B__1.E 1.E
Running vina for 7er2__1__1.A__1.B, ligand 1.B...
  Skipping (exists) 7er2__1__1.A__1.B 1.B
Running vina for 7es1__1__1.A__1.C, ligand 1.C...
  Skipping (exists) 7es1__1__1.A__1.C 1.C
Running vina for 7eue__1__1.B__1.F, ligand 1.F...
  Skipping (exists) 7eue__1__1.B__1.F 1.F
Running vina for 7exu__1__1.A__1.C, ligand 1.C...
  Skipping (exists) 7exu__1__1.A__1.C 1.C
Running vina for 7ezf__1__1.B__1.G, ligand 1.G...
  Skipping (exists) 7ezf__1__1.B__1.G 1.G
Running vina for 7ezp__1__1.D__1.L, ligand 1.L...
  Skipping (exists) 7ezp__1__1.D__1.L 1.L
Running vina for 7ezr__1__1.B__1.G, ligand 1.G...
  Skipping (exists) 7ezr__1__1.B__1.G 1.G
Running vina for 7f06__1__1.A__1.C, ligand 1.C...
  Skipping (exists) 7f06__1__1.A__1.C 1.C
Running vina for 7f10__1__1.B__1.C, ligand 1.C...
  Skipping (exists) 7f10__1__1.B__1.C 1.C
Running vina for 7f14__1__1.B__1.D, ligand 1.D...
  Skipping (exists) 7f14__1__1.B__1.D 1.D
Running vina for 7f1u__1__1.A_1.B__1.E, ligand 1.E...
  Skipping (exists) 7f1u__1__1.A_1.B__1.E 1.E
Running vina for 7f1v__1__1.C_1.D__1.F, ligand 1.F...
  Skipping (exists) 7f1v__1__1.C_1.D__1.F 1.F
Running vina for 7f35__1__1.A_1.B__1.G, ligand 1.G...
  Skipping (exists) 7f35__1__1.A_1.B__1.G 1.G
Running vina for 7f42__1__1.B__1.C, ligand 1.C...
  Skipping (exists) 7f42__1__1.B__1.C 1.C
Running vina for 7f51__1__1.A__1.C, ligand 1.C...
  Skipping (exists) 7f51__1__1.A__1.C 1.C
Running vina for 7f6w__1__2.A__2.B, ligand 2.B...
  Skipping (exists) 7f6w__1__2.A__2.B 2.B
Running vina for 7f7d__1__2.A__2.B, ligand 2.B...
  Skipping (exists) 7f7d__1__2.A__2.B 2.B
Running vina for 7f83__1__1.B__1.J, ligand 1.J...
  Skipping (exists) 7f83__1__1.B__1.J 1.J
Running vina for 7f8u__1__1.A__1.B, ligand 1.B...
  Skipping (exists) 7f8u__1__1.A__1.B 1.B
Running vina for 7fai__1__1.A__1.E, ligand 1.E...
  Skipping (exists) 7fai__1__1.A__1.E 1.E
Running vina for 7faj__1__1.A__1.E, ligand 1.E...
  Skipping (exists) 7faj__1__1.A__1.E 1.E
Running vina for 7fak__1__1.A__1.B, ligand 1.B...
  Skipping (exists) 7fak__1__1.A__1.B 1.B
Running vina for 7fcz__1__2.B__2.D, ligand 2.D...
  Skipping (exists) 7fcz__1__2.B__2.D 2.D
Running vina for 7fd0__1__1.A__1.C, ligand 1.C...
  Skipping (exists) 7fd0__1__1.A__1.C 1.C
Running vina for 7fd6__1__1.A__1.B, ligand 1.B...
  Skipping (exists) 7fd6__1__1.A__1.B 1.B
Running vina for 7fee__1__1.A__1.D, ligand 1.D...
  Skipping (exists) 7fee__1__1.A__1.D 1.D
Running vina for 7fee__1__1.A__1.E, ligand 1.E...
  Skipping (exists) 7fee__1__1.A__1.E 1.E
Running vina for 7fgc__1__1.B__1.E, ligand 1.E...
  Skipping (exists) 7fgc__1__1.B__1.E 1.E
Running vina for 7fgd__1__1.B__1.E, ligand 1.E...
  Skipping (exists) 7fgd__1__1.B__1.E 1.E
Running vina for 7fha__1__1.A__1.C, ligand 1.C...
  Skipping (exists) 7fha__1__1.A__1.C 1.C
Running vina for 7fhb__1__1.A__1.B, ligand 1.B...
  Skipping (exists) 7fhb__1__1.A__1.B 1.B
Running vina for 7fmg__1__1.A__1.C, ligand 1.C...
  Skipping (exists) 7fmg__1__1.A__1.C 1.C
Running vina for 7fnt__1__1.B__1.C, ligand 1.C...
  Skipping (exists) 7fnt__1__1.B__1.C 1.C
Running vina for 7fsd__1__1.A__1.I, ligand 1.I...
  Skipping (exists) 7fsd__1__1.A__1.I 1.I
Running vina for 7fti__1__1.A__1.C, ligand 1.C...
  Skipping (exists) 7fti__1__1.A__1.C 1.C
Running vina for 7ftm__1__1.A__1.C, ligand 1.C...
  Skipping (exists) 7ftm__1__1.A__1.C 1.C
Running vina for 7ftv__1__1.A__1.C, ligand 1.C...
  Skipping (exists) 7ftv__1__1.A__1.C 1.C
Running vina for 7ftw__1__1.A__1.C, ligand 1.C...
  Skipping (exists) 7ftw__1__1.A__1.C 1.C
Running vina for 7ftz__1__1.A__1.D, ligand 1.D...
  Skipping (exists) 7ftz__1__1.A__1.D 1.D
Running vina for 7fu2__1__1.A__1.C, ligand 1.C...
  Skipping (exists) 7fu2__1__1.A__1.C 1.C
Running vina for 7fu6__1__1.A__1.C, ligand 1.C...
  Skipping (exists) 7fu6__1__1.A__1.C 1.C
Running vina for 7fu7__1__1.A__1.C, ligand 1.C...
  Skipping (exists) 7fu7__1__1.A__1.C 1.C
Running vina for 7fu8__1__1.A__1.C, ligand 1.C...
  Skipping (exists) 7fu8__1__1.A__1.C 1.C
Running vina for 7fuc__1__1.A__1.C, ligand 1.C...
  Skipping (exists) 7fuc__1__1.A__1.C 1.C
Running vina for 7fuf__1__1.A__1.C, ligand 1.C...
  Skipping (exists) 7fuf__1__1.A__1.C 1.C
Running vina for 7fum__1__1.A__1.C, ligand 1.C...
  Skipping (exists) 7fum__1__1.A__1.C 1.C
Running vina for 7fw3__1__1.A__1.B, ligand 1.B...
  Skipping (exists) 7fw3__1__1.A__1.B 1.B
Running vina for 7fwb__1__1.A__1.B, ligand 1.B...
  Skipping (exists) 7fwb__1__1.A__1.B 1.B
Running vina for 7fwe__1__1.A__1.B, ligand 1.B...
  Skipping (exists) 7fwe__1__1.A__1.B 1.B
Running vina for 7fwh__1__1.A__1.B, ligand 1.B...
  Skipping (exists) 7fwh__1__1.A__1.B 1.B
Running vina for 7fwi__1__1.A__1.D, ligand 1.D...
  Skipping (exists) 7fwi__1__1.A__1.D 1.D
Running vina for 7fwl__1__1.A__1.B, ligand 1.B...
  Skipping (exists) 7fwl__1__1.A__1.B 1.B
Running vina for 7fwm__1__1.A__1.B, ligand 1.B...
  Skipping (exists) 7fwm__1__1.A__1.B 1.B
Running vina for 7fwn__1__1.A__1.D, ligand 1.D...
  Skipping (exists) 7fwn__1__1.A__1.D 1.D
Running vina for 7fwr__1__1.A__1.B, ligand 1.B...
  Skipping (exists) 7fwr__1__1.A__1.B 1.B
Running vina for 7fx1__1__1.A__1.B, ligand 1.B...
  Skipping (exists) 7fx1__1__1.A__1.B 1.B
Running vina for 7fxi__1__1.A__1.D, ligand 1.D...
  Skipping (exists) 7fxi__1__1.A__1.D 1.D
Running vina for 7fyr__1__1.A__1.B, ligand 1.B...
  Skipping (exists) 7fyr__1__1.A__1.B 1.B
Running vina for 7fys__1__1.A__1.B, ligand 1.B...
  Skipping (exists) 7fys__1__1.A__1.B 1.B
Running vina for 7fyx__1__1.A__1.C, ligand 1.C...
  Skipping (exists) 7fyx__1__1.A__1.C 1.C
Running vina for 7fz0__1__1.A__1.E, ligand 1.E...
  Skipping (exists) 7fz0__1__1.A__1.E 1.E
Running vina for 7fz3__1__1.A__1.B, ligand 1.B...
  Skipping (exists) 7fz3__1__1.A__1.B 1.B
Running vina for 7fzc__1__1.A__1.B, ligand 1.B...
  Skipping (exists) 7fzc__1__1.A__1.B 1.B
Running vina for 7fzl__1__1.A__1.B, ligand 1.B...
  Skipping (exists) 7fzl__1__1.A__1.B 1.B
Running vina for 7fzs__1__1.A__1.B, ligand 1.B...
  Skipping (exists) 7fzs__1__1.A__1.B 1.B
Running vina for 7g00__1__1.A__1.Q, ligand 1.Q...
  Skipping (exists) 7g00__1__1.A__1.Q 1.Q
Running vina for 7g07__1__1.A__1.B, ligand 1.B...
  Skipping (exists) 7g07__1__1.A__1.B 1.B
Running vina for 7g0g__1__1.A__1.B, ligand 1.B...
  Skipping (exists) 7g0g__1__1.A__1.B 1.B
Running vina for 7g0j__1__1.A__1.D, ligand 1.D...
  Skipping (exists) 7g0j__1__1.A__1.D 1.D
Running vina for 7g0t__1__1.A__1.B, ligand 1.B...
  Skipping (exists) 7g0t__1__1.A__1.B 1.B
Running vina for 7g10__1__1.A__1.D, ligand 1.D...
  Skipping (exists) 7g10__1__1.A__1.D 1.D
Running vina for 7g1b__1__1.A__1.B, ligand 1.B...
  Skipping (exists) 7g1b__1__1.A__1.B 1.B
Running vina for 7g1e__1__1.A__1.C, ligand 1.C...
  Skipping (exists) 7g1e__1__1.A__1.C 1.C
Running vina for 7g1j__1__1.A__1.B, ligand 1.B...
  Skipping (exists) 7g1j__1__1.A__1.B 1.B
Running vina for 7g1m__1__1.A__1.B, ligand 1.B...
  Skipping (exists) 7g1m__1__1.A__1.B 1.B
Running vina for 7g20__1__1.A__1.B, ligand 1.B...
  Skipping (exists) 7g20__1__1.A__1.B 1.B
Running vina for 7g90__1__1.A__1.C, ligand 1.C...
  Skipping (exists) 7g90__1__1.A__1.C 1.C
Running vina for 7gaw__1__1.A_1.B__1.K, ligand 1.K...
  Skipping (exists) 7gaw__1__1.A_1.B__1.K 1.K
Running vina for 7gb6__1__1.A_2.A__1.F, ligand 1.F...
  Skipping (exists) 7gb6__1__1.A_2.A__1.F 1.F
Running vina for 7gb7__1__1.A_2.A__1.B, ligand 1.B...
  Skipping (exists) 7gb7__1__1.A_2.A__1.B 1.B
Running vina for 7gb8__1__1.A_2.A__1.F, ligand 1.F...
  Skipping (exists) 7gb8__1__1.A_2.A__1.F 1.F
Running vina for 7gbc__1__1.A_2.A__2.E, ligand 2.E...
  Skipping (exists) 7gbc__1__1.A_2.A__2.E 2.E
Running vina for 7gbd__1__1.A_2.A__2.E, ligand 2.E...
  Skipping (exists) 7gbd__1__1.A_2.A__2.E 2.E
Running vina for 7gbe__1__1.A_2.A__1.B, ligand 1.B...
  Skipping (exists) 7gbe__1__1.A_2.A__1.B 1.B
Running vina for 7gbg__1__1.A_2.A__2.E, ligand 2.E...
  Skipping (exists) 7gbg__1__1.A_2.A__2.E 2.E
Running vina for 7gbi__1__1.A_2.A__2.D, ligand 2.D...
  Skipping (exists) 7gbi__1__1.A_2.A__2.D 2.D
Running vina for 7gbo__1__1.A_2.A__1.E, ligand 1.E...
  Skipping (exists) 7gbo__1__1.A_2.A__1.E 1.E
Running vina for 7gbp__1__1.A_2.A__2.F, ligand 2.F...
  Skipping (exists) 7gbp__1__1.A_2.A__2.F 2.F
Running vina for 7gbq__1__1.A_2.A__1.E, ligand 1.E...
  Skipping (exists) 7gbq__1__1.A_2.A__1.E 1.E
Running vina for 7gbr__1__1.A_2.A__2.F, ligand 2.F...
  Skipping (exists) 7gbr__1__1.A_2.A__2.F 2.F
Running vina for 7gbw__1__1.A_2.A__1.F, ligand 1.F...
  Skipping (exists) 7gbw__1__1.A_2.A__1.F 1.F
Running vina for 7gby__1__1.A_2.A__1.E, ligand 1.E...
  Skipping (exists) 7gby__1__1.A_2.A__1.E 1.E
Running vina for 7gbz__1__1.A_2.A__2.F, ligand 2.F...
  Skipping (exists) 7gbz__1__1.A_2.A__2.F 2.F
Running vina for 7gc0__1__1.A_2.A__1.E, ligand 1.E...
  Skipping (exists) 7gc0__1__1.A_2.A__1.E 1.E
Running vina for 7gc1__1__1.A_2.A__2.E, ligand 2.E...
  Skipping (exists) 7gc1__1__1.A_2.A__2.E 2.E
Running vina for 7gc2__1__1.A_2.A__2.E, ligand 2.E...
  Skipping (exists) 7gc2__1__1.A_2.A__2.E 2.E
Running vina for 7gc3__1__1.A_2.A__2.F, ligand 2.F...
  Skipping (exists) 7gc3__1__1.A_2.A__2.F 2.F
Running vina for 7gc8__1__1.A_2.A__2.E, ligand 2.E...
  Skipping (exists) 7gc8__1__1.A_2.A__2.E 2.E
Running vina for 7gce__1__1.A_2.A__2.E, ligand 2.E...
  Skipping (exists) 7gce__1__1.A_2.A__2.E 2.E
Running vina for 7gcf__1__1.A_2.A__2.E, ligand 2.E...
  Skipping (exists) 7gcf__1__1.A_2.A__2.E 2.E
Running vina for 7gcj__1__1.A_2.A__1.E, ligand 1.E...
  Skipping (exists) 7gcj__1__1.A_2.A__1.E 1.E
Running vina for 7gck__1__1.A_2.A__1.E, ligand 1.E...
  Skipping (exists) 7gck__1__1.A_2.A__1.E 1.E
Running vina for 7gcl__1__1.A_2.A__2.F, ligand 2.F...
  Skipping (exists) 7gcl__1__1.A_2.A__2.F 2.F
Running vina for 7gcn__1__1.A_2.A__2.F, ligand 2.F...
  Skipping (exists) 7gcn__1__1.A_2.A__2.F 2.F
Running vina for 7gco__1__1.A_2.A__2.E, ligand 2.E...
  Skipping (exists) 7gco__1__1.A_2.A__2.E 2.E
Running vina for 7gcq__1__1.A_2.A__1.F, ligand 1.F...
  Skipping (exists) 7gcq__1__1.A_2.A__1.F 1.F
Running vina for 7gcs__1__1.A_2.A__1.E, ligand 1.E...
  Skipping (exists) 7gcs__1__1.A_2.A__1.E 1.E
Running vina for 7gcu__1__1.A_2.A__1.E, ligand 1.E...
  Skipping (exists) 7gcu__1__1.A_2.A__1.E 1.E
Running vina for 7gcv__1__1.A_2.A__2.E, ligand 2.E...
  Skipping (exists) 7gcv__1__1.A_2.A__2.E 2.E
Running vina for 7gcx__1__1.A_2.A__2.E, ligand 2.E...
  Skipping (exists) 7gcx__1__1.A_2.A__2.E 2.E
Running vina for 7gd0__1__1.A_2.A__1.F, ligand 1.F...
  Skipping (exists) 7gd0__1__1.A_2.A__1.F 1.F
Running vina for 7gd1__1__1.A_2.A__1.E, ligand 1.E...
  Skipping (exists) 7gd1__1__1.A_2.A__1.E 1.E
Running vina for 7gda__1__1.A_2.A__1.D, ligand 1.D...
  Skipping (exists) 7gda__1__1.A_2.A__1.D 1.D
Running vina for 7gdc__1__1.A_2.A__2.D, ligand 2.D...
  Skipping (exists) 7gdc__1__1.A_2.A__2.D 2.D
Running vina for 7gde__1__1.A_2.A__1.E, ligand 1.E...
  Skipping (exists) 7gde__1__1.A_2.A__1.E 1.E
Running vina for 7gdg__1__1.A_2.A__2.F, ligand 2.F...
  Skipping (exists) 7gdg__1__1.A_2.A__2.F 2.F
Running vina for 7gdj__1__1.A_2.A__2.E, ligand 2.E...
  Skipping (exists) 7gdj__1__1.A_2.A__2.E 2.E
Running vina for 7gdk__1__1.A_2.A__2.E, ligand 2.E...
  Skipping (exists) 7gdk__1__1.A_2.A__2.E 2.E
Running vina for 7gdl__1__1.A_2.A__1.E, ligand 1.E...
  Skipping (exists) 7gdl__1__1.A_2.A__1.E 1.E
Running vina for 7gdm__1__1.A_2.A__2.E, ligand 2.E...
  Skipping (exists) 7gdm__1__1.A_2.A__2.E 2.E
Running vina for 7gdz__1__1.A_2.A__1.E, ligand 1.E...
  Skipping (exists) 7gdz__1__1.A_2.A__1.E 1.E
Running vina for 7ge2__1__1.A_2.A__2.E, ligand 2.E...
  Skipping (exists) 7ge2__1__1.A_2.A__2.E 2.E
Running vina for 7ge3__1__1.A_2.A__1.D, ligand 1.D...
  Skipping (exists) 7ge3__1__1.A_2.A__1.D 1.D
Running vina for 7ge8__1__1.A_2.A__2.E, ligand 2.E...
  Skipping (exists) 7ge8__1__1.A_2.A__2.E 2.E
Running vina for 7ge9__1__1.A_2.A__1.E, ligand 1.E...
  Skipping (exists) 7ge9__1__1.A_2.A__1.E 1.E
Running vina for 7gec__1__1.A_2.A__2.E, ligand 2.E...
  Skipping (exists) 7gec__1__1.A_2.A__2.E 2.E
Running vina for 7ged__1__1.A_2.A__1.E, ligand 1.E...
  Skipping (exists) 7ged__1__1.A_2.A__1.E 1.E
Running vina for 7gee__1__1.A_2.A__2.E, ligand 2.E...
  Skipping (exists) 7gee__1__1.A_2.A__2.E 2.E
Running vina for 7gef__1__1.A_2.A__1.D, ligand 1.D...
  Skipping (exists) 7gef__1__1.A_2.A__1.D 1.D
Running vina for 7geg__1__1.A_2.A__2.E, ligand 2.E...
  Skipping (exists) 7geg__1__1.A_2.A__2.E 2.E
Running vina for 7geh__1__1.A_2.A__2.E, ligand 2.E...
  Skipping (exists) 7geh__1__1.A_2.A__2.E 2.E
Running vina for 7gek__1__1.A_2.A__1.E, ligand 1.E...
  Skipping (exists) 7gek__1__1.A_2.A__1.E 1.E
Running vina for 7gen__1__1.A_2.A__2.E, ligand 2.E...
  Skipping (exists) 7gen__1__1.A_2.A__2.E 2.E
Running vina for 7ges__1__1.A_2.A__2.E, ligand 2.E...
  Skipping (exists) 7ges__1__1.A_2.A__2.E 2.E
Running vina for 7geu__1__1.A_2.A__2.E, ligand 2.E...
  Skipping (exists) 7geu__1__1.A_2.A__2.E 2.E
Running vina for 7gew__1__1.A_2.A__1.E, ligand 1.E...
  Skipping (exists) 7gew__1__1.A_2.A__1.E 1.E
Running vina for 7gey__1__1.A_2.A__2.E, ligand 2.E...
  Skipping (exists) 7gey__1__1.A_2.A__2.E 2.E
Running vina for 7gf0__1__1.A_2.A__1.E, ligand 1.E...
  Skipping (exists) 7gf0__1__1.A_2.A__1.E 1.E
Running vina for 7gf2__1__1.A_2.A__2.E, ligand 2.E...
  Skipping (exists) 7gf2__1__1.A_2.A__2.E 2.E
Running vina for 7gf3__1__1.A_2.A__1.E, ligand 1.E...
  Skipping (exists) 7gf3__1__1.A_2.A__1.E 1.E
Running vina for 7gf5__1__1.A_2.A__1.E, ligand 1.E...
  Skipping (exists) 7gf5__1__1.A_2.A__1.E 1.E
Running vina for 7gf6__1__1.A_2.A__2.E, ligand 2.E...
  Skipping (exists) 7gf6__1__1.A_2.A__2.E 2.E
Running vina for 7gfb__1__1.A_2.A__2.E, ligand 2.E...
  Skipping (exists) 7gfb__1__1.A_2.A__2.E 2.E
Running vina for 7gfh__1__1.A_2.A__1.E, ligand 1.E...
  Skipping (exists) 7gfh__1__1.A_2.A__1.E 1.E
Running vina for 7gfl__1__1.A_2.A__2.E, ligand 2.E...
  Skipping (exists) 7gfl__1__1.A_2.A__2.E 2.E
Running vina for 7gfr__1__1.A_2.A__2.E, ligand 2.E...
  Skipping (exists) 7gfr__1__1.A_2.A__2.E 2.E
Running vina for 7gfs__1__1.A_2.A__2.E, ligand 2.E...
  Skipping (exists) 7gfs__1__1.A_2.A__2.E 2.E
Running vina for 7gft__1__1.A_2.A__1.E, ligand 1.E...
  Skipping (exists) 7gft__1__1.A_2.A__1.E 1.E
Running vina for 7gfx__1__1.A_2.A__2.E, ligand 2.E...
  Skipping (exists) 7gfx__1__1.A_2.A__2.E 2.E
Running vina for 7gg2__1__1.A_2.A__2.E, ligand 2.E...
  Skipping (exists) 7gg2__1__1.A_2.A__2.E 2.E
Running vina for 7ggd__1__1.A__1.E, ligand 1.E...
  Skipping (exists) 7ggd__1__1.A__1.E 1.E
Running vina for 7gh3__1__1.A_2.A__2.E, ligand 2.E...
  Skipping (exists) 7gh3__1__1.A_2.A__2.E 2.E
Running vina for 7gh5__1__1.A_2.A__1.B, ligand 1.B...
  Skipping (exists) 7gh5__1__1.A_2.A__1.B 1.B
Running vina for 7gh6__1__1.A_2.A__2.B, ligand 2.B...
  Skipping (exists) 7gh6__1__1.A_2.A__2.B 2.B
Running vina for 7ghn__1__1.A_1.B__1.N, ligand 1.N...
  Skipping (exists) 7ghn__1__1.A_1.B__1.N 1.N
Running vina for 7ghr__1__1.A_1.B__1.M, ligand 1.M...
  Skipping (exists) 7ghr__1__1.A_1.B__1.M 1.M
Running vina for 7gi4__1__1.A_1.B__1.J, ligand 1.J...
  Skipping (exists) 7gi4__1__1.A_1.B__1.J 1.J
Running vina for 7gi6__1__1.A_1.B__1.D, ligand 1.D...
  Skipping (exists) 7gi6__1__1.A_1.B__1.D 1.D
Running vina for 7gi7__1__1.A_1.B__1.L, ligand 1.L...
  Skipping (exists) 7gi7__1__1.A_1.B__1.L 1.L
Running vina for 7gi9__1__1.A_1.B__1.F, ligand 1.F...
  Skipping (exists) 7gi9__1__1.A_1.B__1.F 1.F
Running vina for 7gia__1__1.A_1.B__1.F, ligand 1.F...
  Skipping (exists) 7gia__1__1.A_1.B__1.F 1.F
Running vina for 7gjc__1__1.A_1.B__1.E, ligand 1.E...
  Skipping (exists) 7gjc__1__1.A_1.B__1.E 1.E
Running vina for 7gji__1__1.A_1.B__1.L, ligand 1.L...
  Skipping (exists) 7gji__1__1.A_1.B__1.L 1.L
Running vina for 7gk7__1__1.A_1.B__1.H, ligand 1.H...
  Skipping (exists) 7gk7__1__1.A_1.B__1.H 1.H
Running vina for 7gk8__1__1.A_1.B__1.H, ligand 1.H...
  Skipping (exists) 7gk8__1__1.A_1.B__1.H 1.H
Running vina for 7gkh__1__1.A_1.B__1.J, ligand 1.J...
  Skipping (exists) 7gkh__1__1.A_1.B__1.J 1.J
Running vina for 7gki__1__1.A__1.I, ligand 1.I...
  Skipping (exists) 7gki__1__1.A__1.I 1.I
Running vina for 7gkk__1__1.A_1.B__1.O, ligand 1.O...
  Skipping (exists) 7gkk__1__1.A_1.B__1.O 1.O
Running vina for 7gks__1__1.A_1.B__1.H, ligand 1.H...
  Skipping (exists) 7gks__1__1.A_1.B__1.H 1.H
Running vina for 7gkx__1__1.A_1.B__1.I, ligand 1.I...
  Skipping (exists) 7gkx__1__1.A_1.B__1.I 1.I
Running vina for 7gl3__1__1.A_1.B__1.H, ligand 1.H...
  Skipping (exists) 7gl3__1__1.A_1.B__1.H 1.H
Running vina for 7gla__1__1.A_1.B__1.I, ligand 1.I...
  Skipping (exists) 7gla__1__1.A_1.B__1.I 1.I
Running vina for 7glb__1__1.A_1.B__1.N, ligand 1.N...
  Skipping (exists) 7glb__1__1.A_1.B__1.N 1.N
Running vina for 7gld__1__1.A_1.B__1.H, ligand 1.H...
  Skipping (exists) 7gld__1__1.A_1.B__1.H 1.H
Running vina for 7glg__1__1.A_1.B__1.H, ligand 1.H...
  Skipping (exists) 7glg__1__1.A_1.B__1.H 1.H
Running vina for 7gli__1__1.A_1.B__1.L, ligand 1.L...
  Skipping (exists) 7gli__1__1.A_1.B__1.L 1.L
Running vina for 7gln__1__1.A_1.B__1.I, ligand 1.I...
  Skipping (exists) 7gln__1__1.A_1.B__1.I 1.I
Running vina for 7gly__1__1.A_1.B__1.I, ligand 1.I...
  Skipping (exists) 7gly__1__1.A_1.B__1.I 1.I
Running vina for 7gm0__1__1.A_1.B__1.N, ligand 1.N...
  Skipping (exists) 7gm0__1__1.A_1.B__1.N 1.N
Running vina for 7gm1__1__1.A_1.B__1.I, ligand 1.I...
  Skipping (exists) 7gm1__1__1.A_1.B__1.I 1.I
Running vina for 7gm4__1__1.A_1.B__1.I, ligand 1.I...
  Skipping (exists) 7gm4__1__1.A_1.B__1.I 1.I
Running vina for 7gm5__1__1.A_1.B__1.I, ligand 1.I...
  Skipping (exists) 7gm5__1__1.A_1.B__1.I 1.I
Running vina for 7gm6__1__1.A_1.B__1.N, ligand 1.N...
  Skipping (exists) 7gm6__1__1.A_1.B__1.N 1.N
Running vina for 7gm8__1__1.A_1.B__1.I, ligand 1.I...
  Skipping (exists) 7gm8__1__1.A_1.B__1.I 1.I
Running vina for 7gm9__1__1.A_1.B__1.I, ligand 1.I...
  Skipping (exists) 7gm9__1__1.A_1.B__1.I 1.I
Running vina for 7gma__1__1.A_1.B__1.J, ligand 1.J...
  Skipping (exists) 7gma__1__1.A_1.B__1.J 1.J
Running vina for 7gmh__1__1.A_1.B__1.O, ligand 1.O...
  Skipping (exists) 7gmh__1__1.A_1.B__1.O 1.O
Running vina for 7gms__1__1.A_1.B__1.I, ligand 1.I...
  Skipping (exists) 7gms__1__1.A_1.B__1.I 1.I
Running vina for 7gmu__1__1.A_1.B__1.I, ligand 1.I...
  Skipping (exists) 7gmu__1__1.A_1.B__1.I 1.I
Running vina for 7gmy__1__1.A_1.B__1.I, ligand 1.I...
  Skipping (exists) 7gmy__1__1.A_1.B__1.I 1.I
Running vina for 7gn0__1__1.A_1.B__1.I, ligand 1.I...
  Skipping (exists) 7gn0__1__1.A_1.B__1.I 1.I
Running vina for 7gn5__1__1.A_1.B__1.I, ligand 1.I...
  Skipping (exists) 7gn5__1__1.A_1.B__1.I 1.I
Running vina for 7gn9__1__1.A_1.B__1.O, ligand 1.O...
  Skipping (exists) 7gn9__1__1.A_1.B__1.O 1.O
Running vina for 7gng__1__1.A_1.B__1.Q, ligand 1.Q...
  Skipping (exists) 7gng__1__1.A_1.B__1.Q 1.Q
Running vina for 7gnh__1__1.A_1.B__1.M, ligand 1.M...
  Skipping (exists) 7gnh__1__1.A_1.B__1.M 1.M
Running vina for 7gnk__1__1.A_1.B__1.T, ligand 1.T...
  Skipping (exists) 7gnk__1__1.A_1.B__1.T 1.T
Running vina for 7gnl__1__1.A_1.B__1.N, ligand 1.N...
  Skipping (exists) 7gnl__1__1.A_1.B__1.N 1.N
Running vina for 7gnm__1__1.A_1.B__1.S, ligand 1.S...
  Skipping (exists) 7gnm__1__1.A_1.B__1.S 1.S
Running vina for 7gnn__1__1.A_1.B__1.I, ligand 1.I...
  Skipping (exists) 7gnn__1__1.A_1.B__1.I 1.I
Running vina for 7grr__1__1.A__1.D, ligand 1.D...
  Skipping (exists) 7grr__1__1.A__1.D 1.D
Running vina for 7grs__1__1.B__1.Q, ligand 1.Q...
  Skipping (exists) 7grs__1__1.B__1.Q 1.Q
Running vina for 7gs0__1__1.A_1.B__1.D, ligand 1.D...
  Skipping (exists) 7gs0__1__1.A_1.B__1.D 1.D
Running vina for 7h1j__1__1.B__1.E, ligand 1.E...
  Skipping (exists) 7h1j__1__1.B__1.E 1.E
Running vina for 7jhq__1__2.D__2.Q, ligand 2.Q...
  Skipping (exists) 7jhq__1__2.D__2.Q 2.Q
Running vina for 7jni__1__1.A__1.C, ligand 1.C...
  Skipping (exists) 7jni__1__1.A__1.C 1.C
Running vina for 7jxa__1__1.C__1.I, ligand 1.I...
  Skipping (exists) 7jxa__1__1.C__1.I 1.I
Running vina for 7jyd__1__1.A__1.C, ligand 1.C...
  Skipping (exists) 7jyd__1__1.A__1.C 1.C
Running vina for 7k5v__1__1.A__1.C, ligand 1.C...
  Skipping (exists) 7k5v__1__1.A__1.C 1.C
Running vina for 7kb8__1__1.A__1.E, ligand 1.E...
  Skipping (exists) 7kb8__1__1.A__1.E 1.E
Running vina for 7kgy__1__2.C_2.D__2.J, ligand 2.J...
  Skipping (exists) 7kgy__1__2.C_2.D__2.J 2.J
Running vina for 7kkh__1__1.A_1.B__1.D, ligand 1.D...
  Skipping (exists) 7kkh__1__1.A_1.B__1.D 1.D
Running vina for 7ko6__1__1.A__1.D, ligand 1.D...
  Skipping (exists) 7ko6__1__1.A__1.D 1.D
Running vina for 7kxz__1__1.A__1.C, ligand 1.C...
  Skipping (exists) 7kxz__1__1.A__1.C 1.C
Running vina for 7l1p__1__1.A_1.B__1.C, ligand 1.C...
  Skipping (exists) 7l1p__1__1.A_1.B__1.C 1.C
Running vina for 7l2y__1__1.A_2.A__1.J, ligand 1.J...
  Skipping (exists) 7l2y__1__1.A_2.A__1.J 1.J
Running vina for 7lbv__1__1.A__1.B, ligand 1.B...
  Skipping (exists) 7lbv__1__1.A__1.B 1.B
Running vina for 7ldy__1__1.A_1.B__1.H, ligand 1.H...
  Skipping (exists) 7ldy__1__1.A_1.B__1.H 1.H
Running vina for 7le3__1__1.A_1.B__1.C, ligand 1.C...
  Skipping (exists) 7le3__1__1.A_1.B__1.C 1.C
Running vina for 7le5__1__1.A_1.B__1.H, ligand 1.H...
  Skipping (exists) 7le5__1__1.A_1.B__1.H 1.H
Running vina for 7le6__1__1.A_1.B__1.C, ligand 1.C...
  Skipping (exists) 7le6__1__1.A_1.B__1.C 1.C
Running vina for 7lk0__1__1.A_2.A__1.D, ligand 1.D...
  Skipping (exists) 7lk0__1__1.A_2.A__1.D 1.D
Running vina for 7lnh__1__2.A_2.B__2.E, ligand 2.E...
  Skipping (exists) 7lnh__1__2.A_2.B__2.E 2.E
Running vina for 7lp0__1__1.A__1.C, ligand 1.C...
  Skipping (exists) 7lp0__1__1.A__1.C 1.C
Running vina for 7lpk__1__1.A__1.C, ligand 1.C...
  Skipping (exists) 7lpk__1__1.A__1.C 1.C
Running vina for 7lpw__1__1.A_1.B__1.G, ligand 1.G...
  Skipping (exists) 7lpw__1__1.A_1.B__1.G 1.G
Running vina for 7lr9__1__1.A__1.C, ligand 1.C...
  Skipping (exists) 7lr9__1__1.A__1.C 1.C
Running vina for 7lrk__1__1.A__1.C, ligand 1.C...
  Skipping (exists) 7lrk__1__1.A__1.C 1.C
Running vina for 7lro__1__1.A__1.D, ligand 1.D...
  Skipping (exists) 7lro__1__1.A__1.D 1.D
Running vina for 7lzr__1__1.A_1.B__1.H, ligand 1.H...
  Skipping (exists) 7lzr__1__1.A_1.B__1.H 1.H
Running vina for 7m94__1__1.B__1.J, ligand 1.J...
  Skipping (exists) 7m94__1__1.B__1.J 1.J
Running vina for 7m95__1__1.B__1.K, ligand 1.K...
  Skipping (exists) 7m95__1__1.B__1.K 1.K
Running vina for 7m96__1__1.A__1.E, ligand 1.E...
  Skipping (exists) 7m96__1__1.A__1.E 1.E
Running vina for 7m9g__1__1.A_1.B__1.E, ligand 1.E...
  Skipping (exists) 7m9g__1__1.A_1.B__1.E 1.E
Running vina for 7m9h__1__1.A_1.B__1.E, ligand 1.E...
  Skipping (exists) 7m9h__1__1.A_1.B__1.E 1.E
Running vina for 7m9r__1__1.A_1.B__1.C, ligand 1.C...
  Skipping (exists) 7m9r__1__1.A_1.B__1.C 1.C
Running vina for 7m9t__1__1.A_1.B__1.D, ligand 1.D...
  Skipping (exists) 7m9t__1__1.A_1.B__1.D 1.D
Running vina for 7m9v__1__1.A_1.B__1.C, ligand 1.C...
  Skipping (exists) 7m9v__1__1.A_1.B__1.C 1.C
Running vina for 7m9x__1__1.A_1.B__1.C, ligand 1.C...
  Skipping (exists) 7m9x__1__1.A_1.B__1.C 1.C
Running vina for 7ma0__1__1.A_1.B__1.I, ligand 1.I...
  Skipping (exists) 7ma0__1__1.A_1.B__1.I 1.I
Running vina for 7ma1__1__1.A_1.B__1.M, ligand 1.M...
  Skipping (exists) 7ma1__1__1.A_1.B__1.M 1.M
Running vina for 7ma2__1__1.A_1.B__1.E, ligand 1.E...
  Skipping (exists) 7ma2__1__1.A_1.B__1.E 1.E
Running vina for 7ma3__1__1.A_1.B__1.E, ligand 1.E...
  Skipping (exists) 7ma3__1__1.A_1.B__1.E 1.E
Running vina for 7ma4__1__1.A_1.B__1.D, ligand 1.D...
  Skipping (exists) 7ma4__1__1.A_1.B__1.D 1.D
Running vina for 7ma5__1__1.A_1.B__1.G, ligand 1.G...
  Skipping (exists) 7ma5__1__1.A_1.B__1.G 1.G
Running vina for 7ma7__1__1.A_1.B__1.E, ligand 1.E...
  Skipping (exists) 7ma7__1__1.A_1.B__1.E 1.E
Running vina for 7ma8__1__1.A_1.B__1.E, ligand 1.E...
  Skipping (exists) 7ma8__1__1.A_1.B__1.E 1.E
Running vina for 7maq__1__1.A_1.B__1.C, ligand 1.C...
  Skipping (exists) 7maq__1__1.A_1.B__1.C 1.C
Running vina for 7mdp__1__1.A__1.D, ligand 1.D...
  Skipping (exists) 7mdp__1__1.A__1.D 1.D
Running vina for 7mgj__1__1.A__1.E, ligand 1.E...
  Skipping (exists) 7mgj__1__1.A__1.E 1.E
Running vina for 7mgk__1__1.A__1.E, ligand 1.E...
  Skipping (exists) 7mgk__1__1.A__1.E 1.E
Running vina for 7mjd__1__1.B__1.S, ligand 1.S...
  Skipping (exists) 7mjd__1__1.B__1.S 1.S
Running vina for 7mkx__1__1.A__1.E, ligand 1.E...
  Skipping (exists) 7mkx__1__1.A__1.E 1.E
Running vina for 7mlo__1__1.A__1.C, ligand 1.C...
  Skipping (exists) 7mlo__1__1.A__1.C 1.C
Running vina for 7mlp__1__1.A__1.B, ligand 1.B...
  Skipping (exists) 7mlp__1__1.A__1.B 1.B
Running vina for 7mlt__1__1.A__1.W, ligand 1.W...
  Skipping (exists) 7mlt__1__1.A__1.W 1.W
Running vina for 7mof__1__1.A__1.C, ligand 1.C...
  Skipping (exists) 7mof__1__1.A__1.C 1.C
Running vina for 7mog__1__1.A__1.C, ligand 1.C...
  Skipping (exists) 7mog__1__1.A__1.C 1.C
Running vina for 7mt4__1__2.A_2.B__2.C, ligand 2.C...
  Skipping (exists) 7mt4__1__2.A_2.B__2.C 2.C
Running vina for 7mwn__1__1.A_1.B__1.C, ligand 1.C...
  Skipping (exists) 7mwn__1__1.A_1.B__1.C 1.C
Running vina for 7mxh__1__1.A__1.D, ligand 1.D...
  Skipping (exists) 7mxh__1__1.A__1.D 1.D
Running vina for 7mxn__1__1.A__1.C, ligand 1.C...
  Skipping (exists) 7mxn__1__1.A__1.C 1.C
Running vina for 7myj__1__1.A__1.G, ligand 1.G...
  Skipping (exists) 7myj__1__1.A__1.G 1.G
Running vina for 7n4w__1__1.A__1.D, ligand 1.D...
  Skipping (exists) 7n4w__1__1.A__1.D 1.D
Running vina for 7n4z__1__1.A__1.F, ligand 1.F...
  Skipping (exists) 7n4z__1__1.A__1.F 1.F
Running vina for 7n53__1__1.A__1.D, ligand 1.D...
  Skipping (exists) 7n53__1__1.A__1.D 1.D
Running vina for 7n54__1__1.B__1.H, ligand 1.H...
  Skipping (exists) 7n54__1__1.B__1.H 1.H
Running vina for 7n9d__1__1.A__1.D, ligand 1.D...
  Skipping (exists) 7n9d__1__1.A__1.D 1.D
Running vina for 7nag__1__1.A__1.C, ligand 1.C...
  Skipping (exists) 7nag__1__1.A__1.C 1.C
Running vina for 7nah__1__1.A__1.C, ligand 1.C...
  Skipping (exists) 7nah__1__1.A__1.C 1.C
Running vina for 7nai__1__1.A__1.C, ligand 1.C...
  Skipping (exists) 7nai__1__1.A__1.C 1.C
Running vina for 7nb3__1__1.A__1.C, ligand 1.C...
  Skipping (exists) 7nb3__1__1.A__1.C 1.C
Running vina for 7nb7__1__1.A__1.E, ligand 1.E...
  Skipping (exists) 7nb7__1__1.A__1.E 1.E
Running vina for 7nbt__1__1.A_2.A__1.C, ligand 1.C...
  Skipping (exists) 7nbt__1__1.A_2.A__1.C 1.C
Running vina for 7nbw__1__1.A_2.A__1.B, ligand 1.B...
  Skipping (exists) 7nbw__1__1.A_2.A__1.B 1.B
Running vina for 7ngd__1__1.A__1.B, ligand 1.B...
  Skipping (exists) 7ngd__1__1.A__1.B 1.B
Running vina for 7ngg__1__2.A__2.B, ligand 2.B...
  Skipping (exists) 7ngg__1__2.A__2.B 2.B
Running vina for 7ngi__1__2.A__2.C, ligand 2.C...
  Skipping (exists) 7ngi__1__2.A__2.C 2.C
Running vina for 7ngj__1__1.A__1.B, ligand 1.B...
  Skipping (exists) 7ngj__1__1.A__1.B 1.B
Running vina for 7ngk__1__2.A__2.C, ligand 2.C...
  Skipping (exists) 7ngk__1__2.A__2.C 2.C
Running vina for 7ngm__1__2.A__2.B, ligand 2.B...
  Skipping (exists) 7ngm__1__2.A__2.B 2.B
Running vina for 7ngs__1__1.A__1.B, ligand 1.B...
  Skipping (exists) 7ngs__1__1.A__1.B 1.B
Running vina for 7ngw__1__2.A__2.B, ligand 2.B...
  Skipping (exists) 7ngw__1__2.A__2.B 2.B
Running vina for 7ngx__1__1.A__1.B, ligand 1.B...
  Skipping (exists) 7ngx__1__1.A__1.B 1.B
Running vina for 7ngy__1__2.A__2.B, ligand 2.B...
  Skipping (exists) 7ngy__1__2.A__2.B 2.B
Running vina for 7nlv__1__1.A_1.C__1.G, ligand 1.G...
  Skipping (exists) 7nlv__1__1.A_1.C__1.G 1.G
Running vina for 7nr5__1__1.A__1.F, ligand 1.F...
  Skipping (exists) 7nr5__1__1.A__1.F 1.F
Running vina for 7nr6__1__1.B__1.H, ligand 1.H...
  Skipping (exists) 7nr6__1__1.B__1.H 1.H
Running vina for 7nsn__1__1.A__1.J, ligand 1.J...
  Skipping (exists) 7nsn__1__1.A__1.J 1.J
Running vina for 7ntz__1__1.A__1.B, ligand 1.B...
  Skipping (exists) 7ntz__1__1.A__1.B 1.B
Running vina for 7nud__1__1.B__1.D, ligand 1.D...
  Skipping (exists) 7nud__1__1.B__1.D 1.D
Running vina for 7nue__1__1.A__1.C, ligand 1.C...
  Skipping (exists) 7nue__1__1.A__1.C 1.C
Running vina for 7nwa__1__1.A_1.B__1.E, ligand 1.E...
  Skipping (exists) 7nwa__1__1.A_1.B__1.E 1.E
Running vina for 7nwc__1__1.A_1.B__1.G, ligand 1.G...
  Skipping (exists) 7nwc__1__1.A_1.B__1.G 1.G
Running vina for 7nya__1__1.A_1.B__1.F, ligand 1.F...
  Skipping (exists) 7nya__1__1.A_1.B__1.F 1.F
Running vina for 7nzn__1__1.A_2.A__1.B, ligand 1.B...
  Skipping (exists) 7nzn__1__1.A_2.A__1.B 1.B
Running vina for 7nzy__1__1.A__1.E, ligand 1.E...
  Skipping (exists) 7nzy__1__1.A__1.E 1.E
Running vina for 7o1b__1__1.A__1.E, ligand 1.E...
  Skipping (exists) 7o1b__1__1.A__1.E 1.E
Running vina for 7o2t__1__1.A_2.A__1.B, ligand 1.B...
  Skipping (exists) 7o2t__1__1.A_2.A__1.B 1.B
Running vina for 7o46__1__1.A_2.A__1.B, ligand 1.B...
  Skipping (exists) 7o46__1__1.A_2.A__1.B 1.B
Running vina for 7o6x__1__1.A__1.E, ligand 1.E...
  Skipping (exists) 7o6x__1__1.A__1.E 1.E
Running vina for 7o7j__1__1.A__1.B, ligand 1.B...
  Skipping (exists) 7o7j__1__1.A__1.B 1.B
Running vina for 7o7k__1__1.A__1.E, ligand 1.E...
  Skipping (exists) 7o7k__1__1.A__1.E 1.E
Running vina for 7o9i__1__1.A__1.B, ligand 1.B...
  Skipping (exists) 7o9i__1__1.A__1.B 1.B
Running vina for 7ocs__1__1.D__1.BB, ligand 1.BB...
  Skipping (exists) 7ocs__1__1.D__1.BB 1.BB
Running vina for 7odn__1__1.A_1.B__1.J, ligand 1.J...
  Skipping (exists) 7odn__1__1.A_1.B__1.J 1.J
Running vina for 7oed__1__1.A__1.C, ligand 1.C...
  Skipping (exists) 7oed__1__1.A__1.C 1.C
Running vina for 7of8__1__1.A__1.B, ligand 1.B...
  Skipping (exists) 7of8__1__1.A__1.B 1.B
Running vina for 7oj6__1__1.A_1.C__1.Y, ligand 1.Y...
  Skipping (exists) 7oj6__1__1.A_1.C__1.Y 1.Y
Running vina for 7ojq__1__1.A_1.C__1.F, ligand 1.F...
  Skipping (exists) 7ojq__1__1.A_1.C__1.F 1.F
Running vina for 7ojw__1__1.A_1.C__1.F, ligand 1.F...
  Skipping (exists) 7ojw__1__1.A_1.C__1.F 1.F
Running vina for 7ojy__1__1.A_1.B__1.D, ligand 1.D...
  Skipping (exists) 7ojy__1__1.A_1.B__1.D 1.D
Running vina for 7ok1__1__1.A_1.B__1.D, ligand 1.D...
  Skipping (exists) 7ok1__1__1.A_1.B__1.D 1.D
Running vina for 7okc__1__1.A_2.A__2.B, ligand 2.B...
  Skipping (exists) 7okc__1__1.A_2.A__2.B 2.B
Running vina for 7oli__1__1.A__1.C, ligand 1.C...
  Skipping (exists) 7oli__1__1.A__1.C 1.C
Running vina for 7olj__1__1.A_1.B__1.E, ligand 1.E...
  Skipping (exists) 7olj__1__1.A_1.B__1.E 1.E
Running vina for 7om1__1__1.A_1.B__1.E, ligand 1.E...
  Skipping (exists) 7om1__1__1.A_1.B__1.E 1.E
Running vina for 7ome__1__1.A__1.B, ligand 1.B...
  Skipping (exists) 7ome__1__1.A__1.B 1.B
Running vina for 7omo__1__1.A__1.C, ligand 1.C...
  Skipping (exists) 7omo__1__1.A__1.C 1.C
Running vina for 7omr__1__1.A__1.B, ligand 1.B...
  Skipping (exists) 7omr__1__1.A__1.B 1.B
Running vina for 7onf__1__1.A_2.A__1.C, ligand 1.C...
  Skipping (exists) 7onf__1__1.A_2.A__1.C 1.C
Running vina for 7opm__1__1.A__1.D, ligand 1.D...
  Skipping (exists) 7opm__1__1.A__1.D 1.D
Running vina for 7osx__1__1.A__1.C, ligand 1.C...
  Skipping (exists) 7osx__1__1.A__1.C 1.C
Running vina for 7ou8__1__1.A__1.C, ligand 1.C...
  Skipping (exists) 7ou8__1__1.A__1.C 1.C
Running vina for 7oum__1__1.A__1.K, ligand 1.K...
  Skipping (exists) 7oum__1__1.A__1.K 1.K
Running vina for 7ouw__1__1.A__1.C, ligand 1.C...
  Skipping (exists) 7ouw__1__1.A__1.C 1.C
Running vina for 7ovd__1__1.A__1.B, ligand 1.B...
  Skipping (exists) 7ovd__1__1.A__1.B 1.B
Running vina for 7oy5__1__1.A__1.C, ligand 1.C...
  Skipping (exists) 7oy5__1__1.A__1.C 1.C
Running vina for 7p1f__1__1.A__1.C, ligand 1.C...
  Skipping (exists) 7p1f__1__1.A__1.C 1.C
Running vina for 7p1o__1__1.A__1.D, ligand 1.D...
  Skipping (exists) 7p1o__1__1.A__1.D 1.D
Running vina for 7p1s__1__1.A__1.E, ligand 1.E...
  Skipping (exists) 7p1s__1__1.A__1.E 1.E
Running vina for 7p3v__1__1.B__1.D, ligand 1.D...
  Skipping (exists) 7p3v__1__1.B__1.D 1.D
Running vina for 7p4v__1__1.A_3.A__1.B, ligand 1.B...
  Skipping (exists) 7p4v__1__1.A_3.A__1.B 1.B
Running vina for 7p5f__1__1.A__1.C, ligand 1.C...
  Skipping (exists) 7p5f__1__1.A__1.C 1.C
Running vina for 7p5i__1__1.A__1.D, ligand 1.D...
  Skipping (exists) 7p5i__1__1.A__1.D 1.D
Running vina for 7p5k__1__1.A__1.C, ligand 1.C...
  Skipping (exists) 7p5k__1__1.A__1.C 1.C
Running vina for 7p5n__1__1.A__1.C, ligand 1.C...
  Skipping (exists) 7p5n__1__1.A__1.C 1.C
Running vina for 7p5p__1__1.A__1.D, ligand 1.D...
  Skipping (exists) 7p5p__1__1.A__1.D 1.D
Running vina for 7pa1__1__1.A__1.D, ligand 1.D...
  Skipping (exists) 7pa1__1__1.A__1.D 1.D
Running vina for 7paw__1__1.B__1.C, ligand 1.C...
  Skipping (exists) 7paw__1__1.B__1.C 1.C
Running vina for 7pd6__1__1.A_1.B__1.K, ligand 1.K...
  Skipping (exists) 7pd6__1__1.A_1.B__1.K 1.K
Running vina for 7pdb__1__1.C_1.D__1.H, ligand 1.H...
  Skipping (exists) 7pdb__1__1.C_1.D__1.H 1.H
Running vina for 7pdr__1__1.A_1.E__1.I, ligand 1.I...
  Skipping (exists) 7pdr__1__1.A_1.E__1.I 1.I
Running vina for 7pdt__1__1.A__1.E, ligand 1.E...
  Skipping (exists) 7pdt__1__1.A__1.E 1.E
Running vina for 7pe5__1__1.D_1.E__1.I, ligand 1.I...
  Skipping (exists) 7pe5__1__1.D_1.E__1.I 1.I
Running vina for 7pe6__1__1.A_1.B__1.F, ligand 1.F...
  Skipping (exists) 7pe6__1__1.A_1.B__1.F 1.F
Running vina for 7pfm__1__1.A_1.B__1.C, ligand 1.C...
  Skipping (exists) 7pfm__1__1.A_1.B__1.C 1.C
Running vina for 7phe__1__1.A__1.C, ligand 1.C...
  Skipping (exists) 7phe__1__1.A__1.C 1.C
Running vina for 7pi1__1__1.A__1.F, ligand 1.F...
  Skipping (exists) 7pi1__1__1.A__1.F 1.F
Running vina for 7pj9__1__1.A__1.C, ligand 1.C...
  Skipping (exists) 7pj9__1__1.A__1.C 1.C
Running vina for 7pjk__1__1.A__1.E, ligand 1.E...
  Skipping (exists) 7pjk__1__1.A__1.E 1.E
Running vina for 7poo__1__1.A_1.B__1.G, ligand 1.G...
  Skipping (exists) 7poo__1__1.A_1.B__1.G 1.G
Running vina for 7pox__1__1.A__1.C, ligand 1.C...
  Skipping (exists) 7pox__1__1.A__1.C 1.C
Running vina for 7ppq__1__1.B__1.H, ligand 1.H...
  Skipping (exists) 7ppq__1__1.B__1.H 1.H
Running vina for 7pqs__1__1.A__1.C, ligand 1.C...
  Skipping (exists) 7pqs__1__1.A__1.C 1.C
Running vina for 7pqv__1__1.A__1.B, ligand 1.B...
  Skipping (exists) 7pqv__1__1.A__1.B 1.B
Running vina for 7pu8__1__1.A_1.B__1.H, ligand 1.H...
  Skipping (exists) 7pu8__1__1.A_1.B__1.H 1.H
Running vina for 7puc__1__1.C_1.D__1.I, ligand 1.I...
  Skipping (exists) 7puc__1__1.C_1.D__1.I 1.I
Running vina for 7puq__1__1.C_1.D__1.K, ligand 1.K...
  Skipping (exists) 7puq__1__1.C_1.D__1.K 1.K
Running vina for 7put__1__1.A__1.I, ligand 1.I...
  Skipping (exists) 7put__1__1.A__1.I 1.I
Running vina for 7pwd__1__1.A__1.D, ligand 1.D...
  Skipping (exists) 7pwd__1__1.A__1.D 1.D
Running vina for 7pwu__1__1.A__1.C, ligand 1.C...
  Skipping (exists) 7pwu__1__1.A__1.C 1.C
Running vina for 7pz1__1__1.A__1.D, ligand 1.D...
  Skipping (exists) 7pz1__1__1.A__1.D 1.D
Running vina for 7q2o__1__1.A_1.B__1.D, ligand 1.D...
  Skipping (exists) 7q2o__1__1.A_1.B__1.D 1.D
Running vina for 7q4f__1__1.A_1.C__1.J, ligand 1.J...
  Skipping (exists) 7q4f__1__1.A_1.C__1.J 1.J
Running vina for 7q6v__1__1.A__1.E, ligand 1.E...
  Skipping (exists) 7q6v__1__1.A__1.E 1.E
Running vina for 7q6w__1__1.A__1.E, ligand 1.E...
  Skipping (exists) 7q6w__1__1.A__1.E 1.E
Running vina for 7q7i__1__1.A__1.B, ligand 1.B...
  Skipping (exists) 7q7i__1__1.A__1.B 1.B
Running vina for 7q7k__1__1.A__1.B, ligand 1.B...
  Skipping (exists) 7q7k__1__1.A__1.B 1.B
Running vina for 7q7t__1__1.A_2.A__2.C, ligand 2.C...
  Skipping (exists) 7q7t__1__1.A_2.A__2.C 2.C
Running vina for 7q7v__1__1.A_2.A__2.B, ligand 2.B...
  Skipping (exists) 7q7v__1__1.A_2.A__2.B 2.B
Running vina for 7q8z__1__1.A__1.E, ligand 1.E...
  Skipping (exists) 7q8z__1__1.A__1.E 1.E
Running vina for 7q90__1__1.A__1.D, ligand 1.D...
  Skipping (exists) 7q90__1__1.A__1.D 1.D
Running vina for 7qa3__1__1.A__1.C, ligand 1.C...
  Skipping (exists) 7qa3__1__1.A__1.C 1.C
Running vina for 7qaa__1__1.B__1.D, ligand 1.D...
  Skipping (exists) 7qaa__1__1.B__1.D 1.D
Running vina for 7qdt__1__1.A__1.B, ligand 1.B...
  Skipping (exists) 7qdt__1__1.A__1.B 1.B
Running vina for 7qea__1__1.A__1.C, ligand 1.C...
  Skipping (exists) 7qea__1__1.A__1.C 1.C
Running vina for 7qei__1__1.A__1.B, ligand 1.B...
  Skipping (exists) 7qei__1__1.A__1.B 1.B
Running vina for 7qfe__1__1.A__1.D, ligand 1.D...
  Skipping (exists) 7qfe__1__1.A__1.D 1.D
Running vina for 7qg1__1__1.A__1.C, ligand 1.C...
  Skipping (exists) 7qg1__1__1.A__1.C 1.C
Running vina for 7qg3__1__1.A__1.C, ligand 1.C...
  Skipping (exists) 7qg3__1__1.A__1.C 1.C
Running vina for 7qg5__1__1.A__1.C, ligand 1.C...
  Skipping (exists) 7qg5__1__1.A__1.C 1.C
Running vina for 7qgt__1__1.B__1.F, ligand 1.F...
  Skipping (exists) 7qgt__1__1.B__1.F 1.F
Running vina for 7qhe__1__1.A__1.I, ligand 1.I...
  Skipping (exists) 7qhe__1__1.A__1.I 1.I
Running vina for 7qhl__1__1.A__1.E, ligand 1.E...
  Skipping (exists) 7qhl__1__1.A__1.E 1.E
Running vina for 7qhz__1__1.A__1.B, ligand 1.B...
  Skipping (exists) 7qhz__1__1.A__1.B 1.B
Running vina for 7qi0__1__1.A__1.C, ligand 1.C...
  Skipping (exists) 7qi0__1__1.A__1.C 1.C
Running vina for 7qnn__1__1.A__1.C, ligand 1.C...
  Skipping (exists) 7qnn__1__1.A__1.C 1.C
Running vina for 7qrb__1__1.A__1.G, ligand 1.G...
  Skipping (exists) 7qrb__1__1.A__1.G 1.G
Running vina for 7qrc__1__1.A__1.D, ligand 1.D...
  Skipping (exists) 7qrc__1__1.A__1.D 1.D
Running vina for 7qt2__1__1.A_1.B__1.E, ligand 1.E...
  Skipping (exists) 7qt2__1__1.A_1.B__1.E 1.E
Running vina for 7qt6__1__1.A__1.B, ligand 1.B...
  Skipping (exists) 7qt6__1__1.A__1.B 1.B
Running vina for 7qty__1__1.A__1.C, ligand 1.C...
  Skipping (exists) 7qty__1__1.A__1.C 1.C
Running vina for 7qy9__1__1.A__1.C, ligand 1.C...
  Skipping (exists) 7qy9__1__1.A__1.C 1.C
Running vina for 7qyn__1__1.B__1.O, ligand 1.O...
  Skipping (exists) 7qyn__1__1.B__1.O 1.O
Running vina for 7r02__1__1.B__1.L, ligand 1.L...
  Skipping (exists) 7r02__1__1.B__1.L 1.L
Running vina for 7r0a__1__1.A__1.C, ligand 1.C...
  Skipping (exists) 7r0a__1__1.A__1.C 1.C
Running vina for 7r26__1__1.A__1.B, ligand 1.B...
  Skipping (exists) 7r26__1__1.A__1.B 1.B
Running vina for 7r4a__1__1.A__1.C, ligand 1.C...
  Skipping (exists) 7r4a__1__1.A__1.C 1.C
Running vina for 7r5d__1__1.A__1.C, ligand 1.C...
  Skipping (exists) 7r5d__1__1.A__1.C 1.C
Running vina for 7r6g__1__1.A__1.C, ligand 1.C...
  Skipping (exists) 7r6g__1__1.A__1.C 1.C
Running vina for 7r7l__1__1.A__1.C, ligand 1.C...
  Skipping (exists) 7r7l__1__1.A__1.C 1.C
Running vina for 7r7r__1__1.A__1.B, ligand 1.B...
  Skipping (exists) 7r7r__1__1.A__1.B 1.B
Running vina for 7r9n__1__1.B__1.E, ligand 1.E...
  Skipping (exists) 7r9n__1__1.B__1.E 1.E
Running vina for 7r9p__1__1.A__1.C, ligand 1.C...
  Skipping (exists) 7r9p__1__1.A__1.C 1.C
Running vina for 7r9t__1__1.A__1.C, ligand 1.C...
  Skipping (exists) 7r9t__1__1.A__1.C 1.C
Running vina for 7rae__1__1.A__1.C, ligand 1.C...
  Skipping (exists) 7rae__1__1.A__1.C 1.C
Running vina for 7raf__1__1.A__1.C, ligand 1.C...
  Skipping (exists) 7raf__1__1.A__1.C 1.C
Running vina for 7rbw__1__1.A__1.C, ligand 1.C...
  Skipping (exists) 7rbw__1__1.A__1.C 1.C
Running vina for 7rc9__1__1.A_1.B__1.X, ligand 1.X...
  Skipping (exists) 7rc9__1__1.A_1.B__1.X 1.X
Running vina for 7rdp__1__1.A__1.B, ligand 1.B...
  Skipping (exists) 7rdp__1__1.A__1.B 1.B
Running vina for 7rf9__1__1.A_1.B__1.G, ligand 1.G...
  Skipping (exists) 7rf9__1__1.A_1.B__1.G 1.G
Running vina for 7rh1__1__1.A__1.D, ligand 1.D...
  Skipping (exists) 7rh1__1__1.A__1.D 1.D
Running vina for 7rh3__1__1.A__1.C, ligand 1.C...
  Skipping (exists) 7rh3__1__1.A__1.C 1.C
Running vina for 7rh4__1__1.A__1.C, ligand 1.C...
  Skipping (exists) 7rh4__1__1.A__1.C 1.C
Running vina for 7rke__1__1.A__1.E, ligand 1.E...
  Skipping (exists) 7rke__1__1.A__1.E 1.E
Running vina for 7rl2__1__1.A__1.C, ligand 1.C...
  Skipping (exists) 7rl2__1__1.A__1.C 1.C
Running vina for 7rls__1__1.A_2.A__2.B, ligand 2.B...
  Skipping (exists) 7rls__1__1.A_2.A__2.B 2.B
Running vina for 7rmb__1__1.A_2.A__2.B, ligand 2.B...
  Skipping (exists) 7rmb__1__1.A_2.A__2.B 2.B
Running vina for 7rmw__1__1.A__1.G, ligand 1.G...
  Skipping (exists) 7rmw__1__1.A__1.G 1.G
Running vina for 7rn4__1__1.A_2.A__2.B, ligand 2.B...
  Skipping (exists) 7rn4__1__1.A_2.A__2.B 2.B
Running vina for 7rnk__1__1.A_2.A__2.B, ligand 2.B...
  Skipping (exists) 7rnk__1__1.A_2.A__2.B 2.B
Running vina for 7rnm__1__1.B__1.F, ligand 1.F...
  Skipping (exists) 7rnm__1__1.B__1.F 1.F
Running vina for 7rnp__1__1.A__1.E, ligand 1.E...
  Skipping (exists) 7rnp__1__1.A__1.E 1.E
Running vina for 7rof__1__1.A__1.E, ligand 1.E...
  Skipping (exists) 7rof__1__1.A__1.E 1.E
Running vina for 7ros__1__1.A__1.C, ligand 1.C...
  Skipping (exists) 7ros__1__1.A__1.C 1.C
Running vina for 7rq0__1__1.A_1.B__1.L, ligand 1.L...
  Skipping (exists) 7rq0__1__1.A_1.B__1.L 1.L
Running vina for 7rrb__1__1.A__1.C, ligand 1.C...
  Skipping (exists) 7rrb__1__1.A__1.C 1.C
Running vina for 7rrc__1__1.A__1.C, ligand 1.C...
  Skipping (exists) 7rrc__1__1.A__1.C 1.C
Running vina for 7rwe__1__1.A__1.B, ligand 1.B...
  Skipping (exists) 7rwe__1__1.A__1.B 1.B
Running vina for 7rwf__1__1.A__1.C, ligand 1.C...
  Skipping (exists) 7rwf__1__1.A__1.C 1.C
Running vina for 7rxo__1__1.A__1.C, ligand 1.C...
  Skipping (exists) 7rxo__1__1.A__1.C 1.C
Running vina for 7s1c__1__1.A__1.C, ligand 1.C...
  Skipping (exists) 7s1c__1__1.A__1.C 1.C
Running vina for 7s1d__1__1.A__1.C, ligand 1.C...
  Skipping (exists) 7s1d__1__1.A__1.C 1.C
Running vina for 7s6u__1__1.A__1.B, ligand 1.B...
  Skipping (exists) 7s6u__1__1.A__1.B 1.B
Running vina for 7s6v__1__1.A__1.B, ligand 1.B...
  Skipping (exists) 7s6v__1__1.A__1.B 1.B
Running vina for 7s7t__1__1.A__1.B, ligand 1.B...
  Skipping (exists) 7s7t__1__1.A__1.B 1.B
Running vina for 7s7x__1__1.A__1.D, ligand 1.D...
  Skipping (exists) 7s7x__1__1.A__1.D 1.D
Running vina for 7s84__1__1.A__1.B, ligand 1.B...
  Skipping (exists) 7s84__1__1.A__1.B 1.B
Running vina for 7sa0__1__1.A__1.F, ligand 1.F...
  Skipping (exists) 7sa0__1__1.A__1.F 1.F
Running vina for 7scr__1__1.E__1.K, ligand 1.K...
  Skipping (exists) 7scr__1__1.E__1.K 1.K
Running vina for 7sdd__1__2.A__2.B, ligand 2.B...
  Skipping (exists) 7sdd__1__2.A__2.B 2.B
Running vina for 7sdr__1__1.A__1.D, ligand 1.D...
  Skipping (exists) 7sdr__1__1.A__1.D 1.D
Running vina for 7sel__1__1.A__1.C, ligand 1.C...
  Skipping (exists) 7sel__1__1.A__1.C 1.C
Running vina for 7sez__1__1.A__1.B, ligand 1.B...
  Skipping (exists) 7sez__1__1.A__1.B 1.B
Running vina for 7sfo__1__1.A__1.E, ligand 1.E...
  Skipping (exists) 7sfo__1__1.A__1.E 1.E
Running vina for 7shh__1__1.A__1.E, ligand 1.E...
  Skipping (exists) 7shh__1__1.A__1.E 1.E
Running vina for 7si4__1__1.A__1.B, ligand 1.B...
  Skipping (exists) 7si4__1__1.A__1.B 1.B
Running vina for 7si5__1__1.A__1.D, ligand 1.D...
  Skipping (exists) 7si5__1__1.A__1.D 1.D
Running vina for 7sia__1__1.A_1.B__1.C, ligand 1.C...
  Skipping (exists) 7sia__1__1.A_1.B__1.C 1.C
Running vina for 7siu__1__1.A__1.C, ligand 1.C...
  Skipping (exists) 7siu__1__1.A__1.C 1.C
Running vina for 7slr__1__1.A_1.B__1.C, ligand 1.C...
  Skipping (exists) 7slr__1__1.A_1.B__1.C 1.C
Running vina for 7sls__1__1.A_1.B__1.C, ligand 1.C...
  Skipping (exists) 7sls__1__1.A_1.B__1.C 1.C
Running vina for 7slz__1__1.A__1.B, ligand 1.B...
  Skipping (exists) 7slz__1__1.A__1.B 1.B
Running vina for 7snz__1__1.A_1.B__1.C, ligand 1.C...
  Skipping (exists) 7snz__1__1.A_1.B__1.C 1.C
Running vina for 7so1__1__1.A_1.B__1.C, ligand 1.C...
  Skipping (exists) 7so1__1__1.A_1.B__1.C 1.C
Running vina for 7sok__1__1.A__1.E, ligand 1.E...
  Skipping (exists) 7sok__1__1.A__1.E 1.E
Running vina for 7sqe__1__1.A__1.D, ligand 1.D...
  Skipping (exists) 7sqe__1__1.A__1.D 1.D
Running vina for 7sqm__1__1.A__1.B, ligand 1.B...
  Skipping (exists) 7sqm__1__1.A__1.B 1.B
Running vina for 7sxg__1__1.A__1.C, ligand 1.C...
  Skipping (exists) 7sxg__1__1.A__1.C 1.C
Running vina for 7sxj__1__1.A__1.C, ligand 1.C...
  Skipping (exists) 7sxj__1__1.A__1.C 1.C
Running vina for 7sz3__1__1.B__1.I, ligand 1.I...
  Skipping (exists) 7sz3__1__1.B__1.I 1.I
Running vina for 7sza__1__1.A__1.E, ligand 1.E...
  Skipping (exists) 7sza__1__1.A__1.E 1.E
Running vina for 7szb__1__1.A__1.E, ligand 1.E...
  Skipping (exists) 7szb__1__1.A__1.E 1.E
Running vina for 7szc__1__1.A__1.F, ligand 1.F...
  Skipping (exists) 7szc__1__1.A__1.F 1.F
Running vina for 7szr__1__1.A__1.G, ligand 1.G...
  Skipping (exists) 7szr__1__1.A__1.G 1.G
Running vina for 7t0c__1__1.A_1.B__1.VA, ligand 1.VA...
  Skipping (exists) 7t0c__1__1.A_1.B__1.VA 1.VA
Running vina for 7t0f__1__1.A_1.B__1.C, ligand 1.C...
  Skipping (exists) 7t0f__1__1.A_1.B__1.C 1.C
Running vina for 7t39__1__1.A__1.B, ligand 1.B...
  Skipping (exists) 7t39__1__1.A__1.B 1.B
Running vina for 7t5k__1__1.A__1.D, ligand 1.D...
  Skipping (exists) 7t5k__1__1.A__1.D 1.D
Running vina for 7t5x__1__1.A_1.C__1.I, ligand 1.I...
  Skipping (exists) 7t5x__1__1.A_1.C__1.I 1.I
Running vina for 7t5y__1__1.B__1.G, ligand 1.G...
  Skipping (exists) 7t5y__1__1.B__1.G 1.G
Running vina for 7t5z__1__1.A_1.C__1.I, ligand 1.I...
  Skipping (exists) 7t5z__1__1.A_1.C__1.I 1.I
Running vina for 7t60__1__1.B_1.C__1.M, ligand 1.M...
  Skipping (exists) 7t60__1__1.B_1.C__1.M 1.M
Running vina for 7t61__1__1.B_1.C__1.L, ligand 1.L...
  Skipping (exists) 7t61__1__1.B_1.C__1.L 1.L
Running vina for 7t6c__1__1.A__1.E, ligand 1.E...
  Skipping (exists) 7t6c__1__1.A__1.E 1.E
Running vina for 7t7m__1__1.A__1.I, ligand 1.I...
  Skipping (exists) 7t7m__1__1.A__1.I 1.I
Running vina for 7t9r__1__1.A__1.F, ligand 1.F...
  Skipping (exists) 7t9r__1__1.A__1.F 1.F
Running vina for 7tab__1__1.A__1.B, ligand 1.B...
  Skipping (exists) 7tab__1__1.A__1.B 1.B
Running vina for 7taz__1__1.A__1.C, ligand 1.C...
  Skipping (exists) 7taz__1__1.A__1.C 1.C
Running vina for 7tbd__1__1.A__1.E, ligand 1.E...
  Skipping (exists) 7tbd__1__1.A__1.E 1.E
Running vina for 7tbu__1__1.A__1.D, ligand 1.D...
  Skipping (exists) 7tbu__1__1.A__1.D 1.D
Running vina for 7te8__1__1.A_1.B__1.E, ligand 1.E...
  Skipping (exists) 7te8__1__1.A_1.B__1.E 1.E
Running vina for 7tev__1__1.A_2.A__2.D, ligand 2.D...
  Skipping (exists) 7tev__1__1.A_2.A__2.D 2.D
Running vina for 7tjo__1__1.A__1.E, ligand 1.E...
  Skipping (exists) 7tjo__1__1.A__1.E 1.E
Running vina for 7tt8__1__1.A__1.C, ligand 1.C...
  Skipping (exists) 7tt8__1__1.A__1.C 1.C
Running vina for 7tuo__1__1.A__1.B, ligand 1.B...
  Skipping (exists) 7tuo__1__1.A__1.B 1.B
Running vina for 7twu__1__1.B__1.N, ligand 1.N...
  Skipping (exists) 7twu__1__1.B__1.N 1.N
Running vina for 7txk__1__1.A__1.C, ligand 1.C...
  Skipping (exists) 7txk__1__1.A__1.C 1.C
Running vina for 7txp__1__1.A_2.A__2.B, ligand 2.B...
  Skipping (exists) 7txp__1__1.A_2.A__2.B 2.B
Running vina for 7tz7__1__1.A__1.C, ligand 1.C...
  Skipping (exists) 7tz7__1__1.A__1.C 1.C
Running vina for 7tzb__1__1.A__1.C, ligand 1.C...
  Skipping (exists) 7tzb__1__1.A__1.C 1.C
Running vina for 7u0t__1__1.A_1.B__1.H, ligand 1.H...
  Skipping (exists) 7u0t__1__1.A_1.B__1.H 1.H
Running vina for 7u1m__1__1.A__1.D, ligand 1.D...
  Skipping (exists) 7u1m__1__1.A__1.D 1.D
Running vina for 7u2z__1__1.A__1.C, ligand 1.C...
  Skipping (exists) 7u2z__1__1.A__1.C 1.C
Running vina for 7u30__1__1.A__1.I, ligand 1.I...
  Skipping (exists) 7u30__1__1.A__1.I 1.I
Running vina for 7u31__1__1.A__1.D, ligand 1.D...
  Skipping (exists) 7u31__1__1.A__1.D 1.D
Running vina for 7u4g__1__4.A__4.E, ligand 4.E...
  Skipping (exists) 7u4g__1__4.A__4.E 4.E
Running vina for 7u4o__1__1.A__1.G, ligand 1.G...
  Skipping (exists) 7u4o__1__1.A__1.G 1.G
Running vina for 7u5z__1__1.A_1.B__1.C, ligand 1.C...
  Skipping (exists) 7u5z__1__1.A_1.B__1.C 1.C
Running vina for 7u64__1__1.A_1.B__1.S, ligand 1.S...
  Skipping (exists) 7u64__1__1.A_1.B__1.S 1.S
Running vina for 7u70__1__1.A__1.C, ligand 1.C...
  Skipping (exists) 7u70__1__1.A__1.C 1.C
Running vina for 7u8v__1__1.A__1.C, ligand 1.C...
  Skipping (exists) 7u8v__1__1.A__1.C 1.C
Running vina for 7u8w__1__1.A__1.C, ligand 1.C...
  Skipping (exists) 7u8w__1__1.A__1.C 1.C
Running vina for 7u8x__1__1.A__1.B, ligand 1.B...
  Skipping (exists) 7u8x__1__1.A__1.B 1.B
Running vina for 7u98__1__1.A__1.E, ligand 1.E...
  Skipping (exists) 7u98__1__1.A__1.E 1.E
Running vina for 7u99__1__1.A__1.B, ligand 1.B...
  Skipping (exists) 7u99__1__1.A__1.B 1.B
Running vina for 7u9a__1__1.A__1.B, ligand 1.B...
  Skipping (exists) 7u9a__1__1.A__1.B 1.B
Running vina for 7uad__1__1.A__1.B, ligand 1.B...
  Skipping (exists) 7uad__1__1.A__1.B 1.B
Running vina for 7uas__1__1.A__1.C, ligand 1.C...
  Skipping (exists) 7uas__1__1.A__1.C 1.C
Running vina for 7uaw__1__1.A_1.B__1.C, ligand 1.C...
  Skipping (exists) 7uaw__1__1.A_1.B__1.C 1.C
Running vina for 7ubo__1__1.A__1.E, ligand 1.E...
  Skipping (exists) 7ubo__1__1.A__1.E 1.E
Running vina for 7udq__1__1.A__1.C, ligand 1.C...
  Skipping (exists) 7udq__1__1.A__1.C 1.C
Running vina for 7ue4__1__1.A_2.A__2.F, ligand 2.F...
  Skipping (exists) 7ue4__1__1.A_2.A__2.F 2.F
Running vina for 7ue8__1__1.A_2.A__2.D, ligand 2.D...
  Skipping (exists) 7ue8__1__1.A_2.A__2.D 2.D
Running vina for 7ueo__1__1.A_2.A__2.D, ligand 2.D...
  Skipping (exists) 7ueo__1__1.A_2.A__2.D 2.D
Running vina for 7ueu__1__1.A_2.A__2.B, ligand 2.B...
  Skipping (exists) 7ueu__1__1.A_2.A__2.B 2.B
Running vina for 7uf0__1__1.A_2.A__1.B, ligand 1.B...
  Skipping (exists) 7uf0__1__1.A_2.A__1.B 1.B
Running vina for 7ug5__1__1.A__1.E, ligand 1.E...
  Skipping (exists) 7ug5__1__1.A__1.E 1.E
Running vina for 7ugb__1__1.A__1.C, ligand 1.C...
  Skipping (exists) 7ugb__1__1.A__1.C 1.C
Running vina for 7ugl__1__1.A__1.C, ligand 1.C...
  Skipping (exists) 7ugl__1__1.A__1.C 1.C
Running vina for 7ugl__1__1.A__1.D, ligand 1.D...
  Skipping (exists) 7ugl__1__1.A__1.D 1.D
Running vina for 7uj7__1__1.A__1.E, ligand 1.E...
  Skipping (exists) 7uj7__1__1.A__1.E 1.E
Running vina for 7uj8__1__1.A__1.C, ligand 1.C...
  Skipping (exists) 7uj8__1__1.A__1.C 1.C
Running vina for 7ujc__1__1.B__1.D, ligand 1.D...
  Skipping (exists) 7ujc__1__1.B__1.D 1.D
Running vina for 7ujf__1__1.A__1.E, ligand 1.E...
  Skipping (exists) 7ujf__1__1.A__1.E 1.E
Running vina for 7ujh__1__1.A_1.B__1.D, ligand 1.D...
  Skipping (exists) 7ujh__1__1.A_1.B__1.D 1.D
Running vina for 7ujo__1__1.D__1.H, ligand 1.H...
  Skipping (exists) 7ujo__1__1.D__1.H 1.H
Running vina for 7ujy__1__1.B__1.F, ligand 1.F...
  Skipping (exists) 7ujy__1__1.B__1.F 1.F
Running vina for 7ukr__1__1.A__1.C, ligand 1.C...
  Skipping (exists) 7ukr__1__1.A__1.C 1.C
Running vina for 7um4__1__1.A__1.I, ligand 1.I...
  Skipping (exists) 7um4__1__1.A__1.I 1.I
Running vina for 7un0__1__1.A__1.G, ligand 1.G...
  Skipping (exists) 7un0__1__1.A__1.G 1.G
Running vina for 7ur3__1__1.A__1.B, ligand 1.B...
  Skipping (exists) 7ur3__1__1.A__1.B 1.B
Running vina for 7ur9__1__1.A_1.B__1.D, ligand 1.D...
  Skipping (exists) 7ur9__1__1.A_1.B__1.D 1.D
Running vina for 7usg__1__1.A__1.B, ligand 1.B...
  Skipping (exists) 7usg__1__1.A__1.B 1.B
Running vina for 7ush__1__1.A__1.B, ligand 1.B...
  Skipping (exists) 7ush__1__1.A__1.B 1.B
Running vina for 7usi__1__1.A__1.G, ligand 1.G...
  Skipping (exists) 7usi__1__1.A__1.G 1.G
Running vina for 7ut5__1__1.A__1.C, ligand 1.C...
  Skipping (exists) 7ut5__1__1.A__1.C 1.C
Running vina for 7uw2__1__1.A__1.C, ligand 1.C...
  Skipping (exists) 7uw2__1__1.A__1.C 1.C
Running vina for 7uw4__1__1.A__1.C, ligand 1.C...
  Skipping (exists) 7uw4__1__1.A__1.C 1.C
Running vina for 7uy0__1__1.A__1.E, ligand 1.E...
  Skipping (exists) 7uy0__1__1.A__1.E 1.E
Running vina for 7v13__1__1.A__1.C, ligand 1.C...
  Skipping (exists) 7v13__1__1.A__1.C 1.C
Running vina for 7v16__1__1.A__1.C, ligand 1.C...
  Skipping (exists) 7v16__1__1.A__1.C 1.C
Running vina for 7v17__1__1.A__1.C, ligand 1.C...
  Skipping (exists) 7v17__1__1.A__1.C 1.C
Running vina for 7v18__1__1.A__1.C, ligand 1.C...
  Skipping (exists) 7v18__1__1.A__1.C 1.C
Running vina for 7v1o__1__1.A__1.D, ligand 1.D...
  Skipping (exists) 7v1o__1__1.A__1.D 1.D
Running vina for 7v3d__1__1.A_1.B__1.F, ligand 1.F...
  Skipping (exists) 7v3d__1__1.A_1.B__1.F 1.F
Running vina for 7v3s__1__1.A__1.B, ligand 1.B...
  Skipping (exists) 7v3s__1__1.A__1.B 1.B
Running vina for 7v62__1__1.C__1.M, ligand 1.M...
  Skipping (exists) 7v62__1__1.C__1.M 1.M
Running vina for 7vbt__1__1.B__1.D, ligand 1.D...
  Skipping (exists) 7vbt__1__1.B__1.D 1.D
Running vina for 7vbv__1__1.B__1.N, ligand 1.N...
  Skipping (exists) 7vbv__1__1.B__1.N 1.N
Running vina for 7vdq__1__1.A__1.E, ligand 1.E...
  Skipping (exists) 7vdq__1__1.A__1.E 1.E
Running vina for 7vds__1__1.A__1.E, ligand 1.E...
  Skipping (exists) 7vds__1__1.A__1.E 1.E
Running vina for 7vez__1__1.A_1.D__1.E, ligand 1.E...
  Skipping (exists) 7vez__1__1.A_1.D__1.E 1.E
Running vina for 7vhy__1__1.A__1.F, ligand 1.F...
  Skipping (exists) 7vhy__1__1.A__1.F 1.F
Running vina for 7vhz__1__1.A__1.F, ligand 1.F...
  Skipping (exists) 7vhz__1__1.A__1.F 1.F
Running vina for 7vi0__1__1.A__1.F, ligand 1.F...
  Skipping (exists) 7vi0__1__1.A__1.F 1.F
Running vina for 7vi7__1__1.A__1.C, ligand 1.C...
  Skipping (exists) 7vi7__1__1.A__1.C 1.C
Running vina for 7vjt__1__1.A__1.C, ligand 1.C...
  Skipping (exists) 7vjt__1__1.A__1.C 1.C
Running vina for 7vkg__1__1.A__1.B, ligand 1.B...
  Skipping (exists) 7vkg__1__1.A__1.B 1.B
Running vina for 7vkh__1__1.A__1.C, ligand 1.C...
  Skipping (exists) 7vkh__1__1.A__1.C 1.C
Running vina for 7vl0__1__1.A__1.C, ligand 1.C...
  Skipping (exists) 7vl0__1__1.A__1.C 1.C
Running vina for 7vl2__1__1.A__1.C, ligand 1.C...
  Skipping (exists) 7vl2__1__1.A__1.C 1.C
Running vina for 7vl3__1__1.A__1.C, ligand 1.C...
  Skipping (exists) 7vl3__1__1.A__1.C 1.C
Running vina for 7vl6__1__1.A__1.C, ligand 1.C...
  Skipping (exists) 7vl6__1__1.A__1.C 1.C
Running vina for 7vl7__1__1.A__1.C, ligand 1.C...
  Skipping (exists) 7vl7__1__1.A__1.C 1.C
Running vina for 7vm7__1__1.A__1.B, ligand 1.B...
  Skipping (exists) 7vm7__1__1.A__1.B 1.B
Running vina for 7vnh__1__1.A__1.C, ligand 1.C...
  Skipping (exists) 7vnh__1__1.A__1.C 1.C
Running vina for 7vns__1__1.A_2.A__2.C, ligand 2.C...
  Skipping (exists) 7vns__1__1.A_2.A__2.C 2.C
Running vina for 7vo5__1__1.A__1.B, ligand 1.B...
  Skipping (exists) 7vo5__1__1.A__1.B 1.B
Running vina for 7vpe__1__1.A__1.B, ligand 1.B...
  Skipping (exists) 7vpe__1__1.A__1.B 1.B
Running vina for 7vpr__1__1.B__1.F, ligand 1.F...
  Skipping (exists) 7vpr__1__1.B__1.F 1.F
Running vina for 7vpu__1__1.A__1.E, ligand 1.E...
  Skipping (exists) 7vpu__1__1.A__1.E 1.E
Running vina for 7vqp__1__1.A__1.C, ligand 1.C...
  Skipping (exists) 7vqp__1__1.A__1.C 1.C
Running vina for 7vre__1__1.A__1.B, ligand 1.B...
  Skipping (exists) 7vre__1__1.A__1.B 1.B
Running vina for 7vrh__1__1.A__1.D, ligand 1.D...
  Skipping (exists) 7vrh__1__1.A__1.D 1.D
Running vina for 7vsl__1__1.A__1.D, ligand 1.D...
  Skipping (exists) 7vsl__1__1.A__1.D 1.D
Running vina for 7vte__1__1.A__1.F, ligand 1.F...
  Skipping (exists) 7vte__1__1.A__1.F 1.F
Running vina for 7vtf__1__1.A_1.B__1.F, ligand 1.F...
  Skipping (exists) 7vtf__1__1.A_1.B__1.F 1.F
Running vina for 7vtg__1__1.A__1.E, ligand 1.E...
  Skipping (exists) 7vtg__1__1.A__1.E 1.E
Running vina for 7vvt__1__1.A__1.C, ligand 1.C...
  Skipping (exists) 7vvt__1__1.A__1.C 1.C
Running vina for 7vwe__1__1.A__1.D, ligand 1.D...
  Skipping (exists) 7vwe__1__1.A__1.D 1.D
Running vina for 7vwg__1__1.A__1.D, ligand 1.D...
  Skipping (exists) 7vwg__1__1.A__1.D 1.D
Running vina for 7vwh__1__1.B__1.F, ligand 1.F...
  Skipping (exists) 7vwh__1__1.B__1.F 1.F
Running vina for 7vwt__1__1.B__1.H, ligand 1.H...
  Skipping (exists) 7vwt__1__1.B__1.H 1.H
Running vina for 7w0g__1__1.B__1.D, ligand 1.D...
  Skipping (exists) 7w0g__1__1.B__1.D 1.D
Running vina for 7w1i__1__1.A__1.B, ligand 1.B...
  Skipping (exists) 7w1i__1__1.A__1.B 1.B
Running vina for 7w2d__1__1.B__1.R, ligand 1.R...
  Skipping (exists) 7w2d__1__1.B__1.R 1.R
Running vina for 7w2f__1__1.A__1.M, ligand 1.M...
  Skipping (exists) 7w2f__1__1.A__1.M 1.M
Running vina for 7w3p__1__1.A__1.C, ligand 1.C...
  Skipping (exists) 7w3p__1__1.A__1.C 1.C
Running vina for 7w3s__1__1.B_1.D__1.F, ligand 1.F...
  Skipping (log exists) 7w3s__1__1.B_1.D__1.F 1.F
Running vina for 7w41__1__1.A__1.B, ligand 1.B...
  Skipping (exists) 7w41__1__1.A__1.B 1.B
Running vina for 7w4y__1__1.A__1.E, ligand 1.E...
  Skipping (exists) 7w4y__1__1.A__1.E 1.E
Running vina for 7w6f__1__1.A_1.B__1.C, ligand 1.C...
  Skipping (exists) 7w6f__1__1.A_1.B__1.C 1.C
Running vina for 7wbs__1__1.A_1.B__1.D, ligand 1.D...
  Skipping (exists) 7wbs__1__1.A_1.B__1.D 1.D
Running vina for 7wc6__1__1.A__1.F, ligand 1.F...
  Skipping (exists) 7wc6__1__1.A__1.F 1.F
Running vina for 7wc7__1__1.A__1.M, ligand 1.M...
  Skipping (exists) 7wc7__1__1.A__1.M 1.M
Running vina for 7wc8__1__1.A__1.H, ligand 1.H...
  Skipping (exists) 7wc8__1__1.A__1.H 1.H
Running vina for 7wcl__1__1.A__1.C, ligand 1.C...
  Skipping (exists) 7wcl__1__1.A__1.C 1.C
Running vina for 7wdt__1__1.A__1.B, ligand 1.B...
  Skipping (exists) 7wdt__1__1.A__1.B 1.B
Running vina for 7wdt__1__1.A__1.C, ligand 1.C...
  Skipping (exists) 7wdt__1__1.A__1.C 1.C
Running vina for 7wdu__1__1.A__1.C, ligand 1.C...
  Skipping (exists) 7wdu__1__1.A__1.C 1.C
Running vina for 7wew__1__1.A__1.K, ligand 1.K...
  Skipping (exists) 7wew__1__1.A__1.K 1.K
Running vina for 7wf5__1__1.A__1.C, ligand 1.C...
  Skipping (exists) 7wf5__1__1.A__1.C 1.C
Running vina for 7wgl__1__1.A__1.D, ligand 1.D...
  Skipping (exists) 7wgl__1__1.A__1.D 1.D
Running vina for 7wgn__1__1.A__1.B, ligand 1.B...
  Skipping (exists) 7wgn__1__1.A__1.B 1.B
Running vina for 7wgo__1__1.A__1.C, ligand 1.C...
  Skipping (exists) 7wgo__1__1.A__1.C 1.C
Running vina for 7wgq__1__1.A__1.C, ligand 1.C...
  Skipping (exists) 7wgq__1__1.A__1.C 1.C
Running vina for 7wlw__1__1.A__1.I, ligand 1.I...
  Skipping (exists) 7wlw__1__1.A__1.I 1.I
Running vina for 7wlx__1__1.A__1.C, ligand 1.C...
  Skipping (exists) 7wlx__1__1.A__1.C 1.C
Running vina for 7wmh__1__1.A__1.C, ligand 1.C...
  Skipping (exists) 7wmh__1__1.A__1.C 1.C
Running vina for 7wmj__1__1.A__1.C, ligand 1.C...
  Skipping (exists) 7wmj__1__1.A__1.C 1.C
Running vina for 7wmo__1__1.A__1.C, ligand 1.C...
  Skipping (exists) 7wmo__1__1.A__1.C 1.C
Running vina for 7wqq__1__1.A__1.C, ligand 1.C...
  Skipping (exists) 7wqq__1__1.A__1.C 1.C
Running vina for 7wux__1__1.A_1.D__1.J, ligand 1.J...
  Skipping (exists) 7wux__1__1.A_1.D__1.J 1.J
Running vina for 7x11__1__1.D__1.P, ligand 1.P...
  Skipping (exists) 7x11__1__1.D__1.P 1.P
Running vina for 7x4u__1__1.A__1.B, ligand 1.B...
  Skipping (exists) 7x4u__1__1.A__1.B 1.B
Running vina for 7x7x__1__1.A__1.C, ligand 1.C...
  Skipping (exists) 7x7x__1__1.A__1.C 1.C
Running vina for 7x81__1__1.A_1.B__1.D, ligand 1.D...
  Skipping (exists) 7x81__1__1.A_1.B__1.D 1.D
Running vina for 7x86__1__1.A_1.C__1.G, ligand 1.G...
  Skipping (exists) 7x86__1__1.A_1.C__1.G 1.G
Running vina for 7x9d__1__1.A__1.E, ligand 1.E...
  Skipping (exists) 7x9d__1__1.A__1.E 1.E
Running vina for 7xbv__1__1.A__1.B, ligand 1.B...
  Skipping (exists) 7xbv__1__1.A__1.B 1.B
Running vina for 7xef__1__1.A__1.E, ligand 1.E...
  Skipping (exists) 7xef__1__1.A__1.E 1.E
Running vina for 7xej__1__1.A_2.A__1.B, ligand 1.B...
  Skipping (exists) 7xej__1__1.A_2.A__1.B 1.B
Running vina for 7xek__1__1.A_2.A__1.B, ligand 1.B...
  Skipping (exists) 7xek__1__1.A_2.A__1.B 1.B
Running vina for 7xen__1__1.A_2.A__2.B, ligand 2.B...
  Skipping (exists) 7xen__1__1.A_2.A__2.B 2.B
Running vina for 7xep__1__1.A_2.A__1.E, ligand 1.E...
  Skipping (exists) 7xep__1__1.A_2.A__1.E 1.E
Running vina for 7xeq__1__1.A_2.A__2.D, ligand 2.D...
  Skipping (exists) 7xeq__1__1.A_2.A__2.D 2.D
Running vina for 7xes__1__1.A_2.A__2.D, ligand 2.D...
  Skipping (exists) 7xes__1__1.A_2.A__2.D 2.D
Running vina for 7xet__1__1.A_2.A__1.B, ligand 1.B...
  Skipping (exists) 7xet__1__1.A_2.A__1.B 1.B
Running vina for 7xf7__1__1.A__1.B, ligand 1.B...
  Skipping (exists) 7xf7__1__1.A__1.B 1.B
Running vina for 7xh6__1__1.A__1.E, ligand 1.E...
  Skipping (exists) 7xh6__1__1.A__1.E 1.E
Running vina for 7xhh__1__1.B__1.D, ligand 1.D...
  Skipping (exists) 7xhh__1__1.B__1.D 1.D
Running vina for 7xhq__1__1.A__1.C, ligand 1.C...
  Skipping (exists) 7xhq__1__1.A__1.C 1.C
Running vina for 7xi7__1__1.A__1.B, ligand 1.B...
  Skipping (exists) 7xi7__1__1.A__1.B 1.B
Running vina for 7xk9__1__1.A__1.C, ligand 1.C...
  Skipping (exists) 7xk9__1__1.A__1.C 1.C
Running vina for 7xka__1__1.A__1.C, ligand 1.C...
  Skipping (exists) 7xka__1__1.A__1.C 1.C
Running vina for 7xlp__1__1.A__1.B, ligand 1.B...
  Skipping (exists) 7xlp__1__1.A__1.B 1.B
Running vina for 7xm7__1__1.A__1.E, ligand 1.E...
  Skipping (exists) 7xm7__1__1.A__1.E 1.E
Running vina for 7xmk__1__1.A__1.D, ligand 1.D...
  Skipping (exists) 7xmk__1__1.A__1.D 1.D
Running vina for 7xnc__1__1.A__1.B, ligand 1.B...
  Skipping (exists) 7xnc__1__1.A__1.B 1.B
Running vina for 7xoz__1__1.B__1.F, ligand 1.F...
  Skipping (exists) 7xoz__1__1.B__1.F 1.F
Running vina for 7xpo__1__1.B__1.H, ligand 1.H...
  Skipping (exists) 7xpo__1__1.B__1.H 1.H
Running vina for 7xrr__1__1.A__1.B, ligand 1.B...
  Skipping (exists) 7xrr__1__1.A__1.B 1.B
Running vina for 7xsv__1__1.A__1.B, ligand 1.B...
  Skipping (exists) 7xsv__1__1.A__1.B 1.B
Running vina for 7xua__1__1.B__1.N, ligand 1.N...
  Skipping (exists) 7xua__1__1.B__1.N 1.N
Running vina for 7xub__1__1.A__1.H, ligand 1.H...
  Skipping (exists) 7xub__1__1.A__1.H 1.H
Running vina for 7xuc__1__1.A__1.H, ligand 1.H...
  Skipping (exists) 7xuc__1__1.A__1.H 1.H
Running vina for 7xvu__1__4.A__4.C, ligand 4.C...
  Skipping (exists) 7xvu__1__4.A__4.C 4.C
Running vina for 7xvv__1__3.A__3.C, ligand 3.C...
  Skipping (exists) 7xvv__1__3.A__3.C 3.C
Running vina for 7xvw__1__2.A__2.C, ligand 2.C...
  Skipping (exists) 7xvw__1__2.A__2.C 2.C
Running vina for 7xxc__1__1.A_1.B_1.D__1.M, ligand 1.M...
  Skipping (exists) 7xxc__1__1.A_1.B_1.D__1.M 1.M
Running vina for 7xxm__1__1.A_1.B_1.C__1.K, ligand 1.K...
  Skipping (exists) 7xxm__1__1.A_1.B_1.C__1.K 1.K
Running vina for 7xxp__1__1.A_1.B_1.C__1.K, ligand 1.K...
  Skipping (exists) 7xxp__1__1.A_1.B_1.C__1.K 1.K
Running vina for 7y0f__1__1.B__1.G, ligand 1.G...
  Skipping (exists) 7y0f__1__1.B__1.G 1.G
Running vina for 7y4g__1__2.A__2.D, ligand 2.D...
  Skipping (exists) 7y4g__1__2.A__2.D 2.D
Running vina for 7y4u__1__1.A__1.B, ligand 1.B...
  Skipping (exists) 7y4u__1__1.A__1.B 1.B
Running vina for 7yd2__1__1.A_1.B__1.K, ligand 1.K...
  Skipping (exists) 7yd2__1__1.A_1.B__1.K 1.K
Running vina for 7ydx__1__2.B__2.H, ligand 2.H...
  Skipping (exists) 7ydx__1__2.B__2.H 2.H
Running vina for 7yj9__1__1.A_2.A__2.B, ligand 2.B...
  Skipping (exists) 7yj9__1__1.A_2.A__2.B 2.B
Running vina for 7yja__1__1.A_1.B__1.E, ligand 1.E...
  Skipping (exists) 7yja__1__1.A_1.B__1.E 1.E
Running vina for 7yjb__1__1.A_2.A__2.B, ligand 2.B...
  Skipping (exists) 7yjb__1__1.A_2.A__2.B 2.B
Running vina for 7yop__1__1.A_1.B__1.E, ligand 1.E...
  Skipping (exists) 7yop__1__1.A_1.B__1.E 1.E
Running vina for 7yoq__1__1.B__1.D, ligand 1.D...
  Skipping (exists) 7yoq__1__1.B__1.D 1.D
Running vina for 7ypu__1__1.A_1.B__1.I, ligand 1.I...
  Skipping (exists) 7ypu__1__1.A_1.B__1.I 1.I
Running vina for 7ypv__1__1.A_1.B__1.J, ligand 1.J...
  Skipping (exists) 7ypv__1__1.A_1.B__1.J 1.J
Running vina for 7ysx__1__1.B__1.J, ligand 1.J...
  Skipping (exists) 7ysx__1__1.B__1.J 1.J
Running vina for 7yv4__1__1.A__1.B, ligand 1.B...
  Skipping (exists) 7yv4__1__1.A__1.B 1.B
Running vina for 7yxd__1__1.A__1.I, ligand 1.I...
  Skipping (exists) 7yxd__1__1.A__1.I 1.I
Running vina for 7yxe__1__1.A__1.C, ligand 1.C...
  Skipping (exists) 7yxe__1__1.A__1.C 1.C
Running vina for 7yzs__1__1.A__1.B, ligand 1.B...
  Skipping (exists) 7yzs__1__1.A__1.B 1.B
Running vina for 7yzu__1__1.A__1.B, ligand 1.B...
  Skipping (exists) 7yzu__1__1.A__1.B 1.B
Running vina for 7z1r__1__1.A_2.A__1.B, ligand 1.B...
  Skipping (exists) 7z1r__1__1.A_2.A__1.B 1.B
Running vina for 7z1v__1__1.A__1.C, ligand 1.C...
  Skipping (exists) 7z1v__1__1.A__1.C 1.C
Running vina for 7z1w__1__1.A__1.C, ligand 1.C...
  Skipping (exists) 7z1w__1__1.A__1.C 1.C
Running vina for 7z2q__1__1.A__1.C, ligand 1.C...
  Skipping (exists) 7z2q__1__1.A__1.C 1.C
Running vina for 7z39__1__1.A__1.C, ligand 1.C...
  Skipping (exists) 7z39__1__1.A__1.C 1.C
Running vina for 7z3y__1__1.A__1.D, ligand 1.D...
  Skipping (exists) 7z3y__1__1.A__1.D 1.D
Running vina for 7z41__1__1.A__1.C, ligand 1.C...
  Skipping (exists) 7z41__1__1.A__1.C 1.C
Running vina for 7z5b__1__1.A__1.D, ligand 1.D...
  Skipping (exists) 7z5b__1__1.A__1.D 1.D
Running vina for 7z5r__1__1.A__1.D, ligand 1.D...
  Skipping (exists) 7z5r__1__1.A__1.D 1.D
Running vina for 7z5x__1__1.A__1.C, ligand 1.C...
  Skipping (exists) 7z5x__1__1.A__1.C 1.C
Running vina for 7z78__1__1.A__1.D, ligand 1.D...
  Skipping (exists) 7z78__1__1.A__1.D 1.D
Running vina for 7z9t__1__1.A__1.C, ligand 1.C...
  Skipping (exists) 7z9t__1__1.A__1.C 1.C
Running vina for 7za0__1__1.A__1.B, ligand 1.B...
  Skipping (exists) 7za0__1__1.A__1.B 1.B
Running vina for 7zaa__1__1.A__1.C, ligand 1.C...
  Skipping (exists) 7zaa__1__1.A__1.C 1.C
Running vina for 7zeg__1__1.A__1.C, ligand 1.C...
  Skipping (exists) 7zeg__1__1.A__1.C 1.C
Running vina for 7zfv__1__1.A__1.C, ligand 1.C...
  Skipping (exists) 7zfv__1__1.A__1.C 1.C
Running vina for 7zg9__1__1.A__1.C, ligand 1.C...
  Skipping (exists) 7zg9__1__1.A__1.C 1.C
Running vina for 7zgb__1__1.A__1.B, ligand 1.B...
  Skipping (exists) 7zgb__1__1.A__1.B 1.B
Running vina for 7zgc__1__1.A__1.B, ligand 1.B...
  Skipping (exists) 7zgc__1__1.A__1.B 1.B
Running vina for 7zgd__1__1.A__1.B, ligand 1.B...
  Skipping (exists) 7zgd__1__1.A__1.B 1.B
Running vina for 7zi0__1__1.A__1.C, ligand 1.C...
  Skipping (exists) 7zi0__1__1.A__1.C 1.C
Running vina for 7zik__1__1.A__1.D, ligand 1.D...
  Skipping (exists) 7zik__1__1.A__1.D 1.D
Running vina for 7ziy__1__1.A__1.C, ligand 1.C...
  Skipping (exists) 7ziy__1__1.A__1.C 1.C
Running vina for 7zj0__1__1.A__1.C, ligand 1.C...
  Skipping (exists) 7zj0__1__1.A__1.C 1.C
Running vina for 7zjp__1__1.A__1.C, ligand 1.C...
  Skipping (exists) 7zjp__1__1.A__1.C 1.C
Running vina for 7zjq__1__1.A__1.E, ligand 1.E...
  Skipping (exists) 7zjq__1__1.A__1.E 1.E
Running vina for 7zks__1__1.A__1.B, ligand 1.B...
  Skipping (exists) 7zks__1__1.A__1.B 1.B
Running vina for 7zkw__1__1.A_1.C__1.E, ligand 1.E...
  Skipping (exists) 7zkw__1__1.A_1.C__1.E 1.E
Running vina for 7zp7__1__1.A__1.C, ligand 1.C...
  Skipping (exists) 7zp7__1__1.A__1.C 1.C
Running vina for 7zsm__1__1.A_2.A__1.B, ligand 1.B...
  Skipping (exists) 7zsm__1__1.A_2.A__1.B 1.B
Running vina for 7zso__1__1.A_1.C__1.S, ligand 1.S...
  Skipping (exists) 7zso__1__1.A_1.C__1.S 1.S
Running vina for 7zst__1__1.B_1.C__1.H, ligand 1.H...
  Skipping (exists) 7zst__1__1.B_1.C__1.H 1.H
Running vina for 7zwb__1__1.A__1.D, ligand 1.D...
  Skipping (exists) 7zwb__1__1.A__1.D 1.D
Running vina for 7zxz__1__2.A_2.B__2.E, ligand 2.E...
  Skipping (exists) 7zxz__1__2.A_2.B__2.E 2.E
Running vina for 7zym__1__1.A__1.B, ligand 1.B...
  Skipping (exists) 7zym__1__1.A__1.B 1.B
Running vina for 7zyn__1__1.A__1.B, ligand 1.B...
  Skipping (exists) 7zyn__1__1.A__1.B 1.B
Running vina for 7zz7__1__1.A_4.A__4.C, ligand 4.C...
  Skipping (exists) 7zz7__1__1.A_4.A__4.C 4.C
Running vina for 7zzc__1__1.A_4.A__4.D, ligand 4.D...
  Skipping (exists) 7zzc__1__1.A_4.A__4.D 4.D
Running vina for 7zzf__1__2.A_3.A__3.C, ligand 3.C...
  Skipping (exists) 7zzf__1__2.A_3.A__3.C 3.C
Running vina for 7zzg__1__2.A_3.A__2.C, ligand 2.C...
  Skipping (exists) 7zzg__1__2.A_3.A__2.C 2.C
Running vina for 8a0t__1__1.A__1.C, ligand 1.C...
  Skipping (exists) 8a0t__1__1.A__1.C 1.C
Running vina for 8a2p__1__1.A__1.B, ligand 1.B...
  Skipping (exists) 8a2p__1__1.A__1.B 1.B
Running vina for 8a3a__1__1.A__1.B, ligand 1.B...
  Skipping (exists) 8a3a__1__1.A__1.B 1.B
Running vina for 8a4q__1__1.A_2.A__1.B, ligand 1.B...
  Skipping (exists) 8a4q__1__1.A_2.A__1.B 1.B
Running vina for 8a56__1__1.A_1.B__1.I, ligand 1.I...
  Skipping (exists) 8a56__1__1.A_1.B__1.I 1.I
Running vina for 8a66__1__1.A__1.C, ligand 1.C...
  Skipping (exists) 8a66__1__1.A__1.C 1.C
Running vina for 8a7i__1__1.A__1.C, ligand 1.C...
  Skipping (exists) 8a7i__1__1.A__1.C 1.C
Running vina for 8a9i__1__1.A__1.B, ligand 1.B...
  Skipping (exists) 8a9i__1__1.A__1.B 1.B
Running vina for 8a9v__1__2.A_3.A__3.C, ligand 3.C...
  Skipping (exists) 8a9v__1__2.A_3.A__3.C 3.C
Running vina for 8ab3__1__1.A_1.B_1.C_1.D__1.L, ligand 1.L...
  Skipping (exists) 8ab3__1__1.A_1.B_1.C_1.D__1.L 1.L
Running vina for 8abu__1__1.A__1.D, ligand 1.D...
  Skipping (exists) 8abu__1__1.A__1.D 1.D
Running vina for 8acm__1__1.A__1.E, ligand 1.E...
  Skipping (exists) 8acm__1__1.A__1.E 1.E
Running vina for 8ad7__1__1.A__1.J, ligand 1.J...
  Skipping (exists) 8ad7__1__1.A__1.J 1.J
Running vina for 8adf__1__1.B__1.D, ligand 1.D...
  Skipping (exists) 8adf__1__1.B__1.D 1.D
Running vina for 8adj__1__1.A__1.D, ligand 1.D...
  Skipping (exists) 8adj__1__1.A__1.D 1.D
Running vina for 8aev__1__1.A__1.G, ligand 1.G...
  Skipping (exists) 8aev__1__1.A__1.G 1.G
Running vina for 8ai7__1__1.A__1.Q, ligand 1.Q...
  Skipping (exists) 8ai7__1__1.A__1.Q 1.Q
Running vina for 8am2__1__1.A__1.D, ligand 1.D...
  Skipping (exists) 8am2__1__1.A__1.D 1.D
Running vina for 8aop__1__1.A__1.E, ligand 1.E...
  Skipping (exists) 8aop__1__1.A__1.E 1.E
Running vina for 8apt__1__1.A_2.A__1.B, ligand 1.B...
  Skipping (exists) 8apt__1__1.A_2.A__1.B 1.B
Running vina for 8apu__1__1.A_2.A__1.B, ligand 1.B...
  Skipping (exists) 8apu__1__1.A_2.A__1.B 1.B
Running vina for 8apw__1__1.A_2.A__2.C, ligand 2.C...
  Skipping (exists) 8apw__1__1.A_2.A__2.C 2.C
Running vina for 8aqf__1__1.A__1.B, ligand 1.B...
  Skipping (exists) 8aqf__1__1.A__1.B 1.B
Running vina for 8aqj__1__1.A_3.A__3.B, ligand 3.B...
  Skipping (exists) 8aqj__1__1.A_3.A__3.B 3.B
Running vina for 8arj__1__1.A__1.B, ligand 1.B...
  Skipping (exists) 8arj__1__1.A__1.B 1.B
Running vina for 8asf__1__1.B__1.E, ligand 1.E...
  Skipping (exists) 8asf__1__1.B__1.E 1.E
Running vina for 8atb__1__1.A__1.C, ligand 1.C...
  Skipping (exists) 8atb__1__1.A__1.C 1.C
Running vina for 8atl__1__1.A__1.C, ligand 1.C...
  Skipping (exists) 8atl__1__1.A__1.C 1.C
Running vina for 8aw1__1__1.A__1.C, ligand 1.C...
  Skipping (exists) 8aw1__1__1.A__1.C 1.C
Running vina for 8ax0__1__1.B__1.H, ligand 1.H...
  Skipping (exists) 8ax0__1__1.B__1.H 1.H
Running vina for 8axp__1__1.A__1.C, ligand 1.C...
  Skipping (exists) 8axp__1__1.A__1.C 1.C
Running vina for 8ay6__1__1.A_1.B__1.C, ligand 1.C...
  Skipping (exists) 8ay6__1__1.A_1.B__1.C 1.C
Running vina for 8ay8__1__1.A_1.B__1.D, ligand 1.D...
  Skipping (exists) 8ay8__1__1.A_1.B__1.D 1.D
Running vina for 8aya__1__1.A_1.B__1.C, ligand 1.C...
  Skipping (exists) 8aya__1__1.A_1.B__1.C 1.C
Running vina for 8azd__1__1.A__1.C, ligand 1.C...
  Skipping (exists) 8azd__1__1.A__1.C 1.C
Running vina for 8azi__1__1.A__1.C, ligand 1.C...
  Skipping (exists) 8azi__1__1.A__1.C 1.C
Running vina for 8azl__1__1.A__1.C, ligand 1.C...
  Skipping (exists) 8azl__1__1.A__1.C 1.C
Running vina for 8azm__1__1.A__1.C, ligand 1.C...
  Skipping (exists) 8azm__1__1.A__1.C 1.C
Running vina for 8azo__1__1.A__1.C, ligand 1.C...
  Skipping (exists) 8azo__1__1.A__1.C 1.C
Running vina for 8azp__1__1.A__1.C, ligand 1.C...
  Skipping (exists) 8azp__1__1.A__1.C 1.C
Running vina for 8b08__1__1.B__1.E, ligand 1.E...
  Skipping (exists) 8b08__1__1.B__1.E 1.E
Running vina for 8b1v__1__1.A_1.B__1.E, ligand 1.E...
  Skipping (exists) 8b1v__1__1.A_1.B__1.E 1.E
Running vina for 8b25__1__1.A_1.B__1.J, ligand 1.J...
  Skipping (exists) 8b25__1__1.A_1.B__1.J 1.J
Running vina for 8b35__1__1.A_1.B__1.E, ligand 1.E...
  Skipping (exists) 8b35__1__1.A_1.B__1.E 1.E
Running vina for 8b5s__1__1.B__1.D, ligand 1.D...
  Skipping (exists) 8b5s__1__1.B__1.D 1.D
Running vina for 8b62__1__1.A__1.C, ligand 1.C...
  Skipping (exists) 8b62__1__1.A__1.C 1.C
Running vina for 8b6m__1__1.A_1.B__1.E, ligand 1.E...
  Skipping (exists) 8b6m__1__1.A_1.B__1.E 1.E
Running vina for 8b75__1__1.A__1.B, ligand 1.B...
  Skipping (exists) 8b75__1__1.A__1.B 1.B
Running vina for 8b8x__1__1.A_1.C__1.E, ligand 1.E...
  Skipping (exists) 8b8x__1__1.A_1.C__1.E 1.E
Running vina for 8b8z__1__1.A__1.E, ligand 1.E...
  Skipping (exists) 8b8z__1__1.A__1.E 1.E
Running vina for 8b91__1__1.A__1.E, ligand 1.E...
  Skipping (exists) 8b91__1__1.A__1.E 1.E
Running vina for 8b9h__1__1.A__1.B, ligand 1.B...
  Skipping (exists) 8b9h__1__1.A__1.B 1.B
Running vina for 8baj__1__1.A__1.B, ligand 1.B...
  Skipping (exists) 8baj__1__1.A__1.B 1.B
Running vina for 8bcy__1__1.A__1.C, ligand 1.C...
  Skipping (exists) 8bcy__1__1.A__1.C 1.C
Running vina for 8bdm__1__1.C__1.M, ligand 1.M...
  Skipping (log exists) 8bdm__1__1.C__1.M 1.M
Running vina for 8bgc__1__1.A__1.F, ligand 1.F...
  Skipping (exists) 8bgc__1__1.A__1.F 1.F
Running vina for 8bgt__1__1.A_2.A__2.D, ligand 2.D...
  Skipping (exists) 8bgt__1__1.A_2.A__2.D 2.D
Running vina for 8bgz__1__1.A_1.B__1.F, ligand 1.F...
  Skipping (exists) 8bgz__1__1.A_1.B__1.F 1.F
Running vina for 8bh0__1__1.A_1.D__1.J, ligand 1.J...
  Skipping (exists) 8bh0__1__1.A_1.D__1.J 1.J
Running vina for 8bhg__1__1.B_1.C__1.K, ligand 1.K...
  Skipping (exists) 8bhg__1__1.B_1.C__1.K 1.K
Running vina for 8bi6__1__1.A__1.D, ligand 1.D...
  Skipping (exists) 8bi6__1__1.A__1.D 1.D
Running vina for 8bih__1__1.A_1.L__1.N, ligand 1.N...
  Skipping (exists) 8bih__1__1.A_1.L__1.N 1.N
Running vina for 8biq__1__1.C__1.G, ligand 1.G...
  Skipping (exists) 8biq__1__1.C__1.G 1.G
Running vina for 8bir__1__1.A_1.B__1.D, ligand 1.D...
  Skipping (exists) 8bir__1__1.A_1.B__1.D 1.D
Running vina for 8bj3__1__1.A_1.B__1.C, ligand 1.C...
  Skipping (exists) 8bj3__1__1.A_1.B__1.C 1.C
Running vina for 8bjd__1__1.A__1.B, ligand 1.B...
  Skipping (exists) 8bjd__1__1.A__1.B 1.B
Running vina for 8bjt__1__1.A__1.C, ligand 1.C...
  Skipping (exists) 8bjt__1__1.A__1.C 1.C
Running vina for 8bju__1__1.A__1.B, ligand 1.B...
  Skipping (exists) 8bju__1__1.A__1.B 1.B
Running vina for 8bk0__1__1.A__1.H, ligand 1.H...
  Skipping (exists) 8bk0__1__1.A__1.H 1.H
Running vina for 8blt__1__1.A_1.B__1.I, ligand 1.I...
  Skipping (exists) 8blt__1__1.A_1.B__1.I 1.I
Running vina for 8bnx__1__1.A__1.C, ligand 1.C...
  Skipping (exists) 8bnx__1__1.A__1.C 1.C
Running vina for 8bo3__1__1.A__1.B, ligand 1.B...
  Skipping (exists) 8bo3__1__1.A__1.B 1.B
Running vina for 8bo4__1__1.A__1.C, ligand 1.C...
  Skipping (exists) 8bo4__1__1.A__1.C 1.C
Running vina for 8boc__1__1.A__1.B, ligand 1.B...
  Skipping (exists) 8boc__1__1.A__1.B 1.B
Running vina for 8bok__1__1.A__1.B, ligand 1.B...
  Skipping (exists) 8bok__1__1.A__1.B 1.B
Running vina for 8bq4__1__1.B__1.D, ligand 1.D...
  Skipping (exists) 8bq4__1__1.B__1.D 1.D
Running vina for 8br5__1__1.A__1.E, ligand 1.E...
  Skipping (exists) 8br5__1__1.A__1.E 1.E
Running vina for 8br6__1__1.A__1.C, ligand 1.C...
  Skipping (exists) 8br6__1__1.A__1.C 1.C
Running vina for 8bsg__1__1.A__1.B, ligand 1.B...
  Skipping (exists) 8bsg__1__1.A__1.B 1.B
Running vina for 8bsl__1__1.C_1.D__1.F, ligand 1.F...
  Skipping (exists) 8bsl__1__1.C_1.D__1.F 1.F
Running vina for 8bst__1__1.A__1.R, ligand 1.R...
  Skipping (exists) 8bst__1__1.A__1.R 1.R
Running vina for 8bt0__1__1.A__1.M, ligand 1.M...
  Skipping (exists) 8bt0__1__1.A__1.M 1.M
Running vina for 8bt2__1__1.A__1.M, ligand 1.M...
  Skipping (exists) 8bt2__1__1.A__1.M 1.M
Running vina for 8c1m__1__1.A__1.C, ligand 1.C...
  Skipping (exists) 8c1m__1__1.A__1.C 1.C
Running vina for 8c3g__1__1.C__1.AA, ligand 1.AA...
  Skipping (exists) 8c3g__1__1.C__1.AA 1.AA
Warning: Receptor file not found for 8c3i__1__1.B__1.D
Running vina for 8c3r__1__1.A__1.C, ligand 1.C...
  Skipping (exists) 8c3r__1__1.A__1.C 1.C
Running vina for 8c3u__1__1.A__1.C, ligand 1.C...
  Skipping (exists) 8c3u__1__1.A__1.C 1.C
Running vina for 8c6l__1__1.A__1.C, ligand 1.C...
  Skipping (exists) 8c6l__1__1.A__1.C 1.C
Running vina for 8c6n__1__1.A__1.B, ligand 1.B...
  Skipping (exists) 8c6n__1__1.A__1.B 1.B
Running vina for 8c6o__1__1.A__1.C, ligand 1.C...
  Skipping (exists) 8c6o__1__1.A__1.C 1.C
Running vina for 8c6p__1__1.A__1.B, ligand 1.B...
  Skipping (exists) 8c6p__1__1.A__1.B 1.B
Running vina for 8c6q__1__1.A__1.C, ligand 1.C...
  Skipping (exists) 8c6q__1__1.A__1.C 1.C
Running vina for 8c6s__1__1.A__1.C, ligand 1.C...
  Skipping (exists) 8c6s__1__1.A__1.C 1.C
Running vina for 8c70__1__1.A__1.B, ligand 1.B...
  Skipping (exists) 8c70__1__1.A__1.B 1.B
Running vina for 8c71__1__1.A__1.C, ligand 1.C...
  Skipping (exists) 8c71__1__1.A__1.C 1.C
Running vina for 8c74__1__1.A__1.C, ligand 1.C...
  Skipping (exists) 8c74__1__1.A__1.C 1.C
Running vina for 8c9d__1__1.A__1.D, ligand 1.D...
  Skipping (exists) 8c9d__1__1.A__1.D 1.D
Running vina for 8c9e__1__1.A__1.C, ligand 1.C...
  Skipping (exists) 8c9e__1__1.A__1.C 1.C
Running vina for 8caa__1__1.B__1.F, ligand 1.F...
  Skipping (exists) 8caa__1__1.B__1.F 1.F
Running vina for 8cbh__1__1.A__1.C, ligand 1.C...
  Skipping (exists) 8cbh__1__1.A__1.C 1.C
Running vina for 8cbr__1__1.A_1.B_1.D__1.E, ligand 1.E...
  Skipping (exists) 8cbr__1__1.A_1.B_1.D__1.E 1.E
Running vina for 8cbs__1__1.B_1.C_1.D__1.L, ligand 1.L...
  Skipping (exists) 8cbs__1__1.B_1.C_1.D__1.L 1.L
Running vina for 8cbu__1__1.A_1.B_1.D__1.M, ligand 1.M...
  Skipping (exists) 8cbu__1__1.A_1.B_1.D__1.M 1.M
Running vina for 8cdw__1__1.B__1.D, ligand 1.D...
  Skipping (exists) 8cdw__1__1.B__1.D 1.D
Running vina for 8ce3__1__1.A_1.B__1.E, ligand 1.E...
  Skipping (exists) 8ce3__1__1.A_1.B__1.E 1.E
Running vina for 8ceq__1__1.A__1.C, ligand 1.C...
  Skipping (exists) 8ceq__1__1.A__1.C 1.C
Running vina for 8ces__1__1.A__1.C, ligand 1.C...
  Skipping (exists) 8ces__1__1.A__1.C 1.C
Running vina for 8cev__1__1.A__1.C, ligand 1.C...
  Skipping (exists) 8cev__1__1.A__1.C 1.C
Running vina for 8cex__1__1.A__1.D, ligand 1.D...
  Skipping (exists) 8cex__1__1.A__1.D 1.D
Running vina for 8cey__1__1.A__1.D, ligand 1.D...
  Skipping (exists) 8cey__1__1.A__1.D 1.D
Running vina for 8cfb__1__1.A__1.L, ligand 1.L...
  Skipping (exists) 8cfb__1__1.A__1.L 1.L
Running vina for 8cg0__1__1.D__1.IA, ligand 1.IA...
  Skipping (exists) 8cg0__1__1.D__1.IA 1.IA
Running vina for 8ch9__1__1.G__1.BB, ligand 1.BB...
  Skipping (exists) 8ch9__1__1.G__1.BB 1.BB
Running vina for 8chc__1__1.A__1.B, ligand 1.B...
  Skipping (exists) 8chc__1__1.A__1.B 1.B
Running vina for 8chk__1__1.A__1.D, ligand 1.D...
  Skipping (exists) 8chk__1__1.A__1.D 1.D
Running vina for 8cij__1__1.A__1.B, ligand 1.B...
  Skipping (exists) 8cij__1__1.A__1.B 1.B
Running vina for 8cje__1__1.A__1.F, ligand 1.F...
  Skipping (exists) 8cje__1__1.A__1.F 1.F
Running vina for 8cjg__1__1.A__1.D, ligand 1.D...
  Skipping (exists) 8cjg__1__1.A__1.D 1.D
Running vina for 8cju__1__1.A__1.B, ligand 1.B...
  Skipping (exists) 8cju__1__1.A__1.B 1.B
Running vina for 8ck5__1__1.A__1.D, ligand 1.D...
  Skipping (exists) 8ck5__1__1.A__1.D 1.D
Running vina for 8ckc__1__2.A__2.D, ligand 2.D...
  Skipping (exists) 8ckc__1__2.A__2.D 2.D
Running vina for 8ckh__1__1.A_1.B__1.D, ligand 1.D...
  Skipping (exists) 8ckh__1__1.A_1.B__1.D 1.D
Running vina for 8clq__1__1.A__1.E, ligand 1.E...
  Skipping (exists) 8clq__1__1.A__1.E 1.E
Running vina for 8cou__1__1.A__1.V, ligand 1.V...
  Skipping (exists) 8cou__1__1.A__1.V 1.V
Running vina for 8cov__1__1.A__1.D, ligand 1.D...
  Skipping (exists) 8cov__1__1.A__1.D 1.D
Running vina for 8cp7__1__1.A__1.B, ligand 1.B...
  Skipping (exists) 8cp7__1__1.A__1.B 1.B
Running vina for 8cpb__1__1.B__1.H, ligand 1.H...
  Skipping (exists) 8cpb__1__1.B__1.H 1.H
Running vina for 8crj__1__1.A__1.B, ligand 1.B...
  Skipping (exists) 8crj__1__1.A__1.B 1.B
Running vina for 8crl__1__1.A__1.C, ligand 1.C...
  Skipping (exists) 8crl__1__1.A__1.C 1.C
Running vina for 8cta__1__1.A_1.B_1.D__1.Q, ligand 1.Q...
  Skipping (exists) 8cta__1__1.A_1.B_1.D__1.Q 1.Q
Running vina for 8cu7__1__1.A__1.C, ligand 1.C...
  Skipping (exists) 8cu7__1__1.A__1.C 1.C
Running vina for 8cyu__1__1.A_1.B__1.F, ligand 1.F...
  Skipping (exists) 8cyu__1__1.A_1.B__1.F 1.F
Running vina for 8cyz__1__1.A_1.C__1.E, ligand 1.E...
  Skipping (exists) 8cyz__1__1.A_1.C__1.E 1.E
Running vina for 8cz7__1__1.A_1.C__1.E, ligand 1.E...
  Skipping (exists) 8cz7__1__1.A_1.C__1.E 1.E
Running vina for 8d0e__1__1.B__1.D, ligand 1.D...
  Skipping (exists) 8d0e__1__1.B__1.D 1.D
Running vina for 8d0f__1__1.A_1.B__1.D, ligand 1.D...
  Skipping (exists) 8d0f__1__1.A_1.B__1.D 1.D
Running vina for 8d6c__1__1.A__1.F, ligand 1.F...
  Skipping (exists) 8d6c__1__1.A__1.F 1.F
Running vina for 8d6e__1__1.A__1.D, ligand 1.D...
  Skipping (exists) 8d6e__1__1.A__1.D 1.D
Running vina for 8d6f__1__1.A__1.D, ligand 1.D...
  Skipping (exists) 8d6f__1__1.A__1.D 1.D
Running vina for 8d6m__1__1.A__1.C, ligand 1.C...
  Skipping (exists) 8d6m__1__1.A__1.C 1.C
Running vina for 8d6t__1__1.A__1.C, ligand 1.C...
  Skipping (exists) 8d6t__1__1.A__1.C 1.C
Running vina for 8db0__1__1.A__1.E, ligand 1.E...
  Skipping (exists) 8db0__1__1.A__1.E 1.E
Running vina for 8deg__1__1.A__1.B, ligand 1.B...
  Skipping (exists) 8deg__1__1.A__1.B 1.B
Running vina for 8dhw__1__1.B_2.B__2.I, ligand 2.I...
  Skipping (exists) 8dhw__1__1.B_2.B__2.I 2.I
Running vina for 8dk4__1__1.A__1.C, ligand 1.C...
  Skipping (exists) 8dk4__1__1.A__1.C 1.C
Running vina for 8dml__1__1.B__1.J, ligand 1.J...
  Skipping (exists) 8dml__1__1.B__1.J 1.J
Running vina for 8dmt__1__1.A__1.E, ligand 1.E...
  Skipping (exists) 8dmt__1__1.A__1.E 1.E
Running vina for 8dqd__1__1.A__1.B, ligand 1.B...
  Skipping (exists) 8dqd__1__1.A__1.B 1.B
Running vina for 8dsc__1__1.B__1.L, ligand 1.L...
  Skipping (exists) 8dsc__1__1.B__1.L 1.L
Running vina for 8dsh__1__1.A_1.B__1.C, ligand 1.C...
  Skipping (exists) 8dsh__1__1.A_1.B__1.C 1.C
Running vina for 8dsm__1__1.A_1.B__1.J, ligand 1.J...
  Skipping (exists) 8dsm__1__1.A_1.B__1.J 1.J
Running vina for 8dsr__1__1.A__1.C, ligand 1.C...
  Skipping (exists) 8dsr__1__1.A__1.C 1.C
Running vina for 8du3__1__1.A__1.B, ligand 1.B...
  Skipping (exists) 8du3__1__1.A__1.B 1.B
Running vina for 8du6__1__1.B__1.D, ligand 1.D...
  Skipping (exists) 8du6__1__1.B__1.D 1.D
Running vina for 8du8__1__1.A__1.C, ligand 1.C...
  Skipping (exists) 8du8__1__1.A__1.C 1.C
Running vina for 8du9__1__1.B__1.D, ligand 1.D...
  Skipping (exists) 8du9__1__1.B__1.D 1.D
Running vina for 8dub__1__1.A__1.C, ligand 1.C...
  Skipping (exists) 8dub__1__1.A__1.C 1.C
Running vina for 8duh__1__1.A__1.C, ligand 1.C...
  Skipping (exists) 8duh__1__1.A__1.C 1.C
Running vina for 8dui__1__1.A__1.C, ligand 1.C...
  Skipping (exists) 8dui__1__1.A__1.C 1.C
Running vina for 8duk__1__1.A__1.E, ligand 1.E...
  Skipping (exists) 8duk__1__1.A__1.E 1.E
Running vina for 8dv7__1__1.B__1.D, ligand 1.D...
  Skipping (exists) 8dv7__1__1.B__1.D 1.D
Running vina for 8dv8__1__1.A__1.C, ligand 1.C...
  Skipping (exists) 8dv8__1__1.A__1.C 1.C
Running vina for 8dxk__1__1.A_1.B__1.C, ligand 1.C...
  Skipping (exists) 8dxk__1__1.A_1.B__1.C 1.C
Running vina for 8e0h__1__1.A__1.C, ligand 1.C...
  Skipping (exists) 8e0h__1__1.A__1.C 1.C
Running vina for 8e0t__1__1.C__1.F, ligand 1.F...
  Skipping (exists) 8e0t__1__1.C__1.F 1.F
Running vina for 8e1o__1__1.A__1.D, ligand 1.D...
  Skipping (exists) 8e1o__1__1.A__1.D 1.D
Running vina for 8e1t__1__1.A__1.D, ligand 1.D...
  Skipping (exists) 8e1t__1__1.A__1.D 1.D
Running vina for 8e1x__1__1.A__1.C, ligand 1.C...
  Skipping (exists) 8e1x__1__1.A__1.C 1.C
Running vina for 8e5m__1__1.A_1.E__1.U, ligand 1.U...
  Skipping (exists) 8e5m__1__1.A_1.E__1.U 1.U
Running vina for 8e80__1__1.A__1.B, ligand 1.B...
  Skipping (exists) 8e80__1__1.A__1.B 1.B
Running vina for 8e81__1__1.A__1.B, ligand 1.B...
  Skipping (exists) 8e81__1__1.A__1.B 1.B
Running vina for 8ea6__1__1.A_1.B__1.C, ligand 1.C...
  Skipping (exists) 8ea6__1__1.A_1.B__1.C 1.C
Running vina for 8efj__1__1.A__1.D, ligand 1.D...
  Skipping (exists) 8efj__1__1.A__1.D 1.D
Running vina for 8egz__1__1.B__1.I, ligand 1.I...
  Skipping (exists) 8egz__1__1.B__1.I 1.I
Running vina for 8emu__1__1.A__1.E, ligand 1.E...
  Skipping (exists) 8emu__1__1.A__1.E 1.E
Running vina for 8eni__1__2.A__2.B, ligand 2.B...
  Skipping (exists) 8eni__1__2.A__2.B 2.B
Running vina for 8eq9__1__1.A__1.B, ligand 1.B...
  Skipping (exists) 8eq9__1__1.A__1.B 1.B
Running vina for 8eqz__1__1.A__1.C, ligand 1.C...
  Skipping (exists) 8eqz__1__1.A__1.C 1.C
Running vina for 8erb__1__1.A_1.C__1.Q, ligand 1.Q...
  Skipping (exists) 8erb__1__1.A_1.C__1.Q 1.Q
Running vina for 8erd__1__1.A__1.B, ligand 1.B...
  Skipping (exists) 8erd__1__1.A__1.B 1.B
Running vina for 8erj__1__1.A_2.C__1.I, ligand 1.I...
  Skipping (exists) 8erj__1__1.A_2.C__1.I 1.I
Running vina for 8et0__1__1.B__1.L, ligand 1.L...
  Skipping (exists) 8et0__1__1.B__1.L 1.L
Running vina for 8etl__1__1.A__1.C, ligand 1.C...
  Skipping (exists) 8etl__1__1.A__1.C 1.C
Running vina for 8ex1__1__1.A__1.B, ligand 1.B...
  Skipping (exists) 8ex1__1__1.A__1.B 1.B
Running vina for 8ex2__1__1.A__1.B, ligand 1.B...
  Skipping (exists) 8ex2__1__1.A__1.B 1.B
Running vina for 8exl__1__1.A__1.B, ligand 1.B...
  Skipping (exists) 8exl__1__1.A__1.B 1.B
Running vina for 8exu__1__1.A__1.B, ligand 1.B...
  Skipping (exists) 8exu__1__1.A__1.B 1.B
Running vina for 8ez1__1__1.A_1.B__1.D, ligand 1.D...
  Skipping (exists) 8ez1__1__1.A_1.B__1.D 1.D
Running vina for 8f1g__1__1.A__1.C, ligand 1.C...
  Skipping (exists) 8f1g__1__1.A__1.C 1.C
Running vina for 8f1z__1__1.A__1.B, ligand 1.B...
  Skipping (exists) 8f1z__1__1.A__1.B 1.B
Running vina for 8f4q__1__1.A__1.F, ligand 1.F...
  Skipping (exists) 8f4q__1__1.A__1.F 1.F
Running vina for 8f8e__1__1.A__1.C, ligand 1.C...
  Skipping (exists) 8f8e__1__1.A__1.C 1.C
Running vina for 8f8m__1__1.A__1.C, ligand 1.C...
  Skipping (exists) 8f8m__1__1.A__1.C 1.C
Running vina for 8fb1__1__1.A__1.C, ligand 1.C...
  Skipping (exists) 8fb1__1__1.A__1.C 1.C
Running vina for 8fb1__1__1.A__1.D, ligand 1.D...
  Skipping (exists) 8fb1__1__1.A__1.D 1.D
Running vina for 8fcd__1__1.A_1.B__1.C, ligand 1.C...
  Skipping (exists) 8fcd__1__1.A_1.B__1.C 1.C
Running vina for 8fe6__1__1.A__1.I, ligand 1.I...
  Skipping (exists) 8fe6__1__1.A__1.I 1.I
Running vina for 8fe8__1__1.A_1.B__1.C, ligand 1.C...
  Skipping (exists) 8fe8__1__1.A_1.B__1.C 1.C
Running vina for 8fe9__1__1.A__1.B, ligand 1.B...
  Skipping (exists) 8fe9__1__1.A__1.B 1.B
Running vina for 8fgz__1__1.A__1.B, ligand 1.B...
  Skipping (exists) 8fgz__1__1.A__1.B 1.B
Running vina for 8fh4__1__1.A__1.E, ligand 1.E...
  Skipping (exists) 8fh4__1__1.A__1.E 1.E
Running vina for 8fjz__1__1.C__1.I, ligand 1.I...
  Skipping (exists) 8fjz__1__1.C__1.I 1.I
Running vina for 8fko__1__1.C__1.I, ligand 1.I...
  Skipping (exists) 8fko__1__1.C__1.I 1.I
Running vina for 8fly__1__1.A__1.K, ligand 1.K...
  Skipping (exists) 8fly__1__1.A__1.K 1.K
Running vina for 8flz__1__1.A__1.K, ligand 1.K...
  Skipping (exists) 8flz__1__1.A__1.K 1.K
Running vina for 8fm0__1__1.A__1.K, ligand 1.K...
  Skipping (exists) 8fm0__1__1.A__1.K 1.K
Running vina for 8fm2__1__1.A__1.K, ligand 1.K...
  Skipping (exists) 8fm2__1__1.A__1.K 1.K
Running vina for 8fm3__1__1.A__1.K, ligand 1.K...
  Skipping (exists) 8fm3__1__1.A__1.K 1.K
Running vina for 8fm4__1__1.A__1.K, ligand 1.K...
  Skipping (exists) 8fm4__1__1.A__1.K 1.K
Running vina for 8fm5__1__1.A__1.K, ligand 1.K...
  Skipping (exists) 8fm5__1__1.A__1.K 1.K
Running vina for 8fm7__1__1.A__1.K, ligand 1.K...
  Skipping (exists) 8fm7__1__1.A__1.K 1.K
Running vina for 8fm8__1__1.A__1.K, ligand 1.K...
  Skipping (exists) 8fm8__1__1.A__1.K 1.K
Running vina for 8fo5__1__1.A_1.B__1.E, ligand 1.E...
  Skipping (exists) 8fo5__1__1.A_1.B__1.E 1.E
Running vina for 8fp1__1__1.A__1.B, ligand 1.B...
  Skipping (exists) 8fp1__1__1.A__1.B 1.B
Running vina for 8ftr__1__2.A__2.B, ligand 2.B...
  Skipping (exists) 8ftr__1__2.A__2.B 2.B
Running vina for 8fwz__1__1.B__1.E, ligand 1.E...
  Skipping (exists) 8fwz__1__1.B__1.E 1.E
Running vina for 8fx1__1__1.A__1.C, ligand 1.C...
  Skipping (exists) 8fx1__1__1.A__1.C 1.C
Running vina for 8fx2__1__1.B__1.D, ligand 1.D...
  Skipping (exists) 8fx2__1__1.B__1.D 1.D
Running vina for 8fx3__1__1.B__1.D, ligand 1.D...
  Skipping (exists) 8fx3__1__1.B__1.D 1.D
Running vina for 8fxn__1__1.A__1.B, ligand 1.B...
  Skipping (exists) 8fxn__1__1.A__1.B 1.B
Running vina for 8fy7__1__1.A_1.B__1.C, ligand 1.C...
  Skipping (exists) 8fy7__1__1.A_1.B__1.C 1.C
Running vina for 8g3e__1__1.A__1.C, ligand 1.C...
  Skipping (exists) 8g3e__1__1.A__1.C 1.C
Running vina for 8g3s__1__1.A__1.E, ligand 1.E...
  Skipping (exists) 8g3s__1__1.A__1.E 1.E
Running vina for 8g4a__1__1.A_1.B__1.C, ligand 1.C...
  Skipping (exists) 8g4a__1__1.A_1.B__1.C 1.C
Running vina for 8g63__1__1.A__1.B, ligand 1.B...
  Skipping (exists) 8g63__1__1.A__1.B 1.B
Running vina for 8g68__1__1.A__1.C, ligand 1.C...
  Skipping (exists) 8g68__1__1.A__1.C 1.C
Running vina for 8g69__1__1.A__1.C, ligand 1.C...
  Skipping (exists) 8g69__1__1.A__1.C 1.C
Running vina for 8g8o__1__1.B__1.E, ligand 1.E...
  Skipping (exists) 8g8o__1__1.B__1.E 1.E
Running vina for 8g8x__1__1.A__1.C, ligand 1.C...
  Skipping (exists) 8g8x__1__1.A__1.C 1.C
Running vina for 8g9d__1__1.A__1.B, ligand 1.B...
  Skipping (exists) 8g9d__1__1.A__1.B 1.B
Running vina for 8gcz__1__1.A__1.N, ligand 1.N...
  Skipping (exists) 8gcz__1__1.A__1.N 1.N
Running vina for 8gdk__1__1.A__1.O, ligand 1.O...
  Skipping (exists) 8gdk__1__1.A__1.O 1.O
Running vina for 8gds__1__1.A__1.E, ligand 1.E...
  Skipping (exists) 8gds__1__1.A__1.E 1.E
Running vina for 8gem__1__1.A__1.B, ligand 1.B...
  Skipping (exists) 8gem__1__1.A__1.B 1.B
Running vina for 8gen__1__2.A_3.A__3.B, ligand 3.B...
  Skipping (exists) 8gen__1__2.A_3.A__3.B 3.B
Running vina for 8get__1__1.C__1.M, ligand 1.M...
  Skipping (exists) 8get__1__1.C__1.M 1.M
Running vina for 8geu__1__1.A__1.B, ligand 1.B...
  Skipping (exists) 8geu__1__1.A__1.B 1.B
Running vina for 8gev__1__1.A__1.B, ligand 1.B...
  Skipping (exists) 8gev__1__1.A__1.B 1.B
Running vina for 8gez__1__1.A__1.B, ligand 1.B...
  Skipping (exists) 8gez__1__1.A__1.B 1.B
Running vina for 8gf0__1__1.A__1.B, ligand 1.B...
  Skipping (exists) 8gf0__1__1.A__1.B 1.B
Running vina for 8gfd__1__1.A__1.B, ligand 1.B...
  Skipping (exists) 8gfd__1__1.A__1.B 1.B
Running vina for 8gff__1__1.A__1.B, ligand 1.B...
  Skipping (exists) 8gff__1__1.A__1.B 1.B
Running vina for 8gfg__1__1.A__1.B, ligand 1.B...
  Skipping (exists) 8gfg__1__1.A__1.B 1.B
Running vina for 8gfq__1__1.A__1.B, ligand 1.B...
  Skipping (exists) 8gfq__1__1.A__1.B 1.B
Running vina for 8gfs__1__1.A__1.B, ligand 1.B...
  Skipping (exists) 8gfs__1__1.A__1.B 1.B
Running vina for 8gkf__1__1.A__1.J, ligand 1.J...
  Skipping (exists) 8gkf__1__1.A__1.J 1.J
Running vina for 8gkt__1__1.A_1.B__1.E, ligand 1.E...
  Skipping (exists) 8gkt__1__1.A_1.B__1.E 1.E
Running vina for 8gm5__1__1.A__1.D, ligand 1.D...
  Skipping (exists) 8gm5__1__1.A__1.D 1.D
Running vina for 8gne__1__1.A__1.B, ligand 1.B...
  Skipping (exists) 8gne__1__1.A__1.B 1.B
Running vina for 8gne__1__1.A__1.E, ligand 1.E...
  Skipping (exists) 8gne__1__1.A__1.E 1.E
Running vina for 8goy__1__1.A_1.B__1.E, ligand 1.E...
  Skipping (exists) 8goy__1__1.A_1.B__1.E 1.E
Running vina for 8gtg__1__1.A__1.C, ligand 1.C...
  Skipping (exists) 8gtg__1__1.A__1.C 1.C
Running vina for 8gti__1__1.A__1.H, ligand 1.H...
  Skipping (exists) 8gti__1__1.A__1.H 1.H
Running vina for 8gtm__1__1.A__1.C, ligand 1.C...
  Skipping (exists) 8gtm__1__1.A__1.C 1.C
Running vina for 8gtv__1__1.A_2.B__2.D, ligand 2.D...
  Skipping (exists) 8gtv__1__1.A_2.B__2.D 2.D
Running vina for 8gu1__1__1.A_1.B__1.D, ligand 1.D...
  Skipping (exists) 8gu1__1__1.A_1.B__1.D 1.D
Running vina for 8gvj__1__1.A__1.B, ligand 1.B...
  Skipping (exists) 8gvj__1__1.A__1.B 1.B
Running vina for 8gww__1__1.A__1.C, ligand 1.C...
  Skipping (exists) 8gww__1__1.A__1.C 1.C
Running vina for 8gyd__1__1.A_1.B__1.K, ligand 1.K...
  Skipping (exists) 8gyd__1__1.A_1.B__1.K 1.K
Running vina for 8gzc__1__1.A__1.F, ligand 1.F...
  Skipping (exists) 8gzc__1__1.A__1.F 1.F
Running vina for 8h4q__1__1.A__1.C, ligand 1.C...
  Skipping (exists) 8h4q__1__1.A__1.C 1.C
Running vina for 8h59__1__1.A__1.B, ligand 1.B...
  Skipping (exists) 8h59__1__1.A__1.B 1.B
Running vina for 8h7r__1__1.A__1.B, ligand 1.B...
  Skipping (exists) 8h7r__1__1.A__1.B 1.B
Running vina for 8haq__1__1.A__1.C, ligand 1.C...
  Skipping (exists) 8haq__1__1.A__1.C 1.C
Running vina for 8hch__1__1.C__1.J, ligand 1.J...
  Skipping (exists) 8hch__1__1.C__1.J 1.J
Running vina for 8hd3__1__1.A__1.C, ligand 1.C...
  Skipping (exists) 8hd3__1__1.A__1.C 1.C
Running vina for 8hf8__1__1.A__1.C, ligand 1.C...
  Skipping (exists) 8hf8__1__1.A__1.C 1.C
Running vina for 8hlj__1__1.A__1.C, ligand 1.C...
  Skipping (exists) 8hlj__1__1.A__1.C 1.C
Running vina for 8hms__1__1.A__1.E, ligand 1.E...
  Skipping (exists) 8hms__1__1.A__1.E 1.E
Running vina for 8ho5__1__1.A__1.B, ligand 1.B...
  Skipping (exists) 8ho5__1__1.A__1.B 1.B
Running vina for 8hpc__1__1.A_1.H__1.P, ligand 1.P...
  Skipping (exists) 8hpc__1__1.A_1.H__1.P 1.P
Running vina for 8hul__1__1.A__1.C, ligand 1.C...
  Skipping (exists) 8hul__1__1.A__1.C 1.C
Running vina for 8hum__1__1.A__1.C, ligand 1.C...
  Skipping (exists) 8hum__1__1.A__1.C 1.C
Running vina for 8huu__1__1.A__1.C, ligand 1.C...
  Skipping (exists) 8huu__1__1.A__1.C 1.C
Running vina for 8hx6__1__1.B__1.F, ligand 1.F...
  Skipping (exists) 8hx6__1__1.B__1.F 1.F
Running vina for 8i0d__1__1.A__1.B, ligand 1.B...
  Skipping (exists) 8i0d__1__1.A__1.B 1.B
Running vina for 8i1o__1__1.A__1.F, ligand 1.F...
  Skipping (exists) 8i1o__1__1.A__1.F 1.F
Running vina for 8i2n__1__1.A__1.C, ligand 1.C...
  Skipping (exists) 8i2n__1__1.A__1.C 1.C
Running vina for 8i4i__1__1.A__1.C, ligand 1.C...
  Skipping (exists) 8i4i__1__1.A__1.C 1.C
Running vina for 8ie5__1__1.A__1.B, ligand 1.B...
  Skipping (exists) 8ie5__1__1.A__1.B 1.B
Running vina for 8ie6__1__1.A__1.B, ligand 1.B...
  Skipping (exists) 8ie6__1__1.A__1.B 1.B
Running vina for 8in7__1__1.A__1.B, ligand 1.B...
  Skipping (exists) 8in7__1__1.A__1.B 1.B
Running vina for 8iqn__1__1.A__1.B, ligand 1.B...
  Skipping (exists) 8iqn__1__1.A__1.B 1.B
Running vina for 8iqt__1__1.A__1.B, ligand 1.B...
  Skipping (exists) 8iqt__1__1.A__1.B 1.B
Running vina for 8iqu__1__1.A__1.B, ligand 1.B...
  Skipping (exists) 8iqu__1__1.A__1.B 1.B
Running vina for 8iui__1__1.A__1.C, ligand 1.C...
  Skipping (exists) 8iui__1__1.A__1.C 1.C
Running vina for 8ivn__1__1.A_1.B__1.C, ligand 1.C...
  Skipping (exists) 8ivn__1__1.A_1.B__1.C 1.C
Running vina for 8ivr__1__1.A__1.B, ligand 1.B...
  Skipping (exists) 8ivr__1__1.A__1.B 1.B
Running vina for 8ivs__1__1.A_1.B__1.C, ligand 1.C...
  Skipping (exists) 8ivs__1__1.A_1.B__1.C 1.C
Running vina for 8ivt__1__1.A_1.B__1.F, ligand 1.F...
  Skipping (exists) 8ivt__1__1.A_1.B__1.F 1.F
Running vina for 8ivu__1__1.A_1.B__1.I, ligand 1.I...
  Skipping (exists) 8ivu__1__1.A_1.B__1.I 1.I
Running vina for 8iw3__1__1.A_1.B__1.C, ligand 1.C...
  Skipping (exists) 8iw3__1__1.A_1.B__1.C 1.C
Running vina for 8iw6__1__1.A_1.B__1.F, ligand 1.F...
  Skipping (exists) 8iw6__1__1.A_1.B__1.F 1.F
Running vina for 8ixq__1__1.B__1.E, ligand 1.E...
  Skipping (exists) 8ixq__1__1.B__1.E 1.E
Running vina for 8izc__1__1.A_1.B__1.I, ligand 1.I...
  Skipping (exists) 8izc__1__1.A_1.B__1.I 1.I
Running vina for 8j30__1__1.A__1.C, ligand 1.C...
  Skipping (exists) 8j30__1__1.A__1.C 1.C
Running vina for 8j40__1__1.A_2.A__1.D, ligand 1.D...
  Skipping (exists) 8j40__1__1.A_2.A__1.D 1.D
Running vina for 8j5e__1__1.A__1.B, ligand 1.B...
  Skipping (exists) 8j5e__1__1.A__1.B 1.B
Running vina for 8j5f__1__2.A__2.B, ligand 2.B...
  Skipping (exists) 8j5f__1__2.A__2.B 2.B
Running vina for 8j5x__1__1.A__1.B, ligand 1.B...
  Skipping (exists) 8j5x__1__1.A__1.B 1.B
Running vina for 8j6n__1__1.A_1.D__1.M, ligand 1.M...
  Skipping (exists) 8j6n__1__1.A_1.D__1.M 1.M
Running vina for 8j7j__1__1.A_1.B__1.C, ligand 1.C...
  Skipping (exists) 8j7j__1__1.A_1.B__1.C 1.C
Running vina for 8jb3__1__1.A__1.B, ligand 1.B...
  Skipping (log exists) 8jb3__1__1.A__1.B 1.B
Running vina for 8jby__1__1.A__1.C, ligand 1.C...
  Skipping (exists) 8jby__1__1.A__1.C 1.C
Running vina for 8jg8__1__1.A__1.B, ligand 1.B...
  Skipping (exists) 8jg8__1__1.A__1.B 1.B
Running vina for 8jjq__1__1.A__1.D, ligand 1.D...
  Skipping (exists) 8jjq__1__1.A__1.D 1.D
Running vina for 8jjt__1__1.A__1.D, ligand 1.D...
  Skipping (exists) 8jjt__1__1.A__1.D 1.D
Running vina for 8jmo__1__1.A__1.D, ligand 1.D...
  Skipping (exists) 8jmo__1__1.A__1.D 1.D
Running vina for 8jmp__1__1.A__1.D, ligand 1.D...
  Skipping (exists) 8jmp__1__1.A__1.D 1.D
Running vina for 8jot__1__1.A__1.B, ligand 1.B...
  Skipping (exists) 8jot__1__1.A__1.B 1.B
Running vina for 8jqz__1__1.A_2.B__1.C, ligand 1.C...
  Skipping (exists) 8jqz__1__1.A_2.B__1.C 1.C
Running vina for 8jt3__1__1.A_1.C__1.E, ligand 1.E...
  Skipping (exists) 8jt3__1__1.A_1.C__1.E 1.E
Running vina for 8ju9__1__1.A_2.A_4.A__1.B, ligand 1.B...
  Skipping (exists) 8ju9__1__1.A_2.A_4.A__1.B 1.B
Running vina for 8jub__1__1.A_1.B_1.D__1.E, ligand 1.E...
  Skipping (exists) 8jub__1__1.A_1.B_1.D__1.E 1.E
Running vina for 8jwy__1__1.A__1.B, ligand 1.B...
  Skipping (exists) 8jwy__1__1.A__1.B 1.B
Running vina for 8jya__1__1.B__1.G, ligand 1.G...
  Skipping (exists) 8jya__1__1.B__1.G 1.G
Running vina for 8jyc__1__1.A_1.B_1.C__1.T, ligand 1.T...
  Skipping (exists) 8jyc__1__1.A_1.B_1.C__1.T 1.T
Running vina for 8jye__1__1.A_1.B_1.D__1.P, ligand 1.P...
  Skipping (exists) 8jye__1__1.A_1.B_1.D__1.P 1.P
Running vina for 8jyf__1__1.B__1.F, ligand 1.F...
  Skipping (exists) 8jyf__1__1.B__1.F 1.F
Running vina for 8k2k__1__1.A__1.B, ligand 1.B...
  Skipping (exists) 8k2k__1__1.A__1.B 1.B
Running vina for 8k2m__1__1.A__1.B, ligand 1.B...
  Skipping (exists) 8k2m__1__1.A__1.B 1.B
Running vina for 8k4c__1__1.B__1.G, ligand 1.G...
  Skipping (exists) 8k4c__1__1.B__1.G 1.G
Running vina for 8k5y__1__1.A__1.H, ligand 1.H...
  Skipping (exists) 8k5y__1__1.A__1.H 1.H
Running vina for 8ki5__1__1.A__1.B, ligand 1.B...
  Skipping (exists) 8ki5__1__1.A__1.B 1.B
Running vina for 8og5__1__1.A__1.D, ligand 1.D...
  Skipping (exists) 8og5__1__1.A__1.D 1.D
Running vina for 8og8__1__1.A__1.B, ligand 1.B...
  Skipping (exists) 8og8__1__1.A__1.B 1.B
Running vina for 8og9__1__1.A__1.B, ligand 1.B...
  Skipping (exists) 8og9__1__1.A__1.B 1.B
Running vina for 8oiz__1__1.B__1.J, ligand 1.J...
  Skipping (exists) 8oiz__1__1.B__1.J 1.J
Running vina for 8oku__1__1.A_1.B__1.C, ligand 1.C...
  Skipping (exists) 8oku__1__1.A_1.B__1.C 1.C
Running vina for 8ol4__1__1.B_1.C__1.P, ligand 1.P...
  Skipping (exists) 8ol4__1__1.B_1.C__1.P 1.P
Running vina for 8ome__1__1.A_1.D__1.E, ligand 1.E...
  Skipping (exists) 8ome__1__1.A_1.D__1.E 1.E
Running vina for 8onn__1__1.A__1.F, ligand 1.F...
  Skipping (exists) 8onn__1__1.A__1.F 1.F
Running vina for 8ooj__1__1.B__1.H, ligand 1.H...
  Skipping (exists) 8ooj__1__1.B__1.H 1.H
Running vina for 8oov__1__1.A_1.B__1.D, ligand 1.D...
  Skipping (exists) 8oov__1__1.A_1.B__1.D 1.D
Running vina for 8opu__1__1.A_1.C_1.D__1.IA, ligand 1.IA...
  Skipping (exists) 8opu__1__1.A_1.C_1.D__1.IA 1.IA
Running vina for 8opv__1__1.B__1.Q, ligand 1.Q...
  Skipping (exists) 8opv__1__1.B__1.Q 1.Q
Running vina for 8oqm__1__1.B__1.N, ligand 1.N...
  Skipping (exists) 8oqm__1__1.B__1.N 1.N
Running vina for 8oqn__1__1.A_1.D__1.I, ligand 1.I...
  Skipping (exists) 8oqn__1__1.A_1.D__1.I 1.I
Running vina for 8oqp__1__1.D__1.PA, ligand 1.PA...
  Skipping (exists) 8oqp__1__1.D__1.PA 1.PA
Running vina for 8oqq__1__1.A__1.I, ligand 1.I...
  Skipping (exists) 8oqq__1__1.A__1.I 1.I
Running vina for 8oqs__1__1.C_1.D__1.OA, ligand 1.OA...
  Skipping (exists) 8oqs__1__1.C_1.D__1.OA 1.OA
Running vina for 8oqv__1__1.B__1.Q, ligand 1.Q...
  Skipping (exists) 8oqv__1__1.B__1.Q 1.Q
Running vina for 8orc__1__1.B__1.J, ligand 1.J...
  Skipping (exists) 8orc__1__1.B__1.J 1.J
Running vina for 8oru__1__1.A_1.B__1.M, ligand 1.M...
  Skipping (exists) 8oru__1__1.A_1.B__1.M 1.M
Running vina for 8otv__1__1.A_1.B__1.F, ligand 1.F...
  Skipping (exists) 8otv__1__1.A_1.B__1.F 1.F
Running vina for 8ou2__1__1.A__1.C, ligand 1.C...
  Skipping (exists) 8ou2__1__1.A__1.C 1.C
Running vina for 8ou3__1__1.A_1.C__1.E, ligand 1.E...
  Skipping (exists) 8ou3__1__1.A_1.C__1.E 1.E
Running vina for 8ou5__1__1.A_1.C__1.E, ligand 1.E...
  Skipping (exists) 8ou5__1__1.A_1.C__1.E 1.E
Running vina for 8ouu__1__1.A__1.F, ligand 1.F...
  Skipping (exists) 8ouu__1__1.A__1.F 1.F
Running vina for 8ov7__1__1.A__1.B, ligand 1.B...
  Skipping (exists) 8ov7__1__1.A__1.B 1.B
Running vina for 8ovr__1__1.A__1.B, ligand 1.B...
  Skipping (exists) 8ovr__1__1.A__1.B 1.B
Running vina for 8ow7__1__1.A_1.C__1.G, ligand 1.G...
  Skipping (exists) 8ow7__1__1.A_1.C__1.G 1.G
Running vina for 8ow9__1__1.A_1.B__1.G, ligand 1.G...
  Skipping (exists) 8ow9__1__1.A_1.B__1.G 1.G
Running vina for 8p0e__1__1.A__1.C, ligand 1.C...
  Skipping (exists) 8p0e__1__1.A__1.C 1.C
Running vina for 8p0m__1__1.C__1.L, ligand 1.L...
  Skipping (exists) 8p0m__1__1.C__1.L 1.L
Running vina for 8p0p__1__1.A__1.C, ligand 1.C...
  Skipping (exists) 8p0p__1__1.A__1.C 1.C
Running vina for 8p1e__1__1.D_1.E__1.P, ligand 1.P...
  Skipping (exists) 8p1e__1__1.D_1.E__1.P 1.P
Running vina for 8p1p__1__1.A__1.E, ligand 1.E...
  Skipping (exists) 8p1p__1__1.A__1.E 1.E
Running vina for 8p3e__1__1.B__1.F, ligand 1.F...
  Skipping (exists) 8p3e__1__1.B__1.F 1.F
Running vina for 8p44__1__1.A_1.B__1.E, ligand 1.E...
  Skipping (exists) 8p44__1__1.A_1.B__1.E 1.E
Running vina for 8p4z__1__1.A__1.C, ligand 1.C...
  Skipping (exists) 8p4z__1__1.A__1.C 1.C
Running vina for 8p5c__1__1.A_1.B__1.C, ligand 1.C...
  Skipping (exists) 8p5c__1__1.A_1.B__1.C 1.C
Running vina for 8paf__1__1.A_1.B__1.C, ligand 1.C...
  Skipping (exists) 8paf__1__1.A_1.B__1.C 1.C
Running vina for 8pbo__1__1.A__1.C, ligand 1.C...
  Skipping (exists) 8pbo__1__1.A__1.C 1.C
Running vina for 8pfl__1__1.A__1.C, ligand 1.C...
  Skipping (exists) 8pfl__1__1.A__1.C 1.C
Running vina for 8pj0__1__1.A_1.B__1.V, ligand 1.V...
  Skipping (exists) 8pj0__1__1.A_1.B__1.V 1.V
Running vina for 8pj7__1__1.A__1.B, ligand 1.B...
  Skipping (exists) 8pj7__1__1.A__1.B 1.B
Running vina for 8pji__1__1.A__1.E, ligand 1.E...
  Skipping (exists) 8pji__1__1.A__1.E 1.E
Running vina for 8pl6__1__1.A__1.C, ligand 1.C...
  Skipping (exists) 8pl6__1__1.A__1.C 1.C
Running vina for 8plb__1__1.A__1.D, ligand 1.D...
  Skipping (exists) 8plb__1__1.A__1.D 1.D
Running vina for 8ple__1__1.A__1.F, ligand 1.F...
  Skipping (exists) 8ple__1__1.A__1.F 1.F
Running vina for 8plp__1__2.B__2.F, ligand 2.F...
  Skipping (exists) 8plp__1__2.B__2.F 2.F
Running vina for 8plu__1__1.A__1.D, ligand 1.D...
  Skipping (exists) 8plu__1__1.A__1.D 1.D
Running vina for 8plw__1__2.B__2.G, ligand 2.G...
  Skipping (exists) 8plw__1__2.B__2.G 2.G
Running vina for 8plx__1__2.B__2.F, ligand 2.F...
  Skipping (exists) 8plx__1__2.B__2.F 2.F
Running vina for 8pom__1__1.A__1.C, ligand 1.C...
  Skipping (exists) 8pom__1__1.A__1.C 1.C
Running vina for 8pp0__1__1.A__1.C, ligand 1.C...
  Skipping (exists) 8pp0__1__1.A__1.C 1.C
Running vina for 8pp8__1__1.A__1.D, ligand 1.D...
  Skipping (exists) 8pp8__1__1.A__1.D 1.D
Running vina for 8ppf__1__1.A__1.D, ligand 1.D...
  Skipping (exists) 8ppf__1__1.A__1.D 1.D
Running vina for 8pq9__1__1.A__1.C, ligand 1.C...
  Skipping (exists) 8pq9__1__1.A__1.C 1.C
Running vina for 8pqa__1__1.A__1.C, ligand 1.C...
  Skipping (exists) 8pqa__1__1.A__1.C 1.C
Running vina for 8pqf__1__1.A__1.C, ligand 1.C...
  Skipping (exists) 8pqf__1__1.A__1.C 1.C
Running vina for 8pqq__1__1.B_1.D__1.J, ligand 1.J...
  Skipping (exists) 8pqq__1__1.B_1.D__1.J 1.J
Running vina for 8pqr__1__1.A_1.B_1.C__1.E, ligand 1.E...
  Skipping (exists) 8pqr__1__1.A_1.B_1.C__1.E 1.E
Running vina for 8px2__1__1.A__1.B, ligand 1.B...
  Skipping (exists) 8px2__1__1.A__1.B 1.B
Running vina for 8px8__1__1.A__1.D, ligand 1.D...
  Skipping (exists) 8px8__1__1.A__1.D 1.D
Running vina for 8pxt__1__1.C__1.L, ligand 1.L...
  Skipping (exists) 8pxt__1__1.C__1.L 1.L
Running vina for 8pyi__1__1.A__1.I, ligand 1.I...
  Skipping (exists) 8pyi__1__1.A__1.I 1.I
Running vina for 8pyn__1__1.A__1.B, ligand 1.B...
  Skipping (exists) 8pyn__1__1.A__1.B 1.B
Running vina for 8q0t__1__1.A__1.C, ligand 1.C...
  Skipping (exists) 8q0t__1__1.A__1.C 1.C
Running vina for 8q0u__1__1.A__1.D, ligand 1.D...
  Skipping (exists) 8q0u__1__1.A__1.D 1.D
Running vina for 8q17__1__1.A__1.F, ligand 1.F...
  Skipping (exists) 8q17__1__1.A__1.F 1.F
Running vina for 8q1m__1__1.A_1.B__1.G, ligand 1.G...
  Skipping (exists) 8q1m__1__1.A_1.B__1.G 1.G
Running vina for 8q2u__1__1.A__1.C, ligand 1.C...
  Skipping (exists) 8q2u__1__1.A__1.C 1.C
Running vina for 8q2w__1__1.A__1.C, ligand 1.C...
  Skipping (exists) 8q2w__1__1.A__1.C 1.C
Running vina for 8q2y__1__1.A__1.C, ligand 1.C...
  Skipping (exists) 8q2y__1__1.A__1.C 1.C
Running vina for 8q31__1__1.A__1.C, ligand 1.C...
  Skipping (exists) 8q31__1__1.A__1.C 1.C
Running vina for 8q34__1__1.A__1.F, ligand 1.F...
  Skipping (exists) 8q34__1__1.A__1.F 1.F
Running vina for 8qc4__1__1.A__1.C, ligand 1.C...
  Skipping (exists) 8qc4__1__1.A__1.C 1.C
Running vina for 8qdy__1__1.A_2.A__1.B, ligand 1.B...
  Skipping (exists) 8qdy__1__1.A_2.A__1.B 1.B
Running vina for 8qdz__1__1.A_2.A__2.B, ligand 2.B...
  Skipping (exists) 8qdz__1__1.A_2.A__2.B 2.B
Running vina for 8qe0__1__1.A_2.A__2.B, ligand 2.B...
  Skipping (exists) 8qe0__1__1.A_2.A__2.B 2.B
Running vina for 8qe1__1__1.A_2.A__1.B, ligand 1.B...
  Skipping (exists) 8qe1__1__1.A_2.A__1.B 1.B
Running vina for 8qe3__1__1.A_2.A__1.B, ligand 1.B...
  Skipping (exists) 8qe3__1__1.A_2.A__1.B 1.B
Running vina for 8qel__1__1.B__1.C, ligand 1.C...
  Skipping (exists) 8qel__1__1.B__1.C 1.C
Running vina for 8qhq__1__1.A_1.B__1.G, ligand 1.G...
  Skipping (exists) 8qhq__1__1.A_1.B__1.G 1.G
Running vina for 8qk2__1__1.A__1.D, ligand 1.D...
  Skipping (exists) 8qk2__1__1.A__1.D 1.D
Running vina for 8qk5__1__1.A__1.D, ligand 1.D...
  Skipping (exists) 8qk5__1__1.A__1.D 1.D
Running vina for 8qk9__1__1.A__1.D, ligand 1.D...
  Skipping (exists) 8qk9__1__1.A__1.D 1.D
Running vina for 8qka__1__1.A__1.D, ligand 1.D...
  Skipping (exists) 8qka__1__1.A__1.D 1.D
Running vina for 8qlr__1__1.B__1.F, ligand 1.F...
  Skipping (exists) 8qlr__1__1.B__1.F 1.F
Running vina for 8qnh__1__1.A__1.B, ligand 1.B...
  Skipping (exists) 8qnh__1__1.A__1.B 1.B
Running vina for 8qqg__1__1.A__1.D, ligand 1.D...
  Skipping (exists) 8qqg__1__1.A__1.D 1.D
Running vina for 8qqy__1__1.A__1.B, ligand 1.B...
  Skipping (exists) 8qqy__1__1.A__1.B 1.B
Running vina for 8qrt__1__1.B__1.F, ligand 1.F...
  Skipping (exists) 8qrt__1__1.B__1.F 1.F
Running vina for 8qtg__1__1.A__1.B, ligand 1.B...
  Skipping (exists) 8qtg__1__1.A__1.B 1.B
Running vina for 8qth__1__1.A__1.B, ligand 1.B...
  Skipping (exists) 8qth__1__1.A__1.B 1.B
Running vina for 8qtj__1__1.A__1.E, ligand 1.E...
  Skipping (exists) 8qtj__1__1.A__1.E 1.E
Running vina for 8qtl__1__1.A_1.B__1.G, ligand 1.G...
  Skipping (exists) 8qtl__1__1.A_1.B__1.G 1.G
Running vina for 8qyq__1__1.A__1.H, ligand 1.H...
  Skipping (exists) 8qyq__1__1.A__1.H 1.H
Running vina for 8r0i__1__1.A_2.A__1.D, ligand 1.D...
  Skipping (exists) 8r0i__1__1.A_2.A__1.D 1.D
Running vina for 8r11__1__1.A_1.B__1.C, ligand 1.C...
  Skipping (exists) 8r11__1__1.A_1.B__1.C 1.C
Running vina for 8r12__1__1.A_1.B__1.C, ligand 1.C...
  Skipping (exists) 8r12__1__1.A_1.B__1.C 1.C
Running vina for 8r1n__1__1.A__1.C, ligand 1.C...
  Skipping (exists) 8r1n__1__1.A__1.C 1.C
Running vina for 8r1p__1__1.A_1.B__1.C, ligand 1.C...
  Skipping (exists) 8r1p__1__1.A_1.B__1.C 1.C
Running vina for 8r3d__1__1.B_1.E__1.J, ligand 1.J...
  Skipping (exists) 8r3d__1__1.B_1.E__1.J 1.J
Running vina for 8r42__1__1.B__1.Q, ligand 1.Q...
  Skipping (exists) 8r42__1__1.B__1.Q 1.Q
Running vina for 8r4o__1__1.A__1.M, ligand 1.M...
  Skipping (exists) 8r4o__1__1.A__1.M 1.M
Running vina for 8r4u__1__1.A__1.I, ligand 1.I...
  Skipping (exists) 8r4u__1__1.A__1.I 1.I
Running vina for 8rcw__1__1.A__1.C, ligand 1.C...
  Skipping (exists) 8rcw__1__1.A__1.C 1.C
Running vina for 8rdk__1__1.A__1.D, ligand 1.D...
  Skipping (exists) 8rdk__1__1.A__1.D 1.D
Running vina for 8rkq__1__1.A__1.E, ligand 1.E...
  Skipping (exists) 8rkq__1__1.A__1.E 1.E
Running vina for 8s98__1__1.A__1.D, ligand 1.D...
  Skipping (exists) 8s98__1__1.A__1.D 1.D
Running vina for 8se5__1__1.A_1.B__1.H, ligand 1.H...
  Skipping (exists) 8se5__1__1.A_1.B__1.H 1.H
Running vina for 8se6__1__1.A_1.B__1.F, ligand 1.F...
  Skipping (exists) 8se6__1__1.A_1.B__1.F 1.F
Running vina for 8sge__1__1.A__1.H, ligand 1.H...
  Skipping (exists) 8sge__1__1.A__1.H 1.H
Running vina for 8sip__1__1.A_1.B__1.C, ligand 1.C...
  Skipping (exists) 8sip__1__1.A_1.B__1.C 1.C
Running vina for 8six__1__1.A__1.B, ligand 1.B...
  Skipping (exists) 8six__1__1.A__1.B 1.B
Running vina for 8skn__1__1.A__1.C, ligand 1.C...
  Skipping (exists) 8skn__1__1.A__1.C 1.C
Running vina for 8slg__1__1.A__1.C, ligand 1.C...
  Skipping (exists) 8slg__1__1.A__1.C 1.C
Running vina for 8smf__1__1.B_1.E__1.I, ligand 1.I...
  Skipping (exists) 8smf__1__1.B_1.E__1.I 1.I
Running vina for 8smg__1__1.B_2.A__1.C, ligand 1.C...
  Skipping (exists) 8smg__1__1.B_2.A__1.C 1.C
Running vina for 8sua__1__1.A__1.B, ligand 1.B...
  Skipping (log exists) 8sua__1__1.A__1.B 1.B
Running vina for 8sv9__1__1.A__1.C, ligand 1.C...
  Skipping (exists) 8sv9__1__1.A__1.C 1.C
Running vina for 8swe__1__1.A__1.E, ligand 1.E...
  Skipping (exists) 8swe__1__1.A__1.E 1.E
Running vina for 8swr__1__1.A_1.B__1.I, ligand 1.I...
  Skipping (exists) 8swr__1__1.A_1.B__1.I 1.I
Running vina for 8sx2__1__1.A__1.C, ligand 1.C...
  Skipping (exists) 8sx2__1__1.A__1.C 1.C
Running vina for 8sx4__1__1.A__1.C, ligand 1.C...
  Skipping (exists) 8sx4__1__1.A__1.C 1.C
Running vina for 8sxy__1__1.A__1.C, ligand 1.C...
  Skipping (exists) 8sxy__1__1.A__1.C 1.C
Running vina for 8sye__1__1.A__1.C, ligand 1.C...
  Skipping (exists) 8sye__1__1.A__1.C 1.C
Running vina for 8sz3__1__1.A_2.B__1.G, ligand 1.G...
  Skipping (exists) 8sz3__1__1.A_2.B__1.G 1.G
Running vina for 8sze__1__1.A__1.C, ligand 1.C...
  Skipping (exists) 8sze__1__1.A__1.C 1.C
Running vina for 8t1y__1__1.A__1.B, ligand 1.B...
  Skipping (exists) 8t1y__1__1.A__1.B 1.B
Running vina for 8t27__1__1.A__1.B, ligand 1.B...
  Skipping (exists) 8t27__1__1.A__1.B 1.B
Running vina for 8t9v__1__1.A__1.B, ligand 1.B...
  Skipping (exists) 8t9v__1__1.A__1.B 1.B
Running vina for 8tbs__1__1.A_1.B__1.M, ligand 1.M...
  Skipping (exists) 8tbs__1__1.A_1.B__1.M 1.M
Running vina for 8tbu__1__1.A_1.B__1.I, ligand 1.I...
  Skipping (exists) 8tbu__1__1.A_1.B__1.I 1.I
Running vina for 8tce__1__1.A__1.C, ligand 1.C...
  Skipping (exists) 8tce__1__1.A__1.C 1.C
Running vina for 8tjc__1__1.A__1.K, ligand 1.K...
  Skipping (exists) 8tjc__1__1.A__1.K 1.K
Running vina for 8tl8__1__1.A__1.C, ligand 1.C...
  Skipping (exists) 8tl8__1__1.A__1.C 1.C
Running vina for 8tn6__1__1.A__1.D, ligand 1.D...
  Skipping (exists) 8tn6__1__1.A__1.D 1.D
Running vina for 8tnb__1__1.A_1.C__1.F, ligand 1.F...
  Skipping (exists) 8tnb__1__1.A_1.C__1.F 1.F
Running vina for 8tnc__1__1.B__1.E, ligand 1.E...
  Skipping (exists) 8tnc__1__1.B__1.E 1.E
Running vina for 8tnd__1__1.B__1.F, ligand 1.F...
  Skipping (exists) 8tnd__1__1.B__1.F 1.F
Running vina for 8tqv__1__1.A__1.C, ligand 1.C...
  Skipping (exists) 8tqv__1__1.A__1.C 1.C
Running vina for 8ts9__1__1.A__1.C, ligand 1.C...
  Skipping (exists) 8ts9__1__1.A__1.C 1.C
Running vina for 8tsa__1__1.A__1.C, ligand 1.C...
  Skipping (exists) 8tsa__1__1.A__1.C 1.C
Running vina for 8tsd__1__1.A__1.C, ligand 1.C...
  Skipping (exists) 8tsd__1__1.A__1.C 1.C
Running vina for 8tti__1__1.A__1.E, ligand 1.E...
  Skipping (exists) 8tti__1__1.A__1.E 1.E
Running vina for 8ttz__1__2.B__2.GA, ligand 2.GA...
  Skipping (exists) 8ttz__1__2.B__2.GA 2.GA
Running vina for 8typ__1__1.A__1.C, ligand 1.C...
  Skipping (exists) 8typ__1__1.A__1.C 1.C
Running vina for 8u2e__1__1.A__1.B, ligand 1.B...
  Skipping (exists) 8u2e__1__1.A__1.B 1.B
Running vina for 8u2r__1__1.A__1.C, ligand 1.C...
  Skipping (exists) 8u2r__1__1.A__1.C 1.C
Running vina for 8u37__1__1.A__1.B, ligand 1.B...
  Skipping (exists) 8u37__1__1.A__1.B 1.B
Running vina for 8u4w__1__1.A__1.E, ligand 1.E...
  Skipping (exists) 8u4w__1__1.A__1.E 1.E
Running vina for 8u7w__1__1.A__1.C, ligand 1.C...
  Skipping (exists) 8u7w__1__1.A__1.C 1.C
Running vina for 8u7x__1__1.A__1.C, ligand 1.C...
  Skipping (exists) 8u7x__1__1.A__1.C 1.C
Running vina for 8u8j__1__1.A__1.B, ligand 1.B...
  Skipping (exists) 8u8j__1__1.A__1.B 1.B
Running vina for 8u8k__1__1.A__1.B, ligand 1.B...
  Skipping (exists) 8u8k__1__1.A__1.B 1.B
Running vina for 8u97__1__1.A__1.B, ligand 1.B...
  Skipping (exists) 8u97__1__1.A__1.B 1.B
Running Vina (ex=32): 100%|██████████| 1426/1426 [00:00<00:00, 16045.34it/s]
Running vina for 8uak__1__1.A__1.B, ligand 1.B...
  Skipping (exists) 8uak__1__1.A__1.B 1.B
Running vina for 8ufp__1__1.A_1.B__1.K, ligand 1.K...
  Skipping (exists) 8ufp__1__1.A_1.B__1.K 1.K
Running vina for 8ug1__1__1.B__1.H, ligand 1.H...
  Skipping (exists) 8ug1__1__1.B__1.H 1.H
Running vina for 8ug3__1__1.A_1.B__1.C, ligand 1.C...
  Skipping (exists) 8ug3__1__1.A_1.B__1.C 1.C
Running vina for 8ujy__1__1.B__1.D, ligand 1.D...
  Skipping (exists) 8ujy__1__1.B__1.D 1.D
Running vina for 8uk6__1__1.A__1.C, ligand 1.C...
  Skipping (exists) 8uk6__1__1.A__1.C 1.C
Running vina for 8uob__1__1.A__1.B, ligand 1.B...
  Skipping (exists) 8uob__1__1.A__1.B 1.B
Running vina for 8ur9__1__1.A_1.B__1.C, ligand 1.C...
  Skipping (exists) 8ur9__1__1.A_1.B__1.C 1.C
Running vina for 8usm__1__1.A__1.C, ligand 1.C...
  Skipping (exists) 8usm__1__1.A__1.C 1.C
Running vina for 8uuf__1__1.A__1.B, ligand 1.B...
  Skipping (exists) 8uuf__1__1.A__1.B 1.B
Running vina for 8uuu__1__1.A__1.B, ligand 1.B...
  Skipping (exists) 8uuu__1__1.A__1.B 1.B
Running vina for 8uuv__1__1.A__1.B, ligand 1.B...
  Skipping (exists) 8uuv__1__1.A__1.B 1.B
Running vina for 8ux7__1__1.B__1.I, ligand 1.I...
  Skipping (exists) 8ux7__1__1.B__1.I 1.I
Running vina for 8v2k__1__1.C_1.D__1.N, ligand 1.N...
  Skipping (exists) 8v2k__1__1.C_1.D__1.N 1.N
Running vina for 8v4a__1__1.C_1.D__1.M, ligand 1.M...
  Skipping (exists) 8v4a__1__1.C_1.D__1.M 1.M
Running vina for 8v4p__1__1.A__1.L, ligand 1.L...
  Skipping (exists) 8v4p__1__1.A__1.L 1.L
Running vina for 8v5g__1__1.A__1.D, ligand 1.D...
  Skipping (exists) 8v5g__1__1.A__1.D 1.D
Running vina for 8v8e__1__1.A__1.D, ligand 1.D...
  Skipping (exists) 8v8e__1__1.A__1.D 1.D
Running vina for 8v8j__1__1.A__1.F, ligand 1.F...
  Skipping (exists) 8v8j__1__1.A__1.F 1.F
Running vina for 8v9p__1__1.C_1.D__1.M, ligand 1.M...
  Skipping (exists) 8v9p__1__1.C_1.D__1.M 1.M
Running vina for 8w0b__1__1.A__1.D, ligand 1.D...
  Skipping (exists) 8w0b__1__1.A__1.D 1.D
Running vina for 8w0d__1__1.A__1.E, ligand 1.E...
  Skipping (exists) 8w0d__1__1.A__1.E 1.E
Running vina for 8w0j__1__1.A__1.D, ligand 1.D...
  Skipping (exists) 8w0j__1__1.A__1.D 1.D
Running vina for 8w0m__1__1.C__1.F, ligand 1.F...
  Skipping (exists) 8w0m__1__1.C__1.F 1.F
Running vina for 8w4s__1__1.A__1.D, ligand 1.D...
  Skipping (exists) 8w4s__1__1.A__1.D 1.D
Running vina for 8wd4__1__1.A__1.B, ligand 1.B...
  Skipping (exists) 8wd4__1__1.A__1.B 1.B
Running vina for 8wdx__1__1.A__1.B, ligand 1.B...
  Skipping (exists) 8wdx__1__1.A__1.B 1.B
Running vina for 8wjy__1__1.A__1.B, ligand 1.B...
  Skipping (exists) 8wjy__1__1.A__1.B 1.B
Running vina for 8wnj__1__1.A__1.F, ligand 1.F...
  Skipping (exists) 8wnj__1__1.A__1.F 1.F
Running vina for 8wo2__1__1.A__1.D, ligand 1.D...
  Skipping (exists) 8wo2__1__1.A__1.D 1.D
Running vina for 8wrj__1__1.A__1.B, ligand 1.B...
  Skipping (exists) 8wrj__1__1.A__1.B 1.B
Running vina for 8wsm__1__1.A__1.D, ligand 1.D...
  Skipping (exists) 8wsm__1__1.A__1.D 1.D
Running vina for 8wsw__1__1.A__1.E, ligand 1.E...
  Skipping (exists) 8wsw__1__1.A__1.E 1.E
Running vina for 8wzq__1__1.A__1.C, ligand 1.C...
  Skipping (exists) 8wzq__1__1.A__1.C 1.C
Running vina for 8x1a__1__1.A__1.B, ligand 1.B...
  Skipping (exists) 8x1a__1__1.A__1.B 1.B
Running vina for 8xfd__1__1.C_1.D__1.N, ligand 1.N...
  Skipping (exists) 8xfd__1__1.C_1.D__1.N 1.N
Running vina for 8xhd__1__1.A_1.B__1.C, ligand 1.C...
  Skipping (exists) 8xhd__1__1.A_1.B__1.C 1.C
Running vina for 8y33__1__1.A__1.B, ligand 1.B...
  Skipping (exists) 8y33__1__1.A__1.B 1.B
Running vina for 9eun__1__1.A__1.E, ligand 1.E...
  Skipping (exists) 9eun__1__1.A__1.E 1.E
Running vina for 9f40__1__1.A__1.Q, ligand 1.Q...
  Skipping (exists) 9f40__1__1.A__1.Q 1.Q
Running vina for 9f41__1__1.A__1.Q, ligand 1.Q...
  Skipping (exists) 9f41__1__1.A__1.Q 1.Q

Done! Success: 1425, Failed: 1
Output directory (base): /home/rquiroga/Datasets/runs-n-poses-datasets/autodock_vina_32

[2026-07-01 15:19:28] $ /home/rquiroga/anaconda3/envs/runs_n_poses/bin/python /home/rquiroga/github/runs-n-poses/scripts/04_analyze_docking.py --family vina --method autodock_vina_8 --output-dir /home/rquiroga/Datasets/runs-n-poses-datasets/autodock_vina_8 --analysis-dir /home/rquiroga/github/runs-n-poses/examples/analysis/vina_8 --predictions-csv /home/rquiroga/Datasets/runs-n-poses-datasets/predictions/autodock_vina_8.csv --posebusters-csv /home/rquiroga/Datasets/runs-n-poses-datasets/posebusters_results/autodock_vina_8.csv --system-list /home/rquiroga/github/runs-n-poses/scripts/single_ligand_systems_symmetry.txt --resume
Analyzing autodock_vina_8:   0%|          | 0/1426 [00:00<?, ?it/s][15:19:29] bond type above 3 (17) is treated as unspecified!
[15:19:29] Invalid InChI prefix in generating InChI Key
[15:19:29] bond type above 3 (17) is treated as unspecified!
[15:19:29] bond type above 3 (17) is treated as unspecified!
[15:19:29] Invalid InChI prefix in generating InChI Key
Analyzing autodock_vina_8: 100%|█████████▉| 1424/1426 [00:01<00:00, 871.53it/s]Analyzing autodock_vina_8: 100%|██████████| 1426/1426 [00:03<00:00, 455.71it/s]

[2026-07-01 15:19:32] $ /home/rquiroga/anaconda3/envs/runs_n_poses/bin/python /home/rquiroga/github/runs-n-poses/scripts/04_analyze_docking.py --family vina --method autodock_vina_32 --output-dir /home/rquiroga/Datasets/runs-n-poses-datasets/autodock_vina_32 --analysis-dir /home/rquiroga/github/runs-n-poses/examples/analysis/vina_32 --predictions-csv /home/rquiroga/Datasets/runs-n-poses-datasets/predictions/autodock_vina_32.csv --posebusters-csv /home/rquiroga/Datasets/runs-n-poses-datasets/posebusters_results/autodock_vina_32.csv --system-list /home/rquiroga/github/runs-n-poses/scripts/single_ligand_systems_symmetry.txt --resume
Analyzing autodock_vina_32:   0%|          | 0/1426 [00:00<?, ?it/s][15:19:33] bond type above 3 (17) is treated as unspecified!
[15:19:33] Invalid InChI prefix in generating InChI Key
[15:19:33] bond type above 3 (17) is treated as unspecified!
[15:19:33] bond type above 3 (17) is treated as unspecified!
[15:19:33] Invalid InChI prefix in generating InChI Key
Analyzing autodock_vina_32: 100%|█████████▉| 1423/1426 [00:01<00:00, 932.57it/s]Analyzing autodock_vina_32: 100%|██████████| 1426/1426 [00:03<00:00, 447.04it/s]

[2026-07-01 15:19:36] $ /home/rquiroga/anaconda3/envs/runs_n_poses/bin/python /home/rquiroga/github/runs-n-poses/scripts/run_qvina_w.py --receptor-dir /home/rquiroga/Datasets/runs-n-poses-datasets/symmetry_receptors_pdbqt --ligand-dir /home/rquiroga/Datasets/runs-n-poses-datasets/symmetry_ligands_pdbqt --output-dir /home/rquiroga/Datasets/runs-n-poses-datasets/qvina_w --system-list /home/rquiroga/github/runs-n-poses/scripts/single_ligand_systems_symmetry.txt --cpu 8 --resume
  FAIL qvina-w: 7dml__1__1.A__1.E 1.E
  FAIL qvina-w: 7onf__1__1.A_2.A__1.C 1.C
  No receptor: 8c3i__1__1.B__1.D
  FAIL qvina-w: 8sua__1__1.A__1.B 1.B
QuickVina-W: OK=0, Skip=1422, Fail=7

[2026-07-01 15:19:36] $ /home/rquiroga/anaconda3/envs/runs_n_poses/bin/python /home/rquiroga/github/runs-n-poses/scripts/04_analyze_docking.py --family vina --method qvina_w --output-dir /home/rquiroga/Datasets/runs-n-poses-datasets/qvina_w --analysis-dir /home/rquiroga/github/runs-n-poses/examples/analysis/qvina_w --predictions-csv /home/rquiroga/Datasets/runs-n-poses-datasets/predictions/qvina_w.csv --posebusters-csv /home/rquiroga/Datasets/runs-n-poses-datasets/posebusters_results/qvina_w.csv --system-list /home/rquiroga/github/runs-n-poses/scripts/single_ligand_systems_symmetry.txt --resume
Analyzing qvina_w:   0%|          | 0/1426 [00:00<?, ?it/s][15:19:37] bond type above 3 (17) is treated as unspecified!
[15:19:37] Invalid InChI prefix in generating InChI Key
[15:19:37] bond type above 3 (17) is treated as unspecified!
[15:19:37] bond type above 3 (17) is treated as unspecified!
[15:19:37] Invalid InChI prefix in generating InChI Key
Analyzing qvina_w: 100%|█████████▉| 1423/1426 [00:02<00:00, 708.43it/s]Analyzing qvina_w: 100%|██████████| 1426/1426 [00:03<00:00, 368.26it/s]

[2026-07-01 15:19:40] $ /home/rquiroga/anaconda3/envs/runs_n_poses/bin/python /home/rquiroga/github/runs-n-poses/scripts/run_quickvina2.py --receptor-dir /home/rquiroga/Datasets/runs-n-poses-datasets/symmetry_receptors_pdbqt --ligand-dir /home/rquiroga/Datasets/runs-n-poses-datasets/symmetry_ligands_pdbqt --output-dir /home/rquiroga/Datasets/runs-n-poses-datasets/quickvina2 --system-list /home/rquiroga/github/runs-n-poses/scripts/single_ligand_systems_symmetry.txt --cpu 8 --resume
  FAIL quickvina2: 7dml__1__1.A__1.E 1.E
  FAIL quickvina2: 7onf__1__1.A_2.A__1.C 1.C
  No receptor: 8c3i__1__1.B__1.D
  FAIL quickvina2: 8sua__1__1.A__1.B 1.B
QuickVina2: OK=0, Skip=1422, Fail=7

[2026-07-01 15:19:41] $ /home/rquiroga/anaconda3/envs/runs_n_poses/bin/python /home/rquiroga/github/runs-n-poses/scripts/04_analyze_docking.py --family vina --method quickvina2 --output-dir /home/rquiroga/Datasets/runs-n-poses-datasets/quickvina2 --analysis-dir /home/rquiroga/github/runs-n-poses/examples/analysis/quickvina2 --predictions-csv /home/rquiroga/Datasets/runs-n-poses-datasets/predictions/quickvina2.csv --posebusters-csv /home/rquiroga/Datasets/runs-n-poses-datasets/posebusters_results/quickvina2.csv --system-list /home/rquiroga/github/runs-n-poses/scripts/single_ligand_systems_symmetry.txt --resume
Analyzing quickvina2:   0%|          | 0/1426 [00:00<?, ?it/s][15:19:42] bond type above 3 (17) is treated as unspecified!
[15:19:42] Invalid InChI prefix in generating InChI Key
[15:19:42] bond type above 3 (17) is treated as unspecified!
[15:19:42] bond type above 3 (17) is treated as unspecified!
[15:19:42] Invalid InChI prefix in generating InChI Key
Analyzing quickvina2: 100%|█████████▉| 1423/1426 [00:00<00:00, 1812.16it/s]
Traceback (most recent call last):
  File "/home/rquiroga/github/runs-n-poses/scripts/04_analyze_docking.py", line 655, in <module>
    main()
  File "/home/rquiroga/github/runs-n-poses/scripts/04_analyze_docking.py", line 622, in main
    for fut in tqdm(as_completed(futures), total=len(system_ids), desc=f"Analyzing {args.method}"):
  File "/home/rquiroga/anaconda3/envs/runs_n_poses/lib/python3.10/site-packages/tqdm/std.py", line 1181, in __iter__
    for obj in iterable:
  File "/home/rquiroga/anaconda3/envs/runs_n_poses/lib/python3.10/concurrent/futures/_base.py", line 245, in as_completed
    waiter.event.wait(wait_timeout)
  File "/home/rquiroga/anaconda3/envs/runs_n_poses/lib/python3.10/threading.py", line 607, in wait
    signaled = self._cond.wait(timeout)
  File "/home/rquiroga/anaconda3/envs/runs_n_poses/lib/python3.10/threading.py", line 320, in wait
    waiter.acquire()
KeyboardInterrupt


==== run_full_benchmark @ 2026-07-01 15:19:45 ====

[2026-07-01 15:19:45] $ /home/rquiroga/anaconda3/envs/runs_n_poses/bin/python /home/rquiroga/github/runs-n-poses/scripts/03_run_vina.py --receptor-dir /home/rquiroga/Datasets/runs-n-poses-datasets/symmetry_receptors_pdbqt --ligand-dir /home/rquiroga/Datasets/runs-n-poses-datasets/symmetry_ligands_pdbqt --output-dir /home/rquiroga/Datasets/runs-n-poses-datasets/autodock_vina_8 --exhaustiveness 8 --threads 8 --executable vina --annotations /home/rquiroga/github/runs-n-poses/scripts/annotations_single_ligand_symmetry.csv --resume
Processing 1426 systems...
Running Vina (exhaustiveness=8) -> /home/rquiroga/Datasets/runs-n-poses-datasets/autodock_vina_8
Running Vina (ex=8):   0%|          | 0/1426 [00:00<?, ?it/s]Running vina for 5s9y__1__1.A__1.K, ligand 1.K...
  Skipping (exists) 5s9y__1__1.A__1.K 1.K
Running vina for 5s9z__1__1.A_1.B__1.R, ligand 1.R...
  Skipping (exists) 5s9z__1__1.A_1.B__1.R 1.R
Running vina for 5sau__1__1.A__1.B, ligand 1.B...
  Skipping (exists) 5sau__1__1.A__1.B 1.B
Running vina for 5sav__1__1.A__1.B, ligand 1.B...
  Skipping (exists) 5sav__1__1.A__1.B 1.B
Running vina for 5saw__1__1.A__1.B, ligand 1.B...
  Skipping (exists) 5saw__1__1.A__1.B 1.B
Running vina for 5sb2__1__1.A__1.G, ligand 1.G...
  Skipping (exists) 5sb2__1__1.A__1.G 1.G
Running vina for 5sdh__1__1.A_1.B__1.F, ligand 1.F...
  Skipping (exists) 5sdh__1__1.A_1.B__1.F 1.F
Running vina for 5sdu__1__1.A__1.G, ligand 1.G...
  Skipping (exists) 5sdu__1__1.A__1.G 1.G
Running vina for 5sdy__1__1.A__1.D, ligand 1.D...
  Skipping (exists) 5sdy__1__1.A__1.D 1.D
Running vina for 5se0__1__1.A__1.G, ligand 1.G...
  Skipping (exists) 5se0__1__1.A__1.G 1.G
Running vina for 5se2__1__1.A__1.G, ligand 1.G...
  Skipping (exists) 5se2__1__1.A__1.G 1.G
Running vina for 5se3__1__1.A__1.G, ligand 1.G...
  Skipping (exists) 5se3__1__1.A__1.G 1.G
Running vina for 5se5__1__1.A__1.G, ligand 1.G...
  Skipping (exists) 5se5__1__1.A__1.G 1.G
Running vina for 5se6__1__1.A__1.G, ligand 1.G...
  Skipping (exists) 5se6__1__1.A__1.G 1.G
Running vina for 5se8__1__1.A__1.G, ligand 1.G...
  Skipping (exists) 5se8__1__1.A__1.G 1.G
Running vina for 5se9__1__1.A__1.G, ligand 1.G...
  Skipping (exists) 5se9__1__1.A__1.G 1.G
Running vina for 5sea__1__1.A__1.G, ligand 1.G...
  Skipping (exists) 5sea__1__1.A__1.G 1.G
Running vina for 5seb__1__1.A__1.G, ligand 1.G...
  Skipping (exists) 5seb__1__1.A__1.G 1.G
Running vina for 5sec__1__1.A__1.G, ligand 1.G...
  Skipping (exists) 5sec__1__1.A__1.G 1.G
Running vina for 5see__1__1.A__1.E, ligand 1.E...
  Skipping (exists) 5see__1__1.A__1.E 1.E
Running vina for 5seh__1__1.A__1.G, ligand 1.G...
  Skipping (exists) 5seh__1__1.A__1.G 1.G
Running vina for 5sek__1__1.A__1.G, ligand 1.G...
  Skipping (exists) 5sek__1__1.A__1.G 1.G
Running vina for 5sel__1__1.A__1.G, ligand 1.G...
  Skipping (exists) 5sel__1__1.A__1.G 1.G
Running vina for 5sem__1__1.A__1.G, ligand 1.G...
  Skipping (exists) 5sem__1__1.A__1.G 1.G
Running vina for 5sen__1__1.A__1.G, ligand 1.G...
  Skipping (exists) 5sen__1__1.A__1.G 1.G
Running vina for 5seo__1__1.A__1.G, ligand 1.G...
  Skipping (exists) 5seo__1__1.A__1.G 1.G
Running vina for 5sex__1__1.A__1.G, ligand 1.G...
  Skipping (exists) 5sex__1__1.A__1.G 1.G
Running vina for 5sez__1__1.A__1.G, ligand 1.G...
  Skipping (exists) 5sez__1__1.A__1.G 1.G
Running vina for 5sf0__1__1.A__1.G, ligand 1.G...
  Skipping (exists) 5sf0__1__1.A__1.G 1.G
Running vina for 5sf1__1__1.A__1.E, ligand 1.E...
  Skipping (exists) 5sf1__1__1.A__1.E 1.E
Running vina for 5sf4__1__1.A__1.G, ligand 1.G...
  Skipping (exists) 5sf4__1__1.A__1.G 1.G
Running vina for 5sf7__1__1.A__1.G, ligand 1.G...
  Skipping (exists) 5sf7__1__1.A__1.G 1.G
Running vina for 5sfc__1__1.A__1.G, ligand 1.G...
  Skipping (exists) 5sfc__1__1.A__1.G 1.G
Running vina for 5sfd__1__1.A__1.G, ligand 1.G...
  Skipping (exists) 5sfd__1__1.A__1.G 1.G
Running vina for 5sfg__1__1.A__1.G, ligand 1.G...
  Skipping (exists) 5sfg__1__1.A__1.G 1.G
Running vina for 5sfh__1__1.A__1.G, ligand 1.G...
  Skipping (exists) 5sfh__1__1.A__1.G 1.G
Running vina for 5sfl__1__1.A__1.G, ligand 1.G...
  Skipping (exists) 5sfl__1__1.A__1.G 1.G
Running vina for 5sfn__1__1.A__1.G, ligand 1.G...
  Skipping (exists) 5sfn__1__1.A__1.G 1.G
Running vina for 5sfo__1__1.A__1.G, ligand 1.G...
  Skipping (exists) 5sfo__1__1.A__1.G 1.G
Running vina for 5sfp__1__1.A__1.G, ligand 1.G...
  Skipping (exists) 5sfp__1__1.A__1.G 1.G
Running vina for 5sfr__1__1.A__1.G, ligand 1.G...
  Skipping (exists) 5sfr__1__1.A__1.G 1.G
Running vina for 5sfx__1__1.A__1.G, ligand 1.G...
  Skipping (exists) 5sfx__1__1.A__1.G 1.G
Running vina for 5sfy__1__1.A__1.G, ligand 1.G...
  Skipping (exists) 5sfy__1__1.A__1.G 1.G
Running vina for 5sg0__1__1.A__1.G, ligand 1.G...
  Skipping (exists) 5sg0__1__1.A__1.G 1.G
Running vina for 5sg5__1__1.A__1.G, ligand 1.G...
  Skipping (exists) 5sg5__1__1.A__1.G 1.G
Running vina for 5sg6__1__1.A__1.G, ligand 1.G...
  Skipping (exists) 5sg6__1__1.A__1.G 1.G
Running vina for 5sg9__1__1.A__1.G, ligand 1.G...
  Skipping (exists) 5sg9__1__1.A__1.G 1.G
Running vina for 5sgg__1__1.A__1.G, ligand 1.G...
  Skipping (exists) 5sgg__1__1.A__1.G 1.G
Running vina for 5sgh__1__1.A__1.G, ligand 1.G...
  Skipping (exists) 5sgh__1__1.A__1.G 1.G
Running vina for 5sgk__1__1.A__1.G, ligand 1.G...
  Skipping (exists) 5sgk__1__1.A__1.G 1.G
Running vina for 5sgl__1__1.A__1.G, ligand 1.G...
  Skipping (exists) 5sgl__1__1.A__1.G 1.G
Running vina for 5sgm__1__1.A__1.D, ligand 1.D...
  Skipping (exists) 5sgm__1__1.A__1.D 1.D
Running vina for 5sgp__1__1.A__1.H, ligand 1.H...
  Skipping (exists) 5sgp__1__1.A__1.H 1.H
Running vina for 5sgr__1__1.A__1.G, ligand 1.G...
  Skipping (exists) 5sgr__1__1.A__1.G 1.G
Running vina for 5sgs__1__1.A__1.G, ligand 1.G...
  Skipping (exists) 5sgs__1__1.A__1.G 1.G
Running vina for 5sgt__1__1.A__1.G, ligand 1.G...
  Skipping (exists) 5sgt__1__1.A__1.G 1.G
Running vina for 5sgu__1__1.A__1.G, ligand 1.G...
  Skipping (exists) 5sgu__1__1.A__1.G 1.G
Running vina for 5sgw__1__1.A__1.G, ligand 1.G...
  Skipping (exists) 5sgw__1__1.A__1.G 1.G
Running vina for 5sgx__1__1.A__1.G, ligand 1.G...
  Skipping (exists) 5sgx__1__1.A__1.G 1.G
Running vina for 5sgz__1__1.A__1.G, ligand 1.G...
  Skipping (exists) 5sgz__1__1.A__1.G 1.G
Running vina for 5sh0__1__1.A__1.G, ligand 1.G...
  Skipping (exists) 5sh0__1__1.A__1.G 1.G
Running vina for 5sh1__1__1.A__1.G, ligand 1.G...
  Skipping (exists) 5sh1__1__1.A__1.G 1.G
Running vina for 5sh2__1__1.A__1.G, ligand 1.G...
  Skipping (exists) 5sh2__1__1.A__1.G 1.G
Running vina for 5sh6__1__1.A__1.G, ligand 1.G...
  Skipping (exists) 5sh6__1__1.A__1.G 1.G
Running vina for 5sh8__1__1.A__1.E, ligand 1.E...
  Skipping (exists) 5sh8__1__1.A__1.E 1.E
Running vina for 5shc__1__1.A__1.G, ligand 1.G...
  Skipping (exists) 5shc__1__1.A__1.G 1.G
Running vina for 5shf__1__1.A__1.G, ligand 1.G...
  Skipping (exists) 5shf__1__1.A__1.G 1.G
Running vina for 5shg__1__1.A__1.G, ligand 1.G...
  Skipping (exists) 5shg__1__1.A__1.G 1.G
Running vina for 5shh__1__1.A__1.G, ligand 1.G...
  Skipping (exists) 5shh__1__1.A__1.G 1.G
Running vina for 5shi__1__1.A__1.E, ligand 1.E...
  Skipping (exists) 5shi__1__1.A__1.E 1.E
Running vina for 5shk__1__1.A__1.G, ligand 1.G...
  Skipping (exists) 5shk__1__1.A__1.G 1.G
Running vina for 5shp__1__1.A__1.G, ligand 1.G...
  Skipping (exists) 5shp__1__1.A__1.G 1.G
Running vina for 5shr__1__1.A__1.G, ligand 1.G...
  Skipping (exists) 5shr__1__1.A__1.G 1.G
Running vina for 5shu__1__1.A__1.G, ligand 1.G...
  Skipping (exists) 5shu__1__1.A__1.G 1.G
Running vina for 5shw__1__1.A__1.G, ligand 1.G...
  Skipping (exists) 5shw__1__1.A__1.G 1.G
Running vina for 5shx__1__1.A__1.G, ligand 1.G...
  Skipping (exists) 5shx__1__1.A__1.G 1.G
Running vina for 5si3__1__1.A__1.E, ligand 1.E...
  Skipping (exists) 5si3__1__1.A__1.E 1.E
Running vina for 5si5__1__1.A__1.G, ligand 1.G...
  Skipping (exists) 5si5__1__1.A__1.G 1.G
Running vina for 5si6__1__1.A__1.G, ligand 1.G...
  Skipping (exists) 5si6__1__1.A__1.G 1.G
Running vina for 5si7__1__1.A__1.G, ligand 1.G...
  Skipping (exists) 5si7__1__1.A__1.G 1.G
Running vina for 5si8__1__1.A__1.G, ligand 1.G...
  Skipping (exists) 5si8__1__1.A__1.G 1.G
Running vina for 5si9__1__1.A__1.G, ligand 1.G...
  Skipping (exists) 5si9__1__1.A__1.G 1.G
Running vina for 5sie__1__1.A__1.G, ligand 1.G...
  Skipping (exists) 5sie__1__1.A__1.G 1.G
Running vina for 5sif__1__1.A__1.I, ligand 1.I...
  Skipping (exists) 5sif__1__1.A__1.I 1.I
Running vina for 5sig__1__1.A__1.G, ligand 1.G...
  Skipping (exists) 5sig__1__1.A__1.G 1.G
Running vina for 5sih__1__1.A__1.H, ligand 1.H...
  Skipping (exists) 5sih__1__1.A__1.H 1.H
Running vina for 5sio__1__1.A__1.H, ligand 1.H...
  Skipping (exists) 5sio__1__1.A__1.H 1.H
Running vina for 5sip__1__1.A__1.G, ligand 1.G...
  Skipping (exists) 5sip__1__1.A__1.G 1.G
Running vina for 5siq__1__1.A__1.H, ligand 1.H...
  Skipping (exists) 5siq__1__1.A__1.H 1.H
Running vina for 5sir__1__1.A__1.G, ligand 1.G...
  Skipping (exists) 5sir__1__1.A__1.G 1.G
Running vina for 5siy__1__1.A__1.G, ligand 1.G...
  Skipping (exists) 5siy__1__1.A__1.G 1.G
Running vina for 5siz__1__1.A__1.G, ligand 1.G...
  Skipping (exists) 5siz__1__1.A__1.G 1.G
Running vina for 5sj1__1__1.A__1.G, ligand 1.G...
  Skipping (exists) 5sj1__1__1.A__1.G 1.G
Running vina for 5sj7__1__1.A__1.G, ligand 1.G...
  Skipping (exists) 5sj7__1__1.A__1.G 1.G
Running vina for 5sj8__1__1.A__1.G, ligand 1.G...
  Skipping (exists) 5sj8__1__1.A__1.G 1.G
Running vina for 5sjb__1__1.A__1.G, ligand 1.G...
  Skipping (exists) 5sjb__1__1.A__1.G 1.G
Running vina for 5sjc__1__1.A__1.F, ligand 1.F...
  Skipping (exists) 5sjc__1__1.A__1.F 1.F
Running vina for 5sjf__1__1.A__1.H, ligand 1.H...
  Skipping (exists) 5sjf__1__1.A__1.H 1.H
Running vina for 5sjg__1__1.A__1.G, ligand 1.G...
  Skipping (exists) 5sjg__1__1.A__1.G 1.G
Running vina for 5sjl__1__1.A__1.G, ligand 1.G...
  Skipping (exists) 5sjl__1__1.A__1.G 1.G
Running vina for 5sjo__1__1.A__1.H, ligand 1.H...
  Skipping (exists) 5sjo__1__1.A__1.H 1.H
Running vina for 5sjt__1__1.A__1.H, ligand 1.H...
  Skipping (exists) 5sjt__1__1.A__1.H 1.H
Running vina for 5sju__1__1.A__1.G, ligand 1.G...
  Skipping (exists) 5sju__1__1.A__1.G 1.G
Running vina for 5sjv__1__1.A__1.G, ligand 1.G...
  Skipping (exists) 5sjv__1__1.A__1.G 1.G
Running vina for 5sjw__1__1.A__1.I, ligand 1.I...
  Skipping (exists) 5sjw__1__1.A__1.I 1.I
Running vina for 5sk0__1__1.A__1.G, ligand 1.G...
  Skipping (exists) 5sk0__1__1.A__1.G 1.G
Running vina for 5sk4__1__1.A__1.G, ligand 1.G...
  Skipping (exists) 5sk4__1__1.A__1.G 1.G
Running vina for 5sk5__1__1.A__1.H, ligand 1.H...
  Skipping (exists) 5sk5__1__1.A__1.H 1.H
Running vina for 5sk6__1__1.A__1.G, ligand 1.G...
  Skipping (exists) 5sk6__1__1.A__1.G 1.G
Running vina for 5sk9__1__1.A__1.G, ligand 1.G...
  Skipping (exists) 5sk9__1__1.A__1.G 1.G
Running vina for 5skd__1__1.A__1.G, ligand 1.G...
  Skipping (exists) 5skd__1__1.A__1.G 1.G
Running vina for 5ske__1__1.A__1.G, ligand 1.G...
  Skipping (exists) 5ske__1__1.A__1.G 1.G
Running vina for 5skf__1__1.A__1.I, ligand 1.I...
  Skipping (exists) 5skf__1__1.A__1.I 1.I
Running vina for 5skg__1__1.A__1.G, ligand 1.G...
  Skipping (exists) 5skg__1__1.A__1.G 1.G
Running vina for 5skh__1__1.A__1.H, ligand 1.H...
  Skipping (exists) 5skh__1__1.A__1.H 1.H
Running vina for 5ski__1__1.A__1.G, ligand 1.G...
  Skipping (exists) 5ski__1__1.A__1.G 1.G
Running vina for 5skl__1__1.A__1.G, ligand 1.G...
  Skipping (exists) 5skl__1__1.A__1.G 1.G
Running vina for 5skm__1__1.A__1.G, ligand 1.G...
  Skipping (exists) 5skm__1__1.A__1.G 1.G
Running vina for 5sko__1__1.A__1.G, ligand 1.G...
  Skipping (exists) 5sko__1__1.A__1.G 1.G
Running vina for 5skr__1__1.A__1.G, ligand 1.G...
  Skipping (exists) 5skr__1__1.A__1.G 1.G
Running vina for 5skt__1__1.A__1.G, ligand 1.G...
  Skipping (exists) 5skt__1__1.A__1.G 1.G
Running vina for 5sku__1__1.A__1.G, ligand 1.G...
  Skipping (exists) 5sku__1__1.A__1.G 1.G
Running vina for 5slg__1__1.A__1.G, ligand 1.G...
  Skipping (exists) 5slg__1__1.A__1.G 1.G
Running vina for 6th4__1__1.C_1.D__1.T, ligand 1.T...
  Skipping (exists) 6th4__1__1.C_1.D__1.T 1.T
Running vina for 6xqr__1__1.B__1.E, ligand 1.E...
  Skipping (exists) 6xqr__1__1.B__1.E 1.E
Running vina for 6z48__1__1.B__1.J, ligand 1.J...
  Skipping (exists) 6z48__1__1.B__1.J 1.J
Running vina for 6zfz__1__1.A__1.B, ligand 1.B...
  Skipping (exists) 6zfz__1__1.A__1.B 1.B
Running vina for 6zg4__1__1.A__1.B, ligand 1.B...
  Skipping (exists) 6zg4__1__1.A__1.B 1.B
Running vina for 6zg9__1__1.A__1.B, ligand 1.B...
  Skipping (exists) 6zg9__1__1.A__1.B 1.B
Running vina for 6zx1__1__1.A_2.A__1.B, ligand 1.B...
  Skipping (exists) 6zx1__1__1.A_2.A__1.B 1.B
Running vina for 7a4q__1__1.A__1.B, ligand 1.B...
  Skipping (exists) 7a4q__1__1.A__1.B 1.B
Running vina for 7abj__1__1.A__1.T, ligand 1.T...
  Skipping (exists) 7abj__1__1.A__1.T 1.T
Running vina for 7ait__1__1.A__1.C, ligand 1.C...
  Skipping (exists) 7ait__1__1.A__1.C 1.C
Running vina for 7aiu__1__1.A__1.H, ligand 1.H...
  Skipping (exists) 7aiu__1__1.A__1.H 1.H
Running vina for 7aiw__1__2.B__2.M, ligand 2.M...
  Skipping (exists) 7aiw__1__2.B__2.M 2.M
Running vina for 7an8__1__1.B__1.E, ligand 1.E...
  Skipping (exists) 7an8__1__1.B__1.E 1.E
Running vina for 7ana__1__1.A__1.C, ligand 1.C...
  Skipping (exists) 7ana__1__1.A__1.C 1.C
Running vina for 7au4__1__1.A_2.A__2.D, ligand 2.D...
  Skipping (exists) 7au4__1__1.A_2.A__2.D 2.D
Running vina for 7ay9__1__1.A__1.I, ligand 1.I...
  Skipping (exists) 7ay9__1__1.A__1.I 1.I
Running vina for 7ayz__1__1.A__1.D, ligand 1.D...
  Skipping (exists) 7ayz__1__1.A__1.D 1.D
Running vina for 7b2u__1__1.A_1.B__1.C, ligand 1.C...
  Skipping (exists) 7b2u__1__1.A_1.B__1.C 1.C
Running vina for 7b3g__1__1.A__1.I, ligand 1.I...
  Skipping (exists) 7b3g__1__1.A__1.I 1.I
Running vina for 7b3h__1__1.A__1.H, ligand 1.H...
  Skipping (exists) 7b3h__1__1.A__1.H 1.H
Running vina for 7b3i__1__1.A__1.I, ligand 1.I...
  Skipping (exists) 7b3i__1__1.A__1.I 1.I
Running vina for 7b3p__1__1.A__1.G, ligand 1.G...
  Skipping (exists) 7b3p__1__1.A__1.G 1.G
Running vina for 7b3x__1__1.A__1.F, ligand 1.F...
  Skipping (exists) 7b3x__1__1.A__1.F 1.F
Running vina for 7b4x__1__1.A__1.M, ligand 1.M...
  Skipping (exists) 7b4x__1__1.A__1.M 1.M
Running vina for 7b6v__1__1.C_1.D__1.Y, ligand 1.Y...
  Skipping (exists) 7b6v__1__1.C_1.D__1.Y 1.Y
Running vina for 7b77__1__1.A_2.A__1.F, ligand 1.F...
  Skipping (exists) 7b77__1__1.A_2.A__1.F 1.F
Running vina for 7b87__1__1.A__1.N, ligand 1.N...
  Skipping (exists) 7b87__1__1.A__1.N 1.N
Running vina for 7b89__1__1.A__1.D, ligand 1.D...
  Skipping (exists) 7b89__1__1.A__1.D 1.D
Running vina for 7b8a__1__1.A__1.F, ligand 1.F...
  Skipping (exists) 7b8a__1__1.A__1.F 1.F
Running vina for 7bc9__1__1.A__1.J, ligand 1.J...
  Skipping (exists) 7bc9__1__1.A__1.J 1.J
Running vina for 7bcf__1__1.A__1.H, ligand 1.H...
  Skipping (exists) 7bcf__1__1.A__1.H 1.H
Running vina for 7bdd__1__1.A__1.G, ligand 1.G...
  Skipping (exists) 7bdd__1__1.A__1.G 1.G
Running vina for 7bis__1__1.A_2.A__2.F, ligand 2.F...
  Skipping (exists) 7bis__1__1.A_2.A__2.F 2.F
Running vina for 7bk9__1__1.A_2.A__2.F, ligand 2.F...
  Skipping (exists) 7bk9__1__1.A_2.A__2.F 2.F
Running vina for 7blw__1__1.A__1.F, ligand 1.F...
  Skipping (exists) 7blw__1__1.A__1.F 1.F
Running vina for 7bm7__1__1.A__1.F, ligand 1.F...
  Skipping (exists) 7bm7__1__1.A__1.F 1.F
Running vina for 7bn5__1__1.A__1.G, ligand 1.G...
  Skipping (exists) 7bn5__1__1.A__1.G 1.G
Running vina for 7bn8__1__1.A__1.G, ligand 1.G...
  Skipping (exists) 7bn8__1__1.A__1.G 1.G
Running vina for 7bnc__1__1.A__1.K, ligand 1.K...
  Skipping (exists) 7bnc__1__1.A__1.K 1.K
Running vina for 7bo7__1__1.A__1.C, ligand 1.C...
  Skipping (exists) 7bo7__1__1.A__1.C 1.C
Running vina for 7dcw__1__1.A_1.B__1.D, ligand 1.D...
  Skipping (exists) 7dcw__1__1.A_1.B__1.D 1.D
Running vina for 7dg4__1__1.A__1.B, ligand 1.B...
  Skipping (exists) 7dg4__1__1.A__1.B 1.B
Running vina for 7dh3__1__1.A__1.B, ligand 1.B...
  Skipping (exists) 7dh3__1__1.A__1.B 1.B
Running vina for 7dh9__1__1.A__1.B, ligand 1.B...
  Skipping (exists) 7dh9__1__1.A__1.B 1.B
Running vina for 7dhn__1__1.A__1.B, ligand 1.B...
  Skipping (exists) 7dhn__1__1.A__1.B 1.B
Running vina for 7di7__1__1.A__1.D, ligand 1.D...
  Skipping (exists) 7di7__1__1.A__1.D 1.D
Running vina for 7dji__1__1.D_1.E__1.L, ligand 1.L...
  Skipping (exists) 7dji__1__1.D_1.E__1.L 1.L
Running vina for 7dml__1__1.A__1.E, ligand 1.E...
  Skipping (log exists) 7dml__1__1.A__1.E 1.E
Running vina for 7dnn__1__1.A_1.B__1.E, ligand 1.E...
  Skipping (exists) 7dnn__1__1.A_1.B__1.E 1.E
Running vina for 7dow__1__1.A_1.B__1.C, ligand 1.C...
  Skipping (exists) 7dow__1__1.A_1.B__1.C 1.C
Running vina for 7doy__1__1.A_1.B__1.E, ligand 1.E...
  Skipping (exists) 7doy__1__1.A_1.B__1.E 1.E
Running vina for 7du9__1__1.A_1.B__1.D, ligand 1.D...
  Skipping (exists) 7du9__1__1.A_1.B__1.D 1.D
Running vina for 7dua__1__1.B__1.D, ligand 1.D...
  Skipping (exists) 7dua__1__1.B__1.D 1.D
Running vina for 7dvb__1__1.A__1.E, ligand 1.E...
  Skipping (exists) 7dvb__1__1.A__1.E 1.E
Running vina for 7dxl__1__1.A__1.C, ligand 1.C...
  Skipping (exists) 7dxl__1__1.A__1.C 1.C
Running vina for 7e1n__1__1.A_1.B__1.D, ligand 1.D...
  Skipping (exists) 7e1n__1__1.A_1.B__1.D 1.D
Running vina for 7e5f__1__1.A_2.A__2.B, ligand 2.B...
  Skipping (exists) 7e5f__1__1.A_2.A__2.B 2.B
Running vina for 7e5g__1__1.A_2.A__2.B, ligand 2.B...
  Skipping (exists) 7e5g__1__1.A_2.A__2.B 2.B
Running vina for 7eba__1__1.A__1.C, ligand 1.C...
  Skipping (exists) 7eba__1__1.A__1.C 1.C
Running vina for 7ee5__1__1.A__1.H, ligand 1.H...
  Skipping (exists) 7ee5__1__1.A__1.H 1.H
Running vina for 7ei4__1__1.A_1.B_1.C__1.F, ligand 1.F...
  Skipping (exists) 7ei4__1__1.A_1.B_1.C__1.F 1.F
Running vina for 7ejv__1__1.B__1.D, ligand 1.D...
  Skipping (exists) 7ejv__1__1.B__1.D 1.D
Running vina for 7ekr__1__1.A__1.C, ligand 1.C...
  Skipping (exists) 7ekr__1__1.A__1.C 1.C
Running vina for 7elt__1__2.A__2.B, ligand 2.B...
  Skipping (exists) 7elt__1__2.A__2.B 2.B
Running vina for 7ems__1__1.A__1.D, ligand 1.D...
  Skipping (exists) 7ems__1__1.A__1.D 1.D
Running vina for 7en5__1__1.A_3.A_4.A__3.B, ligand 3.B...
  Skipping (exists) 7en5__1__1.A_3.A_4.A__3.B 3.B
Running vina for 7en7__1__1.A_2.A_4.A__2.B, ligand 2.B...
  Skipping (exists) 7en7__1__1.A_2.A_4.A__2.B 2.B
Running vina for 7en9__1__1.A_2.A__2.B, ligand 2.B...
  Skipping (exists) 7en9__1__1.A_2.A__2.B 2.B
Running vina for 7end__1__1.A_2.A__2.B, ligand 2.B...
  Skipping (exists) 7end__1__1.A_2.A__2.B 2.B
Running vina for 7ene__1__1.A_1.B__1.E, ligand 1.E...
  Skipping (exists) 7ene__1__1.A_1.B__1.E 1.E
Running vina for 7er2__1__1.A__1.B, ligand 1.B...
  Skipping (exists) 7er2__1__1.A__1.B 1.B
Running vina for 7es1__1__1.A__1.C, ligand 1.C...
  Skipping (exists) 7es1__1__1.A__1.C 1.C
Running vina for 7eue__1__1.B__1.F, ligand 1.F...
  Skipping (exists) 7eue__1__1.B__1.F 1.F
Running vina for 7exu__1__1.A__1.C, ligand 1.C...
  Skipping (exists) 7exu__1__1.A__1.C 1.C
Running vina for 7ezf__1__1.B__1.G, ligand 1.G...
  Skipping (exists) 7ezf__1__1.B__1.G 1.G
Running vina for 7ezp__1__1.D__1.L, ligand 1.L...
  Skipping (exists) 7ezp__1__1.D__1.L 1.L
Running vina for 7ezr__1__1.B__1.G, ligand 1.G...
  Skipping (exists) 7ezr__1__1.B__1.G 1.G
Running vina for 7f06__1__1.A__1.C, ligand 1.C...
  Skipping (exists) 7f06__1__1.A__1.C 1.C
Running vina for 7f10__1__1.B__1.C, ligand 1.C...
  Skipping (exists) 7f10__1__1.B__1.C 1.C
Running vina for 7f14__1__1.B__1.D, ligand 1.D...
  Skipping (exists) 7f14__1__1.B__1.D 1.D
Running vina for 7f1u__1__1.A_1.B__1.E, ligand 1.E...
  Skipping (exists) 7f1u__1__1.A_1.B__1.E 1.E
Running vina for 7f1v__1__1.C_1.D__1.F, ligand 1.F...
  Skipping (exists) 7f1v__1__1.C_1.D__1.F 1.F
Running vina for 7f35__1__1.A_1.B__1.G, ligand 1.G...
  Skipping (exists) 7f35__1__1.A_1.B__1.G 1.G
Running vina for 7f42__1__1.B__1.C, ligand 1.C...
  Skipping (exists) 7f42__1__1.B__1.C 1.C
Running vina for 7f51__1__1.A__1.C, ligand 1.C...
  Skipping (exists) 7f51__1__1.A__1.C 1.C
Running vina for 7f6w__1__2.A__2.B, ligand 2.B...
  Skipping (exists) 7f6w__1__2.A__2.B 2.B
Running vina for 7f7d__1__2.A__2.B, ligand 2.B...
  Skipping (exists) 7f7d__1__2.A__2.B 2.B
Running vina for 7f83__1__1.B__1.J, ligand 1.J...
  Skipping (exists) 7f83__1__1.B__1.J 1.J
Running vina for 7f8u__1__1.A__1.B, ligand 1.B...
  Skipping (exists) 7f8u__1__1.A__1.B 1.B
Running vina for 7fai__1__1.A__1.E, ligand 1.E...
  Skipping (exists) 7fai__1__1.A__1.E 1.E
Running vina for 7faj__1__1.A__1.E, ligand 1.E...
  Skipping (exists) 7faj__1__1.A__1.E 1.E
Running vina for 7fak__1__1.A__1.B, ligand 1.B...
  Skipping (exists) 7fak__1__1.A__1.B 1.B
Running vina for 7fcz__1__2.B__2.D, ligand 2.D...
  Skipping (exists) 7fcz__1__2.B__2.D 2.D
Running vina for 7fd0__1__1.A__1.C, ligand 1.C...
  Skipping (exists) 7fd0__1__1.A__1.C 1.C
Running vina for 7fd6__1__1.A__1.B, ligand 1.B...
  Skipping (exists) 7fd6__1__1.A__1.B 1.B
Running vina for 7fee__1__1.A__1.D, ligand 1.D...
  Skipping (exists) 7fee__1__1.A__1.D 1.D
Running vina for 7fee__1__1.A__1.E, ligand 1.E...
  Skipping (exists) 7fee__1__1.A__1.E 1.E
Running vina for 7fgc__1__1.B__1.E, ligand 1.E...
  Skipping (exists) 7fgc__1__1.B__1.E 1.E
Running vina for 7fgd__1__1.B__1.E, ligand 1.E...
  Skipping (exists) 7fgd__1__1.B__1.E 1.E
Running vina for 7fha__1__1.A__1.C, ligand 1.C...
  Skipping (exists) 7fha__1__1.A__1.C 1.C
Running vina for 7fhb__1__1.A__1.B, ligand 1.B...
  Skipping (exists) 7fhb__1__1.A__1.B 1.B
Running vina for 7fmg__1__1.A__1.C, ligand 1.C...
  Skipping (exists) 7fmg__1__1.A__1.C 1.C
Running vina for 7fnt__1__1.B__1.C, ligand 1.C...
  Skipping (exists) 7fnt__1__1.B__1.C 1.C
Running vina for 7fsd__1__1.A__1.I, ligand 1.I...
  Skipping (exists) 7fsd__1__1.A__1.I 1.I
Running vina for 7fti__1__1.A__1.C, ligand 1.C...
  Skipping (exists) 7fti__1__1.A__1.C 1.C
Running vina for 7ftm__1__1.A__1.C, ligand 1.C...
  Skipping (exists) 7ftm__1__1.A__1.C 1.C
Running vina for 7ftv__1__1.A__1.C, ligand 1.C...
  Skipping (exists) 7ftv__1__1.A__1.C 1.C
Running vina for 7ftw__1__1.A__1.C, ligand 1.C...
  Skipping (exists) 7ftw__1__1.A__1.C 1.C
Running vina for 7ftz__1__1.A__1.D, ligand 1.D...
  Skipping (exists) 7ftz__1__1.A__1.D 1.D
Running vina for 7fu2__1__1.A__1.C, ligand 1.C...
  Skipping (exists) 7fu2__1__1.A__1.C 1.C
Running vina for 7fu6__1__1.A__1.C, ligand 1.C...
  Skipping (exists) 7fu6__1__1.A__1.C 1.C
Running vina for 7fu7__1__1.A__1.C, ligand 1.C...
  Skipping (exists) 7fu7__1__1.A__1.C 1.C
Running vina for 7fu8__1__1.A__1.C, ligand 1.C...
  Skipping (exists) 7fu8__1__1.A__1.C 1.C
Running vina for 7fuc__1__1.A__1.C, ligand 1.C...
  Skipping (exists) 7fuc__1__1.A__1.C 1.C
Running vina for 7fuf__1__1.A__1.C, ligand 1.C...
  Skipping (exists) 7fuf__1__1.A__1.C 1.C
Running vina for 7fum__1__1.A__1.C, ligand 1.C...
  Skipping (exists) 7fum__1__1.A__1.C 1.C
Running vina for 7fw3__1__1.A__1.B, ligand 1.B...
  Skipping (exists) 7fw3__1__1.A__1.B 1.B
Running vina for 7fwb__1__1.A__1.B, ligand 1.B...
  Skipping (exists) 7fwb__1__1.A__1.B 1.B
Running vina for 7fwe__1__1.A__1.B, ligand 1.B...
  Skipping (exists) 7fwe__1__1.A__1.B 1.B
Running vina for 7fwh__1__1.A__1.B, ligand 1.B...
  Skipping (exists) 7fwh__1__1.A__1.B 1.B
Running vina for 7fwi__1__1.A__1.D, ligand 1.D...
  Skipping (exists) 7fwi__1__1.A__1.D 1.D
Running vina for 7fwl__1__1.A__1.B, ligand 1.B...
  Skipping (exists) 7fwl__1__1.A__1.B 1.B
Running vina for 7fwm__1__1.A__1.B, ligand 1.B...
  Skipping (exists) 7fwm__1__1.A__1.B 1.B
Running vina for 7fwn__1__1.A__1.D, ligand 1.D...
  Skipping (exists) 7fwn__1__1.A__1.D 1.D
Running vina for 7fwr__1__1.A__1.B, ligand 1.B...
  Skipping (exists) 7fwr__1__1.A__1.B 1.B
Running vina for 7fx1__1__1.A__1.B, ligand 1.B...
  Skipping (exists) 7fx1__1__1.A__1.B 1.B
Running vina for 7fxi__1__1.A__1.D, ligand 1.D...
  Skipping (exists) 7fxi__1__1.A__1.D 1.D
Running vina for 7fyr__1__1.A__1.B, ligand 1.B...
  Skipping (exists) 7fyr__1__1.A__1.B 1.B
Running vina for 7fys__1__1.A__1.B, ligand 1.B...
  Skipping (exists) 7fys__1__1.A__1.B 1.B
Running vina for 7fyx__1__1.A__1.C, ligand 1.C...
  Skipping (exists) 7fyx__1__1.A__1.C 1.C
Running vina for 7fz0__1__1.A__1.E, ligand 1.E...
  Skipping (exists) 7fz0__1__1.A__1.E 1.E
Running vina for 7fz3__1__1.A__1.B, ligand 1.B...
  Skipping (exists) 7fz3__1__1.A__1.B 1.B
Running vina for 7fzc__1__1.A__1.B, ligand 1.B...
  Skipping (exists) 7fzc__1__1.A__1.B 1.B
Running vina for 7fzl__1__1.A__1.B, ligand 1.B...
  Skipping (exists) 7fzl__1__1.A__1.B 1.B
Running vina for 7fzs__1__1.A__1.B, ligand 1.B...
  Skipping (exists) 7fzs__1__1.A__1.B 1.B
Running vina for 7g00__1__1.A__1.Q, ligand 1.Q...
  Skipping (exists) 7g00__1__1.A__1.Q 1.Q
Running vina for 7g07__1__1.A__1.B, ligand 1.B...
  Skipping (exists) 7g07__1__1.A__1.B 1.B
Running vina for 7g0g__1__1.A__1.B, ligand 1.B...
  Skipping (exists) 7g0g__1__1.A__1.B 1.B
Running vina for 7g0j__1__1.A__1.D, ligand 1.D...
  Skipping (exists) 7g0j__1__1.A__1.D 1.D
Running vina for 7g0t__1__1.A__1.B, ligand 1.B...
  Skipping (exists) 7g0t__1__1.A__1.B 1.B
Running vina for 7g10__1__1.A__1.D, ligand 1.D...
  Skipping (exists) 7g10__1__1.A__1.D 1.D
Running vina for 7g1b__1__1.A__1.B, ligand 1.B...
  Skipping (exists) 7g1b__1__1.A__1.B 1.B
Running vina for 7g1e__1__1.A__1.C, ligand 1.C...
  Skipping (exists) 7g1e__1__1.A__1.C 1.C
Running vina for 7g1j__1__1.A__1.B, ligand 1.B...
  Skipping (exists) 7g1j__1__1.A__1.B 1.B
Running vina for 7g1m__1__1.A__1.B, ligand 1.B...
  Skipping (exists) 7g1m__1__1.A__1.B 1.B
Running vina for 7g20__1__1.A__1.B, ligand 1.B...
  Skipping (exists) 7g20__1__1.A__1.B 1.B
Running vina for 7g90__1__1.A__1.C, ligand 1.C...
  Skipping (exists) 7g90__1__1.A__1.C 1.C
Running vina for 7gaw__1__1.A_1.B__1.K, ligand 1.K...
  Skipping (exists) 7gaw__1__1.A_1.B__1.K 1.K
Running vina for 7gb6__1__1.A_2.A__1.F, ligand 1.F...
  Skipping (exists) 7gb6__1__1.A_2.A__1.F 1.F
Running vina for 7gb7__1__1.A_2.A__1.B, ligand 1.B...
  Skipping (exists) 7gb7__1__1.A_2.A__1.B 1.B
Running vina for 7gb8__1__1.A_2.A__1.F, ligand 1.F...
  Skipping (exists) 7gb8__1__1.A_2.A__1.F 1.F
Running vina for 7gbc__1__1.A_2.A__2.E, ligand 2.E...
  Skipping (exists) 7gbc__1__1.A_2.A__2.E 2.E
Running vina for 7gbd__1__1.A_2.A__2.E, ligand 2.E...
  Skipping (exists) 7gbd__1__1.A_2.A__2.E 2.E
Running vina for 7gbe__1__1.A_2.A__1.B, ligand 1.B...
  Skipping (exists) 7gbe__1__1.A_2.A__1.B 1.B
Running vina for 7gbg__1__1.A_2.A__2.E, ligand 2.E...
  Skipping (exists) 7gbg__1__1.A_2.A__2.E 2.E
Running vina for 7gbi__1__1.A_2.A__2.D, ligand 2.D...
  Skipping (exists) 7gbi__1__1.A_2.A__2.D 2.D
Running vina for 7gbo__1__1.A_2.A__1.E, ligand 1.E...
  Skipping (exists) 7gbo__1__1.A_2.A__1.E 1.E
Running vina for 7gbp__1__1.A_2.A__2.F, ligand 2.F...
  Skipping (exists) 7gbp__1__1.A_2.A__2.F 2.F
Running vina for 7gbq__1__1.A_2.A__1.E, ligand 1.E...
  Skipping (exists) 7gbq__1__1.A_2.A__1.E 1.E
Running vina for 7gbr__1__1.A_2.A__2.F, ligand 2.F...
  Skipping (exists) 7gbr__1__1.A_2.A__2.F 2.F
Running vina for 7gbw__1__1.A_2.A__1.F, ligand 1.F...
  Skipping (exists) 7gbw__1__1.A_2.A__1.F 1.F
Running vina for 7gby__1__1.A_2.A__1.E, ligand 1.E...
  Skipping (exists) 7gby__1__1.A_2.A__1.E 1.E
Running vina for 7gbz__1__1.A_2.A__2.F, ligand 2.F...
  Skipping (exists) 7gbz__1__1.A_2.A__2.F 2.F
Running vina for 7gc0__1__1.A_2.A__1.E, ligand 1.E...
  Skipping (exists) 7gc0__1__1.A_2.A__1.E 1.E
Running vina for 7gc1__1__1.A_2.A__2.E, ligand 2.E...
  Skipping (exists) 7gc1__1__1.A_2.A__2.E 2.E
Running vina for 7gc2__1__1.A_2.A__2.E, ligand 2.E...
  Skipping (exists) 7gc2__1__1.A_2.A__2.E 2.E
Running vina for 7gc3__1__1.A_2.A__2.F, ligand 2.F...
  Skipping (exists) 7gc3__1__1.A_2.A__2.F 2.F
Running vina for 7gc8__1__1.A_2.A__2.E, ligand 2.E...
  Skipping (exists) 7gc8__1__1.A_2.A__2.E 2.E
Running vina for 7gce__1__1.A_2.A__2.E, ligand 2.E...
  Skipping (exists) 7gce__1__1.A_2.A__2.E 2.E
Running vina for 7gcf__1__1.A_2.A__2.E, ligand 2.E...
  Skipping (exists) 7gcf__1__1.A_2.A__2.E 2.E
Running vina for 7gcj__1__1.A_2.A__1.E, ligand 1.E...
  Skipping (exists) 7gcj__1__1.A_2.A__1.E 1.E
Running vina for 7gck__1__1.A_2.A__1.E, ligand 1.E...
  Skipping (exists) 7gck__1__1.A_2.A__1.E 1.E
Running vina for 7gcl__1__1.A_2.A__2.F, ligand 2.F...
  Skipping (exists) 7gcl__1__1.A_2.A__2.F 2.F
Running vina for 7gcn__1__1.A_2.A__2.F, ligand 2.F...
  Skipping (exists) 7gcn__1__1.A_2.A__2.F 2.F
Running vina for 7gco__1__1.A_2.A__2.E, ligand 2.E...
  Skipping (exists) 7gco__1__1.A_2.A__2.E 2.E
Running vina for 7gcq__1__1.A_2.A__1.F, ligand 1.F...
  Skipping (exists) 7gcq__1__1.A_2.A__1.F 1.F
Running vina for 7gcs__1__1.A_2.A__1.E, ligand 1.E...
  Skipping (exists) 7gcs__1__1.A_2.A__1.E 1.E
Running vina for 7gcu__1__1.A_2.A__1.E, ligand 1.E...
  Skipping (exists) 7gcu__1__1.A_2.A__1.E 1.E
Running vina for 7gcv__1__1.A_2.A__2.E, ligand 2.E...
  Skipping (exists) 7gcv__1__1.A_2.A__2.E 2.E
Running vina for 7gcx__1__1.A_2.A__2.E, ligand 2.E...
  Skipping (exists) 7gcx__1__1.A_2.A__2.E 2.E
Running vina for 7gd0__1__1.A_2.A__1.F, ligand 1.F...
  Skipping (exists) 7gd0__1__1.A_2.A__1.F 1.F
Running vina for 7gd1__1__1.A_2.A__1.E, ligand 1.E...
  Skipping (exists) 7gd1__1__1.A_2.A__1.E 1.E
Running vina for 7gda__1__1.A_2.A__1.D, ligand 1.D...
  Skipping (exists) 7gda__1__1.A_2.A__1.D 1.D
Running vina for 7gdc__1__1.A_2.A__2.D, ligand 2.D...
  Skipping (exists) 7gdc__1__1.A_2.A__2.D 2.D
Running vina for 7gde__1__1.A_2.A__1.E, ligand 1.E...
  Skipping (exists) 7gde__1__1.A_2.A__1.E 1.E
Running vina for 7gdg__1__1.A_2.A__2.F, ligand 2.F...
  Skipping (exists) 7gdg__1__1.A_2.A__2.F 2.F
Running vina for 7gdj__1__1.A_2.A__2.E, ligand 2.E...
  Skipping (exists) 7gdj__1__1.A_2.A__2.E 2.E
Running vina for 7gdk__1__1.A_2.A__2.E, ligand 2.E...
  Skipping (exists) 7gdk__1__1.A_2.A__2.E 2.E
Running vina for 7gdl__1__1.A_2.A__1.E, ligand 1.E...
  Skipping (exists) 7gdl__1__1.A_2.A__1.E 1.E
Running vina for 7gdm__1__1.A_2.A__2.E, ligand 2.E...
  Skipping (exists) 7gdm__1__1.A_2.A__2.E 2.E
Running vina for 7gdz__1__1.A_2.A__1.E, ligand 1.E...
  Skipping (exists) 7gdz__1__1.A_2.A__1.E 1.E
Running vina for 7ge2__1__1.A_2.A__2.E, ligand 2.E...
  Skipping (exists) 7ge2__1__1.A_2.A__2.E 2.E
Running vina for 7ge3__1__1.A_2.A__1.D, ligand 1.D...
  Skipping (exists) 7ge3__1__1.A_2.A__1.D 1.D
Running vina for 7ge8__1__1.A_2.A__2.E, ligand 2.E...
  Skipping (exists) 7ge8__1__1.A_2.A__2.E 2.E
Running vina for 7ge9__1__1.A_2.A__1.E, ligand 1.E...
  Skipping (exists) 7ge9__1__1.A_2.A__1.E 1.E
Running vina for 7gec__1__1.A_2.A__2.E, ligand 2.E...
  Skipping (exists) 7gec__1__1.A_2.A__2.E 2.E
Running vina for 7ged__1__1.A_2.A__1.E, ligand 1.E...
  Skipping (exists) 7ged__1__1.A_2.A__1.E 1.E
Running vina for 7gee__1__1.A_2.A__2.E, ligand 2.E...
  Skipping (exists) 7gee__1__1.A_2.A__2.E 2.E
Running vina for 7gef__1__1.A_2.A__1.D, ligand 1.D...
  Skipping (exists) 7gef__1__1.A_2.A__1.D 1.D
Running vina for 7geg__1__1.A_2.A__2.E, ligand 2.E...
  Skipping (exists) 7geg__1__1.A_2.A__2.E 2.E
Running vina for 7geh__1__1.A_2.A__2.E, ligand 2.E...
  Skipping (exists) 7geh__1__1.A_2.A__2.E 2.E
Running vina for 7gek__1__1.A_2.A__1.E, ligand 1.E...
  Skipping (exists) 7gek__1__1.A_2.A__1.E 1.E
Running vina for 7gen__1__1.A_2.A__2.E, ligand 2.E...
  Skipping (exists) 7gen__1__1.A_2.A__2.E 2.E
Running vina for 7ges__1__1.A_2.A__2.E, ligand 2.E...
  Skipping (exists) 7ges__1__1.A_2.A__2.E 2.E
Running vina for 7geu__1__1.A_2.A__2.E, ligand 2.E...
  Skipping (exists) 7geu__1__1.A_2.A__2.E 2.E
Running vina for 7gew__1__1.A_2.A__1.E, ligand 1.E...
  Skipping (exists) 7gew__1__1.A_2.A__1.E 1.E
Running vina for 7gey__1__1.A_2.A__2.E, ligand 2.E...
  Skipping (exists) 7gey__1__1.A_2.A__2.E 2.E
Running vina for 7gf0__1__1.A_2.A__1.E, ligand 1.E...
  Skipping (exists) 7gf0__1__1.A_2.A__1.E 1.E
Running vina for 7gf2__1__1.A_2.A__2.E, ligand 2.E...
  Skipping (exists) 7gf2__1__1.A_2.A__2.E 2.E
Running vina for 7gf3__1__1.A_2.A__1.E, ligand 1.E...
  Skipping (exists) 7gf3__1__1.A_2.A__1.E 1.E
Running vina for 7gf5__1__1.A_2.A__1.E, ligand 1.E...
  Skipping (exists) 7gf5__1__1.A_2.A__1.E 1.E
Running vina for 7gf6__1__1.A_2.A__2.E, ligand 2.E...
  Skipping (exists) 7gf6__1__1.A_2.A__2.E 2.E
Running vina for 7gfb__1__1.A_2.A__2.E, ligand 2.E...
  Skipping (exists) 7gfb__1__1.A_2.A__2.E 2.E
Running vina for 7gfh__1__1.A_2.A__1.E, ligand 1.E...
  Skipping (exists) 7gfh__1__1.A_2.A__1.E 1.E
Running vina for 7gfl__1__1.A_2.A__2.E, ligand 2.E...
  Skipping (exists) 7gfl__1__1.A_2.A__2.E 2.E
Running vina for 7gfr__1__1.A_2.A__2.E, ligand 2.E...
  Skipping (exists) 7gfr__1__1.A_2.A__2.E 2.E
Running vina for 7gfs__1__1.A_2.A__2.E, ligand 2.E...
  Skipping (exists) 7gfs__1__1.A_2.A__2.E 2.E
Running vina for 7gft__1__1.A_2.A__1.E, ligand 1.E...
  Skipping (exists) 7gft__1__1.A_2.A__1.E 1.E
Running vina for 7gfx__1__1.A_2.A__2.E, ligand 2.E...
  Skipping (exists) 7gfx__1__1.A_2.A__2.E 2.E
Running vina for 7gg2__1__1.A_2.A__2.E, ligand 2.E...
  Skipping (exists) 7gg2__1__1.A_2.A__2.E 2.E
Running vina for 7ggd__1__1.A__1.E, ligand 1.E...
  Skipping (exists) 7ggd__1__1.A__1.E 1.E
Running vina for 7gh3__1__1.A_2.A__2.E, ligand 2.E...
  Skipping (exists) 7gh3__1__1.A_2.A__2.E 2.E
Running vina for 7gh5__1__1.A_2.A__1.B, ligand 1.B...
  Skipping (exists) 7gh5__1__1.A_2.A__1.B 1.B
Running vina for 7gh6__1__1.A_2.A__2.B, ligand 2.B...
  Skipping (exists) 7gh6__1__1.A_2.A__2.B 2.B
Running vina for 7ghn__1__1.A_1.B__1.N, ligand 1.N...
  Skipping (exists) 7ghn__1__1.A_1.B__1.N 1.N
Running vina for 7ghr__1__1.A_1.B__1.M, ligand 1.M...
  Skipping (exists) 7ghr__1__1.A_1.B__1.M 1.M
Running vina for 7gi4__1__1.A_1.B__1.J, ligand 1.J...
  Skipping (exists) 7gi4__1__1.A_1.B__1.J 1.J
Running vina for 7gi6__1__1.A_1.B__1.D, ligand 1.D...
  Skipping (exists) 7gi6__1__1.A_1.B__1.D 1.D
Running vina for 7gi7__1__1.A_1.B__1.L, ligand 1.L...
  Skipping (exists) 7gi7__1__1.A_1.B__1.L 1.L
Running vina for 7gi9__1__1.A_1.B__1.F, ligand 1.F...
  Skipping (exists) 7gi9__1__1.A_1.B__1.F 1.F
Running vina for 7gia__1__1.A_1.B__1.F, ligand 1.F...
  Skipping (exists) 7gia__1__1.A_1.B__1.F 1.F
Running vina for 7gjc__1__1.A_1.B__1.E, ligand 1.E...
  Skipping (exists) 7gjc__1__1.A_1.B__1.E 1.E
Running vina for 7gji__1__1.A_1.B__1.L, ligand 1.L...
  Skipping (exists) 7gji__1__1.A_1.B__1.L 1.L
Running vina for 7gk7__1__1.A_1.B__1.H, ligand 1.H...
  Skipping (exists) 7gk7__1__1.A_1.B__1.H 1.H
Running vina for 7gk8__1__1.A_1.B__1.H, ligand 1.H...
  Skipping (exists) 7gk8__1__1.A_1.B__1.H 1.H
Running vina for 7gkh__1__1.A_1.B__1.J, ligand 1.J...
  Skipping (exists) 7gkh__1__1.A_1.B__1.J 1.J
Running vina for 7gki__1__1.A__1.I, ligand 1.I...
  Skipping (exists) 7gki__1__1.A__1.I 1.I
Running vina for 7gkk__1__1.A_1.B__1.O, ligand 1.O...
  Skipping (exists) 7gkk__1__1.A_1.B__1.O 1.O
Running vina for 7gks__1__1.A_1.B__1.H, ligand 1.H...
  Skipping (exists) 7gks__1__1.A_1.B__1.H 1.H
Running vina for 7gkx__1__1.A_1.B__1.I, ligand 1.I...
  Skipping (exists) 7gkx__1__1.A_1.B__1.I 1.I
Running vina for 7gl3__1__1.A_1.B__1.H, ligand 1.H...
  Skipping (exists) 7gl3__1__1.A_1.B__1.H 1.H
Running vina for 7gla__1__1.A_1.B__1.I, ligand 1.I...
  Skipping (exists) 7gla__1__1.A_1.B__1.I 1.I
Running vina for 7glb__1__1.A_1.B__1.N, ligand 1.N...
  Skipping (exists) 7glb__1__1.A_1.B__1.N 1.N
Running vina for 7gld__1__1.A_1.B__1.H, ligand 1.H...
  Skipping (exists) 7gld__1__1.A_1.B__1.H 1.H
Running vina for 7glg__1__1.A_1.B__1.H, ligand 1.H...
  Skipping (exists) 7glg__1__1.A_1.B__1.H 1.H
Running vina for 7gli__1__1.A_1.B__1.L, ligand 1.L...
  Skipping (exists) 7gli__1__1.A_1.B__1.L 1.L
Running vina for 7gln__1__1.A_1.B__1.I, ligand 1.I...
  Skipping (exists) 7gln__1__1.A_1.B__1.I 1.I
Running vina for 7gly__1__1.A_1.B__1.I, ligand 1.I...
  Skipping (exists) 7gly__1__1.A_1.B__1.I 1.I
Running vina for 7gm0__1__1.A_1.B__1.N, ligand 1.N...
  Skipping (exists) 7gm0__1__1.A_1.B__1.N 1.N
Running vina for 7gm1__1__1.A_1.B__1.I, ligand 1.I...
  Skipping (exists) 7gm1__1__1.A_1.B__1.I 1.I
Running vina for 7gm4__1__1.A_1.B__1.I, ligand 1.I...
  Skipping (exists) 7gm4__1__1.A_1.B__1.I 1.I
Running vina for 7gm5__1__1.A_1.B__1.I, ligand 1.I...
  Skipping (exists) 7gm5__1__1.A_1.B__1.I 1.I
Running vina for 7gm6__1__1.A_1.B__1.N, ligand 1.N...
  Skipping (exists) 7gm6__1__1.A_1.B__1.N 1.N
Running vina for 7gm8__1__1.A_1.B__1.I, ligand 1.I...
  Skipping (exists) 7gm8__1__1.A_1.B__1.I 1.I
Running vina for 7gm9__1__1.A_1.B__1.I, ligand 1.I...
  Skipping (exists) 7gm9__1__1.A_1.B__1.I 1.I
Running vina for 7gma__1__1.A_1.B__1.J, ligand 1.J...
  Skipping (exists) 7gma__1__1.A_1.B__1.J 1.J
Running vina for 7gmh__1__1.A_1.B__1.O, ligand 1.O...
  Skipping (exists) 7gmh__1__1.A_1.B__1.O 1.O
Running vina for 7gms__1__1.A_1.B__1.I, ligand 1.I...
  Skipping (exists) 7gms__1__1.A_1.B__1.I 1.I
Running vina for 7gmu__1__1.A_1.B__1.I, ligand 1.I...
  Skipping (exists) 7gmu__1__1.A_1.B__1.I 1.I
Running vina for 7gmy__1__1.A_1.B__1.I, ligand 1.I...
  Skipping (exists) 7gmy__1__1.A_1.B__1.I 1.I
Running vina for 7gn0__1__1.A_1.B__1.I, ligand 1.I...
  Skipping (exists) 7gn0__1__1.A_1.B__1.I 1.I
Running vina for 7gn5__1__1.A_1.B__1.I, ligand 1.I...
  Skipping (exists) 7gn5__1__1.A_1.B__1.I 1.I
Running vina for 7gn9__1__1.A_1.B__1.O, ligand 1.O...
  Skipping (exists) 7gn9__1__1.A_1.B__1.O 1.O
Running vina for 7gng__1__1.A_1.B__1.Q, ligand 1.Q...
  Skipping (exists) 7gng__1__1.A_1.B__1.Q 1.Q
Running vina for 7gnh__1__1.A_1.B__1.M, ligand 1.M...
  Skipping (exists) 7gnh__1__1.A_1.B__1.M 1.M
Running vina for 7gnk__1__1.A_1.B__1.T, ligand 1.T...
  Skipping (exists) 7gnk__1__1.A_1.B__1.T 1.T
Running vina for 7gnl__1__1.A_1.B__1.N, ligand 1.N...
  Skipping (exists) 7gnl__1__1.A_1.B__1.N 1.N
Running vina for 7gnm__1__1.A_1.B__1.S, ligand 1.S...
  Skipping (exists) 7gnm__1__1.A_1.B__1.S 1.S
Running vina for 7gnn__1__1.A_1.B__1.I, ligand 1.I...
  Skipping (exists) 7gnn__1__1.A_1.B__1.I 1.I
Running vina for 7grr__1__1.A__1.D, ligand 1.D...
  Skipping (exists) 7grr__1__1.A__1.D 1.D
Running vina for 7grs__1__1.B__1.Q, ligand 1.Q...
  Skipping (exists) 7grs__1__1.B__1.Q 1.Q
Running vina for 7gs0__1__1.A_1.B__1.D, ligand 1.D...
  Skipping (exists) 7gs0__1__1.A_1.B__1.D 1.D
Running vina for 7h1j__1__1.B__1.E, ligand 1.E...
  Skipping (exists) 7h1j__1__1.B__1.E 1.E
Running vina for 7jhq__1__2.D__2.Q, ligand 2.Q...
  Skipping (exists) 7jhq__1__2.D__2.Q 2.Q
Running vina for 7jni__1__1.A__1.C, ligand 1.C...
  Skipping (exists) 7jni__1__1.A__1.C 1.C
Running vina for 7jxa__1__1.C__1.I, ligand 1.I...
  Skipping (exists) 7jxa__1__1.C__1.I 1.I
Running vina for 7jyd__1__1.A__1.C, ligand 1.C...
  Skipping (exists) 7jyd__1__1.A__1.C 1.C
Running vina for 7k5v__1__1.A__1.C, ligand 1.C...
  Skipping (exists) 7k5v__1__1.A__1.C 1.C
Running vina for 7kb8__1__1.A__1.E, ligand 1.E...
  Skipping (exists) 7kb8__1__1.A__1.E 1.E
Running vina for 7kgy__1__2.C_2.D__2.J, ligand 2.J...
  Skipping (exists) 7kgy__1__2.C_2.D__2.J 2.J
Running vina for 7kkh__1__1.A_1.B__1.D, ligand 1.D...
  Skipping (exists) 7kkh__1__1.A_1.B__1.D 1.D
Running vina for 7ko6__1__1.A__1.D, ligand 1.D...
  Skipping (exists) 7ko6__1__1.A__1.D 1.D
Running vina for 7kxz__1__1.A__1.C, ligand 1.C...
  Skipping (exists) 7kxz__1__1.A__1.C 1.C
Running vina for 7l1p__1__1.A_1.B__1.C, ligand 1.C...
  Skipping (exists) 7l1p__1__1.A_1.B__1.C 1.C
Running vina for 7l2y__1__1.A_2.A__1.J, ligand 1.J...
  Skipping (exists) 7l2y__1__1.A_2.A__1.J 1.J
Running vina for 7lbv__1__1.A__1.B, ligand 1.B...
  Skipping (exists) 7lbv__1__1.A__1.B 1.B
Running vina for 7ldy__1__1.A_1.B__1.H, ligand 1.H...
  Skipping (exists) 7ldy__1__1.A_1.B__1.H 1.H
Running vina for 7le3__1__1.A_1.B__1.C, ligand 1.C...
  Skipping (exists) 7le3__1__1.A_1.B__1.C 1.C
Running vina for 7le5__1__1.A_1.B__1.H, ligand 1.H...
  Skipping (exists) 7le5__1__1.A_1.B__1.H 1.H
Running vina for 7le6__1__1.A_1.B__1.C, ligand 1.C...
  Skipping (exists) 7le6__1__1.A_1.B__1.C 1.C
Running vina for 7lk0__1__1.A_2.A__1.D, ligand 1.D...
  Skipping (exists) 7lk0__1__1.A_2.A__1.D 1.D
Running vina for 7lnh__1__2.A_2.B__2.E, ligand 2.E...
  Skipping (exists) 7lnh__1__2.A_2.B__2.E 2.E
Running vina for 7lp0__1__1.A__1.C, ligand 1.C...
  Skipping (exists) 7lp0__1__1.A__1.C 1.C
Running vina for 7lpk__1__1.A__1.C, ligand 1.C...
  Skipping (exists) 7lpk__1__1.A__1.C 1.C
Running vina for 7lpw__1__1.A_1.B__1.G, ligand 1.G...
  Skipping (exists) 7lpw__1__1.A_1.B__1.G 1.G
Running vina for 7lr9__1__1.A__1.C, ligand 1.C...
  Skipping (exists) 7lr9__1__1.A__1.C 1.C
Running vina for 7lrk__1__1.A__1.C, ligand 1.C...
  Skipping (exists) 7lrk__1__1.A__1.C 1.C
Running vina for 7lro__1__1.A__1.D, ligand 1.D...
  Skipping (exists) 7lro__1__1.A__1.D 1.D
Running vina for 7lzr__1__1.A_1.B__1.H, ligand 1.H...
  Skipping (exists) 7lzr__1__1.A_1.B__1.H 1.H
Running vina for 7m94__1__1.B__1.J, ligand 1.J...
  Skipping (exists) 7m94__1__1.B__1.J 1.J
Running vina for 7m95__1__1.B__1.K, ligand 1.K...
  Skipping (exists) 7m95__1__1.B__1.K 1.K
Running vina for 7m96__1__1.A__1.E, ligand 1.E...
  Skipping (exists) 7m96__1__1.A__1.E 1.E
Running vina for 7m9g__1__1.A_1.B__1.E, ligand 1.E...
  Skipping (exists) 7m9g__1__1.A_1.B__1.E 1.E
Running vina for 7m9h__1__1.A_1.B__1.E, ligand 1.E...
  Skipping (exists) 7m9h__1__1.A_1.B__1.E 1.E
Running vina for 7m9r__1__1.A_1.B__1.C, ligand 1.C...
  Skipping (exists) 7m9r__1__1.A_1.B__1.C 1.C
Running vina for 7m9t__1__1.A_1.B__1.D, ligand 1.D...
  Skipping (exists) 7m9t__1__1.A_1.B__1.D 1.D
Running vina for 7m9v__1__1.A_1.B__1.C, ligand 1.C...
  Skipping (exists) 7m9v__1__1.A_1.B__1.C 1.C
Running vina for 7m9x__1__1.A_1.B__1.C, ligand 1.C...
  Skipping (exists) 7m9x__1__1.A_1.B__1.C 1.C
Running vina for 7ma0__1__1.A_1.B__1.I, ligand 1.I...
  Skipping (exists) 7ma0__1__1.A_1.B__1.I 1.I
Running vina for 7ma1__1__1.A_1.B__1.M, ligand 1.M...
  Skipping (exists) 7ma1__1__1.A_1.B__1.M 1.M
Running vina for 7ma2__1__1.A_1.B__1.E, ligand 1.E...
  Skipping (exists) 7ma2__1__1.A_1.B__1.E 1.E
Running vina for 7ma3__1__1.A_1.B__1.E, ligand 1.E...
  Skipping (exists) 7ma3__1__1.A_1.B__1.E 1.E
Running vina for 7ma4__1__1.A_1.B__1.D, ligand 1.D...
  Skipping (exists) 7ma4__1__1.A_1.B__1.D 1.D
Running vina for 7ma5__1__1.A_1.B__1.G, ligand 1.G...
  Skipping (exists) 7ma5__1__1.A_1.B__1.G 1.G
Running vina for 7ma7__1__1.A_1.B__1.E, ligand 1.E...
  Skipping (exists) 7ma7__1__1.A_1.B__1.E 1.E
Running vina for 7ma8__1__1.A_1.B__1.E, ligand 1.E...
  Skipping (exists) 7ma8__1__1.A_1.B__1.E 1.E
Running vina for 7maq__1__1.A_1.B__1.C, ligand 1.C...
  Skipping (exists) 7maq__1__1.A_1.B__1.C 1.C
Running vina for 7mdp__1__1.A__1.D, ligand 1.D...
  Skipping (exists) 7mdp__1__1.A__1.D 1.D
Running vina for 7mgj__1__1.A__1.E, ligand 1.E...
  Skipping (exists) 7mgj__1__1.A__1.E 1.E
Running vina for 7mgk__1__1.A__1.E, ligand 1.E...
  Skipping (exists) 7mgk__1__1.A__1.E 1.E
Running vina for 7mjd__1__1.B__1.S, ligand 1.S...
  Skipping (exists) 7mjd__1__1.B__1.S 1.S
Running vina for 7mkx__1__1.A__1.E, ligand 1.E...
  Skipping (exists) 7mkx__1__1.A__1.E 1.E
Running vina for 7mlo__1__1.A__1.C, ligand 1.C...
  Skipping (exists) 7mlo__1__1.A__1.C 1.C
Running vina for 7mlp__1__1.A__1.B, ligand 1.B...
  Skipping (exists) 7mlp__1__1.A__1.B 1.B
Running vina for 7mlt__1__1.A__1.W, ligand 1.W...
  Skipping (exists) 7mlt__1__1.A__1.W 1.W
Running vina for 7mof__1__1.A__1.C, ligand 1.C...
  Skipping (exists) 7mof__1__1.A__1.C 1.C
Running vina for 7mog__1__1.A__1.C, ligand 1.C...
  Skipping (exists) 7mog__1__1.A__1.C 1.C
Running vina for 7mt4__1__2.A_2.B__2.C, ligand 2.C...
  Skipping (exists) 7mt4__1__2.A_2.B__2.C 2.C
Running vina for 7mwn__1__1.A_1.B__1.C, ligand 1.C...
  Skipping (exists) 7mwn__1__1.A_1.B__1.C 1.C
Running vina for 7mxh__1__1.A__1.D, ligand 1.D...
  Skipping (exists) 7mxh__1__1.A__1.D 1.D
Running vina for 7mxn__1__1.A__1.C, ligand 1.C...
  Skipping (exists) 7mxn__1__1.A__1.C 1.C
Running vina for 7myj__1__1.A__1.G, ligand 1.G...
  Skipping (exists) 7myj__1__1.A__1.G 1.G
Running vina for 7n4w__1__1.A__1.D, ligand 1.D...
  Skipping (exists) 7n4w__1__1.A__1.D 1.D
Running vina for 7n4z__1__1.A__1.F, ligand 1.F...
  Skipping (exists) 7n4z__1__1.A__1.F 1.F
Running vina for 7n53__1__1.A__1.D, ligand 1.D...
  Skipping (exists) 7n53__1__1.A__1.D 1.D
Running vina for 7n54__1__1.B__1.H, ligand 1.H...
  Skipping (exists) 7n54__1__1.B__1.H 1.H
Running vina for 7n9d__1__1.A__1.D, ligand 1.D...
  Skipping (exists) 7n9d__1__1.A__1.D 1.D
Running vina for 7nag__1__1.A__1.C, ligand 1.C...
  Skipping (exists) 7nag__1__1.A__1.C 1.C
Running vina for 7nah__1__1.A__1.C, ligand 1.C...
  Skipping (exists) 7nah__1__1.A__1.C 1.C
Running vina for 7nai__1__1.A__1.C, ligand 1.C...
  Skipping (exists) 7nai__1__1.A__1.C 1.C
Running vina for 7nb3__1__1.A__1.C, ligand 1.C...
  Skipping (exists) 7nb3__1__1.A__1.C 1.C
Running vina for 7nb7__1__1.A__1.E, ligand 1.E...
  Skipping (exists) 7nb7__1__1.A__1.E 1.E
Running vina for 7nbt__1__1.A_2.A__1.C, ligand 1.C...
  Skipping (exists) 7nbt__1__1.A_2.A__1.C 1.C
Running vina for 7nbw__1__1.A_2.A__1.B, ligand 1.B...
  Skipping (exists) 7nbw__1__1.A_2.A__1.B 1.B
Running vina for 7ngd__1__1.A__1.B, ligand 1.B...
  Skipping (exists) 7ngd__1__1.A__1.B 1.B
Running vina for 7ngg__1__2.A__2.B, ligand 2.B...
  Skipping (exists) 7ngg__1__2.A__2.B 2.B
Running vina for 7ngi__1__2.A__2.C, ligand 2.C...
  Skipping (exists) 7ngi__1__2.A__2.C 2.C
Running vina for 7ngj__1__1.A__1.B, ligand 1.B...
  Skipping (exists) 7ngj__1__1.A__1.B 1.B
Running vina for 7ngk__1__2.A__2.C, ligand 2.C...
  Skipping (exists) 7ngk__1__2.A__2.C 2.C
Running vina for 7ngm__1__2.A__2.B, ligand 2.B...
  Skipping (exists) 7ngm__1__2.A__2.B 2.B
Running vina for 7ngs__1__1.A__1.B, ligand 1.B...
  Skipping (exists) 7ngs__1__1.A__1.B 1.B
Running vina for 7ngw__1__2.A__2.B, ligand 2.B...
  Skipping (exists) 7ngw__1__2.A__2.B 2.B
Running vina for 7ngx__1__1.A__1.B, ligand 1.B...
  Skipping (exists) 7ngx__1__1.A__1.B 1.B
Running vina for 7ngy__1__2.A__2.B, ligand 2.B...
  Skipping (exists) 7ngy__1__2.A__2.B 2.B
Running vina for 7nlv__1__1.A_1.C__1.G, ligand 1.G...
  Skipping (exists) 7nlv__1__1.A_1.C__1.G 1.G
Running vina for 7nr5__1__1.A__1.F, ligand 1.F...
  Skipping (exists) 7nr5__1__1.A__1.F 1.F
Running vina for 7nr6__1__1.B__1.H, ligand 1.H...
  Skipping (exists) 7nr6__1__1.B__1.H 1.H
Running vina for 7nsn__1__1.A__1.J, ligand 1.J...
  Skipping (exists) 7nsn__1__1.A__1.J 1.J
Running vina for 7ntz__1__1.A__1.B, ligand 1.B...
  Skipping (exists) 7ntz__1__1.A__1.B 1.B
Running vina for 7nud__1__1.B__1.D, ligand 1.D...
  Skipping (exists) 7nud__1__1.B__1.D 1.D
Running vina for 7nue__1__1.A__1.C, ligand 1.C...
  Skipping (exists) 7nue__1__1.A__1.C 1.C
Running vina for 7nwa__1__1.A_1.B__1.E, ligand 1.E...
  Skipping (exists) 7nwa__1__1.A_1.B__1.E 1.E
Running vina for 7nwc__1__1.A_1.B__1.G, ligand 1.G...
  Skipping (exists) 7nwc__1__1.A_1.B__1.G 1.G
Running vina for 7nya__1__1.A_1.B__1.F, ligand 1.F...
  Skipping (exists) 7nya__1__1.A_1.B__1.F 1.F
Running vina for 7nzn__1__1.A_2.A__1.B, ligand 1.B...
  Skipping (exists) 7nzn__1__1.A_2.A__1.B 1.B
Running vina for 7nzy__1__1.A__1.E, ligand 1.E...
  Skipping (exists) 7nzy__1__1.A__1.E 1.E
Running vina for 7o1b__1__1.A__1.E, ligand 1.E...
  Skipping (exists) 7o1b__1__1.A__1.E 1.E
Running vina for 7o2t__1__1.A_2.A__1.B, ligand 1.B...
  Skipping (exists) 7o2t__1__1.A_2.A__1.B 1.B
Running vina for 7o46__1__1.A_2.A__1.B, ligand 1.B...
  Skipping (exists) 7o46__1__1.A_2.A__1.B 1.B
Running vina for 7o6x__1__1.A__1.E, ligand 1.E...
  Skipping (exists) 7o6x__1__1.A__1.E 1.E
Running vina for 7o7j__1__1.A__1.B, ligand 1.B...
  Skipping (exists) 7o7j__1__1.A__1.B 1.B
Running vina for 7o7k__1__1.A__1.E, ligand 1.E...
  Skipping (exists) 7o7k__1__1.A__1.E 1.E
Running vina for 7o9i__1__1.A__1.B, ligand 1.B...
  Skipping (exists) 7o9i__1__1.A__1.B 1.B
Running vina for 7ocs__1__1.D__1.BB, ligand 1.BB...
  Skipping (exists) 7ocs__1__1.D__1.BB 1.BB
Running vina for 7odn__1__1.A_1.B__1.J, ligand 1.J...
  Skipping (exists) 7odn__1__1.A_1.B__1.J 1.J
Running vina for 7oed__1__1.A__1.C, ligand 1.C...
  Skipping (exists) 7oed__1__1.A__1.C 1.C
Running vina for 7of8__1__1.A__1.B, ligand 1.B...
  Skipping (exists) 7of8__1__1.A__1.B 1.B
Running vina for 7oj6__1__1.A_1.C__1.Y, ligand 1.Y...
  Skipping (exists) 7oj6__1__1.A_1.C__1.Y 1.Y
Running vina for 7ojq__1__1.A_1.C__1.F, ligand 1.F...
  Skipping (exists) 7ojq__1__1.A_1.C__1.F 1.F
Running vina for 7ojw__1__1.A_1.C__1.F, ligand 1.F...
  Skipping (exists) 7ojw__1__1.A_1.C__1.F 1.F
Running vina for 7ojy__1__1.A_1.B__1.D, ligand 1.D...
  Skipping (exists) 7ojy__1__1.A_1.B__1.D 1.D
Running vina for 7ok1__1__1.A_1.B__1.D, ligand 1.D...
  Skipping (exists) 7ok1__1__1.A_1.B__1.D 1.D
Running vina for 7okc__1__1.A_2.A__2.B, ligand 2.B...
  Skipping (exists) 7okc__1__1.A_2.A__2.B 2.B
Running vina for 7oli__1__1.A__1.C, ligand 1.C...
  Skipping (exists) 7oli__1__1.A__1.C 1.C
Running vina for 7olj__1__1.A_1.B__1.E, ligand 1.E...
  Skipping (exists) 7olj__1__1.A_1.B__1.E 1.E
Running vina for 7om1__1__1.A_1.B__1.E, ligand 1.E...
  Skipping (exists) 7om1__1__1.A_1.B__1.E 1.E
Running vina for 7ome__1__1.A__1.B, ligand 1.B...
  Skipping (exists) 7ome__1__1.A__1.B 1.B
Running vina for 7omo__1__1.A__1.C, ligand 1.C...
  Skipping (exists) 7omo__1__1.A__1.C 1.C
Running vina for 7omr__1__1.A__1.B, ligand 1.B...
  Skipping (exists) 7omr__1__1.A__1.B 1.B
Running vina for 7onf__1__1.A_2.A__1.C, ligand 1.C...
  Skipping (exists) 7onf__1__1.A_2.A__1.C 1.C
Running vina for 7opm__1__1.A__1.D, ligand 1.D...
  Skipping (exists) 7opm__1__1.A__1.D 1.D
Running vina for 7osx__1__1.A__1.C, ligand 1.C...
  Skipping (exists) 7osx__1__1.A__1.C 1.C
Running vina for 7ou8__1__1.A__1.C, ligand 1.C...
  Skipping (exists) 7ou8__1__1.A__1.C 1.C
Running vina for 7oum__1__1.A__1.K, ligand 1.K...
  Skipping (exists) 7oum__1__1.A__1.K 1.K
Running vina for 7ouw__1__1.A__1.C, ligand 1.C...
  Skipping (exists) 7ouw__1__1.A__1.C 1.C
Running vina for 7ovd__1__1.A__1.B, ligand 1.B...
  Skipping (exists) 7ovd__1__1.A__1.B 1.B
Running vina for 7oy5__1__1.A__1.C, ligand 1.C...
  Skipping (exists) 7oy5__1__1.A__1.C 1.C
Running vina for 7p1f__1__1.A__1.C, ligand 1.C...
  Skipping (exists) 7p1f__1__1.A__1.C 1.C
Running vina for 7p1o__1__1.A__1.D, ligand 1.D...
  Skipping (exists) 7p1o__1__1.A__1.D 1.D
Running vina for 7p1s__1__1.A__1.E, ligand 1.E...
  Skipping (exists) 7p1s__1__1.A__1.E 1.E
Running vina for 7p3v__1__1.B__1.D, ligand 1.D...
  Skipping (exists) 7p3v__1__1.B__1.D 1.D
Running vina for 7p4v__1__1.A_3.A__1.B, ligand 1.B...
  Skipping (exists) 7p4v__1__1.A_3.A__1.B 1.B
Running vina for 7p5f__1__1.A__1.C, ligand 1.C...
  Skipping (exists) 7p5f__1__1.A__1.C 1.C
Running vina for 7p5i__1__1.A__1.D, ligand 1.D...
  Skipping (exists) 7p5i__1__1.A__1.D 1.D
Running vina for 7p5k__1__1.A__1.C, ligand 1.C...
  Skipping (exists) 7p5k__1__1.A__1.C 1.C
Running vina for 7p5n__1__1.A__1.C, ligand 1.C...
  Skipping (exists) 7p5n__1__1.A__1.C 1.C
Running vina for 7p5p__1__1.A__1.D, ligand 1.D...
  Skipping (exists) 7p5p__1__1.A__1.D 1.D
Running vina for 7pa1__1__1.A__1.D, ligand 1.D...
  Skipping (exists) 7pa1__1__1.A__1.D 1.D
Running vina for 7paw__1__1.B__1.C, ligand 1.C...
  Skipping (exists) 7paw__1__1.B__1.C 1.C
Running vina for 7pd6__1__1.A_1.B__1.K, ligand 1.K...
  Skipping (exists) 7pd6__1__1.A_1.B__1.K 1.K
Running vina for 7pdb__1__1.C_1.D__1.H, ligand 1.H...
  Skipping (exists) 7pdb__1__1.C_1.D__1.H 1.H
Running vina for 7pdr__1__1.A_1.E__1.I, ligand 1.I...
  Skipping (exists) 7pdr__1__1.A_1.E__1.I 1.I
Running vina for 7pdt__1__1.A__1.E, ligand 1.E...
  Skipping (exists) 7pdt__1__1.A__1.E 1.E
Running vina for 7pe5__1__1.D_1.E__1.I, ligand 1.I...
  Skipping (exists) 7pe5__1__1.D_1.E__1.I 1.I
Running vina for 7pe6__1__1.A_1.B__1.F, ligand 1.F...
  Skipping (exists) 7pe6__1__1.A_1.B__1.F 1.F
Running vina for 7pfm__1__1.A_1.B__1.C, ligand 1.C...
  Skipping (exists) 7pfm__1__1.A_1.B__1.C 1.C
Running vina for 7phe__1__1.A__1.C, ligand 1.C...
  Skipping (exists) 7phe__1__1.A__1.C 1.C
Running vina for 7pi1__1__1.A__1.F, ligand 1.F...
  Skipping (exists) 7pi1__1__1.A__1.F 1.F
Running vina for 7pj9__1__1.A__1.C, ligand 1.C...
  Skipping (exists) 7pj9__1__1.A__1.C 1.C
Running vina for 7pjk__1__1.A__1.E, ligand 1.E...
  Skipping (exists) 7pjk__1__1.A__1.E 1.E
Running vina for 7poo__1__1.A_1.B__1.G, ligand 1.G...
  Skipping (exists) 7poo__1__1.A_1.B__1.G 1.G
Running vina for 7pox__1__1.A__1.C, ligand 1.C...
  Skipping (exists) 7pox__1__1.A__1.C 1.C
Running vina for 7ppq__1__1.B__1.H, ligand 1.H...
  Skipping (exists) 7ppq__1__1.B__1.H 1.H
Running vina for 7pqs__1__1.A__1.C, ligand 1.C...
  Skipping (exists) 7pqs__1__1.A__1.C 1.C
Running vina for 7pqv__1__1.A__1.B, ligand 1.B...
  Skipping (exists) 7pqv__1__1.A__1.B 1.B
Running vina for 7pu8__1__1.A_1.B__1.H, ligand 1.H...
  Skipping (exists) 7pu8__1__1.A_1.B__1.H 1.H
Running vina for 7puc__1__1.C_1.D__1.I, ligand 1.I...
  Skipping (exists) 7puc__1__1.C_1.D__1.I 1.I
Running vina for 7puq__1__1.C_1.D__1.K, ligand 1.K...
  Skipping (exists) 7puq__1__1.C_1.D__1.K 1.K
Running vina for 7put__1__1.A__1.I, ligand 1.I...
  Skipping (exists) 7put__1__1.A__1.I 1.I
Running vina for 7pwd__1__1.A__1.D, ligand 1.D...
  Skipping (exists) 7pwd__1__1.A__1.D 1.D
Running vina for 7pwu__1__1.A__1.C, ligand 1.C...
  Skipping (exists) 7pwu__1__1.A__1.C 1.C
Running vina for 7pz1__1__1.A__1.D, ligand 1.D...
  Skipping (exists) 7pz1__1__1.A__1.D 1.D
Running vina for 7q2o__1__1.A_1.B__1.D, ligand 1.D...
  Skipping (exists) 7q2o__1__1.A_1.B__1.D 1.D
Running vina for 7q4f__1__1.A_1.C__1.J, ligand 1.J...
  Skipping (exists) 7q4f__1__1.A_1.C__1.J 1.J
Running vina for 7q6v__1__1.A__1.E, ligand 1.E...
  Skipping (exists) 7q6v__1__1.A__1.E 1.E
Running vina for 7q6w__1__1.A__1.E, ligand 1.E...
  Skipping (exists) 7q6w__1__1.A__1.E 1.E
Running vina for 7q7i__1__1.A__1.B, ligand 1.B...
  Skipping (exists) 7q7i__1__1.A__1.B 1.B
Running vina for 7q7k__1__1.A__1.B, ligand 1.B...
  Skipping (exists) 7q7k__1__1.A__1.B 1.B
Running vina for 7q7t__1__1.A_2.A__2.C, ligand 2.C...
  Skipping (exists) 7q7t__1__1.A_2.A__2.C 2.C
Running vina for 7q7v__1__1.A_2.A__2.B, ligand 2.B...
  Skipping (exists) 7q7v__1__1.A_2.A__2.B 2.B
Running vina for 7q8z__1__1.A__1.E, ligand 1.E...
  Skipping (exists) 7q8z__1__1.A__1.E 1.E
Running vina for 7q90__1__1.A__1.D, ligand 1.D...
  Skipping (exists) 7q90__1__1.A__1.D 1.D
Running vina for 7qa3__1__1.A__1.C, ligand 1.C...
  Skipping (exists) 7qa3__1__1.A__1.C 1.C
Running vina for 7qaa__1__1.B__1.D, ligand 1.D...
  Skipping (exists) 7qaa__1__1.B__1.D 1.D
Running vina for 7qdt__1__1.A__1.B, ligand 1.B...
  Skipping (exists) 7qdt__1__1.A__1.B 1.B
Running vina for 7qea__1__1.A__1.C, ligand 1.C...
  Skipping (exists) 7qea__1__1.A__1.C 1.C
Running vina for 7qei__1__1.A__1.B, ligand 1.B...
  Skipping (exists) 7qei__1__1.A__1.B 1.B
Running vina for 7qfe__1__1.A__1.D, ligand 1.D...
  Skipping (exists) 7qfe__1__1.A__1.D 1.D
Running vina for 7qg1__1__1.A__1.C, ligand 1.C...
  Skipping (exists) 7qg1__1__1.A__1.C 1.C
Running vina for 7qg3__1__1.A__1.C, ligand 1.C...
  Skipping (exists) 7qg3__1__1.A__1.C 1.C
Running vina for 7qg5__1__1.A__1.C, ligand 1.C...
  Skipping (exists) 7qg5__1__1.A__1.C 1.C
Running vina for 7qgt__1__1.B__1.F, ligand 1.F...
  Skipping (exists) 7qgt__1__1.B__1.F 1.F
Running vina for 7qhe__1__1.A__1.I, ligand 1.I...
  Skipping (exists) 7qhe__1__1.A__1.I 1.I
Running vina for 7qhl__1__1.A__1.E, ligand 1.E...
  Skipping (exists) 7qhl__1__1.A__1.E 1.E
Running vina for 7qhz__1__1.A__1.B, ligand 1.B...
  Skipping (exists) 7qhz__1__1.A__1.B 1.B
Running vina for 7qi0__1__1.A__1.C, ligand 1.C...
  Skipping (exists) 7qi0__1__1.A__1.C 1.C
Running vina for 7qnn__1__1.A__1.C, ligand 1.C...
  Skipping (exists) 7qnn__1__1.A__1.C 1.C
Running vina for 7qrb__1__1.A__1.G, ligand 1.G...
  Skipping (exists) 7qrb__1__1.A__1.G 1.G
Running vina for 7qrc__1__1.A__1.D, ligand 1.D...
  Skipping (exists) 7qrc__1__1.A__1.D 1.D
Running vina for 7qt2__1__1.A_1.B__1.E, ligand 1.E...
  Skipping (exists) 7qt2__1__1.A_1.B__1.E 1.E
Running vina for 7qt6__1__1.A__1.B, ligand 1.B...
  Skipping (exists) 7qt6__1__1.A__1.B 1.B
Running vina for 7qty__1__1.A__1.C, ligand 1.C...
  Skipping (exists) 7qty__1__1.A__1.C 1.C
Running vina for 7qy9__1__1.A__1.C, ligand 1.C...
  Skipping (exists) 7qy9__1__1.A__1.C 1.C
Running vina for 7qyn__1__1.B__1.O, ligand 1.O...
  Skipping (exists) 7qyn__1__1.B__1.O 1.O
Running vina for 7r02__1__1.B__1.L, ligand 1.L...
  Skipping (exists) 7r02__1__1.B__1.L 1.L
Running vina for 7r0a__1__1.A__1.C, ligand 1.C...
  Skipping (exists) 7r0a__1__1.A__1.C 1.C
Running vina for 7r26__1__1.A__1.B, ligand 1.B...
  Skipping (exists) 7r26__1__1.A__1.B 1.B
Running vina for 7r4a__1__1.A__1.C, ligand 1.C...
  Skipping (exists) 7r4a__1__1.A__1.C 1.C
Running vina for 7r5d__1__1.A__1.C, ligand 1.C...
  Skipping (exists) 7r5d__1__1.A__1.C 1.C
Running vina for 7r6g__1__1.A__1.C, ligand 1.C...
  Skipping (exists) 7r6g__1__1.A__1.C 1.C
Running vina for 7r7l__1__1.A__1.C, ligand 1.C...
  Skipping (exists) 7r7l__1__1.A__1.C 1.C
Running vina for 7r7r__1__1.A__1.B, ligand 1.B...
  Skipping (exists) 7r7r__1__1.A__1.B 1.B
Running vina for 7r9n__1__1.B__1.E, ligand 1.E...
  Skipping (exists) 7r9n__1__1.B__1.E 1.E
Running vina for 7r9p__1__1.A__1.C, ligand 1.C...
  Skipping (exists) 7r9p__1__1.A__1.C 1.C
Running vina for 7r9t__1__1.A__1.C, ligand 1.C...
  Skipping (exists) 7r9t__1__1.A__1.C 1.C
Running vina for 7rae__1__1.A__1.C, ligand 1.C...
  Skipping (exists) 7rae__1__1.A__1.C 1.C
Running vina for 7raf__1__1.A__1.C, ligand 1.C...
  Skipping (exists) 7raf__1__1.A__1.C 1.C
Running vina for 7rbw__1__1.A__1.C, ligand 1.C...
  Skipping (exists) 7rbw__1__1.A__1.C 1.C
Running vina for 7rc9__1__1.A_1.B__1.X, ligand 1.X...
  Skipping (exists) 7rc9__1__1.A_1.B__1.X 1.X
Running vina for 7rdp__1__1.A__1.B, ligand 1.B...
  Skipping (exists) 7rdp__1__1.A__1.B 1.B
Running vina for 7rf9__1__1.A_1.B__1.G, ligand 1.G...
  Skipping (exists) 7rf9__1__1.A_1.B__1.G 1.G
Running vina for 7rh1__1__1.A__1.D, ligand 1.D...
  Skipping (exists) 7rh1__1__1.A__1.D 1.D
Running vina for 7rh3__1__1.A__1.C, ligand 1.C...
  Skipping (exists) 7rh3__1__1.A__1.C 1.C
Running vina for 7rh4__1__1.A__1.C, ligand 1.C...
  Skipping (exists) 7rh4__1__1.A__1.C 1.C
Running vina for 7rke__1__1.A__1.E, ligand 1.E...
  Skipping (exists) 7rke__1__1.A__1.E 1.E
Running vina for 7rl2__1__1.A__1.C, ligand 1.C...
  Skipping (exists) 7rl2__1__1.A__1.C 1.C
Running vina for 7rls__1__1.A_2.A__2.B, ligand 2.B...
  Skipping (exists) 7rls__1__1.A_2.A__2.B 2.B
Running vina for 7rmb__1__1.A_2.A__2.B, ligand 2.B...
  Skipping (exists) 7rmb__1__1.A_2.A__2.B 2.B
Running vina for 7rmw__1__1.A__1.G, ligand 1.G...
  Skipping (exists) 7rmw__1__1.A__1.G 1.G
Running vina for 7rn4__1__1.A_2.A__2.B, ligand 2.B...
  Skipping (exists) 7rn4__1__1.A_2.A__2.B 2.B
Running vina for 7rnk__1__1.A_2.A__2.B, ligand 2.B...
  Skipping (exists) 7rnk__1__1.A_2.A__2.B 2.B
Running vina for 7rnm__1__1.B__1.F, ligand 1.F...
  Skipping (exists) 7rnm__1__1.B__1.F 1.F
Running vina for 7rnp__1__1.A__1.E, ligand 1.E...
  Skipping (exists) 7rnp__1__1.A__1.E 1.E
Running vina for 7rof__1__1.A__1.E, ligand 1.E...
  Skipping (exists) 7rof__1__1.A__1.E 1.E
Running vina for 7ros__1__1.A__1.C, ligand 1.C...
  Skipping (exists) 7ros__1__1.A__1.C 1.C
Running vina for 7rq0__1__1.A_1.B__1.L, ligand 1.L...
  Skipping (exists) 7rq0__1__1.A_1.B__1.L 1.L
Running vina for 7rrb__1__1.A__1.C, ligand 1.C...
  Skipping (exists) 7rrb__1__1.A__1.C 1.C
Running vina for 7rrc__1__1.A__1.C, ligand 1.C...
  Skipping (exists) 7rrc__1__1.A__1.C 1.C
Running vina for 7rwe__1__1.A__1.B, ligand 1.B...
  Skipping (exists) 7rwe__1__1.A__1.B 1.B
Running vina for 7rwf__1__1.A__1.C, ligand 1.C...
  Skipping (exists) 7rwf__1__1.A__1.C 1.C
Running vina for 7rxo__1__1.A__1.C, ligand 1.C...
  Skipping (exists) 7rxo__1__1.A__1.C 1.C
Running vina for 7s1c__1__1.A__1.C, ligand 1.C...
  Skipping (exists) 7s1c__1__1.A__1.C 1.C
Running vina for 7s1d__1__1.A__1.C, ligand 1.C...
  Skipping (exists) 7s1d__1__1.A__1.C 1.C
Running vina for 7s6u__1__1.A__1.B, ligand 1.B...
  Skipping (exists) 7s6u__1__1.A__1.B 1.B
Running vina for 7s6v__1__1.A__1.B, ligand 1.B...
  Skipping (exists) 7s6v__1__1.A__1.B 1.B
Running vina for 7s7t__1__1.A__1.B, ligand 1.B...
  Skipping (exists) 7s7t__1__1.A__1.B 1.B
Running vina for 7s7x__1__1.A__1.D, ligand 1.D...
  Skipping (exists) 7s7x__1__1.A__1.D 1.D
Running vina for 7s84__1__1.A__1.B, ligand 1.B...
  Skipping (exists) 7s84__1__1.A__1.B 1.B
Running vina for 7sa0__1__1.A__1.F, ligand 1.F...
  Skipping (exists) 7sa0__1__1.A__1.F 1.F
Running vina for 7scr__1__1.E__1.K, ligand 1.K...
  Skipping (exists) 7scr__1__1.E__1.K 1.K
Running vina for 7sdd__1__2.A__2.B, ligand 2.B...
  Skipping (exists) 7sdd__1__2.A__2.B 2.B
Running vina for 7sdr__1__1.A__1.D, ligand 1.D...
  Skipping (exists) 7sdr__1__1.A__1.D 1.D
Running vina for 7sel__1__1.A__1.C, ligand 1.C...
  Skipping (exists) 7sel__1__1.A__1.C 1.C
Running vina for 7sez__1__1.A__1.B, ligand 1.B...
  Skipping (exists) 7sez__1__1.A__1.B 1.B
Running vina for 7sfo__1__1.A__1.E, ligand 1.E...
  Skipping (exists) 7sfo__1__1.A__1.E 1.E
Running vina for 7shh__1__1.A__1.E, ligand 1.E...
  Skipping (exists) 7shh__1__1.A__1.E 1.E
Running vina for 7si4__1__1.A__1.B, ligand 1.B...
  Skipping (exists) 7si4__1__1.A__1.B 1.B
Running vina for 7si5__1__1.A__1.D, ligand 1.D...
  Skipping (exists) 7si5__1__1.A__1.D 1.D
Running vina for 7sia__1__1.A_1.B__1.C, ligand 1.C...
  Skipping (exists) 7sia__1__1.A_1.B__1.C 1.C
Running vina for 7siu__1__1.A__1.C, ligand 1.C...
  Skipping (exists) 7siu__1__1.A__1.C 1.C
Running vina for 7slr__1__1.A_1.B__1.C, ligand 1.C...
  Skipping (exists) 7slr__1__1.A_1.B__1.C 1.C
Running vina for 7sls__1__1.A_1.B__1.C, ligand 1.C...
  Skipping (exists) 7sls__1__1.A_1.B__1.C 1.C
Running vina for 7slz__1__1.A__1.B, ligand 1.B...
  Skipping (exists) 7slz__1__1.A__1.B 1.B
Running vina for 7snz__1__1.A_1.B__1.C, ligand 1.C...
  Skipping (exists) 7snz__1__1.A_1.B__1.C 1.C
Running vina for 7so1__1__1.A_1.B__1.C, ligand 1.C...
  Skipping (exists) 7so1__1__1.A_1.B__1.C 1.C
Running vina for 7sok__1__1.A__1.E, ligand 1.E...
  Skipping (exists) 7sok__1__1.A__1.E 1.E
Running vina for 7sqe__1__1.A__1.D, ligand 1.D...
  Skipping (exists) 7sqe__1__1.A__1.D 1.D
Running vina for 7sqm__1__1.A__1.B, ligand 1.B...
  Skipping (exists) 7sqm__1__1.A__1.B 1.B
Running vina for 7sxg__1__1.A__1.C, ligand 1.C...
  Skipping (exists) 7sxg__1__1.A__1.C 1.C
Running vina for 7sxj__1__1.A__1.C, ligand 1.C...
  Skipping (exists) 7sxj__1__1.A__1.C 1.C
Running vina for 7sz3__1__1.B__1.I, ligand 1.I...
  Skipping (exists) 7sz3__1__1.B__1.I 1.I
Running vina for 7sza__1__1.A__1.E, ligand 1.E...
  Skipping (exists) 7sza__1__1.A__1.E 1.E
Running vina for 7szb__1__1.A__1.E, ligand 1.E...
  Skipping (exists) 7szb__1__1.A__1.E 1.E
Running vina for 7szc__1__1.A__1.F, ligand 1.F...
  Skipping (exists) 7szc__1__1.A__1.F 1.F
Running vina for 7szr__1__1.A__1.G, ligand 1.G...
  Skipping (exists) 7szr__1__1.A__1.G 1.G
Running vina for 7t0c__1__1.A_1.B__1.VA, ligand 1.VA...
  Skipping (exists) 7t0c__1__1.A_1.B__1.VA 1.VA
Running vina for 7t0f__1__1.A_1.B__1.C, ligand 1.C...
  Skipping (exists) 7t0f__1__1.A_1.B__1.C 1.C
Running vina for 7t39__1__1.A__1.B, ligand 1.B...
  Skipping (exists) 7t39__1__1.A__1.B 1.B
Running vina for 7t5k__1__1.A__1.D, ligand 1.D...
  Skipping (exists) 7t5k__1__1.A__1.D 1.D
Running vina for 7t5x__1__1.A_1.C__1.I, ligand 1.I...
  Skipping (exists) 7t5x__1__1.A_1.C__1.I 1.I
Running vina for 7t5y__1__1.B__1.G, ligand 1.G...
  Skipping (exists) 7t5y__1__1.B__1.G 1.G
Running vina for 7t5z__1__1.A_1.C__1.I, ligand 1.I...
  Skipping (exists) 7t5z__1__1.A_1.C__1.I 1.I
Running vina for 7t60__1__1.B_1.C__1.M, ligand 1.M...
  Skipping (exists) 7t60__1__1.B_1.C__1.M 1.M
Running vina for 7t61__1__1.B_1.C__1.L, ligand 1.L...
  Skipping (exists) 7t61__1__1.B_1.C__1.L 1.L
Running vina for 7t6c__1__1.A__1.E, ligand 1.E...
  Skipping (exists) 7t6c__1__1.A__1.E 1.E
Running vina for 7t7m__1__1.A__1.I, ligand 1.I...
  Skipping (exists) 7t7m__1__1.A__1.I 1.I
Running vina for 7t9r__1__1.A__1.F, ligand 1.F...
  Skipping (exists) 7t9r__1__1.A__1.F 1.F
Running vina for 7tab__1__1.A__1.B, ligand 1.B...
  Skipping (exists) 7tab__1__1.A__1.B 1.B
Running vina for 7taz__1__1.A__1.C, ligand 1.C...
  Skipping (exists) 7taz__1__1.A__1.C 1.C
Running vina for 7tbd__1__1.A__1.E, ligand 1.E...
  Skipping (exists) 7tbd__1__1.A__1.E 1.E
Running vina for 7tbu__1__1.A__1.D, ligand 1.D...
  Skipping (exists) 7tbu__1__1.A__1.D 1.D
Running vina for 7te8__1__1.A_1.B__1.E, ligand 1.E...
  Skipping (exists) 7te8__1__1.A_1.B__1.E 1.E
Running vina for 7tev__1__1.A_2.A__2.D, ligand 2.D...
  Skipping (exists) 7tev__1__1.A_2.A__2.D 2.D
Running vina for 7tjo__1__1.A__1.E, ligand 1.E...
  Skipping (exists) 7tjo__1__1.A__1.E 1.E
Running vina for 7tt8__1__1.A__1.C, ligand 1.C...
  Skipping (exists) 7tt8__1__1.A__1.C 1.C
Running vina for 7tuo__1__1.A__1.B, ligand 1.B...
  Skipping (exists) 7tuo__1__1.A__1.B 1.B
Running vina for 7twu__1__1.B__1.N, ligand 1.N...
  Skipping (exists) 7twu__1__1.B__1.N 1.N
Running vina for 7txk__1__1.A__1.C, ligand 1.C...
  Skipping (exists) 7txk__1__1.A__1.C 1.C
Running vina for 7txp__1__1.A_2.A__2.B, ligand 2.B...
  Skipping (exists) 7txp__1__1.A_2.A__2.B 2.B
Running vina for 7tz7__1__1.A__1.C, ligand 1.C...
  Skipping (exists) 7tz7__1__1.A__1.C 1.C
Running vina for 7tzb__1__1.A__1.C, ligand 1.C...
  Skipping (exists) 7tzb__1__1.A__1.C 1.C
Running vina for 7u0t__1__1.A_1.B__1.H, ligand 1.H...
  Skipping (exists) 7u0t__1__1.A_1.B__1.H 1.H
Running vina for 7u1m__1__1.A__1.D, ligand 1.D...
  Skipping (exists) 7u1m__1__1.A__1.D 1.D
Running vina for 7u2z__1__1.A__1.C, ligand 1.C...
  Skipping (exists) 7u2z__1__1.A__1.C 1.C
Running vina for 7u30__1__1.A__1.I, ligand 1.I...
  Skipping (exists) 7u30__1__1.A__1.I 1.I
Running vina for 7u31__1__1.A__1.D, ligand 1.D...
  Skipping (exists) 7u31__1__1.A__1.D 1.D
Running vina for 7u4g__1__4.A__4.E, ligand 4.E...
  Skipping (exists) 7u4g__1__4.A__4.E 4.E
Running vina for 7u4o__1__1.A__1.G, ligand 1.G...
  Skipping (exists) 7u4o__1__1.A__1.G 1.G
Running vina for 7u5z__1__1.A_1.B__1.C, ligand 1.C...
  Skipping (exists) 7u5z__1__1.A_1.B__1.C 1.C
Running vina for 7u64__1__1.A_1.B__1.S, ligand 1.S...
  Skipping (exists) 7u64__1__1.A_1.B__1.S 1.S
Running vina for 7u70__1__1.A__1.C, ligand 1.C...
  Skipping (exists) 7u70__1__1.A__1.C 1.C
Running vina for 7u8v__1__1.A__1.C, ligand 1.C...
  Skipping (exists) 7u8v__1__1.A__1.C 1.C
Running vina for 7u8w__1__1.A__1.C, ligand 1.C...
  Skipping (exists) 7u8w__1__1.A__1.C 1.C
Running vina for 7u8x__1__1.A__1.B, ligand 1.B...
  Skipping (exists) 7u8x__1__1.A__1.B 1.B
Running vina for 7u98__1__1.A__1.E, ligand 1.E...
  Skipping (exists) 7u98__1__1.A__1.E 1.E
Running vina for 7u99__1__1.A__1.B, ligand 1.B...
  Skipping (exists) 7u99__1__1.A__1.B 1.B
Running vina for 7u9a__1__1.A__1.B, ligand 1.B...
  Skipping (exists) 7u9a__1__1.A__1.B 1.B
Running vina for 7uad__1__1.A__1.B, ligand 1.B...
  Skipping (exists) 7uad__1__1.A__1.B 1.B
Running vina for 7uas__1__1.A__1.C, ligand 1.C...
  Skipping (exists) 7uas__1__1.A__1.C 1.C
Running vina for 7uaw__1__1.A_1.B__1.C, ligand 1.C...
  Skipping (exists) 7uaw__1__1.A_1.B__1.C 1.C
Running vina for 7ubo__1__1.A__1.E, ligand 1.E...
  Skipping (exists) 7ubo__1__1.A__1.E 1.E
Running vina for 7udq__1__1.A__1.C, ligand 1.C...
  Skipping (exists) 7udq__1__1.A__1.C 1.C
Running vina for 7ue4__1__1.A_2.A__2.F, ligand 2.F...
  Skipping (exists) 7ue4__1__1.A_2.A__2.F 2.F
Running vina for 7ue8__1__1.A_2.A__2.D, ligand 2.D...
  Skipping (exists) 7ue8__1__1.A_2.A__2.D 2.D
Running vina for 7ueo__1__1.A_2.A__2.D, ligand 2.D...
  Skipping (exists) 7ueo__1__1.A_2.A__2.D 2.D
Running vina for 7ueu__1__1.A_2.A__2.B, ligand 2.B...
  Skipping (exists) 7ueu__1__1.A_2.A__2.B 2.B
Running vina for 7uf0__1__1.A_2.A__1.B, ligand 1.B...
  Skipping (exists) 7uf0__1__1.A_2.A__1.B 1.B
Running vina for 7ug5__1__1.A__1.E, ligand 1.E...
  Skipping (exists) 7ug5__1__1.A__1.E 1.E
Running vina for 7ugb__1__1.A__1.C, ligand 1.C...
  Skipping (exists) 7ugb__1__1.A__1.C 1.C
Running vina for 7ugl__1__1.A__1.C, ligand 1.C...
  Skipping (exists) 7ugl__1__1.A__1.C 1.C
Running vina for 7ugl__1__1.A__1.D, ligand 1.D...
  Skipping (exists) 7ugl__1__1.A__1.D 1.D
Running vina for 7uj7__1__1.A__1.E, ligand 1.E...
  Skipping (exists) 7uj7__1__1.A__1.E 1.E
Running vina for 7uj8__1__1.A__1.C, ligand 1.C...
  Skipping (exists) 7uj8__1__1.A__1.C 1.C
Running vina for 7ujc__1__1.B__1.D, ligand 1.D...
  Skipping (exists) 7ujc__1__1.B__1.D 1.D
Running vina for 7ujf__1__1.A__1.E, ligand 1.E...
  Skipping (exists) 7ujf__1__1.A__1.E 1.E
Running vina for 7ujh__1__1.A_1.B__1.D, ligand 1.D...
  Skipping (exists) 7ujh__1__1.A_1.B__1.D 1.D
Running vina for 7ujo__1__1.D__1.H, ligand 1.H...
  Skipping (exists) 7ujo__1__1.D__1.H 1.H
Running vina for 7ujy__1__1.B__1.F, ligand 1.F...
  Skipping (exists) 7ujy__1__1.B__1.F 1.F
Running vina for 7ukr__1__1.A__1.C, ligand 1.C...
  Skipping (exists) 7ukr__1__1.A__1.C 1.C
Running vina for 7um4__1__1.A__1.I, ligand 1.I...
  Skipping (exists) 7um4__1__1.A__1.I 1.I
Running vina for 7un0__1__1.A__1.G, ligand 1.G...
  Skipping (exists) 7un0__1__1.A__1.G 1.G
Running vina for 7ur3__1__1.A__1.B, ligand 1.B...
  Skipping (exists) 7ur3__1__1.A__1.B 1.B
Running vina for 7ur9__1__1.A_1.B__1.D, ligand 1.D...
  Skipping (exists) 7ur9__1__1.A_1.B__1.D 1.D
Running vina for 7usg__1__1.A__1.B, ligand 1.B...
  Skipping (exists) 7usg__1__1.A__1.B 1.B
Running vina for 7ush__1__1.A__1.B, ligand 1.B...
  Skipping (exists) 7ush__1__1.A__1.B 1.B
Running vina for 7usi__1__1.A__1.G, ligand 1.G...
  Skipping (exists) 7usi__1__1.A__1.G 1.G
Running vina for 7ut5__1__1.A__1.C, ligand 1.C...
  Skipping (exists) 7ut5__1__1.A__1.C 1.C
Running vina for 7uw2__1__1.A__1.C, ligand 1.C...
  Skipping (exists) 7uw2__1__1.A__1.C 1.C
Running vina for 7uw4__1__1.A__1.C, ligand 1.C...
  Skipping (exists) 7uw4__1__1.A__1.C 1.C
Running vina for 7uy0__1__1.A__1.E, ligand 1.E...
  Skipping (exists) 7uy0__1__1.A__1.E 1.E
Running vina for 7v13__1__1.A__1.C, ligand 1.C...
  Skipping (exists) 7v13__1__1.A__1.C 1.C
Running vina for 7v16__1__1.A__1.C, ligand 1.C...
  Skipping (exists) 7v16__1__1.A__1.C 1.C
Running vina for 7v17__1__1.A__1.C, ligand 1.C...
  Skipping (exists) 7v17__1__1.A__1.C 1.C
Running vina for 7v18__1__1.A__1.C, ligand 1.C...
  Skipping (exists) 7v18__1__1.A__1.C 1.C
Running vina for 7v1o__1__1.A__1.D, ligand 1.D...
  Skipping (exists) 7v1o__1__1.A__1.D 1.D
Running vina for 7v3d__1__1.A_1.B__1.F, ligand 1.F...
  Skipping (exists) 7v3d__1__1.A_1.B__1.F 1.F
Running vina for 7v3s__1__1.A__1.B, ligand 1.B...
  Skipping (exists) 7v3s__1__1.A__1.B 1.B
Running vina for 7v62__1__1.C__1.M, ligand 1.M...
  Skipping (exists) 7v62__1__1.C__1.M 1.M
Running vina for 7vbt__1__1.B__1.D, ligand 1.D...
  Skipping (exists) 7vbt__1__1.B__1.D 1.D
Running vina for 7vbv__1__1.B__1.N, ligand 1.N...
  Skipping (exists) 7vbv__1__1.B__1.N 1.N
Running vina for 7vdq__1__1.A__1.E, ligand 1.E...
  Skipping (exists) 7vdq__1__1.A__1.E 1.E
Running vina for 7vds__1__1.A__1.E, ligand 1.E...
  Skipping (exists) 7vds__1__1.A__1.E 1.E
Running vina for 7vez__1__1.A_1.D__1.E, ligand 1.E...
  Skipping (exists) 7vez__1__1.A_1.D__1.E 1.E
Running vina for 7vhy__1__1.A__1.F, ligand 1.F...
  Skipping (exists) 7vhy__1__1.A__1.F 1.F
Running vina for 7vhz__1__1.A__1.F, ligand 1.F...
  Skipping (exists) 7vhz__1__1.A__1.F 1.F
Running vina for 7vi0__1__1.A__1.F, ligand 1.F...
  Skipping (exists) 7vi0__1__1.A__1.F 1.F
Running vina for 7vi7__1__1.A__1.C, ligand 1.C...
  Skipping (exists) 7vi7__1__1.A__1.C 1.C
Running vina for 7vjt__1__1.A__1.C, ligand 1.C...
  Skipping (exists) 7vjt__1__1.A__1.C 1.C
Running vina for 7vkg__1__1.A__1.B, ligand 1.B...
  Skipping (exists) 7vkg__1__1.A__1.B 1.B
Running vina for 7vkh__1__1.A__1.C, ligand 1.C...
  Skipping (exists) 7vkh__1__1.A__1.C 1.C
Running vina for 7vl0__1__1.A__1.C, ligand 1.C...
  Skipping (exists) 7vl0__1__1.A__1.C 1.C
Running vina for 7vl2__1__1.A__1.C, ligand 1.C...
  Skipping (exists) 7vl2__1__1.A__1.C 1.C
Running vina for 7vl3__1__1.A__1.C, ligand 1.C...
  Skipping (exists) 7vl3__1__1.A__1.C 1.C
Running vina for 7vl6__1__1.A__1.C, ligand 1.C...
  Skipping (exists) 7vl6__1__1.A__1.C 1.C
Running vina for 7vl7__1__1.A__1.C, ligand 1.C...
  Skipping (exists) 7vl7__1__1.A__1.C 1.C
Running vina for 7vm7__1__1.A__1.B, ligand 1.B...
  Skipping (exists) 7vm7__1__1.A__1.B 1.B
Running vina for 7vnh__1__1.A__1.C, ligand 1.C...
  Skipping (exists) 7vnh__1__1.A__1.C 1.C
Running vina for 7vns__1__1.A_2.A__2.C, ligand 2.C...
  Skipping (exists) 7vns__1__1.A_2.A__2.C 2.C
Running vina for 7vo5__1__1.A__1.B, ligand 1.B...
  Skipping (exists) 7vo5__1__1.A__1.B 1.B
Running vina for 7vpe__1__1.A__1.B, ligand 1.B...
  Skipping (exists) 7vpe__1__1.A__1.B 1.B
Running vina for 7vpr__1__1.B__1.F, ligand 1.F...
  Skipping (exists) 7vpr__1__1.B__1.F 1.F
Running vina for 7vpu__1__1.A__1.E, ligand 1.E...
  Skipping (exists) 7vpu__1__1.A__1.E 1.E
Running vina for 7vqp__1__1.A__1.C, ligand 1.C...
  Skipping (exists) 7vqp__1__1.A__1.C 1.C
Running vina for 7vre__1__1.A__1.B, ligand 1.B...
  Skipping (exists) 7vre__1__1.A__1.B 1.B
Running vina for 7vrh__1__1.A__1.D, ligand 1.D...
  Skipping (exists) 7vrh__1__1.A__1.D 1.D
Running vina for 7vsl__1__1.A__1.D, ligand 1.D...
  Skipping (exists) 7vsl__1__1.A__1.D 1.D
Running vina for 7vte__1__1.A__1.F, ligand 1.F...
  Skipping (exists) 7vte__1__1.A__1.F 1.F
Running vina for 7vtf__1__1.A_1.B__1.F, ligand 1.F...
  Skipping (exists) 7vtf__1__1.A_1.B__1.F 1.F
Running vina for 7vtg__1__1.A__1.E, ligand 1.E...
  Skipping (exists) 7vtg__1__1.A__1.E 1.E
Running vina for 7vvt__1__1.A__1.C, ligand 1.C...
  Skipping (exists) 7vvt__1__1.A__1.C 1.C
Running vina for 7vwe__1__1.A__1.D, ligand 1.D...
  Skipping (exists) 7vwe__1__1.A__1.D 1.D
Running vina for 7vwg__1__1.A__1.D, ligand 1.D...
  Skipping (exists) 7vwg__1__1.A__1.D 1.D
Running vina for 7vwh__1__1.B__1.F, ligand 1.F...
  Skipping (exists) 7vwh__1__1.B__1.F 1.F
Running vina for 7vwt__1__1.B__1.H, ligand 1.H...
  Skipping (exists) 7vwt__1__1.B__1.H 1.H
Running vina for 7w0g__1__1.B__1.D, ligand 1.D...
  Skipping (exists) 7w0g__1__1.B__1.D 1.D
Running vina for 7w1i__1__1.A__1.B, ligand 1.B...
  Skipping (exists) 7w1i__1__1.A__1.B 1.B
Running vina for 7w2d__1__1.B__1.R, ligand 1.R...
  Skipping (exists) 7w2d__1__1.B__1.R 1.R
Running vina for 7w2f__1__1.A__1.M, ligand 1.M...
  Skipping (exists) 7w2f__1__1.A__1.M 1.M
Running vina for 7w3p__1__1.A__1.C, ligand 1.C...
  Skipping (exists) 7w3p__1__1.A__1.C 1.C
Running vina for 7w3s__1__1.B_1.D__1.F, ligand 1.F...
  Skipping (log exists) 7w3s__1__1.B_1.D__1.F 1.F
Running vina for 7w41__1__1.A__1.B, ligand 1.B...
  Skipping (exists) 7w41__1__1.A__1.B 1.B
Running vina for 7w4y__1__1.A__1.E, ligand 1.E...
  Skipping (exists) 7w4y__1__1.A__1.E 1.E
Running vina for 7w6f__1__1.A_1.B__1.C, ligand 1.C...
  Skipping (exists) 7w6f__1__1.A_1.B__1.C 1.C
Running vina for 7wbs__1__1.A_1.B__1.D, ligand 1.D...
  Skipping (exists) 7wbs__1__1.A_1.B__1.D 1.D
Running vina for 7wc6__1__1.A__1.F, ligand 1.F...
  Skipping (exists) 7wc6__1__1.A__1.F 1.F
Running vina for 7wc7__1__1.A__1.M, ligand 1.M...
  Skipping (exists) 7wc7__1__1.A__1.M 1.M
Running vina for 7wc8__1__1.A__1.H, ligand 1.H...
  Skipping (exists) 7wc8__1__1.A__1.H 1.H
Running vina for 7wcl__1__1.A__1.C, ligand 1.C...
  Skipping (exists) 7wcl__1__1.A__1.C 1.C
Running vina for 7wdt__1__1.A__1.B, ligand 1.B...
  Skipping (exists) 7wdt__1__1.A__1.B 1.B
Running vina for 7wdt__1__1.A__1.C, ligand 1.C...
  Skipping (exists) 7wdt__1__1.A__1.C 1.C
Running vina for 7wdu__1__1.A__1.C, ligand 1.C...
  Skipping (exists) 7wdu__1__1.A__1.C 1.C
Running vina for 7wew__1__1.A__1.K, ligand 1.K...
  Skipping (exists) 7wew__1__1.A__1.K 1.K
Running vina for 7wf5__1__1.A__1.C, ligand 1.C...
  Skipping (exists) 7wf5__1__1.A__1.C 1.C
Running vina for 7wgl__1__1.A__1.D, ligand 1.D...
  Skipping (exists) 7wgl__1__1.A__1.D 1.D
Running vina for 7wgn__1__1.A__1.B, ligand 1.B...
  Skipping (exists) 7wgn__1__1.A__1.B 1.B
Running vina for 7wgo__1__1.A__1.C, ligand 1.C...
  Skipping (exists) 7wgo__1__1.A__1.C 1.C
Running vina for 7wgq__1__1.A__1.C, ligand 1.C...
  Skipping (exists) 7wgq__1__1.A__1.C 1.C
Running vina for 7wlw__1__1.A__1.I, ligand 1.I...
  Skipping (exists) 7wlw__1__1.A__1.I 1.I
Running vina for 7wlx__1__1.A__1.C, ligand 1.C...
  Skipping (exists) 7wlx__1__1.A__1.C 1.C
Running vina for 7wmh__1__1.A__1.C, ligand 1.C...
  Skipping (exists) 7wmh__1__1.A__1.C 1.C
Running vina for 7wmj__1__1.A__1.C, ligand 1.C...
  Skipping (exists) 7wmj__1__1.A__1.C 1.C
Running vina for 7wmo__1__1.A__1.C, ligand 1.C...
  Skipping (exists) 7wmo__1__1.A__1.C 1.C
Running vina for 7wqq__1__1.A__1.C, ligand 1.C...
  Skipping (exists) 7wqq__1__1.A__1.C 1.C
Running vina for 7wux__1__1.A_1.D__1.J, ligand 1.J...
  Skipping (exists) 7wux__1__1.A_1.D__1.J 1.J
Running vina for 7x11__1__1.D__1.P, ligand 1.P...
  Skipping (exists) 7x11__1__1.D__1.P 1.P
Running vina for 7x4u__1__1.A__1.B, ligand 1.B...
  Skipping (exists) 7x4u__1__1.A__1.B 1.B
Running vina for 7x7x__1__1.A__1.C, ligand 1.C...
  Skipping (exists) 7x7x__1__1.A__1.C 1.C
Running vina for 7x81__1__1.A_1.B__1.D, ligand 1.D...
  Skipping (exists) 7x81__1__1.A_1.B__1.D 1.D
Running vina for 7x86__1__1.A_1.C__1.G, ligand 1.G...
  Skipping (exists) 7x86__1__1.A_1.C__1.G 1.G
Running vina for 7x9d__1__1.A__1.E, ligand 1.E...
  Skipping (exists) 7x9d__1__1.A__1.E 1.E
Running vina for 7xbv__1__1.A__1.B, ligand 1.B...
  Skipping (exists) 7xbv__1__1.A__1.B 1.B
Running vina for 7xef__1__1.A__1.E, ligand 1.E...
  Skipping (exists) 7xef__1__1.A__1.E 1.E
Running vina for 7xej__1__1.A_2.A__1.B, ligand 1.B...
  Skipping (exists) 7xej__1__1.A_2.A__1.B 1.B
Running vina for 7xek__1__1.A_2.A__1.B, ligand 1.B...
  Skipping (exists) 7xek__1__1.A_2.A__1.B 1.B
Running vina for 7xen__1__1.A_2.A__2.B, ligand 2.B...
  Skipping (exists) 7xen__1__1.A_2.A__2.B 2.B
Running vina for 7xep__1__1.A_2.A__1.E, ligand 1.E...
  Skipping (exists) 7xep__1__1.A_2.A__1.E 1.E
Running vina for 7xeq__1__1.A_2.A__2.D, ligand 2.D...
  Skipping (exists) 7xeq__1__1.A_2.A__2.D 2.D
Running vina for 7xes__1__1.A_2.A__2.D, ligand 2.D...
  Skipping (exists) 7xes__1__1.A_2.A__2.D 2.D
Running vina for 7xet__1__1.A_2.A__1.B, ligand 1.B...
  Skipping (exists) 7xet__1__1.A_2.A__1.B 1.B
Running vina for 7xf7__1__1.A__1.B, ligand 1.B...
  Skipping (exists) 7xf7__1__1.A__1.B 1.B
Running vina for 7xh6__1__1.A__1.E, ligand 1.E...
  Skipping (exists) 7xh6__1__1.A__1.E 1.E
Running vina for 7xhh__1__1.B__1.D, ligand 1.D...
  Skipping (exists) 7xhh__1__1.B__1.D 1.D
Running vina for 7xhq__1__1.A__1.C, ligand 1.C...
  Skipping (exists) 7xhq__1__1.A__1.C 1.C
Running vina for 7xi7__1__1.A__1.B, ligand 1.B...
  Skipping (exists) 7xi7__1__1.A__1.B 1.B
Running vina for 7xk9__1__1.A__1.C, ligand 1.C...
  Skipping (exists) 7xk9__1__1.A__1.C 1.C
Running vina for 7xka__1__1.A__1.C, ligand 1.C...
  Skipping (exists) 7xka__1__1.A__1.C 1.C
Running vina for 7xlp__1__1.A__1.B, ligand 1.B...
  Skipping (exists) 7xlp__1__1.A__1.B 1.B
Running vina for 7xm7__1__1.A__1.E, ligand 1.E...
  Skipping (exists) 7xm7__1__1.A__1.E 1.E
Running vina for 7xmk__1__1.A__1.D, ligand 1.D...
  Skipping (exists) 7xmk__1__1.A__1.D 1.D
Running vina for 7xnc__1__1.A__1.B, ligand 1.B...
  Skipping (exists) 7xnc__1__1.A__1.B 1.B
Running vina for 7xoz__1__1.B__1.F, ligand 1.F...
  Skipping (exists) 7xoz__1__1.B__1.F 1.F
Running vina for 7xpo__1__1.B__1.H, ligand 1.H...
  Skipping (exists) 7xpo__1__1.B__1.H 1.H
Running vina for 7xrr__1__1.A__1.B, ligand 1.B...
  Skipping (exists) 7xrr__1__1.A__1.B 1.B
Running vina for 7xsv__1__1.A__1.B, ligand 1.B...
  Skipping (exists) 7xsv__1__1.A__1.B 1.B
Running vina for 7xua__1__1.B__1.N, ligand 1.N...
  Skipping (exists) 7xua__1__1.B__1.N 1.N
Running vina for 7xub__1__1.A__1.H, ligand 1.H...
  Skipping (exists) 7xub__1__1.A__1.H 1.H
Running vina for 7xuc__1__1.A__1.H, ligand 1.H...
  Skipping (exists) 7xuc__1__1.A__1.H 1.H
Running vina for 7xvu__1__4.A__4.C, ligand 4.C...
  Skipping (exists) 7xvu__1__4.A__4.C 4.C
Running vina for 7xvv__1__3.A__3.C, ligand 3.C...
  Skipping (exists) 7xvv__1__3.A__3.C 3.C
Running vina for 7xvw__1__2.A__2.C, ligand 2.C...
  Skipping (exists) 7xvw__1__2.A__2.C 2.C
Running vina for 7xxc__1__1.A_1.B_1.D__1.M, ligand 1.M...
  Skipping (exists) 7xxc__1__1.A_1.B_1.D__1.M 1.M
Running vina for 7xxm__1__1.A_1.B_1.C__1.K, ligand 1.K...
  Skipping (exists) 7xxm__1__1.A_1.B_1.C__1.K 1.K
Running vina for 7xxp__1__1.A_1.B_1.C__1.K, ligand 1.K...
  Skipping (exists) 7xxp__1__1.A_1.B_1.C__1.K 1.K
Running vina for 7y0f__1__1.B__1.G, ligand 1.G...
  Skipping (exists) 7y0f__1__1.B__1.G 1.G
Running vina for 7y4g__1__2.A__2.D, ligand 2.D...
  Skipping (exists) 7y4g__1__2.A__2.D 2.D
Running vina for 7y4u__1__1.A__1.B, ligand 1.B...
  Skipping (exists) 7y4u__1__1.A__1.B 1.B
Running vina for 7yd2__1__1.A_1.B__1.K, ligand 1.K...
  Skipping (exists) 7yd2__1__1.A_1.B__1.K 1.K
Running vina for 7ydx__1__2.B__2.H, ligand 2.H...
  Skipping (exists) 7ydx__1__2.B__2.H 2.H
Running vina for 7yj9__1__1.A_2.A__2.B, ligand 2.B...
  Skipping (exists) 7yj9__1__1.A_2.A__2.B 2.B
Running vina for 7yja__1__1.A_1.B__1.E, ligand 1.E...
  Skipping (exists) 7yja__1__1.A_1.B__1.E 1.E
Running vina for 7yjb__1__1.A_2.A__2.B, ligand 2.B...
  Skipping (exists) 7yjb__1__1.A_2.A__2.B 2.B
Running vina for 7yop__1__1.A_1.B__1.E, ligand 1.E...
  Skipping (exists) 7yop__1__1.A_1.B__1.E 1.E
Running vina for 7yoq__1__1.B__1.D, ligand 1.D...
  Skipping (exists) 7yoq__1__1.B__1.D 1.D
Running vina for 7ypu__1__1.A_1.B__1.I, ligand 1.I...
  Skipping (exists) 7ypu__1__1.A_1.B__1.I 1.I
Running vina for 7ypv__1__1.A_1.B__1.J, ligand 1.J...
  Skipping (exists) 7ypv__1__1.A_1.B__1.J 1.J
Running vina for 7ysx__1__1.B__1.J, ligand 1.J...
  Skipping (exists) 7ysx__1__1.B__1.J 1.J
Running vina for 7yv4__1__1.A__1.B, ligand 1.B...
  Skipping (exists) 7yv4__1__1.A__1.B 1.B
Running vina for 7yxd__1__1.A__1.I, ligand 1.I...
  Skipping (exists) 7yxd__1__1.A__1.I 1.I
Running vina for 7yxe__1__1.A__1.C, ligand 1.C...
  Skipping (exists) 7yxe__1__1.A__1.C 1.C
Running vina for 7yzs__1__1.A__1.B, ligand 1.B...
  Skipping (exists) 7yzs__1__1.A__1.B 1.B
Running vina for 7yzu__1__1.A__1.B, ligand 1.B...
  Skipping (exists) 7yzu__1__1.A__1.B 1.B
Running vina for 7z1r__1__1.A_2.A__1.B, ligand 1.B...
  Skipping (exists) 7z1r__1__1.A_2.A__1.B 1.B
Running vina for 7z1v__1__1.A__1.C, ligand 1.C...
  Skipping (exists) 7z1v__1__1.A__1.C 1.C
Running vina for 7z1w__1__1.A__1.C, ligand 1.C...
  Skipping (exists) 7z1w__1__1.A__1.C 1.C
Running vina for 7z2q__1__1.A__1.C, ligand 1.C...
  Skipping (exists) 7z2q__1__1.A__1.C 1.C
Running vina for 7z39__1__1.A__1.C, ligand 1.C...
  Skipping (exists) 7z39__1__1.A__1.C 1.C
Running vina for 7z3y__1__1.A__1.D, ligand 1.D...
  Skipping (exists) 7z3y__1__1.A__1.D 1.D
Running vina for 7z41__1__1.A__1.C, ligand 1.C...
  Skipping (exists) 7z41__1__1.A__1.C 1.C
Running vina for 7z5b__1__1.A__1.D, ligand 1.D...
  Skipping (exists) 7z5b__1__1.A__1.D 1.D
Running vina for 7z5r__1__1.A__1.D, ligand 1.D...
  Skipping (exists) 7z5r__1__1.A__1.D 1.D
Running vina for 7z5x__1__1.A__1.C, ligand 1.C...
  Skipping (exists) 7z5x__1__1.A__1.C 1.C
Running vina for 7z78__1__1.A__1.D, ligand 1.D...
  Skipping (exists) 7z78__1__1.A__1.D 1.D
Running vina for 7z9t__1__1.A__1.C, ligand 1.C...
  Skipping (exists) 7z9t__1__1.A__1.C 1.C
Running vina for 7za0__1__1.A__1.B, ligand 1.B...
  Skipping (exists) 7za0__1__1.A__1.B 1.B
Running vina for 7zaa__1__1.A__1.C, ligand 1.C...
  Skipping (exists) 7zaa__1__1.A__1.C 1.C
Running vina for 7zeg__1__1.A__1.C, ligand 1.C...
  Skipping (exists) 7zeg__1__1.A__1.C 1.C
Running vina for 7zfv__1__1.A__1.C, ligand 1.C...
  Skipping (exists) 7zfv__1__1.A__1.C 1.C
Running vina for 7zg9__1__1.A__1.C, ligand 1.C...
  Skipping (exists) 7zg9__1__1.A__1.C 1.C
Running vina for 7zgb__1__1.A__1.B, ligand 1.B...
  Skipping (exists) 7zgb__1__1.A__1.B 1.B
Running vina for 7zgc__1__1.A__1.B, ligand 1.B...
  Skipping (exists) 7zgc__1__1.A__1.B 1.B
Running vina for 7zgd__1__1.A__1.B, ligand 1.B...
  Skipping (exists) 7zgd__1__1.A__1.B 1.B
Running vina for 7zi0__1__1.A__1.C, ligand 1.C...
  Skipping (exists) 7zi0__1__1.A__1.C 1.C
Running vina for 7zik__1__1.A__1.D, ligand 1.D...
  Skipping (exists) 7zik__1__1.A__1.D 1.D
Running vina for 7ziy__1__1.A__1.C, ligand 1.C...
  Skipping (exists) 7ziy__1__1.A__1.C 1.C
Running vina for 7zj0__1__1.A__1.C, ligand 1.C...
  Skipping (exists) 7zj0__1__1.A__1.C 1.C
Running vina for 7zjp__1__1.A__1.C, ligand 1.C...
  Skipping (exists) 7zjp__1__1.A__1.C 1.C
Running vina for 7zjq__1__1.A__1.E, ligand 1.E...
  Skipping (exists) 7zjq__1__1.A__1.E 1.E
Running vina for 7zks__1__1.A__1.B, ligand 1.B...
  Skipping (exists) 7zks__1__1.A__1.B 1.B
Running vina for 7zkw__1__1.A_1.C__1.E, ligand 1.E...
  Skipping (exists) 7zkw__1__1.A_1.C__1.E 1.E
Running vina for 7zp7__1__1.A__1.C, ligand 1.C...
  Skipping (exists) 7zp7__1__1.A__1.C 1.C
Running vina for 7zsm__1__1.A_2.A__1.B, ligand 1.B...
  Skipping (exists) 7zsm__1__1.A_2.A__1.B 1.B
Running vina for 7zso__1__1.A_1.C__1.S, ligand 1.S...
  Skipping (exists) 7zso__1__1.A_1.C__1.S 1.S
Running vina for 7zst__1__1.B_1.C__1.H, ligand 1.H...
  Skipping (exists) 7zst__1__1.B_1.C__1.H 1.H
Running vina for 7zwb__1__1.A__1.D, ligand 1.D...
  Skipping (exists) 7zwb__1__1.A__1.D 1.D
Running vina for 7zxz__1__2.A_2.B__2.E, ligand 2.E...
  Skipping (exists) 7zxz__1__2.A_2.B__2.E 2.E
Running vina for 7zym__1__1.A__1.B, ligand 1.B...
  Skipping (exists) 7zym__1__1.A__1.B 1.B
Running vina for 7zyn__1__1.A__1.B, ligand 1.B...
  Skipping (exists) 7zyn__1__1.A__1.B 1.B
Running vina for 7zz7__1__1.A_4.A__4.C, ligand 4.C...
  Skipping (exists) 7zz7__1__1.A_4.A__4.C 4.C
Running vina for 7zzc__1__1.A_4.A__4.D, ligand 4.D...
  Skipping (exists) 7zzc__1__1.A_4.A__4.D 4.D
Running vina for 7zzf__1__2.A_3.A__3.C, ligand 3.C...
  Skipping (exists) 7zzf__1__2.A_3.A__3.C 3.C
Running vina for 7zzg__1__2.A_3.A__2.C, ligand 2.C...
  Skipping (exists) 7zzg__1__2.A_3.A__2.C 2.C
Running vina for 8a0t__1__1.A__1.C, ligand 1.C...
  Skipping (exists) 8a0t__1__1.A__1.C 1.C
Running vina for 8a2p__1__1.A__1.B, ligand 1.B...
  Skipping (exists) 8a2p__1__1.A__1.B 1.B
Running vina for 8a3a__1__1.A__1.B, ligand 1.B...
  Skipping (exists) 8a3a__1__1.A__1.B 1.B
Running vina for 8a4q__1__1.A_2.A__1.B, ligand 1.B...
  Skipping (exists) 8a4q__1__1.A_2.A__1.B 1.B
Running vina for 8a56__1__1.A_1.B__1.I, ligand 1.I...
  Skipping (exists) 8a56__1__1.A_1.B__1.I 1.I
Running vina for 8a66__1__1.A__1.C, ligand 1.C...
  Skipping (exists) 8a66__1__1.A__1.C 1.C
Running vina for 8a7i__1__1.A__1.C, ligand 1.C...
  Skipping (exists) 8a7i__1__1.A__1.C 1.C
Running vina for 8a9i__1__1.A__1.B, ligand 1.B...
  Skipping (exists) 8a9i__1__1.A__1.B 1.B
Running vina for 8a9v__1__2.A_3.A__3.C, ligand 3.C...
  Skipping (exists) 8a9v__1__2.A_3.A__3.C 3.C
Running vina for 8ab3__1__1.A_1.B_1.C_1.D__1.L, ligand 1.L...
  Skipping (exists) 8ab3__1__1.A_1.B_1.C_1.D__1.L 1.L
Running vina for 8abu__1__1.A__1.D, ligand 1.D...
  Skipping (exists) 8abu__1__1.A__1.D 1.D
Running vina for 8acm__1__1.A__1.E, ligand 1.E...
  Skipping (exists) 8acm__1__1.A__1.E 1.E
Running vina for 8ad7__1__1.A__1.J, ligand 1.J...
  Skipping (exists) 8ad7__1__1.A__1.J 1.J
Running vina for 8adf__1__1.B__1.D, ligand 1.D...
  Skipping (exists) 8adf__1__1.B__1.D 1.D
Running vina for 8adj__1__1.A__1.D, ligand 1.D...
  Skipping (exists) 8adj__1__1.A__1.D 1.D
Running vina for 8aev__1__1.A__1.G, ligand 1.G...
  Skipping (exists) 8aev__1__1.A__1.G 1.G
Running vina for 8ai7__1__1.A__1.Q, ligand 1.Q...
  Skipping (exists) 8ai7__1__1.A__1.Q 1.Q
Running vina for 8am2__1__1.A__1.D, ligand 1.D...
  Skipping (exists) 8am2__1__1.A__1.D 1.D
Running vina for 8aop__1__1.A__1.E, ligand 1.E...
  Skipping (exists) 8aop__1__1.A__1.E 1.E
Running vina for 8apt__1__1.A_2.A__1.B, ligand 1.B...
  Skipping (exists) 8apt__1__1.A_2.A__1.B 1.B
Running vina for 8apu__1__1.A_2.A__1.B, ligand 1.B...
  Skipping (exists) 8apu__1__1.A_2.A__1.B 1.B
Running vina for 8apw__1__1.A_2.A__2.C, ligand 2.C...
  Skipping (exists) 8apw__1__1.A_2.A__2.C 2.C
Running vina for 8aqf__1__1.A__1.B, ligand 1.B...
  Skipping (exists) 8aqf__1__1.A__1.B 1.B
Running vina for 8aqj__1__1.A_3.A__3.B, ligand 3.B...
  Skipping (exists) 8aqj__1__1.A_3.A__3.B 3.B
Running vina for 8arj__1__1.A__1.B, ligand 1.B...
  Skipping (exists) 8arj__1__1.A__1.B 1.B
Running vina for 8asf__1__1.B__1.E, ligand 1.E...
  Skipping (exists) 8asf__1__1.B__1.E 1.E
Running vina for 8atb__1__1.A__1.C, ligand 1.C...
  Skipping (exists) 8atb__1__1.A__1.C 1.C
Running vina for 8atl__1__1.A__1.C, ligand 1.C...
  Skipping (exists) 8atl__1__1.A__1.C 1.C
Running vina for 8aw1__1__1.A__1.C, ligand 1.C...
  Skipping (exists) 8aw1__1__1.A__1.C 1.C
Running vina for 8ax0__1__1.B__1.H, ligand 1.H...
  Skipping (exists) 8ax0__1__1.B__1.H 1.H
Running vina for 8axp__1__1.A__1.C, ligand 1.C...
  Skipping (exists) 8axp__1__1.A__1.C 1.C
Running vina for 8ay6__1__1.A_1.B__1.C, ligand 1.C...
  Skipping (exists) 8ay6__1__1.A_1.B__1.C 1.C
Running vina for 8ay8__1__1.A_1.B__1.D, ligand 1.D...
  Skipping (exists) 8ay8__1__1.A_1.B__1.D 1.D
Running vina for 8aya__1__1.A_1.B__1.C, ligand 1.C...
  Skipping (exists) 8aya__1__1.A_1.B__1.C 1.C
Running vina for 8azd__1__1.A__1.C, ligand 1.C...
  Skipping (exists) 8azd__1__1.A__1.C 1.C
Running vina for 8azi__1__1.A__1.C, ligand 1.C...
  Skipping (exists) 8azi__1__1.A__1.C 1.C
Running vina for 8azl__1__1.A__1.C, ligand 1.C...
  Skipping (exists) 8azl__1__1.A__1.C 1.C
Running vina for 8azm__1__1.A__1.C, ligand 1.C...
  Skipping (exists) 8azm__1__1.A__1.C 1.C
Running vina for 8azo__1__1.A__1.C, ligand 1.C...
  Skipping (exists) 8azo__1__1.A__1.C 1.C
Running vina for 8azp__1__1.A__1.C, ligand 1.C...
  Skipping (exists) 8azp__1__1.A__1.C 1.C
Running vina for 8b08__1__1.B__1.E, ligand 1.E...
  Skipping (exists) 8b08__1__1.B__1.E 1.E
Running vina for 8b1v__1__1.A_1.B__1.E, ligand 1.E...
  Skipping (exists) 8b1v__1__1.A_1.B__1.E 1.E
Running vina for 8b25__1__1.A_1.B__1.J, ligand 1.J...
  Skipping (exists) 8b25__1__1.A_1.B__1.J 1.J
Running vina for 8b35__1__1.A_1.B__1.E, ligand 1.E...
  Skipping (exists) 8b35__1__1.A_1.B__1.E 1.E
Running vina for 8b5s__1__1.B__1.D, ligand 1.D...
  Skipping (exists) 8b5s__1__1.B__1.D 1.D
Running vina for 8b62__1__1.A__1.C, ligand 1.C...
  Skipping (exists) 8b62__1__1.A__1.C 1.C
Running vina for 8b6m__1__1.A_1.B__1.E, ligand 1.E...
  Skipping (exists) 8b6m__1__1.A_1.B__1.E 1.E
Running vina for 8b75__1__1.A__1.B, ligand 1.B...
  Skipping (exists) 8b75__1__1.A__1.B 1.B
Running vina for 8b8x__1__1.A_1.C__1.E, ligand 1.E...
  Skipping (exists) 8b8x__1__1.A_1.C__1.E 1.E
Running vina for 8b8z__1__1.A__1.E, ligand 1.E...
  Skipping (exists) 8b8z__1__1.A__1.E 1.E
Running vina for 8b91__1__1.A__1.E, ligand 1.E...
  Skipping (exists) 8b91__1__1.A__1.E 1.E
Running vina for 8b9h__1__1.A__1.B, ligand 1.B...
  Skipping (exists) 8b9h__1__1.A__1.B 1.B
Running vina for 8baj__1__1.A__1.B, ligand 1.B...
  Skipping (exists) 8baj__1__1.A__1.B 1.B
Running vina for 8bcy__1__1.A__1.C, ligand 1.C...
  Skipping (exists) 8bcy__1__1.A__1.C 1.C
Running vina for 8bdm__1__1.C__1.M, ligand 1.M...
  Skipping (log exists) 8bdm__1__1.C__1.M 1.M
Running vina for 8bgc__1__1.A__1.F, ligand 1.F...
  Skipping (exists) 8bgc__1__1.A__1.F 1.F
Running vina for 8bgt__1__1.A_2.A__2.D, ligand 2.D...
  Skipping (exists) 8bgt__1__1.A_2.A__2.D 2.D
Running vina for 8bgz__1__1.A_1.B__1.F, ligand 1.F...
  Skipping (exists) 8bgz__1__1.A_1.B__1.F 1.F
Running vina for 8bh0__1__1.A_1.D__1.J, ligand 1.J...
  Skipping (exists) 8bh0__1__1.A_1.D__1.J 1.J
Running vina for 8bhg__1__1.B_1.C__1.K, ligand 1.K...
  Skipping (exists) 8bhg__1__1.B_1.C__1.K 1.K
Running vina for 8bi6__1__1.A__1.D, ligand 1.D...
  Skipping (exists) 8bi6__1__1.A__1.D 1.D
Running vina for 8bih__1__1.A_1.L__1.N, ligand 1.N...
  Skipping (exists) 8bih__1__1.A_1.L__1.N 1.N
Running vina for 8biq__1__1.C__1.G, ligand 1.G...
  Skipping (exists) 8biq__1__1.C__1.G 1.G
Running vina for 8bir__1__1.A_1.B__1.D, ligand 1.D...
  Skipping (exists) 8bir__1__1.A_1.B__1.D 1.D
Running vina for 8bj3__1__1.A_1.B__1.C, ligand 1.C...
  Skipping (exists) 8bj3__1__1.A_1.B__1.C 1.C
Running vina for 8bjd__1__1.A__1.B, ligand 1.B...
  Skipping (exists) 8bjd__1__1.A__1.B 1.B
Running vina for 8bjt__1__1.A__1.C, ligand 1.C...
  Skipping (exists) 8bjt__1__1.A__1.C 1.C
Running vina for 8bju__1__1.A__1.B, ligand 1.B...
  Skipping (exists) 8bju__1__1.A__1.B 1.B
Running vina for 8bk0__1__1.A__1.H, ligand 1.H...
  Skipping (exists) 8bk0__1__1.A__1.H 1.H
Running vina for 8blt__1__1.A_1.B__1.I, ligand 1.I...
  Skipping (exists) 8blt__1__1.A_1.B__1.I 1.I
Running vina for 8bnx__1__1.A__1.C, ligand 1.C...
  Skipping (exists) 8bnx__1__1.A__1.C 1.C
Running vina for 8bo3__1__1.A__1.B, ligand 1.B...
  Skipping (exists) 8bo3__1__1.A__1.B 1.B
Running vina for 8bo4__1__1.A__1.C, ligand 1.C...
  Skipping (exists) 8bo4__1__1.A__1.C 1.C
Running vina for 8boc__1__1.A__1.B, ligand 1.B...
  Skipping (exists) 8boc__1__1.A__1.B 1.B
Running vina for 8bok__1__1.A__1.B, ligand 1.B...
  Skipping (exists) 8bok__1__1.A__1.B 1.B
Running vina for 8bq4__1__1.B__1.D, ligand 1.D...
  Skipping (exists) 8bq4__1__1.B__1.D 1.D
Running vina for 8br5__1__1.A__1.E, ligand 1.E...
  Skipping (exists) 8br5__1__1.A__1.E 1.E
Running vina for 8br6__1__1.A__1.C, ligand 1.C...
  Skipping (exists) 8br6__1__1.A__1.C 1.C
Running vina for 8bsg__1__1.A__1.B, ligand 1.B...
  Skipping (exists) 8bsg__1__1.A__1.B 1.B
Running vina for 8bsl__1__1.C_1.D__1.F, ligand 1.F...
  Skipping (exists) 8bsl__1__1.C_1.D__1.F 1.F
Running vina for 8bst__1__1.A__1.R, ligand 1.R...
  Skipping (exists) 8bst__1__1.A__1.R 1.R
Running vina for 8bt0__1__1.A__1.M, ligand 1.M...
  Skipping (exists) 8bt0__1__1.A__1.M 1.M
Running vina for 8bt2__1__1.A__1.M, ligand 1.M...
  Skipping (exists) 8bt2__1__1.A__1.M 1.M
Running vina for 8c1m__1__1.A__1.C, ligand 1.C...
  Skipping (exists) 8c1m__1__1.A__1.C 1.C
Running vina for 8c3g__1__1.C__1.AA, ligand 1.AA...
  Skipping (exists) 8c3g__1__1.C__1.AA 1.AA
Warning: Receptor file not found for 8c3i__1__1.B__1.D
Running vina for 8c3r__1__1.A__1.C, ligand 1.C...
  Skipping (exists) 8c3r__1__1.A__1.C 1.C
Running vina for 8c3u__1__1.A__1.C, ligand 1.C...
  Skipping (exists) 8c3u__1__1.A__1.C 1.C
Running vina for 8c6l__1__1.A__1.C, ligand 1.C...
  Skipping (exists) 8c6l__1__1.A__1.C 1.C
Running vina for 8c6n__1__1.A__1.B, ligand 1.B...
  Skipping (exists) 8c6n__1__1.A__1.B 1.B
Running vina for 8c6o__1__1.A__1.C, ligand 1.C...
  Skipping (exists) 8c6o__1__1.A__1.C 1.C
Running vina for 8c6p__1__1.A__1.B, ligand 1.B...
  Skipping (exists) 8c6p__1__1.A__1.B 1.B
Running vina for 8c6q__1__1.A__1.C, ligand 1.C...
  Skipping (exists) 8c6q__1__1.A__1.C 1.C
Running vina for 8c6s__1__1.A__1.C, ligand 1.C...
  Skipping (exists) 8c6s__1__1.A__1.C 1.C
Running vina for 8c70__1__1.A__1.B, ligand 1.B...
  Skipping (exists) 8c70__1__1.A__1.B 1.B
Running vina for 8c71__1__1.A__1.C, ligand 1.C...
  Skipping (exists) 8c71__1__1.A__1.C 1.C
Running vina for 8c74__1__1.A__1.C, ligand 1.C...
  Skipping (exists) 8c74__1__1.A__1.C 1.C
Running vina for 8c9d__1__1.A__1.D, ligand 1.D...
  Skipping (exists) 8c9d__1__1.A__1.D 1.D
Running vina for 8c9e__1__1.A__1.C, ligand 1.C...
  Skipping (exists) 8c9e__1__1.A__1.C 1.C
Running vina for 8caa__1__1.B__1.F, ligand 1.F...
  Skipping (exists) 8caa__1__1.B__1.F 1.F
Running vina for 8cbh__1__1.A__1.C, ligand 1.C...
  Skipping (exists) 8cbh__1__1.A__1.C 1.C
Running vina for 8cbr__1__1.A_1.B_1.D__1.E, ligand 1.E...
  Skipping (exists) 8cbr__1__1.A_1.B_1.D__1.E 1.E
Running vina for 8cbs__1__1.B_1.C_1.D__1.L, ligand 1.L...
  Skipping (exists) 8cbs__1__1.B_1.C_1.D__1.L 1.L
Running vina for 8cbu__1__1.A_1.B_1.D__1.M, ligand 1.M...
  Skipping (exists) 8cbu__1__1.A_1.B_1.D__1.M 1.M
Running vina for 8cdw__1__1.B__1.D, ligand 1.D...
  Skipping (exists) 8cdw__1__1.B__1.D 1.D
Running vina for 8ce3__1__1.A_1.B__1.E, ligand 1.E...
  Skipping (exists) 8ce3__1__1.A_1.B__1.E 1.E
Running vina for 8ceq__1__1.A__1.C, ligand 1.C...
  Skipping (exists) 8ceq__1__1.A__1.C 1.C
Running vina for 8ces__1__1.A__1.C, ligand 1.C...
  Skipping (exists) 8ces__1__1.A__1.C 1.C
Running vina for 8cev__1__1.A__1.C, ligand 1.C...
  Skipping (exists) 8cev__1__1.A__1.C 1.C
Running vina for 8cex__1__1.A__1.D, ligand 1.D...
  Skipping (exists) 8cex__1__1.A__1.D 1.D
Running vina for 8cey__1__1.A__1.D, ligand 1.D...
  Skipping (exists) 8cey__1__1.A__1.D 1.D
Running vina for 8cfb__1__1.A__1.L, ligand 1.L...
  Skipping (exists) 8cfb__1__1.A__1.L 1.L
Running vina for 8cg0__1__1.D__1.IA, ligand 1.IA...
  Skipping (exists) 8cg0__1__1.D__1.IA 1.IA
Running vina for 8ch9__1__1.G__1.BB, ligand 1.BB...
  Skipping (exists) 8ch9__1__1.G__1.BB 1.BB
Running vina for 8chc__1__1.A__1.B, ligand 1.B...
  Skipping (exists) 8chc__1__1.A__1.B 1.B
Running vina for 8chk__1__1.A__1.D, ligand 1.D...
  Skipping (exists) 8chk__1__1.A__1.D 1.D
Running vina for 8cij__1__1.A__1.B, ligand 1.B...
  Skipping (exists) 8cij__1__1.A__1.B 1.B
Running vina for 8cje__1__1.A__1.F, ligand 1.F...
  Skipping (exists) 8cje__1__1.A__1.F 1.F
Running vina for 8cjg__1__1.A__1.D, ligand 1.D...
  Skipping (exists) 8cjg__1__1.A__1.D 1.D
Running vina for 8cju__1__1.A__1.B, ligand 1.B...
  Skipping (exists) 8cju__1__1.A__1.B 1.B
Running vina for 8ck5__1__1.A__1.D, ligand 1.D...
  Skipping (exists) 8ck5__1__1.A__1.D 1.D
Running vina for 8ckc__1__2.A__2.D, ligand 2.D...
  Skipping (exists) 8ckc__1__2.A__2.D 2.D
Running vina for 8ckh__1__1.A_1.B__1.D, ligand 1.D...
  Skipping (exists) 8ckh__1__1.A_1.B__1.D 1.D
Running vina for 8clq__1__1.A__1.E, ligand 1.E...
  Skipping (exists) 8clq__1__1.A__1.E 1.E
Running vina for 8cou__1__1.A__1.V, ligand 1.V...
  Skipping (exists) 8cou__1__1.A__1.V 1.V
Running vina for 8cov__1__1.A__1.D, ligand 1.D...
  Skipping (exists) 8cov__1__1.A__1.D 1.D
Running vina for 8cp7__1__1.A__1.B, ligand 1.B...
  Skipping (exists) 8cp7__1__1.A__1.B 1.B
Running vina for 8cpb__1__1.B__1.H, ligand 1.H...
  Skipping (exists) 8cpb__1__1.B__1.H 1.H
Running vina for 8crj__1__1.A__1.B, ligand 1.B...
  Skipping (exists) 8crj__1__1.A__1.B 1.B
Running vina for 8crl__1__1.A__1.C, ligand 1.C...
  Skipping (exists) 8crl__1__1.A__1.C 1.C
Running vina for 8cta__1__1.A_1.B_1.D__1.Q, ligand 1.Q...
  Skipping (exists) 8cta__1__1.A_1.B_1.D__1.Q 1.Q
Running vina for 8cu7__1__1.A__1.C, ligand 1.C...
  Skipping (exists) 8cu7__1__1.A__1.C 1.C
Running vina for 8cyu__1__1.A_1.B__1.F, ligand 1.F...
  Skipping (exists) 8cyu__1__1.A_1.B__1.F 1.F
Running vina for 8cyz__1__1.A_1.C__1.E, ligand 1.E...
  Skipping (exists) 8cyz__1__1.A_1.C__1.E 1.E
Running vina for 8cz7__1__1.A_1.C__1.E, ligand 1.E...
  Skipping (exists) 8cz7__1__1.A_1.C__1.E 1.E
Running vina for 8d0e__1__1.B__1.D, ligand 1.D...
  Skipping (exists) 8d0e__1__1.B__1.D 1.D
Running vina for 8d0f__1__1.A_1.B__1.D, ligand 1.D...
  Skipping (exists) 8d0f__1__1.A_1.B__1.D 1.D
Running vina for 8d6c__1__1.A__1.F, ligand 1.F...
  Skipping (exists) 8d6c__1__1.A__1.F 1.F
Running vina for 8d6e__1__1.A__1.D, ligand 1.D...
  Skipping (exists) 8d6e__1__1.A__1.D 1.D
Running vina for 8d6f__1__1.A__1.D, ligand 1.D...
  Skipping (exists) 8d6f__1__1.A__1.D 1.D
Running vina for 8d6m__1__1.A__1.C, ligand 1.C...
  Skipping (exists) 8d6m__1__1.A__1.C 1.C
Running vina for 8d6t__1__1.A__1.C, ligand 1.C...
  Skipping (exists) 8d6t__1__1.A__1.C 1.C
Running vina for 8db0__1__1.A__1.E, ligand 1.E...
  Skipping (exists) 8db0__1__1.A__1.E 1.E
Running vina for 8deg__1__1.A__1.B, ligand 1.B...
  Skipping (exists) 8deg__1__1.A__1.B 1.B
Running vina for 8dhw__1__1.B_2.B__2.I, ligand 2.I...
  Skipping (exists) 8dhw__1__1.B_2.B__2.I 2.I
Running vina for 8dk4__1__1.A__1.C, ligand 1.C...
  Skipping (exists) 8dk4__1__1.A__1.C 1.C
Running vina for 8dml__1__1.B__1.J, ligand 1.J...
  Skipping (exists) 8dml__1__1.B__1.J 1.J
Running vina for 8dmt__1__1.A__1.E, ligand 1.E...
  Skipping (exists) 8dmt__1__1.A__1.E 1.E
Running vina for 8dqd__1__1.A__1.B, ligand 1.B...
  Skipping (exists) 8dqd__1__1.A__1.B 1.B
Running vina for 8dsc__1__1.B__1.L, ligand 1.L...
  Skipping (exists) 8dsc__1__1.B__1.L 1.L
Running vina for 8dsh__1__1.A_1.B__1.C, ligand 1.C...
  Skipping (exists) 8dsh__1__1.A_1.B__1.C 1.C
Running vina for 8dsm__1__1.A_1.B__1.J, ligand 1.J...
  Skipping (exists) 8dsm__1__1.A_1.B__1.J 1.J
Running vina for 8dsr__1__1.A__1.C, ligand 1.C...
  Skipping (exists) 8dsr__1__1.A__1.C 1.C
Running vina for 8du3__1__1.A__1.B, ligand 1.B...
  Skipping (exists) 8du3__1__1.A__1.B 1.B
Running vina for 8du6__1__1.B__1.D, ligand 1.D...
  Skipping (exists) 8du6__1__1.B__1.D 1.D
Running vina for 8du8__1__1.A__1.C, ligand 1.C...
  Skipping (exists) 8du8__1__1.A__1.C 1.C
Running vina for 8du9__1__1.B__1.D, ligand 1.D...
  Skipping (exists) 8du9__1__1.B__1.D 1.D
Running vina for 8dub__1__1.A__1.C, ligand 1.C...
  Skipping (exists) 8dub__1__1.A__1.C 1.C
Running vina for 8duh__1__1.A__1.C, ligand 1.C...
  Skipping (exists) 8duh__1__1.A__1.C 1.C
Running vina for 8dui__1__1.A__1.C, ligand 1.C...
  Skipping (exists) 8dui__1__1.A__1.C 1.C
Running vina for 8duk__1__1.A__1.E, ligand 1.E...
  Skipping (exists) 8duk__1__1.A__1.E 1.E
Running vina for 8dv7__1__1.B__1.D, ligand 1.D...
  Skipping (exists) 8dv7__1__1.B__1.D 1.D
Running vina for 8dv8__1__1.A__1.C, ligand 1.C...
  Skipping (exists) 8dv8__1__1.A__1.C 1.C
Running vina for 8dxk__1__1.A_1.B__1.C, ligand 1.C...
  Skipping (exists) 8dxk__1__1.A_1.B__1.C 1.C
Running vina for 8e0h__1__1.A__1.C, ligand 1.C...
  Skipping (exists) 8e0h__1__1.A__1.C 1.C
Running vina for 8e0t__1__1.C__1.F, ligand 1.F...
  Skipping (exists) 8e0t__1__1.C__1.F 1.F
Running vina for 8e1o__1__1.A__1.D, ligand 1.D...
  Skipping (exists) 8e1o__1__1.A__1.D 1.D
Running vina for 8e1t__1__1.A__1.D, ligand 1.D...
  Skipping (exists) 8e1t__1__1.A__1.D 1.D
Running vina for 8e1x__1__1.A__1.C, ligand 1.C...
  Skipping (exists) 8e1x__1__1.A__1.C 1.C
Running vina for 8e5m__1__1.A_1.E__1.U, ligand 1.U...
  Skipping (exists) 8e5m__1__1.A_1.E__1.U 1.U
Running vina for 8e80__1__1.A__1.B, ligand 1.B...
  Skipping (exists) 8e80__1__1.A__1.B 1.B
Running vina for 8e81__1__1.A__1.B, ligand 1.B...
  Skipping (exists) 8e81__1__1.A__1.B 1.B
Running vina for 8ea6__1__1.A_1.B__1.C, ligand 1.C...
  Skipping (exists) 8ea6__1__1.A_1.B__1.C 1.C
Running vina for 8efj__1__1.A__1.D, ligand 1.D...
  Skipping (exists) 8efj__1__1.A__1.D 1.D
Running vina for 8egz__1__1.B__1.I, ligand 1.I...
  Skipping (exists) 8egz__1__1.B__1.I 1.I
Running vina for 8emu__1__1.A__1.E, ligand 1.E...
  Skipping (exists) 8emu__1__1.A__1.E 1.E
Running vina for 8eni__1__2.A__2.B, ligand 2.B...
  Skipping (exists) 8eni__1__2.A__2.B 2.B
Running vina for 8eq9__1__1.A__1.B, ligand 1.B...
  Skipping (exists) 8eq9__1__1.A__1.B 1.B
Running vina for 8eqz__1__1.A__1.C, ligand 1.C...
  Skipping (exists) 8eqz__1__1.A__1.C 1.C
Running vina for 8erb__1__1.A_1.C__1.Q, ligand 1.Q...
  Skipping (exists) 8erb__1__1.A_1.C__1.Q 1.Q
Running vina for 8erd__1__1.A__1.B, ligand 1.B...
  Skipping (exists) 8erd__1__1.A__1.B 1.B
Running vina for 8erj__1__1.A_2.C__1.I, ligand 1.I...
  Skipping (exists) 8erj__1__1.A_2.C__1.I 1.I
Running vina for 8et0__1__1.B__1.L, ligand 1.L...
  Skipping (exists) 8et0__1__1.B__1.L 1.L
Running vina for 8etl__1__1.A__1.C, ligand 1.C...
  Skipping (exists) 8etl__1__1.A__1.C 1.C
Running vina for 8ex1__1__1.A__1.B, ligand 1.B...
  Skipping (exists) 8ex1__1__1.A__1.B 1.B
Running vina for 8ex2__1__1.A__1.B, ligand 1.B...
  Skipping (exists) 8ex2__1__1.A__1.B 1.B
Running vina for 8exl__1__1.A__1.B, ligand 1.B...
  Skipping (exists) 8exl__1__1.A__1.B 1.B
Running vina for 8exu__1__1.A__1.B, ligand 1.B...
  Skipping (exists) 8exu__1__1.A__1.B 1.B
Running vina for 8ez1__1__1.A_1.B__1.D, ligand 1.D...
  Skipping (exists) 8ez1__1__1.A_1.B__1.D 1.D
Running vina for 8f1g__1__1.A__1.C, ligand 1.C...
  Skipping (exists) 8f1g__1__1.A__1.C 1.C
Running vina for 8f1z__1__1.A__1.B, ligand 1.B...
  Skipping (exists) 8f1z__1__1.A__1.B 1.B
Running vina for 8f4q__1__1.A__1.F, ligand 1.F...
  Skipping (exists) 8f4q__1__1.A__1.F 1.F
Running vina for 8f8e__1__1.A__1.C, ligand 1.C...
  Skipping (exists) 8f8e__1__1.A__1.C 1.C
Running vina for 8f8m__1__1.A__1.C, ligand 1.C...
  Skipping (exists) 8f8m__1__1.A__1.C 1.C
Running vina for 8fb1__1__1.A__1.C, ligand 1.C...
  Skipping (exists) 8fb1__1__1.A__1.C 1.C
Running vina for 8fb1__1__1.A__1.D, ligand 1.D...
  Skipping (exists) 8fb1__1__1.A__1.D 1.D
Running vina for 8fcd__1__1.A_1.B__1.C, ligand 1.C...
  Skipping (exists) 8fcd__1__1.A_1.B__1.C 1.C
Running vina for 8fe6__1__1.A__1.I, ligand 1.I...
  Skipping (exists) 8fe6__1__1.A__1.I 1.I
Running vina for 8fe8__1__1.A_1.B__1.C, ligand 1.C...
  Skipping (exists) 8fe8__1__1.A_1.B__1.C 1.C
Running vina for 8fe9__1__1.A__1.B, ligand 1.B...
  Skipping (exists) 8fe9__1__1.A__1.B 1.B
Running vina for 8fgz__1__1.A__1.B, ligand 1.B...
  Skipping (exists) 8fgz__1__1.A__1.B 1.B
Running vina for 8fh4__1__1.A__1.E, ligand 1.E...
  Skipping (exists) 8fh4__1__1.A__1.E 1.E
Running vina for 8fjz__1__1.C__1.I, ligand 1.I...
  Skipping (exists) 8fjz__1__1.C__1.I 1.I
Running vina for 8fko__1__1.C__1.I, ligand 1.I...
  Skipping (exists) 8fko__1__1.C__1.I 1.I
Running vina for 8fly__1__1.A__1.K, ligand 1.K...
  Skipping (exists) 8fly__1__1.A__1.K 1.K
Running vina for 8flz__1__1.A__1.K, ligand 1.K...
  Skipping (exists) 8flz__1__1.A__1.K 1.K
Running vina for 8fm0__1__1.A__1.K, ligand 1.K...
  Skipping (exists) 8fm0__1__1.A__1.K 1.K
Running vina for 8fm2__1__1.A__1.K, ligand 1.K...
  Skipping (exists) 8fm2__1__1.A__1.K 1.K
Running vina for 8fm3__1__1.A__1.K, ligand 1.K...
  Skipping (exists) 8fm3__1__1.A__1.K 1.K
Running vina for 8fm4__1__1.A__1.K, ligand 1.K...
  Skipping (exists) 8fm4__1__1.A__1.K 1.K
Running vina for 8fm5__1__1.A__1.K, ligand 1.K...
  Skipping (exists) 8fm5__1__1.A__1.K 1.K
Running vina for 8fm7__1__1.A__1.K, ligand 1.K...
  Skipping (exists) 8fm7__1__1.A__1.K 1.K
Running vina for 8fm8__1__1.A__1.K, ligand 1.K...
  Skipping (exists) 8fm8__1__1.A__1.K 1.K
Running vina for 8fo5__1__1.A_1.B__1.E, ligand 1.E...
  Skipping (exists) 8fo5__1__1.A_1.B__1.E 1.E
Running vina for 8fp1__1__1.A__1.B, ligand 1.B...
  Skipping (exists) 8fp1__1__1.A__1.B 1.B
Running vina for 8ftr__1__2.A__2.B, ligand 2.B...
  Skipping (exists) 8ftr__1__2.A__2.B 2.B
Running vina for 8fwz__1__1.B__1.E, ligand 1.E...
  Skipping (exists) 8fwz__1__1.B__1.E 1.E
Running vina for 8fx1__1__1.A__1.C, ligand 1.C...
  Skipping (exists) 8fx1__1__1.A__1.C 1.C
Running vina for 8fx2__1__1.B__1.D, ligand 1.D...
  Skipping (exists) 8fx2__1__1.B__1.D 1.D
Running vina for 8fx3__1__1.B__1.D, ligand 1.D...
  Skipping (exists) 8fx3__1__1.B__1.D 1.D
Running vina for 8fxn__1__1.A__1.B, ligand 1.B...
  Skipping (exists) 8fxn__1__1.A__1.B 1.B
Running vina for 8fy7__1__1.A_1.B__1.C, ligand 1.C...
  Skipping (exists) 8fy7__1__1.A_1.B__1.C 1.C
Running vina for 8g3e__1__1.A__1.C, ligand 1.C...
  Skipping (exists) 8g3e__1__1.A__1.C 1.C
Running vina for 8g3s__1__1.A__1.E, ligand 1.E...
  Skipping (exists) 8g3s__1__1.A__1.E 1.E
Running vina for 8g4a__1__1.A_1.B__1.C, ligand 1.C...
  Skipping (exists) 8g4a__1__1.A_1.B__1.C 1.C
Running vina for 8g63__1__1.A__1.B, ligand 1.B...
  Skipping (exists) 8g63__1__1.A__1.B 1.B
Running vina for 8g68__1__1.A__1.C, ligand 1.C...
  Skipping (exists) 8g68__1__1.A__1.C 1.C
Running vina for 8g69__1__1.A__1.C, ligand 1.C...
  Skipping (exists) 8g69__1__1.A__1.C 1.C
Running vina for 8g8o__1__1.B__1.E, ligand 1.E...
  Skipping (exists) 8g8o__1__1.B__1.E 1.E
Running vina for 8g8x__1__1.A__1.C, ligand 1.C...
  Skipping (exists) 8g8x__1__1.A__1.C 1.C
Running vina for 8g9d__1__1.A__1.B, ligand 1.B...
  Skipping (exists) 8g9d__1__1.A__1.B 1.B
Running vina for 8gcz__1__1.A__1.N, ligand 1.N...
  Skipping (exists) 8gcz__1__1.A__1.N 1.N
Running vina for 8gdk__1__1.A__1.O, ligand 1.O...
  Skipping (exists) 8gdk__1__1.A__1.O 1.O
Running vina for 8gds__1__1.A__1.E, ligand 1.E...
  Skipping (exists) 8gds__1__1.A__1.E 1.E
Running vina for 8gem__1__1.A__1.B, ligand 1.B...
  Skipping (exists) 8gem__1__1.A__1.B 1.B
Running vina for 8gen__1__2.A_3.A__3.B, ligand 3.B...
  Skipping (exists) 8gen__1__2.A_3.A__3.B 3.B
Running vina for 8get__1__1.C__1.M, ligand 1.M...
  Skipping (exists) 8get__1__1.C__1.M 1.M
Running vina for 8geu__1__1.A__1.B, ligand 1.B...
  Skipping (exists) 8geu__1__1.A__1.B 1.B
Running vina for 8gev__1__1.A__1.B, ligand 1.B...
  Skipping (exists) 8gev__1__1.A__1.B 1.B
Running vina for 8gez__1__1.A__1.B, ligand 1.B...
  Skipping (exists) 8gez__1__1.A__1.B 1.B
Running vina for 8gf0__1__1.A__1.B, ligand 1.B...
  Skipping (exists) 8gf0__1__1.A__1.B 1.B
Running vina for 8gfd__1__1.A__1.B, ligand 1.B...
  Skipping (exists) 8gfd__1__1.A__1.B 1.B
Running vina for 8gff__1__1.A__1.B, ligand 1.B...
  Skipping (exists) 8gff__1__1.A__1.B 1.B
Running vina for 8gfg__1__1.A__1.B, ligand 1.B...
  Skipping (exists) 8gfg__1__1.A__1.B 1.B
Running vina for 8gfq__1__1.A__1.B, ligand 1.B...
  Skipping (exists) 8gfq__1__1.A__1.B 1.B
Running vina for 8gfs__1__1.A__1.B, ligand 1.B...
  Skipping (exists) 8gfs__1__1.A__1.B 1.B
Running vina for 8gkf__1__1.A__1.J, ligand 1.J...
  Skipping (exists) 8gkf__1__1.A__1.J 1.J
Running vina for 8gkt__1__1.A_1.B__1.E, ligand 1.E...
  Skipping (exists) 8gkt__1__1.A_1.B__1.E 1.E
Running vina for 8gm5__1__1.A__1.D, ligand 1.D...
  Skipping (exists) 8gm5__1__1.A__1.D 1.D
Running vina for 8gne__1__1.A__1.B, ligand 1.B...
  Skipping (exists) 8gne__1__1.A__1.B 1.B
Running vina for 8gne__1__1.A__1.E, ligand 1.E...
  Skipping (exists) 8gne__1__1.A__1.E 1.E
Running vina for 8goy__1__1.A_1.B__1.E, ligand 1.E...
  Skipping (exists) 8goy__1__1.A_1.B__1.E 1.E
Running vina for 8gtg__1__1.A__1.C, ligand 1.C...
  Skipping (exists) 8gtg__1__1.A__1.C 1.C
Running vina for 8gti__1__1.A__1.H, ligand 1.H...
  Skipping (exists) 8gti__1__1.A__1.H 1.H
Running vina for 8gtm__1__1.A__1.C, ligand 1.C...
  Skipping (exists) 8gtm__1__1.A__1.C 1.C
Running vina for 8gtv__1__1.A_2.B__2.D, ligand 2.D...
  Skipping (exists) 8gtv__1__1.A_2.B__2.D 2.D
Running vina for 8gu1__1__1.A_1.B__1.D, ligand 1.D...
  Skipping (exists) 8gu1__1__1.A_1.B__1.D 1.D
Running vina for 8gvj__1__1.A__1.B, ligand 1.B...
  Skipping (exists) 8gvj__1__1.A__1.B 1.B
Running vina for 8gww__1__1.A__1.C, ligand 1.C...
  Skipping (exists) 8gww__1__1.A__1.C 1.C
Running vina for 8gyd__1__1.A_1.B__1.K, ligand 1.K...
  Skipping (exists) 8gyd__1__1.A_1.B__1.K 1.K
Running vina for 8gzc__1__1.A__1.F, ligand 1.F...
  Skipping (exists) 8gzc__1__1.A__1.F 1.F
Running vina for 8h4q__1__1.A__1.C, ligand 1.C...
  Skipping (exists) 8h4q__1__1.A__1.C 1.C
Running vina for 8h59__1__1.A__1.B, ligand 1.B...
  Skipping (exists) 8h59__1__1.A__1.B 1.B
Running vina for 8h7r__1__1.A__1.B, ligand 1.B...
  Skipping (exists) 8h7r__1__1.A__1.B 1.B
Running vina for 8haq__1__1.A__1.C, ligand 1.C...
  Skipping (exists) 8haq__1__1.A__1.C 1.C
Running vina for 8hch__1__1.C__1.J, ligand 1.J...
  Skipping (exists) 8hch__1__1.C__1.J 1.J
Running vina for 8hd3__1__1.A__1.C, ligand 1.C...
  Skipping (exists) 8hd3__1__1.A__1.C 1.C
Running vina for 8hf8__1__1.A__1.C, ligand 1.C...
  Skipping (exists) 8hf8__1__1.A__1.C 1.C
Running vina for 8hlj__1__1.A__1.C, ligand 1.C...
  Skipping (exists) 8hlj__1__1.A__1.C 1.C
Running vina for 8hms__1__1.A__1.E, ligand 1.E...
  Skipping (exists) 8hms__1__1.A__1.E 1.E
Running vina for 8ho5__1__1.A__1.B, ligand 1.B...
  Skipping (exists) 8ho5__1__1.A__1.B 1.B
Running vina for 8hpc__1__1.A_1.H__1.P, ligand 1.P...
  Skipping (exists) 8hpc__1__1.A_1.H__1.P 1.P
Running vina for 8hul__1__1.A__1.C, ligand 1.C...
  Skipping (exists) 8hul__1__1.A__1.C 1.C
Running vina for 8hum__1__1.A__1.C, ligand 1.C...
  Skipping (exists) 8hum__1__1.A__1.C 1.C
Running vina for 8huu__1__1.A__1.C, ligand 1.C...
  Skipping (exists) 8huu__1__1.A__1.C 1.C
Running vina for 8hx6__1__1.B__1.F, ligand 1.F...
  Skipping (exists) 8hx6__1__1.B__1.F 1.F
Running vina for 8i0d__1__1.A__1.B, ligand 1.B...
  Skipping (exists) 8i0d__1__1.A__1.B 1.B
Running vina for 8i1o__1__1.A__1.F, ligand 1.F...
  Skipping (exists) 8i1o__1__1.A__1.F 1.F
Running vina for 8i2n__1__1.A__1.C, ligand 1.C...
  Skipping (exists) 8i2n__1__1.A__1.C 1.C
Running vina for 8i4i__1__1.A__1.C, ligand 1.C...
  Skipping (exists) 8i4i__1__1.A__1.C 1.C
Running vina for 8ie5__1__1.A__1.B, ligand 1.B...
  Skipping (exists) 8ie5__1__1.A__1.B 1.B
Running vina for 8ie6__1__1.A__1.B, ligand 1.B...
  Skipping (exists) 8ie6__1__1.A__1.B 1.B
Running vina for 8in7__1__1.A__1.B, ligand 1.B...
  Skipping (exists) 8in7__1__1.A__1.B 1.B
Running vina for 8iqn__1__1.A__1.B, ligand 1.B...
  Skipping (exists) 8iqn__1__1.A__1.B 1.B
Running vina for 8iqt__1__1.A__1.B, ligand 1.B...
  Skipping (exists) 8iqt__1__1.A__1.B 1.B
Running vina for 8iqu__1__1.A__1.B, ligand 1.B...
  Skipping (exists) 8iqu__1__1.A__1.B 1.B
Running vina for 8iui__1__1.A__1.C, ligand 1.C...
  Skipping (exists) 8iui__1__1.A__1.C 1.C
Running vina for 8ivn__1__1.A_1.B__1.C, ligand 1.C...
  Skipping (exists) 8ivn__1__1.A_1.B__1.C 1.C
Running vina for 8ivr__1__1.A__1.B, ligand 1.B...
  Skipping (exists) 8ivr__1__1.A__1.B 1.B
Running vina for 8ivs__1__1.A_1.B__1.C, ligand 1.C...
  Skipping (exists) 8ivs__1__1.A_1.B__1.C 1.C
Running vina for 8ivt__1__1.A_1.B__1.F, ligand 1.F...
  Skipping (exists) 8ivt__1__1.A_1.B__1.F 1.F
Running vina for 8ivu__1__1.A_1.B__1.I, ligand 1.I...
  Skipping (exists) 8ivu__1__1.A_1.B__1.I 1.I
Running vina for 8iw3__1__1.A_1.B__1.C, ligand 1.C...
  Skipping (exists) 8iw3__1__1.A_1.B__1.C 1.C
Running vina for 8iw6__1__1.A_1.B__1.F, ligand 1.F...
  Skipping (exists) 8iw6__1__1.A_1.B__1.F 1.F
Running vina for 8ixq__1__1.B__1.E, ligand 1.E...
  Skipping (exists) 8ixq__1__1.B__1.E 1.E
Running vina for 8izc__1__1.A_1.B__1.I, ligand 1.I...
  Skipping (exists) 8izc__1__1.A_1.B__1.I 1.I
Running vina for 8j30__1__1.A__1.C, ligand 1.C...
  Skipping (exists) 8j30__1__1.A__1.C 1.C
Running vina for 8j40__1__1.A_2.A__1.D, ligand 1.D...
  Skipping (exists) 8j40__1__1.A_2.A__1.D 1.D
Running vina for 8j5e__1__1.A__1.B, ligand 1.B...
  Skipping (exists) 8j5e__1__1.A__1.B 1.B
Running vina for 8j5f__1__2.A__2.B, ligand 2.B...
  Skipping (exists) 8j5f__1__2.A__2.B 2.B
Running vina for 8j5x__1__1.A__1.B, ligand 1.B...
  Skipping (exists) 8j5x__1__1.A__1.B 1.B
Running vina for 8j6n__1__1.A_1.D__1.M, ligand 1.M...
  Skipping (exists) 8j6n__1__1.A_1.D__1.M 1.M
Running vina for 8j7j__1__1.A_1.B__1.C, ligand 1.C...
  Skipping (exists) 8j7j__1__1.A_1.B__1.C 1.C
Running vina for 8jb3__1__1.A__1.B, ligand 1.B...
  Skipping (log exists) 8jb3__1__1.A__1.B 1.B
Running vina for 8jby__1__1.A__1.C, ligand 1.C...
  Skipping (exists) 8jby__1__1.A__1.C 1.C
Running vina for 8jg8__1__1.A__1.B, ligand 1.B...
  Skipping (exists) 8jg8__1__1.A__1.B 1.B
Running vina for 8jjq__1__1.A__1.D, ligand 1.D...
  Skipping (exists) 8jjq__1__1.A__1.D 1.D
Running vina for 8jjt__1__1.A__1.D, ligand 1.D...
  Skipping (exists) 8jjt__1__1.A__1.D 1.D
Running Vina (ex=8):  88%|████████▊ | 1251/1426 [00:00<00:00, 12508.70it/s]Running vina for 8jmo__1__1.A__1.D, ligand 1.D...
  Skipping (exists) 8jmo__1__1.A__1.D 1.D
Running vina for 8jmp__1__1.A__1.D, ligand 1.D...
  Skipping (exists) 8jmp__1__1.A__1.D 1.D
Running vina for 8jot__1__1.A__1.B, ligand 1.B...
  Skipping (exists) 8jot__1__1.A__1.B 1.B
Running vina for 8jqz__1__1.A_2.B__1.C, ligand 1.C...
  Skipping (exists) 8jqz__1__1.A_2.B__1.C 1.C
Running vina for 8jt3__1__1.A_1.C__1.E, ligand 1.E...
  Skipping (exists) 8jt3__1__1.A_1.C__1.E 1.E
Running vina for 8ju9__1__1.A_2.A_4.A__1.B, ligand 1.B...
  Skipping (exists) 8ju9__1__1.A_2.A_4.A__1.B 1.B
Running vina for 8jub__1__1.A_1.B_1.D__1.E, ligand 1.E...
  Skipping (exists) 8jub__1__1.A_1.B_1.D__1.E 1.E
Running vina for 8jwy__1__1.A__1.B, ligand 1.B...
  Skipping (exists) 8jwy__1__1.A__1.B 1.B
Running vina for 8jya__1__1.B__1.G, ligand 1.G...
  Skipping (exists) 8jya__1__1.B__1.G 1.G
Running vina for 8jyc__1__1.A_1.B_1.C__1.T, ligand 1.T...
  Skipping (exists) 8jyc__1__1.A_1.B_1.C__1.T 1.T
Running vina for 8jye__1__1.A_1.B_1.D__1.P, ligand 1.P...
  Skipping (exists) 8jye__1__1.A_1.B_1.D__1.P 1.P
Running vina for 8jyf__1__1.B__1.F, ligand 1.F...
  Skipping (exists) 8jyf__1__1.B__1.F 1.F
Running vina for 8k2k__1__1.A__1.B, ligand 1.B...
  Skipping (exists) 8k2k__1__1.A__1.B 1.B
Running vina for 8k2m__1__1.A__1.B, ligand 1.B...
  Skipping (exists) 8k2m__1__1.A__1.B 1.B
Running vina for 8k4c__1__1.B__1.G, ligand 1.G...
  Skipping (exists) 8k4c__1__1.B__1.G 1.G
Running vina for 8k5y__1__1.A__1.H, ligand 1.H...
  Skipping (exists) 8k5y__1__1.A__1.H 1.H
Running vina for 8ki5__1__1.A__1.B, ligand 1.B...
  Skipping (exists) 8ki5__1__1.A__1.B 1.B
Running vina for 8og5__1__1.A__1.D, ligand 1.D...
  Skipping (exists) 8og5__1__1.A__1.D 1.D
Running vina for 8og8__1__1.A__1.B, ligand 1.B...
  Skipping (exists) 8og8__1__1.A__1.B 1.B
Running vina for 8og9__1__1.A__1.B, ligand 1.B...
  Skipping (exists) 8og9__1__1.A__1.B 1.B
Running vina for 8oiz__1__1.B__1.J, ligand 1.J...
  Skipping (exists) 8oiz__1__1.B__1.J 1.J
Running vina for 8oku__1__1.A_1.B__1.C, ligand 1.C...
  Skipping (exists) 8oku__1__1.A_1.B__1.C 1.C
Running vina for 8ol4__1__1.B_1.C__1.P, ligand 1.P...
  Skipping (exists) 8ol4__1__1.B_1.C__1.P 1.P
Running vina for 8ome__1__1.A_1.D__1.E, ligand 1.E...
  Skipping (exists) 8ome__1__1.A_1.D__1.E 1.E
Running vina for 8onn__1__1.A__1.F, ligand 1.F...
  Skipping (exists) 8onn__1__1.A__1.F 1.F
Running vina for 8ooj__1__1.B__1.H, ligand 1.H...
  Skipping (exists) 8ooj__1__1.B__1.H 1.H
Running vina for 8oov__1__1.A_1.B__1.D, ligand 1.D...
  Skipping (exists) 8oov__1__1.A_1.B__1.D 1.D
Running vina for 8opu__1__1.A_1.C_1.D__1.IA, ligand 1.IA...
  Skipping (exists) 8opu__1__1.A_1.C_1.D__1.IA 1.IA
Running vina for 8opv__1__1.B__1.Q, ligand 1.Q...
  Skipping (exists) 8opv__1__1.B__1.Q 1.Q
Running vina for 8oqm__1__1.B__1.N, ligand 1.N...
  Skipping (exists) 8oqm__1__1.B__1.N 1.N
Running vina for 8oqn__1__1.A_1.D__1.I, ligand 1.I...
  Skipping (exists) 8oqn__1__1.A_1.D__1.I 1.I
Running vina for 8oqp__1__1.D__1.PA, ligand 1.PA...
  Skipping (exists) 8oqp__1__1.D__1.PA 1.PA
Running vina for 8oqq__1__1.A__1.I, ligand 1.I...
  Skipping (exists) 8oqq__1__1.A__1.I 1.I
Running vina for 8oqs__1__1.C_1.D__1.OA, ligand 1.OA...
  Skipping (exists) 8oqs__1__1.C_1.D__1.OA 1.OA
Running vina for 8oqv__1__1.B__1.Q, ligand 1.Q...
  Skipping (exists) 8oqv__1__1.B__1.Q 1.Q
Running vina for 8orc__1__1.B__1.J, ligand 1.J...
  Skipping (exists) 8orc__1__1.B__1.J 1.J
Running vina for 8oru__1__1.A_1.B__1.M, ligand 1.M...
  Skipping (exists) 8oru__1__1.A_1.B__1.M 1.M
Running vina for 8otv__1__1.A_1.B__1.F, ligand 1.F...
  Skipping (exists) 8otv__1__1.A_1.B__1.F 1.F
Running vina for 8ou2__1__1.A__1.C, ligand 1.C...
  Skipping (exists) 8ou2__1__1.A__1.C 1.C
Running vina for 8ou3__1__1.A_1.C__1.E, ligand 1.E...
  Skipping (exists) 8ou3__1__1.A_1.C__1.E 1.E
Running vina for 8ou5__1__1.A_1.C__1.E, ligand 1.E...
  Skipping (exists) 8ou5__1__1.A_1.C__1.E 1.E
Running vina for 8ouu__1__1.A__1.F, ligand 1.F...
  Skipping (exists) 8ouu__1__1.A__1.F 1.F
Running vina for 8ov7__1__1.A__1.B, ligand 1.B...
  Skipping (exists) 8ov7__1__1.A__1.B 1.B
Running vina for 8ovr__1__1.A__1.B, ligand 1.B...
  Skipping (exists) 8ovr__1__1.A__1.B 1.B
Running vina for 8ow7__1__1.A_1.C__1.G, ligand 1.G...
  Skipping (exists) 8ow7__1__1.A_1.C__1.G 1.G
Running vina for 8ow9__1__1.A_1.B__1.G, ligand 1.G...
  Skipping (exists) 8ow9__1__1.A_1.B__1.G 1.G
Running vina for 8p0e__1__1.A__1.C, ligand 1.C...
  Skipping (exists) 8p0e__1__1.A__1.C 1.C
Running vina for 8p0m__1__1.C__1.L, ligand 1.L...
  Skipping (exists) 8p0m__1__1.C__1.L 1.L
Running vina for 8p0p__1__1.A__1.C, ligand 1.C...
  Skipping (exists) 8p0p__1__1.A__1.C 1.C
Running vina for 8p1e__1__1.D_1.E__1.P, ligand 1.P...
  Skipping (exists) 8p1e__1__1.D_1.E__1.P 1.P
Running vina for 8p1p__1__1.A__1.E, ligand 1.E...
  Skipping (exists) 8p1p__1__1.A__1.E 1.E
Running vina for 8p3e__1__1.B__1.F, ligand 1.F...
  Skipping (exists) 8p3e__1__1.B__1.F 1.F
Running vina for 8p44__1__1.A_1.B__1.E, ligand 1.E...
  Skipping (exists) 8p44__1__1.A_1.B__1.E 1.E
Running vina for 8p4z__1__1.A__1.C, ligand 1.C...
  Skipping (exists) 8p4z__1__1.A__1.C 1.C
Running vina for 8p5c__1__1.A_1.B__1.C, ligand 1.C...
  Skipping (exists) 8p5c__1__1.A_1.B__1.C 1.C
Running vina for 8paf__1__1.A_1.B__1.C, ligand 1.C...
  Skipping (exists) 8paf__1__1.A_1.B__1.C 1.C
Running vina for 8pbo__1__1.A__1.C, ligand 1.C...
  Skipping (exists) 8pbo__1__1.A__1.C 1.C
Running vina for 8pfl__1__1.A__1.C, ligand 1.C...
  Skipping (exists) 8pfl__1__1.A__1.C 1.C
Running vina for 8pj0__1__1.A_1.B__1.V, ligand 1.V...
  Skipping (exists) 8pj0__1__1.A_1.B__1.V 1.V
Running vina for 8pj7__1__1.A__1.B, ligand 1.B...
  Skipping (exists) 8pj7__1__1.A__1.B 1.B
Running vina for 8pji__1__1.A__1.E, ligand 1.E...
  Skipping (exists) 8pji__1__1.A__1.E 1.E
Running vina for 8pl6__1__1.A__1.C, ligand 1.C...
  Skipping (exists) 8pl6__1__1.A__1.C 1.C
Running vina for 8plb__1__1.A__1.D, ligand 1.D...
  Skipping (exists) 8plb__1__1.A__1.D 1.D
Running vina for 8ple__1__1.A__1.F, ligand 1.F...
  Skipping (exists) 8ple__1__1.A__1.F 1.F
Running vina for 8plp__1__2.B__2.F, ligand 2.F...
  Skipping (exists) 8plp__1__2.B__2.F 2.F
Running vina for 8plu__1__1.A__1.D, ligand 1.D...
  Skipping (exists) 8plu__1__1.A__1.D 1.D
Running vina for 8plw__1__2.B__2.G, ligand 2.G...
  Skipping (exists) 8plw__1__2.B__2.G 2.G
Running vina for 8plx__1__2.B__2.F, ligand 2.F...
  Skipping (exists) 8plx__1__2.B__2.F 2.F
Running vina for 8pom__1__1.A__1.C, ligand 1.C...
  Skipping (exists) 8pom__1__1.A__1.C 1.C
Running vina for 8pp0__1__1.A__1.C, ligand 1.C...
  Skipping (exists) 8pp0__1__1.A__1.C 1.C
Running vina for 8pp8__1__1.A__1.D, ligand 1.D...
  Skipping (exists) 8pp8__1__1.A__1.D 1.D
Running vina for 8ppf__1__1.A__1.D, ligand 1.D...
  Skipping (exists) 8ppf__1__1.A__1.D 1.D
Running vina for 8pq9__1__1.A__1.C, ligand 1.C...
  Skipping (exists) 8pq9__1__1.A__1.C 1.C
Running vina for 8pqa__1__1.A__1.C, ligand 1.C...
  Skipping (exists) 8pqa__1__1.A__1.C 1.C
Running vina for 8pqf__1__1.A__1.C, ligand 1.C...
  Skipping (exists) 8pqf__1__1.A__1.C 1.C
Running vina for 8pqq__1__1.B_1.D__1.J, ligand 1.J...
  Skipping (exists) 8pqq__1__1.B_1.D__1.J 1.J
Running vina for 8pqr__1__1.A_1.B_1.C__1.E, ligand 1.E...
  Skipping (exists) 8pqr__1__1.A_1.B_1.C__1.E 1.E
Running vina for 8px2__1__1.A__1.B, ligand 1.B...
  Skipping (exists) 8px2__1__1.A__1.B 1.B
Running vina for 8px8__1__1.A__1.D, ligand 1.D...
  Skipping (exists) 8px8__1__1.A__1.D 1.D
Running vina for 8pxt__1__1.C__1.L, ligand 1.L...
  Skipping (exists) 8pxt__1__1.C__1.L 1.L
Running vina for 8pyi__1__1.A__1.I, ligand 1.I...
  Skipping (exists) 8pyi__1__1.A__1.I 1.I
Running vina for 8pyn__1__1.A__1.B, ligand 1.B...
  Skipping (exists) 8pyn__1__1.A__1.B 1.B
Running vina for 8q0t__1__1.A__1.C, ligand 1.C...
  Skipping (exists) 8q0t__1__1.A__1.C 1.C
Running vina for 8q0u__1__1.A__1.D, ligand 1.D...
  Skipping (exists) 8q0u__1__1.A__1.D 1.D
Running vina for 8q17__1__1.A__1.F, ligand 1.F...
  Skipping (exists) 8q17__1__1.A__1.F 1.F
Running vina for 8q1m__1__1.A_1.B__1.G, ligand 1.G...
  Skipping (exists) 8q1m__1__1.A_1.B__1.G 1.G
Running vina for 8q2u__1__1.A__1.C, ligand 1.C...
  Skipping (exists) 8q2u__1__1.A__1.C 1.C
Running vina for 8q2w__1__1.A__1.C, ligand 1.C...
  Skipping (exists) 8q2w__1__1.A__1.C 1.C
Running vina for 8q2y__1__1.A__1.C, ligand 1.C...
  Skipping (exists) 8q2y__1__1.A__1.C 1.C
Running vina for 8q31__1__1.A__1.C, ligand 1.C...
  Skipping (exists) 8q31__1__1.A__1.C 1.C
Running vina for 8q34__1__1.A__1.F, ligand 1.F...
  Skipping (exists) 8q34__1__1.A__1.F 1.F
Running vina for 8qc4__1__1.A__1.C, ligand 1.C...
  Skipping (exists) 8qc4__1__1.A__1.C 1.C
Running vina for 8qdy__1__1.A_2.A__1.B, ligand 1.B...
  Skipping (exists) 8qdy__1__1.A_2.A__1.B 1.B
Running vina for 8qdz__1__1.A_2.A__2.B, ligand 2.B...
  Skipping (exists) 8qdz__1__1.A_2.A__2.B 2.B
Running vina for 8qe0__1__1.A_2.A__2.B, ligand 2.B...
  Skipping (exists) 8qe0__1__1.A_2.A__2.B 2.B
Running vina for 8qe1__1__1.A_2.A__1.B, ligand 1.B...
  Skipping (exists) 8qe1__1__1.A_2.A__1.B 1.B
Running vina for 8qe3__1__1.A_2.A__1.B, ligand 1.B...
  Skipping (exists) 8qe3__1__1.A_2.A__1.B 1.B
Running vina for 8qel__1__1.B__1.C, ligand 1.C...
  Skipping (exists) 8qel__1__1.B__1.C 1.C
Running vina for 8qhq__1__1.A_1.B__1.G, ligand 1.G...
  Skipping (exists) 8qhq__1__1.A_1.B__1.G 1.G
Running vina for 8qk2__1__1.A__1.D, ligand 1.D...
  Skipping (exists) 8qk2__1__1.A__1.D 1.D
Running vina for 8qk5__1__1.A__1.D, ligand 1.D...
  Skipping (exists) 8qk5__1__1.A__1.D 1.D
Running vina for 8qk9__1__1.A__1.D, ligand 1.D...
  Skipping (exists) 8qk9__1__1.A__1.D 1.D
Running vina for 8qka__1__1.A__1.D, ligand 1.D...
  Skipping (exists) 8qka__1__1.A__1.D 1.D
Running vina for 8qlr__1__1.B__1.F, ligand 1.F...
  Skipping (exists) 8qlr__1__1.B__1.F 1.F
Running vina for 8qnh__1__1.A__1.B, ligand 1.B...
  Skipping (exists) 8qnh__1__1.A__1.B 1.B
Running vina for 8qqg__1__1.A__1.D, ligand 1.D...
  Skipping (exists) 8qqg__1__1.A__1.D 1.D
Running vina for 8qqy__1__1.A__1.B, ligand 1.B...
  Skipping (exists) 8qqy__1__1.A__1.B 1.B
Running vina for 8qrt__1__1.B__1.F, ligand 1.F...
  Skipping (exists) 8qrt__1__1.B__1.F 1.F
Running vina for 8qtg__1__1.A__1.B, ligand 1.B...
  Skipping (exists) 8qtg__1__1.A__1.B 1.B
Running vina for 8qth__1__1.A__1.B, ligand 1.B...
  Skipping (exists) 8qth__1__1.A__1.B 1.B
Running vina for 8qtj__1__1.A__1.E, ligand 1.E...
  Skipping (exists) 8qtj__1__1.A__1.E 1.E
Running vina for 8qtl__1__1.A_1.B__1.G, ligand 1.G...
  Skipping (exists) 8qtl__1__1.A_1.B__1.G 1.G
Running vina for 8qyq__1__1.A__1.H, ligand 1.H...
  Skipping (exists) 8qyq__1__1.A__1.H 1.H
Running vina for 8r0i__1__1.A_2.A__1.D, ligand 1.D...
  Skipping (exists) 8r0i__1__1.A_2.A__1.D 1.D
Running vina for 8r11__1__1.A_1.B__1.C, ligand 1.C...
  Skipping (exists) 8r11__1__1.A_1.B__1.C 1.C
Running vina for 8r12__1__1.A_1.B__1.C, ligand 1.C...
  Skipping (exists) 8r12__1__1.A_1.B__1.C 1.C
Running vina for 8r1n__1__1.A__1.C, ligand 1.C...
  Skipping (exists) 8r1n__1__1.A__1.C 1.C
Running vina for 8r1p__1__1.A_1.B__1.C, ligand 1.C...
  Skipping (exists) 8r1p__1__1.A_1.B__1.C 1.C
Running vina for 8r3d__1__1.B_1.E__1.J, ligand 1.J...
  Skipping (exists) 8r3d__1__1.B_1.E__1.J 1.J
Running vina for 8r42__1__1.B__1.Q, ligand 1.Q...
  Skipping (exists) 8r42__1__1.B__1.Q 1.Q
Running vina for 8r4o__1__1.A__1.M, ligand 1.M...
  Skipping (exists) 8r4o__1__1.A__1.M 1.M
Running vina for 8r4u__1__1.A__1.I, ligand 1.I...
  Skipping (exists) 8r4u__1__1.A__1.I 1.I
Running vina for 8rcw__1__1.A__1.C, ligand 1.C...
  Skipping (exists) 8rcw__1__1.A__1.C 1.C
Running vina for 8rdk__1__1.A__1.D, ligand 1.D...
  Skipping (exists) 8rdk__1__1.A__1.D 1.D
Running vina for 8rkq__1__1.A__1.E, ligand 1.E...
  Skipping (exists) 8rkq__1__1.A__1.E 1.E
Running vina for 8s98__1__1.A__1.D, ligand 1.D...
  Skipping (exists) 8s98__1__1.A__1.D 1.D
Running vina for 8se5__1__1.A_1.B__1.H, ligand 1.H...
  Skipping (exists) 8se5__1__1.A_1.B__1.H 1.H
Running vina for 8se6__1__1.A_1.B__1.F, ligand 1.F...
  Skipping (exists) 8se6__1__1.A_1.B__1.F 1.F
Running vina for 8sge__1__1.A__1.H, ligand 1.H...
  Skipping (exists) 8sge__1__1.A__1.H 1.H
Running vina for 8sip__1__1.A_1.B__1.C, ligand 1.C...
  Skipping (exists) 8sip__1__1.A_1.B__1.C 1.C
Running vina for 8six__1__1.A__1.B, ligand 1.B...
  Skipping (exists) 8six__1__1.A__1.B 1.B
Running vina for 8skn__1__1.A__1.C, ligand 1.C...
  Skipping (exists) 8skn__1__1.A__1.C 1.C
Running vina for 8slg__1__1.A__1.C, ligand 1.C...
  Skipping (exists) 8slg__1__1.A__1.C 1.C
Running vina for 8smf__1__1.B_1.E__1.I, ligand 1.I...
  Skipping (exists) 8smf__1__1.B_1.E__1.I 1.I
Running vina for 8smg__1__1.B_2.A__1.C, ligand 1.C...
  Skipping (exists) 8smg__1__1.B_2.A__1.C 1.C
Running vina for 8sua__1__1.A__1.B, ligand 1.B...
  Skipping (log exists) 8sua__1__1.A__1.B 1.B
Running vina for 8sv9__1__1.A__1.C, ligand 1.C...
  Skipping (exists) 8sv9__1__1.A__1.C 1.C
Running vina for 8swe__1__1.A__1.E, ligand 1.E...
  Skipping (exists) 8swe__1__1.A__1.E 1.E
Running vina for 8swr__1__1.A_1.B__1.I, ligand 1.I...
  Skipping (exists) 8swr__1__1.A_1.B__1.I 1.I
Running vina for 8sx2__1__1.A__1.C, ligand 1.C...
  Skipping (exists) 8sx2__1__1.A__1.C 1.C
Running vina for 8sx4__1__1.A__1.C, ligand 1.C...
  Skipping (exists) 8sx4__1__1.A__1.C 1.C
Running vina for 8sxy__1__1.A__1.C, ligand 1.C...
  Skipping (exists) 8sxy__1__1.A__1.C 1.C
Running vina for 8sye__1__1.A__1.C, ligand 1.C...
  Skipping (exists) 8sye__1__1.A__1.C 1.C
Running vina for 8sz3__1__1.A_2.B__1.G, ligand 1.G...
  Skipping (exists) 8sz3__1__1.A_2.B__1.G 1.G
Running vina for 8sze__1__1.A__1.C, ligand 1.C...
  Skipping (exists) 8sze__1__1.A__1.C 1.C
Running vina for 8t1y__1__1.A__1.B, ligand 1.B...
  Skipping (exists) 8t1y__1__1.A__1.B 1.B
Running vina for 8t27__1__1.A__1.B, ligand 1.B...
  Skipping (exists) 8t27__1__1.A__1.B 1.B
Running vina for 8t9v__1__1.A__1.B, ligand 1.B...
  Skipping (exists) 8t9v__1__1.A__1.B 1.B
Running vina for 8tbs__1__1.A_1.B__1.M, ligand 1.M...
  Skipping (exists) 8tbs__1__1.A_1.B__1.M 1.M
Running vina for 8tbu__1__1.A_1.B__1.I, ligand 1.I...
  Skipping (exists) 8tbu__1__1.A_1.B__1.I 1.I
Running vina for 8tce__1__1.A__1.C, ligand 1.C...
  Skipping (exists) 8tce__1__1.A__1.C 1.C
Running vina for 8tjc__1__1.A__1.K, ligand 1.K...
  Skipping (exists) 8tjc__1__1.A__1.K 1.K
Running vina for 8tl8__1__1.A__1.C, ligand 1.C...
  Skipping (exists) 8tl8__1__1.A__1.C 1.C
Running vina for 8tn6__1__1.A__1.D, ligand 1.D...
  Skipping (exists) 8tn6__1__1.A__1.D 1.D
Running vina for 8tnb__1__1.A_1.C__1.F, ligand 1.F...
  Skipping (exists) 8tnb__1__1.A_1.C__1.F 1.F
Running vina for 8tnc__1__1.B__1.E, ligand 1.E...
  Skipping (exists) 8tnc__1__1.B__1.E 1.E
Running vina for 8tnd__1__1.B__1.F, ligand 1.F...
  Skipping (exists) 8tnd__1__1.B__1.F 1.F
Running vina for 8tqv__1__1.A__1.C, ligand 1.C...
  Skipping (exists) 8tqv__1__1.A__1.C 1.C
Running vina for 8ts9__1__1.A__1.C, ligand 1.C...
  Skipping (exists) 8ts9__1__1.A__1.C 1.C
Running vina for 8tsa__1__1.A__1.C, ligand 1.C...
  Skipping (exists) 8tsa__1__1.A__1.C 1.C
Running vina for 8tsd__1__1.A__1.C, ligand 1.C...
  Skipping (exists) 8tsd__1__1.A__1.C 1.C
Running vina for 8tti__1__1.A__1.E, ligand 1.E...
  Skipping (exists) 8tti__1__1.A__1.E 1.E
Running vina for 8ttz__1__2.B__2.GA, ligand 2.GA...
  Skipping (exists) 8ttz__1__2.B__2.GA 2.GA
Running vina for 8typ__1__1.A__1.C, ligand 1.C...
  Skipping (exists) 8typ__1__1.A__1.C 1.C
Running vina for 8u2e__1__1.A__1.B, ligand 1.B...
  Skipping (exists) 8u2e__1__1.A__1.B 1.B
Running vina for 8u2r__1__1.A__1.C, ligand 1.C...
  Skipping (exists) 8u2r__1__1.A__1.C 1.C
Running vina for 8u37__1__1.A__1.B, ligand 1.B...
  Skipping (exists) 8u37__1__1.A__1.B 1.B
Running vina for 8u4w__1__1.A__1.E, ligand 1.E...
  Skipping (exists) 8u4w__1__1.A__1.E 1.E
Running vina for 8u7w__1__1.A__1.C, ligand 1.C...
  Skipping (exists) 8u7w__1__1.A__1.C 1.C
Running vina for 8u7x__1__1.A__1.C, ligand 1.C...
  Skipping (exists) 8u7x__1__1.A__1.C 1.C
Running vina for 8u8j__1__1.A__1.B, ligand 1.B...
  Skipping (exists) 8u8j__1__1.A__1.B 1.B
Running vina for 8u8k__1__1.A__1.B, ligand 1.B...
  Skipping (exists) 8u8k__1__1.A__1.B 1.B
Running vina for 8u97__1__1.A__1.B, ligand 1.B...
  Skipping (exists) 8u97__1__1.A__1.B 1.B
Running Vina (ex=8): 100%|██████████| 1426/1426 [00:00<00:00, 12495.28it/s]
Running vina for 8uak__1__1.A__1.B, ligand 1.B...
  Skipping (exists) 8uak__1__1.A__1.B 1.B
Running vina for 8ufp__1__1.A_1.B__1.K, ligand 1.K...
  Skipping (exists) 8ufp__1__1.A_1.B__1.K 1.K
Running vina for 8ug1__1__1.B__1.H, ligand 1.H...
  Skipping (exists) 8ug1__1__1.B__1.H 1.H
Running vina for 8ug3__1__1.A_1.B__1.C, ligand 1.C...
  Skipping (exists) 8ug3__1__1.A_1.B__1.C 1.C
Running vina for 8ujy__1__1.B__1.D, ligand 1.D...
  Skipping (exists) 8ujy__1__1.B__1.D 1.D
Running vina for 8uk6__1__1.A__1.C, ligand 1.C...
  Skipping (exists) 8uk6__1__1.A__1.C 1.C
Running vina for 8uob__1__1.A__1.B, ligand 1.B...
  Skipping (exists) 8uob__1__1.A__1.B 1.B
Running vina for 8ur9__1__1.A_1.B__1.C, ligand 1.C...
  Skipping (exists) 8ur9__1__1.A_1.B__1.C 1.C
Running vina for 8usm__1__1.A__1.C, ligand 1.C...
  Skipping (exists) 8usm__1__1.A__1.C 1.C
Running vina for 8uuf__1__1.A__1.B, ligand 1.B...
  Skipping (exists) 8uuf__1__1.A__1.B 1.B
Running vina for 8uuu__1__1.A__1.B, ligand 1.B...
  Skipping (exists) 8uuu__1__1.A__1.B 1.B
Running vina for 8uuv__1__1.A__1.B, ligand 1.B...
  Skipping (exists) 8uuv__1__1.A__1.B 1.B
Running vina for 8ux7__1__1.B__1.I, ligand 1.I...
  Skipping (exists) 8ux7__1__1.B__1.I 1.I
Running vina for 8v2k__1__1.C_1.D__1.N, ligand 1.N...
  Skipping (exists) 8v2k__1__1.C_1.D__1.N 1.N
Running vina for 8v4a__1__1.C_1.D__1.M, ligand 1.M...
  Skipping (exists) 8v4a__1__1.C_1.D__1.M 1.M
Running vina for 8v4p__1__1.A__1.L, ligand 1.L...
  Skipping (exists) 8v4p__1__1.A__1.L 1.L
Running vina for 8v5g__1__1.A__1.D, ligand 1.D...
  Skipping (exists) 8v5g__1__1.A__1.D 1.D
Running vina for 8v8e__1__1.A__1.D, ligand 1.D...
  Skipping (exists) 8v8e__1__1.A__1.D 1.D
Running vina for 8v8j__1__1.A__1.F, ligand 1.F...
  Skipping (exists) 8v8j__1__1.A__1.F 1.F
Running vina for 8v9p__1__1.C_1.D__1.M, ligand 1.M...
  Skipping (exists) 8v9p__1__1.C_1.D__1.M 1.M
Running vina for 8w0b__1__1.A__1.D, ligand 1.D...
  Skipping (exists) 8w0b__1__1.A__1.D 1.D
Running vina for 8w0d__1__1.A__1.E, ligand 1.E...
  Skipping (exists) 8w0d__1__1.A__1.E 1.E
Running vina for 8w0j__1__1.A__1.D, ligand 1.D...
  Skipping (exists) 8w0j__1__1.A__1.D 1.D
Running vina for 8w0m__1__1.C__1.F, ligand 1.F...
  Skipping (exists) 8w0m__1__1.C__1.F 1.F
Running vina for 8w4s__1__1.A__1.D, ligand 1.D...
  Skipping (exists) 8w4s__1__1.A__1.D 1.D
Running vina for 8wd4__1__1.A__1.B, ligand 1.B...
  Skipping (exists) 8wd4__1__1.A__1.B 1.B
Running vina for 8wdx__1__1.A__1.B, ligand 1.B...
  Skipping (exists) 8wdx__1__1.A__1.B 1.B
Running vina for 8wjy__1__1.A__1.B, ligand 1.B...
  Skipping (exists) 8wjy__1__1.A__1.B 1.B
Running vina for 8wnj__1__1.A__1.F, ligand 1.F...
  Skipping (exists) 8wnj__1__1.A__1.F 1.F
Running vina for 8wo2__1__1.A__1.D, ligand 1.D...
  Skipping (exists) 8wo2__1__1.A__1.D 1.D
Running vina for 8wrj__1__1.A__1.B, ligand 1.B...
  Skipping (exists) 8wrj__1__1.A__1.B 1.B
Running vina for 8wsm__1__1.A__1.D, ligand 1.D...
  Skipping (exists) 8wsm__1__1.A__1.D 1.D
Running vina for 8wsw__1__1.A__1.E, ligand 1.E...
  Skipping (exists) 8wsw__1__1.A__1.E 1.E
Running vina for 8wzq__1__1.A__1.C, ligand 1.C...
  Skipping (exists) 8wzq__1__1.A__1.C 1.C
Running vina for 8x1a__1__1.A__1.B, ligand 1.B...
  Skipping (exists) 8x1a__1__1.A__1.B 1.B
Running vina for 8xfd__1__1.C_1.D__1.N, ligand 1.N...
  Skipping (exists) 8xfd__1__1.C_1.D__1.N 1.N
Running vina for 8xhd__1__1.A_1.B__1.C, ligand 1.C...
  Skipping (exists) 8xhd__1__1.A_1.B__1.C 1.C
Running vina for 8y33__1__1.A__1.B, ligand 1.B...
  Skipping (exists) 8y33__1__1.A__1.B 1.B
Running vina for 9eun__1__1.A__1.E, ligand 1.E...
  Skipping (exists) 9eun__1__1.A__1.E 1.E
Running vina for 9f40__1__1.A__1.Q, ligand 1.Q...
  Skipping (exists) 9f40__1__1.A__1.Q 1.Q
Running vina for 9f41__1__1.A__1.Q, ligand 1.Q...
  Skipping (exists) 9f41__1__1.A__1.Q 1.Q

Done! Success: 1425, Failed: 1
Output directory (base): /home/rquiroga/Datasets/runs-n-poses-datasets/autodock_vina_8

[2026-07-01 15:19:46] $ /home/rquiroga/anaconda3/envs/runs_n_poses/bin/python /home/rquiroga/github/runs-n-poses/scripts/03_run_vina.py --receptor-dir /home/rquiroga/Datasets/runs-n-poses-datasets/symmetry_receptors_pdbqt --ligand-dir /home/rquiroga/Datasets/runs-n-poses-datasets/symmetry_ligands_pdbqt --output-dir /home/rquiroga/Datasets/runs-n-poses-datasets/autodock_vina_32 --exhaustiveness 32 --threads 8 --executable vina --annotations /home/rquiroga/github/runs-n-poses/scripts/annotations_single_ligand_symmetry.csv --resume
Processing 1426 systems...
Running Vina (exhaustiveness=32) -> /home/rquiroga/Datasets/runs-n-poses-datasets/autodock_vina_32
Running Vina (ex=32):   0%|          | 0/1426 [00:00<?, ?it/s]Running vina for 5s9y__1__1.A__1.K, ligand 1.K...
  Skipping (exists) 5s9y__1__1.A__1.K 1.K
Running vina for 5s9z__1__1.A_1.B__1.R, ligand 1.R...
  Skipping (exists) 5s9z__1__1.A_1.B__1.R 1.R
Running vina for 5sau__1__1.A__1.B, ligand 1.B...
  Skipping (exists) 5sau__1__1.A__1.B 1.B
Running vina for 5sav__1__1.A__1.B, ligand 1.B...
  Skipping (exists) 5sav__1__1.A__1.B 1.B
Running vina for 5saw__1__1.A__1.B, ligand 1.B...
  Skipping (exists) 5saw__1__1.A__1.B 1.B
Running vina for 5sb2__1__1.A__1.G, ligand 1.G...
  Skipping (exists) 5sb2__1__1.A__1.G 1.G
Running vina for 5sdh__1__1.A_1.B__1.F, ligand 1.F...
  Skipping (exists) 5sdh__1__1.A_1.B__1.F 1.F
Running vina for 5sdu__1__1.A__1.G, ligand 1.G...
  Skipping (exists) 5sdu__1__1.A__1.G 1.G
Running vina for 5sdy__1__1.A__1.D, ligand 1.D...
  Skipping (exists) 5sdy__1__1.A__1.D 1.D
Running vina for 5se0__1__1.A__1.G, ligand 1.G...
  Skipping (exists) 5se0__1__1.A__1.G 1.G
Running vina for 5se2__1__1.A__1.G, ligand 1.G...
  Skipping (exists) 5se2__1__1.A__1.G 1.G
Running vina for 5se3__1__1.A__1.G, ligand 1.G...
  Skipping (exists) 5se3__1__1.A__1.G 1.G
Running vina for 5se5__1__1.A__1.G, ligand 1.G...
  Skipping (exists) 5se5__1__1.A__1.G 1.G
Running vina for 5se6__1__1.A__1.G, ligand 1.G...
  Skipping (exists) 5se6__1__1.A__1.G 1.G
Running vina for 5se8__1__1.A__1.G, ligand 1.G...
  Skipping (exists) 5se8__1__1.A__1.G 1.G
Running vina for 5se9__1__1.A__1.G, ligand 1.G...
  Skipping (exists) 5se9__1__1.A__1.G 1.G
Running vina for 5sea__1__1.A__1.G, ligand 1.G...
  Skipping (exists) 5sea__1__1.A__1.G 1.G
Running vina for 5seb__1__1.A__1.G, ligand 1.G...
  Skipping (exists) 5seb__1__1.A__1.G 1.G
Running vina for 5sec__1__1.A__1.G, ligand 1.G...
  Skipping (exists) 5sec__1__1.A__1.G 1.G
Running vina for 5see__1__1.A__1.E, ligand 1.E...
  Skipping (exists) 5see__1__1.A__1.E 1.E
Running vina for 5seh__1__1.A__1.G, ligand 1.G...
  Skipping (exists) 5seh__1__1.A__1.G 1.G
Running vina for 5sek__1__1.A__1.G, ligand 1.G...
  Skipping (exists) 5sek__1__1.A__1.G 1.G
Running vina for 5sel__1__1.A__1.G, ligand 1.G...
  Skipping (exists) 5sel__1__1.A__1.G 1.G
Running vina for 5sem__1__1.A__1.G, ligand 1.G...
  Skipping (exists) 5sem__1__1.A__1.G 1.G
Running vina for 5sen__1__1.A__1.G, ligand 1.G...
  Skipping (exists) 5sen__1__1.A__1.G 1.G
Running vina for 5seo__1__1.A__1.G, ligand 1.G...
  Skipping (exists) 5seo__1__1.A__1.G 1.G
Running vina for 5sex__1__1.A__1.G, ligand 1.G...
  Skipping (exists) 5sex__1__1.A__1.G 1.G
Running vina for 5sez__1__1.A__1.G, ligand 1.G...
  Skipping (exists) 5sez__1__1.A__1.G 1.G
Running vina for 5sf0__1__1.A__1.G, ligand 1.G...
  Skipping (exists) 5sf0__1__1.A__1.G 1.G
Running vina for 5sf1__1__1.A__1.E, ligand 1.E...
  Skipping (exists) 5sf1__1__1.A__1.E 1.E
Running vina for 5sf4__1__1.A__1.G, ligand 1.G...
  Skipping (exists) 5sf4__1__1.A__1.G 1.G
Running vina for 5sf7__1__1.A__1.G, ligand 1.G...
  Skipping (exists) 5sf7__1__1.A__1.G 1.G
Running vina for 5sfc__1__1.A__1.G, ligand 1.G...
  Skipping (exists) 5sfc__1__1.A__1.G 1.G
Running vina for 5sfd__1__1.A__1.G, ligand 1.G...
  Skipping (exists) 5sfd__1__1.A__1.G 1.G
Running vina for 5sfg__1__1.A__1.G, ligand 1.G...
  Skipping (exists) 5sfg__1__1.A__1.G 1.G
Running vina for 5sfh__1__1.A__1.G, ligand 1.G...
  Skipping (exists) 5sfh__1__1.A__1.G 1.G
Running vina for 5sfl__1__1.A__1.G, ligand 1.G...
  Skipping (exists) 5sfl__1__1.A__1.G 1.G
Running vina for 5sfn__1__1.A__1.G, ligand 1.G...
  Skipping (exists) 5sfn__1__1.A__1.G 1.G
Running vina for 5sfo__1__1.A__1.G, ligand 1.G...
  Skipping (exists) 5sfo__1__1.A__1.G 1.G
Running vina for 5sfp__1__1.A__1.G, ligand 1.G...
  Skipping (exists) 5sfp__1__1.A__1.G 1.G
Running vina for 5sfr__1__1.A__1.G, ligand 1.G...
  Skipping (exists) 5sfr__1__1.A__1.G 1.G
Running vina for 5sfx__1__1.A__1.G, ligand 1.G...
  Skipping (exists) 5sfx__1__1.A__1.G 1.G
Running vina for 5sfy__1__1.A__1.G, ligand 1.G...
  Skipping (exists) 5sfy__1__1.A__1.G 1.G
Running vina for 5sg0__1__1.A__1.G, ligand 1.G...
  Skipping (exists) 5sg0__1__1.A__1.G 1.G
Running vina for 5sg5__1__1.A__1.G, ligand 1.G...
  Skipping (exists) 5sg5__1__1.A__1.G 1.G
Running vina for 5sg6__1__1.A__1.G, ligand 1.G...
  Skipping (exists) 5sg6__1__1.A__1.G 1.G
Running vina for 5sg9__1__1.A__1.G, ligand 1.G...
  Skipping (exists) 5sg9__1__1.A__1.G 1.G
Running vina for 5sgg__1__1.A__1.G, ligand 1.G...
  Skipping (exists) 5sgg__1__1.A__1.G 1.G
Running vina for 5sgh__1__1.A__1.G, ligand 1.G...
  Skipping (exists) 5sgh__1__1.A__1.G 1.G
Running vina for 5sgk__1__1.A__1.G, ligand 1.G...
  Skipping (exists) 5sgk__1__1.A__1.G 1.G
Running vina for 5sgl__1__1.A__1.G, ligand 1.G...
  Skipping (exists) 5sgl__1__1.A__1.G 1.G
Running vina for 5sgm__1__1.A__1.D, ligand 1.D...
  Skipping (exists) 5sgm__1__1.A__1.D 1.D
Running vina for 5sgp__1__1.A__1.H, ligand 1.H...
  Skipping (exists) 5sgp__1__1.A__1.H 1.H
Running vina for 5sgr__1__1.A__1.G, ligand 1.G...
  Skipping (exists) 5sgr__1__1.A__1.G 1.G
Running vina for 5sgs__1__1.A__1.G, ligand 1.G...
  Skipping (exists) 5sgs__1__1.A__1.G 1.G
Running vina for 5sgt__1__1.A__1.G, ligand 1.G...
  Skipping (exists) 5sgt__1__1.A__1.G 1.G
Running vina for 5sgu__1__1.A__1.G, ligand 1.G...
  Skipping (exists) 5sgu__1__1.A__1.G 1.G
Running vina for 5sgw__1__1.A__1.G, ligand 1.G...
  Skipping (exists) 5sgw__1__1.A__1.G 1.G
Running vina for 5sgx__1__1.A__1.G, ligand 1.G...
  Skipping (exists) 5sgx__1__1.A__1.G 1.G
Running vina for 5sgz__1__1.A__1.G, ligand 1.G...
  Skipping (exists) 5sgz__1__1.A__1.G 1.G
Running vina for 5sh0__1__1.A__1.G, ligand 1.G...
  Skipping (exists) 5sh0__1__1.A__1.G 1.G
Running vina for 5sh1__1__1.A__1.G, ligand 1.G...
  Skipping (exists) 5sh1__1__1.A__1.G 1.G
Running vina for 5sh2__1__1.A__1.G, ligand 1.G...
  Skipping (exists) 5sh2__1__1.A__1.G 1.G
Running vina for 5sh6__1__1.A__1.G, ligand 1.G...
  Skipping (exists) 5sh6__1__1.A__1.G 1.G
Running vina for 5sh8__1__1.A__1.E, ligand 1.E...
  Skipping (exists) 5sh8__1__1.A__1.E 1.E
Running vina for 5shc__1__1.A__1.G, ligand 1.G...
  Skipping (exists) 5shc__1__1.A__1.G 1.G
Running vina for 5shf__1__1.A__1.G, ligand 1.G...
  Skipping (exists) 5shf__1__1.A__1.G 1.G
Running vina for 5shg__1__1.A__1.G, ligand 1.G...
  Skipping (exists) 5shg__1__1.A__1.G 1.G
Running vina for 5shh__1__1.A__1.G, ligand 1.G...
  Skipping (exists) 5shh__1__1.A__1.G 1.G
Running vina for 5shi__1__1.A__1.E, ligand 1.E...
  Skipping (exists) 5shi__1__1.A__1.E 1.E
Running vina for 5shk__1__1.A__1.G, ligand 1.G...
  Skipping (exists) 5shk__1__1.A__1.G 1.G
Running vina for 5shp__1__1.A__1.G, ligand 1.G...
  Skipping (exists) 5shp__1__1.A__1.G 1.G
Running vina for 5shr__1__1.A__1.G, ligand 1.G...
  Skipping (exists) 5shr__1__1.A__1.G 1.G
Running vina for 5shu__1__1.A__1.G, ligand 1.G...
  Skipping (exists) 5shu__1__1.A__1.G 1.G
Running vina for 5shw__1__1.A__1.G, ligand 1.G...
  Skipping (exists) 5shw__1__1.A__1.G 1.G
Running vina for 5shx__1__1.A__1.G, ligand 1.G...
  Skipping (exists) 5shx__1__1.A__1.G 1.G
Running vina for 5si3__1__1.A__1.E, ligand 1.E...
  Skipping (exists) 5si3__1__1.A__1.E 1.E
Running vina for 5si5__1__1.A__1.G, ligand 1.G...
  Skipping (exists) 5si5__1__1.A__1.G 1.G
Running vina for 5si6__1__1.A__1.G, ligand 1.G...
  Skipping (exists) 5si6__1__1.A__1.G 1.G
Running vina for 5si7__1__1.A__1.G, ligand 1.G...
  Skipping (exists) 5si7__1__1.A__1.G 1.G
Running vina for 5si8__1__1.A__1.G, ligand 1.G...
  Skipping (exists) 5si8__1__1.A__1.G 1.G
Running vina for 5si9__1__1.A__1.G, ligand 1.G...
  Skipping (exists) 5si9__1__1.A__1.G 1.G
Running vina for 5sie__1__1.A__1.G, ligand 1.G...
  Skipping (exists) 5sie__1__1.A__1.G 1.G
Running vina for 5sif__1__1.A__1.I, ligand 1.I...
  Skipping (exists) 5sif__1__1.A__1.I 1.I
Running vina for 5sig__1__1.A__1.G, ligand 1.G...
  Skipping (exists) 5sig__1__1.A__1.G 1.G
Running vina for 5sih__1__1.A__1.H, ligand 1.H...
  Skipping (exists) 5sih__1__1.A__1.H 1.H
Running vina for 5sio__1__1.A__1.H, ligand 1.H...
  Skipping (exists) 5sio__1__1.A__1.H 1.H
Running vina for 5sip__1__1.A__1.G, ligand 1.G...
  Skipping (exists) 5sip__1__1.A__1.G 1.G
Running vina for 5siq__1__1.A__1.H, ligand 1.H...
  Skipping (exists) 5siq__1__1.A__1.H 1.H
Running vina for 5sir__1__1.A__1.G, ligand 1.G...
  Skipping (exists) 5sir__1__1.A__1.G 1.G
Running vina for 5siy__1__1.A__1.G, ligand 1.G...
  Skipping (exists) 5siy__1__1.A__1.G 1.G
Running vina for 5siz__1__1.A__1.G, ligand 1.G...
  Skipping (exists) 5siz__1__1.A__1.G 1.G
Running vina for 5sj1__1__1.A__1.G, ligand 1.G...
  Skipping (exists) 5sj1__1__1.A__1.G 1.G
Running vina for 5sj7__1__1.A__1.G, ligand 1.G...
  Skipping (exists) 5sj7__1__1.A__1.G 1.G
Running vina for 5sj8__1__1.A__1.G, ligand 1.G...
  Skipping (exists) 5sj8__1__1.A__1.G 1.G
Running vina for 5sjb__1__1.A__1.G, ligand 1.G...
  Skipping (exists) 5sjb__1__1.A__1.G 1.G
Running vina for 5sjc__1__1.A__1.F, ligand 1.F...
  Skipping (exists) 5sjc__1__1.A__1.F 1.F
Running vina for 5sjf__1__1.A__1.H, ligand 1.H...
  Skipping (exists) 5sjf__1__1.A__1.H 1.H
Running vina for 5sjg__1__1.A__1.G, ligand 1.G...
  Skipping (exists) 5sjg__1__1.A__1.G 1.G
Running vina for 5sjl__1__1.A__1.G, ligand 1.G...
  Skipping (exists) 5sjl__1__1.A__1.G 1.G
Running vina for 5sjo__1__1.A__1.H, ligand 1.H...
  Skipping (exists) 5sjo__1__1.A__1.H 1.H
Running vina for 5sjt__1__1.A__1.H, ligand 1.H...
  Skipping (exists) 5sjt__1__1.A__1.H 1.H
Running vina for 5sju__1__1.A__1.G, ligand 1.G...
  Skipping (exists) 5sju__1__1.A__1.G 1.G
Running vina for 5sjv__1__1.A__1.G, ligand 1.G...
  Skipping (exists) 5sjv__1__1.A__1.G 1.G
Running vina for 5sjw__1__1.A__1.I, ligand 1.I...
  Skipping (exists) 5sjw__1__1.A__1.I 1.I
Running vina for 5sk0__1__1.A__1.G, ligand 1.G...
  Skipping (exists) 5sk0__1__1.A__1.G 1.G
Running vina for 5sk4__1__1.A__1.G, ligand 1.G...
  Skipping (exists) 5sk4__1__1.A__1.G 1.G
Running vina for 5sk5__1__1.A__1.H, ligand 1.H...
  Skipping (exists) 5sk5__1__1.A__1.H 1.H
Running vina for 5sk6__1__1.A__1.G, ligand 1.G...
  Skipping (exists) 5sk6__1__1.A__1.G 1.G
Running vina for 5sk9__1__1.A__1.G, ligand 1.G...
  Skipping (exists) 5sk9__1__1.A__1.G 1.G
Running vina for 5skd__1__1.A__1.G, ligand 1.G...
  Skipping (exists) 5skd__1__1.A__1.G 1.G
Running vina for 5ske__1__1.A__1.G, ligand 1.G...
  Skipping (exists) 5ske__1__1.A__1.G 1.G
Running vina for 5skf__1__1.A__1.I, ligand 1.I...
  Skipping (exists) 5skf__1__1.A__1.I 1.I
Running vina for 5skg__1__1.A__1.G, ligand 1.G...
  Skipping (exists) 5skg__1__1.A__1.G 1.G
Running vina for 5skh__1__1.A__1.H, ligand 1.H...
  Skipping (exists) 5skh__1__1.A__1.H 1.H
Running vina for 5ski__1__1.A__1.G, ligand 1.G...
  Skipping (exists) 5ski__1__1.A__1.G 1.G
Running vina for 5skl__1__1.A__1.G, ligand 1.G...
  Skipping (exists) 5skl__1__1.A__1.G 1.G
Running vina for 5skm__1__1.A__1.G, ligand 1.G...
  Skipping (exists) 5skm__1__1.A__1.G 1.G
Running vina for 5sko__1__1.A__1.G, ligand 1.G...
  Skipping (exists) 5sko__1__1.A__1.G 1.G
Running vina for 5skr__1__1.A__1.G, ligand 1.G...
  Skipping (exists) 5skr__1__1.A__1.G 1.G
Running vina for 5skt__1__1.A__1.G, ligand 1.G...
  Skipping (exists) 5skt__1__1.A__1.G 1.G
Running vina for 5sku__1__1.A__1.G, ligand 1.G...
  Skipping (exists) 5sku__1__1.A__1.G 1.G
Running vina for 5slg__1__1.A__1.G, ligand 1.G...
  Skipping (exists) 5slg__1__1.A__1.G 1.G
Running vina for 6th4__1__1.C_1.D__1.T, ligand 1.T...
  Skipping (exists) 6th4__1__1.C_1.D__1.T 1.T
Running vina for 6xqr__1__1.B__1.E, ligand 1.E...
  Skipping (exists) 6xqr__1__1.B__1.E 1.E
Running vina for 6z48__1__1.B__1.J, ligand 1.J...
  Skipping (exists) 6z48__1__1.B__1.J 1.J
Running vina for 6zfz__1__1.A__1.B, ligand 1.B...
  Skipping (exists) 6zfz__1__1.A__1.B 1.B
Running vina for 6zg4__1__1.A__1.B, ligand 1.B...
  Skipping (exists) 6zg4__1__1.A__1.B 1.B
Running vina for 6zg9__1__1.A__1.B, ligand 1.B...
  Skipping (exists) 6zg9__1__1.A__1.B 1.B
Running vina for 6zx1__1__1.A_2.A__1.B, ligand 1.B...
  Skipping (exists) 6zx1__1__1.A_2.A__1.B 1.B
Running vina for 7a4q__1__1.A__1.B, ligand 1.B...
  Skipping (exists) 7a4q__1__1.A__1.B 1.B
Running vina for 7abj__1__1.A__1.T, ligand 1.T...
  Skipping (exists) 7abj__1__1.A__1.T 1.T
Running vina for 7ait__1__1.A__1.C, ligand 1.C...
  Skipping (exists) 7ait__1__1.A__1.C 1.C
Running vina for 7aiu__1__1.A__1.H, ligand 1.H...
  Skipping (exists) 7aiu__1__1.A__1.H 1.H
Running vina for 7aiw__1__2.B__2.M, ligand 2.M...
  Skipping (exists) 7aiw__1__2.B__2.M 2.M
Running vina for 7an8__1__1.B__1.E, ligand 1.E...
  Skipping (exists) 7an8__1__1.B__1.E 1.E
Running vina for 7ana__1__1.A__1.C, ligand 1.C...
  Skipping (exists) 7ana__1__1.A__1.C 1.C
Running vina for 7au4__1__1.A_2.A__2.D, ligand 2.D...
  Skipping (exists) 7au4__1__1.A_2.A__2.D 2.D
Running vina for 7ay9__1__1.A__1.I, ligand 1.I...
  Skipping (exists) 7ay9__1__1.A__1.I 1.I
Running vina for 7ayz__1__1.A__1.D, ligand 1.D...
  Skipping (exists) 7ayz__1__1.A__1.D 1.D
Running vina for 7b2u__1__1.A_1.B__1.C, ligand 1.C...
  Skipping (exists) 7b2u__1__1.A_1.B__1.C 1.C
Running vina for 7b3g__1__1.A__1.I, ligand 1.I...
  Skipping (exists) 7b3g__1__1.A__1.I 1.I
Running vina for 7b3h__1__1.A__1.H, ligand 1.H...
  Skipping (exists) 7b3h__1__1.A__1.H 1.H
Running vina for 7b3i__1__1.A__1.I, ligand 1.I...
  Skipping (exists) 7b3i__1__1.A__1.I 1.I
Running vina for 7b3p__1__1.A__1.G, ligand 1.G...
  Skipping (exists) 7b3p__1__1.A__1.G 1.G
Running vina for 7b3x__1__1.A__1.F, ligand 1.F...
  Skipping (exists) 7b3x__1__1.A__1.F 1.F
Running vina for 7b4x__1__1.A__1.M, ligand 1.M...
  Skipping (exists) 7b4x__1__1.A__1.M 1.M
Running vina for 7b6v__1__1.C_1.D__1.Y, ligand 1.Y...
  Skipping (exists) 7b6v__1__1.C_1.D__1.Y 1.Y
Running vina for 7b77__1__1.A_2.A__1.F, ligand 1.F...
  Skipping (exists) 7b77__1__1.A_2.A__1.F 1.F
Running vina for 7b87__1__1.A__1.N, ligand 1.N...
  Skipping (exists) 7b87__1__1.A__1.N 1.N
Running vina for 7b89__1__1.A__1.D, ligand 1.D...
  Skipping (exists) 7b89__1__1.A__1.D 1.D
Running vina for 7b8a__1__1.A__1.F, ligand 1.F...
  Skipping (exists) 7b8a__1__1.A__1.F 1.F
Running vina for 7bc9__1__1.A__1.J, ligand 1.J...
  Skipping (exists) 7bc9__1__1.A__1.J 1.J
Running vina for 7bcf__1__1.A__1.H, ligand 1.H...
  Skipping (exists) 7bcf__1__1.A__1.H 1.H
Running vina for 7bdd__1__1.A__1.G, ligand 1.G...
  Skipping (exists) 7bdd__1__1.A__1.G 1.G
Running vina for 7bis__1__1.A_2.A__2.F, ligand 2.F...
  Skipping (exists) 7bis__1__1.A_2.A__2.F 2.F
Running vina for 7bk9__1__1.A_2.A__2.F, ligand 2.F...
  Skipping (exists) 7bk9__1__1.A_2.A__2.F 2.F
Running vina for 7blw__1__1.A__1.F, ligand 1.F...
  Skipping (exists) 7blw__1__1.A__1.F 1.F
Running vina for 7bm7__1__1.A__1.F, ligand 1.F...
  Skipping (exists) 7bm7__1__1.A__1.F 1.F
Running vina for 7bn5__1__1.A__1.G, ligand 1.G...
  Skipping (exists) 7bn5__1__1.A__1.G 1.G
Running vina for 7bn8__1__1.A__1.G, ligand 1.G...
  Skipping (exists) 7bn8__1__1.A__1.G 1.G
Running vina for 7bnc__1__1.A__1.K, ligand 1.K...
  Skipping (exists) 7bnc__1__1.A__1.K 1.K
Running vina for 7bo7__1__1.A__1.C, ligand 1.C...
  Skipping (exists) 7bo7__1__1.A__1.C 1.C
Running vina for 7dcw__1__1.A_1.B__1.D, ligand 1.D...
  Skipping (exists) 7dcw__1__1.A_1.B__1.D 1.D
Running vina for 7dg4__1__1.A__1.B, ligand 1.B...
  Skipping (exists) 7dg4__1__1.A__1.B 1.B
Running vina for 7dh3__1__1.A__1.B, ligand 1.B...
  Skipping (exists) 7dh3__1__1.A__1.B 1.B
Running vina for 7dh9__1__1.A__1.B, ligand 1.B...
  Skipping (exists) 7dh9__1__1.A__1.B 1.B
Running vina for 7dhn__1__1.A__1.B, ligand 1.B...
  Skipping (exists) 7dhn__1__1.A__1.B 1.B
Running vina for 7di7__1__1.A__1.D, ligand 1.D...
  Skipping (exists) 7di7__1__1.A__1.D 1.D
Running vina for 7dji__1__1.D_1.E__1.L, ligand 1.L...
  Skipping (exists) 7dji__1__1.D_1.E__1.L 1.L
Running vina for 7dml__1__1.A__1.E, ligand 1.E...
  Skipping (log exists) 7dml__1__1.A__1.E 1.E
Running vina for 7dnn__1__1.A_1.B__1.E, ligand 1.E...
  Skipping (exists) 7dnn__1__1.A_1.B__1.E 1.E
Running vina for 7dow__1__1.A_1.B__1.C, ligand 1.C...
  Skipping (exists) 7dow__1__1.A_1.B__1.C 1.C
Running vina for 7doy__1__1.A_1.B__1.E, ligand 1.E...
  Skipping (exists) 7doy__1__1.A_1.B__1.E 1.E
Running vina for 7du9__1__1.A_1.B__1.D, ligand 1.D...
  Skipping (exists) 7du9__1__1.A_1.B__1.D 1.D
Running vina for 7dua__1__1.B__1.D, ligand 1.D...
  Skipping (exists) 7dua__1__1.B__1.D 1.D
Running vina for 7dvb__1__1.A__1.E, ligand 1.E...
  Skipping (exists) 7dvb__1__1.A__1.E 1.E
Running vina for 7dxl__1__1.A__1.C, ligand 1.C...
  Skipping (exists) 7dxl__1__1.A__1.C 1.C
Running vina for 7e1n__1__1.A_1.B__1.D, ligand 1.D...
  Skipping (exists) 7e1n__1__1.A_1.B__1.D 1.D
Running vina for 7e5f__1__1.A_2.A__2.B, ligand 2.B...
  Skipping (exists) 7e5f__1__1.A_2.A__2.B 2.B
Running vina for 7e5g__1__1.A_2.A__2.B, ligand 2.B...
  Skipping (exists) 7e5g__1__1.A_2.A__2.B 2.B
Running vina for 7eba__1__1.A__1.C, ligand 1.C...
  Skipping (exists) 7eba__1__1.A__1.C 1.C
Running vina for 7ee5__1__1.A__1.H, ligand 1.H...
  Skipping (exists) 7ee5__1__1.A__1.H 1.H
Running vina for 7ei4__1__1.A_1.B_1.C__1.F, ligand 1.F...
  Skipping (exists) 7ei4__1__1.A_1.B_1.C__1.F 1.F
Running vina for 7ejv__1__1.B__1.D, ligand 1.D...
  Skipping (exists) 7ejv__1__1.B__1.D 1.D
Running vina for 7ekr__1__1.A__1.C, ligand 1.C...
  Skipping (exists) 7ekr__1__1.A__1.C 1.C
Running vina for 7elt__1__2.A__2.B, ligand 2.B...
  Skipping (exists) 7elt__1__2.A__2.B 2.B
Running vina for 7ems__1__1.A__1.D, ligand 1.D...
  Skipping (exists) 7ems__1__1.A__1.D 1.D
Running vina for 7en5__1__1.A_3.A_4.A__3.B, ligand 3.B...
  Skipping (exists) 7en5__1__1.A_3.A_4.A__3.B 3.B
Running vina for 7en7__1__1.A_2.A_4.A__2.B, ligand 2.B...
  Skipping (exists) 7en7__1__1.A_2.A_4.A__2.B 2.B
Running vina for 7en9__1__1.A_2.A__2.B, ligand 2.B...
  Skipping (exists) 7en9__1__1.A_2.A__2.B 2.B
Running vina for 7end__1__1.A_2.A__2.B, ligand 2.B...
  Skipping (exists) 7end__1__1.A_2.A__2.B 2.B
Running vina for 7ene__1__1.A_1.B__1.E, ligand 1.E...
  Skipping (exists) 7ene__1__1.A_1.B__1.E 1.E
Running vina for 7er2__1__1.A__1.B, ligand 1.B...
  Skipping (exists) 7er2__1__1.A__1.B 1.B
Running vina for 7es1__1__1.A__1.C, ligand 1.C...
  Skipping (exists) 7es1__1__1.A__1.C 1.C
Running vina for 7eue__1__1.B__1.F, ligand 1.F...
  Skipping (exists) 7eue__1__1.B__1.F 1.F
Running vina for 7exu__1__1.A__1.C, ligand 1.C...
  Skipping (exists) 7exu__1__1.A__1.C 1.C
Running vina for 7ezf__1__1.B__1.G, ligand 1.G...
  Skipping (exists) 7ezf__1__1.B__1.G 1.G
Running vina for 7ezp__1__1.D__1.L, ligand 1.L...
  Skipping (exists) 7ezp__1__1.D__1.L 1.L
Running vina for 7ezr__1__1.B__1.G, ligand 1.G...
  Skipping (exists) 7ezr__1__1.B__1.G 1.G
Running vina for 7f06__1__1.A__1.C, ligand 1.C...
  Skipping (exists) 7f06__1__1.A__1.C 1.C
Running vina for 7f10__1__1.B__1.C, ligand 1.C...
  Skipping (exists) 7f10__1__1.B__1.C 1.C
Running vina for 7f14__1__1.B__1.D, ligand 1.D...
  Skipping (exists) 7f14__1__1.B__1.D 1.D
Running vina for 7f1u__1__1.A_1.B__1.E, ligand 1.E...
  Skipping (exists) 7f1u__1__1.A_1.B__1.E 1.E
Running vina for 7f1v__1__1.C_1.D__1.F, ligand 1.F...
  Skipping (exists) 7f1v__1__1.C_1.D__1.F 1.F
Running vina for 7f35__1__1.A_1.B__1.G, ligand 1.G...
  Skipping (exists) 7f35__1__1.A_1.B__1.G 1.G
Running vina for 7f42__1__1.B__1.C, ligand 1.C...
  Skipping (exists) 7f42__1__1.B__1.C 1.C
Running vina for 7f51__1__1.A__1.C, ligand 1.C...
  Skipping (exists) 7f51__1__1.A__1.C 1.C
Running vina for 7f6w__1__2.A__2.B, ligand 2.B...
  Skipping (exists) 7f6w__1__2.A__2.B 2.B
Running vina for 7f7d__1__2.A__2.B, ligand 2.B...
  Skipping (exists) 7f7d__1__2.A__2.B 2.B
Running vina for 7f83__1__1.B__1.J, ligand 1.J...
  Skipping (exists) 7f83__1__1.B__1.J 1.J
Running vina for 7f8u__1__1.A__1.B, ligand 1.B...
  Skipping (exists) 7f8u__1__1.A__1.B 1.B
Running vina for 7fai__1__1.A__1.E, ligand 1.E...
  Skipping (exists) 7fai__1__1.A__1.E 1.E
Running vina for 7faj__1__1.A__1.E, ligand 1.E...
  Skipping (exists) 7faj__1__1.A__1.E 1.E
Running vina for 7fak__1__1.A__1.B, ligand 1.B...
  Skipping (exists) 7fak__1__1.A__1.B 1.B
Running vina for 7fcz__1__2.B__2.D, ligand 2.D...
  Skipping (exists) 7fcz__1__2.B__2.D 2.D
Running vina for 7fd0__1__1.A__1.C, ligand 1.C...
  Skipping (exists) 7fd0__1__1.A__1.C 1.C
Running vina for 7fd6__1__1.A__1.B, ligand 1.B...
  Skipping (exists) 7fd6__1__1.A__1.B 1.B
Running vina for 7fee__1__1.A__1.D, ligand 1.D...
  Skipping (exists) 7fee__1__1.A__1.D 1.D
Running vina for 7fee__1__1.A__1.E, ligand 1.E...
  Skipping (exists) 7fee__1__1.A__1.E 1.E
Running vina for 7fgc__1__1.B__1.E, ligand 1.E...
  Skipping (exists) 7fgc__1__1.B__1.E 1.E
Running vina for 7fgd__1__1.B__1.E, ligand 1.E...
  Skipping (exists) 7fgd__1__1.B__1.E 1.E
Running vina for 7fha__1__1.A__1.C, ligand 1.C...
  Skipping (exists) 7fha__1__1.A__1.C 1.C
Running vina for 7fhb__1__1.A__1.B, ligand 1.B...
  Skipping (exists) 7fhb__1__1.A__1.B 1.B
Running vina for 7fmg__1__1.A__1.C, ligand 1.C...
  Skipping (exists) 7fmg__1__1.A__1.C 1.C
Running vina for 7fnt__1__1.B__1.C, ligand 1.C...
  Skipping (exists) 7fnt__1__1.B__1.C 1.C
Running vina for 7fsd__1__1.A__1.I, ligand 1.I...
  Skipping (exists) 7fsd__1__1.A__1.I 1.I
Running vina for 7fti__1__1.A__1.C, ligand 1.C...
  Skipping (exists) 7fti__1__1.A__1.C 1.C
Running vina for 7ftm__1__1.A__1.C, ligand 1.C...
  Skipping (exists) 7ftm__1__1.A__1.C 1.C
Running vina for 7ftv__1__1.A__1.C, ligand 1.C...
  Skipping (exists) 7ftv__1__1.A__1.C 1.C
Running vina for 7ftw__1__1.A__1.C, ligand 1.C...
  Skipping (exists) 7ftw__1__1.A__1.C 1.C
Running vina for 7ftz__1__1.A__1.D, ligand 1.D...
  Skipping (exists) 7ftz__1__1.A__1.D 1.D
Running vina for 7fu2__1__1.A__1.C, ligand 1.C...
  Skipping (exists) 7fu2__1__1.A__1.C 1.C
Running vina for 7fu6__1__1.A__1.C, ligand 1.C...
  Skipping (exists) 7fu6__1__1.A__1.C 1.C
Running vina for 7fu7__1__1.A__1.C, ligand 1.C...
  Skipping (exists) 7fu7__1__1.A__1.C 1.C
Running vina for 7fu8__1__1.A__1.C, ligand 1.C...
  Skipping (exists) 7fu8__1__1.A__1.C 1.C
Running vina for 7fuc__1__1.A__1.C, ligand 1.C...
  Skipping (exists) 7fuc__1__1.A__1.C 1.C
Running vina for 7fuf__1__1.A__1.C, ligand 1.C...
  Skipping (exists) 7fuf__1__1.A__1.C 1.C
Running vina for 7fum__1__1.A__1.C, ligand 1.C...
  Skipping (exists) 7fum__1__1.A__1.C 1.C
Running vina for 7fw3__1__1.A__1.B, ligand 1.B...
  Skipping (exists) 7fw3__1__1.A__1.B 1.B
Running vina for 7fwb__1__1.A__1.B, ligand 1.B...
  Skipping (exists) 7fwb__1__1.A__1.B 1.B
Running vina for 7fwe__1__1.A__1.B, ligand 1.B...
  Skipping (exists) 7fwe__1__1.A__1.B 1.B
Running vina for 7fwh__1__1.A__1.B, ligand 1.B...
  Skipping (exists) 7fwh__1__1.A__1.B 1.B
Running vina for 7fwi__1__1.A__1.D, ligand 1.D...
  Skipping (exists) 7fwi__1__1.A__1.D 1.D
Running vina for 7fwl__1__1.A__1.B, ligand 1.B...
  Skipping (exists) 7fwl__1__1.A__1.B 1.B
Running vina for 7fwm__1__1.A__1.B, ligand 1.B...
  Skipping (exists) 7fwm__1__1.A__1.B 1.B
Running vina for 7fwn__1__1.A__1.D, ligand 1.D...
  Skipping (exists) 7fwn__1__1.A__1.D 1.D
Running vina for 7fwr__1__1.A__1.B, ligand 1.B...
  Skipping (exists) 7fwr__1__1.A__1.B 1.B
Running vina for 7fx1__1__1.A__1.B, ligand 1.B...
  Skipping (exists) 7fx1__1__1.A__1.B 1.B
Running vina for 7fxi__1__1.A__1.D, ligand 1.D...
  Skipping (exists) 7fxi__1__1.A__1.D 1.D
Running vina for 7fyr__1__1.A__1.B, ligand 1.B...
  Skipping (exists) 7fyr__1__1.A__1.B 1.B
Running vina for 7fys__1__1.A__1.B, ligand 1.B...
  Skipping (exists) 7fys__1__1.A__1.B 1.B
Running vina for 7fyx__1__1.A__1.C, ligand 1.C...
  Skipping (exists) 7fyx__1__1.A__1.C 1.C
Running vina for 7fz0__1__1.A__1.E, ligand 1.E...
  Skipping (exists) 7fz0__1__1.A__1.E 1.E
Running vina for 7fz3__1__1.A__1.B, ligand 1.B...
  Skipping (exists) 7fz3__1__1.A__1.B 1.B
Running vina for 7fzc__1__1.A__1.B, ligand 1.B...
  Skipping (exists) 7fzc__1__1.A__1.B 1.B
Running vina for 7fzl__1__1.A__1.B, ligand 1.B...
  Skipping (exists) 7fzl__1__1.A__1.B 1.B
Running vina for 7fzs__1__1.A__1.B, ligand 1.B...
  Skipping (exists) 7fzs__1__1.A__1.B 1.B
Running vina for 7g00__1__1.A__1.Q, ligand 1.Q...
  Skipping (exists) 7g00__1__1.A__1.Q 1.Q
Running vina for 7g07__1__1.A__1.B, ligand 1.B...
  Skipping (exists) 7g07__1__1.A__1.B 1.B
Running vina for 7g0g__1__1.A__1.B, ligand 1.B...
  Skipping (exists) 7g0g__1__1.A__1.B 1.B
Running vina for 7g0j__1__1.A__1.D, ligand 1.D...
  Skipping (exists) 7g0j__1__1.A__1.D 1.D
Running vina for 7g0t__1__1.A__1.B, ligand 1.B...
  Skipping (exists) 7g0t__1__1.A__1.B 1.B
Running vina for 7g10__1__1.A__1.D, ligand 1.D...
  Skipping (exists) 7g10__1__1.A__1.D 1.D
Running vina for 7g1b__1__1.A__1.B, ligand 1.B...
  Skipping (exists) 7g1b__1__1.A__1.B 1.B
Running vina for 7g1e__1__1.A__1.C, ligand 1.C...
  Skipping (exists) 7g1e__1__1.A__1.C 1.C
Running vina for 7g1j__1__1.A__1.B, ligand 1.B...
  Skipping (exists) 7g1j__1__1.A__1.B 1.B
Running vina for 7g1m__1__1.A__1.B, ligand 1.B...
  Skipping (exists) 7g1m__1__1.A__1.B 1.B
Running vina for 7g20__1__1.A__1.B, ligand 1.B...
  Skipping (exists) 7g20__1__1.A__1.B 1.B
Running vina for 7g90__1__1.A__1.C, ligand 1.C...
  Skipping (exists) 7g90__1__1.A__1.C 1.C
Running vina for 7gaw__1__1.A_1.B__1.K, ligand 1.K...
  Skipping (exists) 7gaw__1__1.A_1.B__1.K 1.K
Running vina for 7gb6__1__1.A_2.A__1.F, ligand 1.F...
  Skipping (exists) 7gb6__1__1.A_2.A__1.F 1.F
Running vina for 7gb7__1__1.A_2.A__1.B, ligand 1.B...
  Skipping (exists) 7gb7__1__1.A_2.A__1.B 1.B
Running vina for 7gb8__1__1.A_2.A__1.F, ligand 1.F...
  Skipping (exists) 7gb8__1__1.A_2.A__1.F 1.F
Running vina for 7gbc__1__1.A_2.A__2.E, ligand 2.E...
  Skipping (exists) 7gbc__1__1.A_2.A__2.E 2.E
Running vina for 7gbd__1__1.A_2.A__2.E, ligand 2.E...
  Skipping (exists) 7gbd__1__1.A_2.A__2.E 2.E
Running vina for 7gbe__1__1.A_2.A__1.B, ligand 1.B...
  Skipping (exists) 7gbe__1__1.A_2.A__1.B 1.B
Running vina for 7gbg__1__1.A_2.A__2.E, ligand 2.E...
  Skipping (exists) 7gbg__1__1.A_2.A__2.E 2.E
Running vina for 7gbi__1__1.A_2.A__2.D, ligand 2.D...
  Skipping (exists) 7gbi__1__1.A_2.A__2.D 2.D
Running vina for 7gbo__1__1.A_2.A__1.E, ligand 1.E...
  Skipping (exists) 7gbo__1__1.A_2.A__1.E 1.E
Running vina for 7gbp__1__1.A_2.A__2.F, ligand 2.F...
  Skipping (exists) 7gbp__1__1.A_2.A__2.F 2.F
Running vina for 7gbq__1__1.A_2.A__1.E, ligand 1.E...
  Skipping (exists) 7gbq__1__1.A_2.A__1.E 1.E
Running vina for 7gbr__1__1.A_2.A__2.F, ligand 2.F...
  Skipping (exists) 7gbr__1__1.A_2.A__2.F 2.F
Running vina for 7gbw__1__1.A_2.A__1.F, ligand 1.F...
  Skipping (exists) 7gbw__1__1.A_2.A__1.F 1.F
Running vina for 7gby__1__1.A_2.A__1.E, ligand 1.E...
  Skipping (exists) 7gby__1__1.A_2.A__1.E 1.E
Running vina for 7gbz__1__1.A_2.A__2.F, ligand 2.F...
  Skipping (exists) 7gbz__1__1.A_2.A__2.F 2.F
Running vina for 7gc0__1__1.A_2.A__1.E, ligand 1.E...
  Skipping (exists) 7gc0__1__1.A_2.A__1.E 1.E
Running vina for 7gc1__1__1.A_2.A__2.E, ligand 2.E...
  Skipping (exists) 7gc1__1__1.A_2.A__2.E 2.E
Running vina for 7gc2__1__1.A_2.A__2.E, ligand 2.E...
  Skipping (exists) 7gc2__1__1.A_2.A__2.E 2.E
Running vina for 7gc3__1__1.A_2.A__2.F, ligand 2.F...
  Skipping (exists) 7gc3__1__1.A_2.A__2.F 2.F
Running vina for 7gc8__1__1.A_2.A__2.E, ligand 2.E...
  Skipping (exists) 7gc8__1__1.A_2.A__2.E 2.E
Running vina for 7gce__1__1.A_2.A__2.E, ligand 2.E...
  Skipping (exists) 7gce__1__1.A_2.A__2.E 2.E
Running vina for 7gcf__1__1.A_2.A__2.E, ligand 2.E...
  Skipping (exists) 7gcf__1__1.A_2.A__2.E 2.E
Running vina for 7gcj__1__1.A_2.A__1.E, ligand 1.E...
  Skipping (exists) 7gcj__1__1.A_2.A__1.E 1.E
Running vina for 7gck__1__1.A_2.A__1.E, ligand 1.E...
  Skipping (exists) 7gck__1__1.A_2.A__1.E 1.E
Running vina for 7gcl__1__1.A_2.A__2.F, ligand 2.F...
  Skipping (exists) 7gcl__1__1.A_2.A__2.F 2.F
Running vina for 7gcn__1__1.A_2.A__2.F, ligand 2.F...
  Skipping (exists) 7gcn__1__1.A_2.A__2.F 2.F
Running vina for 7gco__1__1.A_2.A__2.E, ligand 2.E...
  Skipping (exists) 7gco__1__1.A_2.A__2.E 2.E
Running vina for 7gcq__1__1.A_2.A__1.F, ligand 1.F...
  Skipping (exists) 7gcq__1__1.A_2.A__1.F 1.F
Running vina for 7gcs__1__1.A_2.A__1.E, ligand 1.E...
  Skipping (exists) 7gcs__1__1.A_2.A__1.E 1.E
Running vina for 7gcu__1__1.A_2.A__1.E, ligand 1.E...
  Skipping (exists) 7gcu__1__1.A_2.A__1.E 1.E
Running vina for 7gcv__1__1.A_2.A__2.E, ligand 2.E...
  Skipping (exists) 7gcv__1__1.A_2.A__2.E 2.E
Running vina for 7gcx__1__1.A_2.A__2.E, ligand 2.E...
  Skipping (exists) 7gcx__1__1.A_2.A__2.E 2.E
Running vina for 7gd0__1__1.A_2.A__1.F, ligand 1.F...
  Skipping (exists) 7gd0__1__1.A_2.A__1.F 1.F
Running vina for 7gd1__1__1.A_2.A__1.E, ligand 1.E...
  Skipping (exists) 7gd1__1__1.A_2.A__1.E 1.E
Running vina for 7gda__1__1.A_2.A__1.D, ligand 1.D...
  Skipping (exists) 7gda__1__1.A_2.A__1.D 1.D
Running vina for 7gdc__1__1.A_2.A__2.D, ligand 2.D...
  Skipping (exists) 7gdc__1__1.A_2.A__2.D 2.D
Running vina for 7gde__1__1.A_2.A__1.E, ligand 1.E...
  Skipping (exists) 7gde__1__1.A_2.A__1.E 1.E
Running vina for 7gdg__1__1.A_2.A__2.F, ligand 2.F...
  Skipping (exists) 7gdg__1__1.A_2.A__2.F 2.F
Running vina for 7gdj__1__1.A_2.A__2.E, ligand 2.E...
  Skipping (exists) 7gdj__1__1.A_2.A__2.E 2.E
Running vina for 7gdk__1__1.A_2.A__2.E, ligand 2.E...
  Skipping (exists) 7gdk__1__1.A_2.A__2.E 2.E
Running vina for 7gdl__1__1.A_2.A__1.E, ligand 1.E...
  Skipping (exists) 7gdl__1__1.A_2.A__1.E 1.E
Running vina for 7gdm__1__1.A_2.A__2.E, ligand 2.E...
  Skipping (exists) 7gdm__1__1.A_2.A__2.E 2.E
Running vina for 7gdz__1__1.A_2.A__1.E, ligand 1.E...
  Skipping (exists) 7gdz__1__1.A_2.A__1.E 1.E
Running vina for 7ge2__1__1.A_2.A__2.E, ligand 2.E...
  Skipping (exists) 7ge2__1__1.A_2.A__2.E 2.E
Running vina for 7ge3__1__1.A_2.A__1.D, ligand 1.D...
  Skipping (exists) 7ge3__1__1.A_2.A__1.D 1.D
Running vina for 7ge8__1__1.A_2.A__2.E, ligand 2.E...
  Skipping (exists) 7ge8__1__1.A_2.A__2.E 2.E
Running vina for 7ge9__1__1.A_2.A__1.E, ligand 1.E...
  Skipping (exists) 7ge9__1__1.A_2.A__1.E 1.E
Running vina for 7gec__1__1.A_2.A__2.E, ligand 2.E...
  Skipping (exists) 7gec__1__1.A_2.A__2.E 2.E
Running vina for 7ged__1__1.A_2.A__1.E, ligand 1.E...
  Skipping (exists) 7ged__1__1.A_2.A__1.E 1.E
Running vina for 7gee__1__1.A_2.A__2.E, ligand 2.E...
  Skipping (exists) 7gee__1__1.A_2.A__2.E 2.E
Running vina for 7gef__1__1.A_2.A__1.D, ligand 1.D...
  Skipping (exists) 7gef__1__1.A_2.A__1.D 1.D
Running vina for 7geg__1__1.A_2.A__2.E, ligand 2.E...
  Skipping (exists) 7geg__1__1.A_2.A__2.E 2.E
Running vina for 7geh__1__1.A_2.A__2.E, ligand 2.E...
  Skipping (exists) 7geh__1__1.A_2.A__2.E 2.E
Running vina for 7gek__1__1.A_2.A__1.E, ligand 1.E...
  Skipping (exists) 7gek__1__1.A_2.A__1.E 1.E
Running vina for 7gen__1__1.A_2.A__2.E, ligand 2.E...
  Skipping (exists) 7gen__1__1.A_2.A__2.E 2.E
Running vina for 7ges__1__1.A_2.A__2.E, ligand 2.E...
  Skipping (exists) 7ges__1__1.A_2.A__2.E 2.E
Running vina for 7geu__1__1.A_2.A__2.E, ligand 2.E...
  Skipping (exists) 7geu__1__1.A_2.A__2.E 2.E
Running vina for 7gew__1__1.A_2.A__1.E, ligand 1.E...
  Skipping (exists) 7gew__1__1.A_2.A__1.E 1.E
Running vina for 7gey__1__1.A_2.A__2.E, ligand 2.E...
  Skipping (exists) 7gey__1__1.A_2.A__2.E 2.E
Running vina for 7gf0__1__1.A_2.A__1.E, ligand 1.E...
  Skipping (exists) 7gf0__1__1.A_2.A__1.E 1.E
Running vina for 7gf2__1__1.A_2.A__2.E, ligand 2.E...
  Skipping (exists) 7gf2__1__1.A_2.A__2.E 2.E
Running vina for 7gf3__1__1.A_2.A__1.E, ligand 1.E...
  Skipping (exists) 7gf3__1__1.A_2.A__1.E 1.E
Running vina for 7gf5__1__1.A_2.A__1.E, ligand 1.E...
  Skipping (exists) 7gf5__1__1.A_2.A__1.E 1.E
Running vina for 7gf6__1__1.A_2.A__2.E, ligand 2.E...
  Skipping (exists) 7gf6__1__1.A_2.A__2.E 2.E
Running vina for 7gfb__1__1.A_2.A__2.E, ligand 2.E...
  Skipping (exists) 7gfb__1__1.A_2.A__2.E 2.E
Running vina for 7gfh__1__1.A_2.A__1.E, ligand 1.E...
  Skipping (exists) 7gfh__1__1.A_2.A__1.E 1.E
Running vina for 7gfl__1__1.A_2.A__2.E, ligand 2.E...
  Skipping (exists) 7gfl__1__1.A_2.A__2.E 2.E
Running vina for 7gfr__1__1.A_2.A__2.E, ligand 2.E...
  Skipping (exists) 7gfr__1__1.A_2.A__2.E 2.E
Running vina for 7gfs__1__1.A_2.A__2.E, ligand 2.E...
  Skipping (exists) 7gfs__1__1.A_2.A__2.E 2.E
Running vina for 7gft__1__1.A_2.A__1.E, ligand 1.E...
  Skipping (exists) 7gft__1__1.A_2.A__1.E 1.E
Running vina for 7gfx__1__1.A_2.A__2.E, ligand 2.E...
  Skipping (exists) 7gfx__1__1.A_2.A__2.E 2.E
Running vina for 7gg2__1__1.A_2.A__2.E, ligand 2.E...
  Skipping (exists) 7gg2__1__1.A_2.A__2.E 2.E
Running vina for 7ggd__1__1.A__1.E, ligand 1.E...
  Skipping (exists) 7ggd__1__1.A__1.E 1.E
Running vina for 7gh3__1__1.A_2.A__2.E, ligand 2.E...
  Skipping (exists) 7gh3__1__1.A_2.A__2.E 2.E
Running vina for 7gh5__1__1.A_2.A__1.B, ligand 1.B...
  Skipping (exists) 7gh5__1__1.A_2.A__1.B 1.B
Running vina for 7gh6__1__1.A_2.A__2.B, ligand 2.B...
  Skipping (exists) 7gh6__1__1.A_2.A__2.B 2.B
Running vina for 7ghn__1__1.A_1.B__1.N, ligand 1.N...
  Skipping (exists) 7ghn__1__1.A_1.B__1.N 1.N
Running vina for 7ghr__1__1.A_1.B__1.M, ligand 1.M...
  Skipping (exists) 7ghr__1__1.A_1.B__1.M 1.M
Running vina for 7gi4__1__1.A_1.B__1.J, ligand 1.J...
  Skipping (exists) 7gi4__1__1.A_1.B__1.J 1.J
Running vina for 7gi6__1__1.A_1.B__1.D, ligand 1.D...
  Skipping (exists) 7gi6__1__1.A_1.B__1.D 1.D
Running vina for 7gi7__1__1.A_1.B__1.L, ligand 1.L...
  Skipping (exists) 7gi7__1__1.A_1.B__1.L 1.L
Running vina for 7gi9__1__1.A_1.B__1.F, ligand 1.F...
  Skipping (exists) 7gi9__1__1.A_1.B__1.F 1.F
Running vina for 7gia__1__1.A_1.B__1.F, ligand 1.F...
  Skipping (exists) 7gia__1__1.A_1.B__1.F 1.F
Running vina for 7gjc__1__1.A_1.B__1.E, ligand 1.E...
  Skipping (exists) 7gjc__1__1.A_1.B__1.E 1.E
Running vina for 7gji__1__1.A_1.B__1.L, ligand 1.L...
  Skipping (exists) 7gji__1__1.A_1.B__1.L 1.L
Running vina for 7gk7__1__1.A_1.B__1.H, ligand 1.H...
  Skipping (exists) 7gk7__1__1.A_1.B__1.H 1.H
Running vina for 7gk8__1__1.A_1.B__1.H, ligand 1.H...
  Skipping (exists) 7gk8__1__1.A_1.B__1.H 1.H
Running vina for 7gkh__1__1.A_1.B__1.J, ligand 1.J...
  Skipping (exists) 7gkh__1__1.A_1.B__1.J 1.J
Running vina for 7gki__1__1.A__1.I, ligand 1.I...
  Skipping (exists) 7gki__1__1.A__1.I 1.I
Running vina for 7gkk__1__1.A_1.B__1.O, ligand 1.O...
  Skipping (exists) 7gkk__1__1.A_1.B__1.O 1.O
Running vina for 7gks__1__1.A_1.B__1.H, ligand 1.H...
  Skipping (exists) 7gks__1__1.A_1.B__1.H 1.H
Running vina for 7gkx__1__1.A_1.B__1.I, ligand 1.I...
  Skipping (exists) 7gkx__1__1.A_1.B__1.I 1.I
Running vina for 7gl3__1__1.A_1.B__1.H, ligand 1.H...
  Skipping (exists) 7gl3__1__1.A_1.B__1.H 1.H
Running vina for 7gla__1__1.A_1.B__1.I, ligand 1.I...
  Skipping (exists) 7gla__1__1.A_1.B__1.I 1.I
Running vina for 7glb__1__1.A_1.B__1.N, ligand 1.N...
  Skipping (exists) 7glb__1__1.A_1.B__1.N 1.N
Running vina for 7gld__1__1.A_1.B__1.H, ligand 1.H...
  Skipping (exists) 7gld__1__1.A_1.B__1.H 1.H
Running vina for 7glg__1__1.A_1.B__1.H, ligand 1.H...
  Skipping (exists) 7glg__1__1.A_1.B__1.H 1.H
Running vina for 7gli__1__1.A_1.B__1.L, ligand 1.L...
  Skipping (exists) 7gli__1__1.A_1.B__1.L 1.L
Running vina for 7gln__1__1.A_1.B__1.I, ligand 1.I...
  Skipping (exists) 7gln__1__1.A_1.B__1.I 1.I
Running vina for 7gly__1__1.A_1.B__1.I, ligand 1.I...
  Skipping (exists) 7gly__1__1.A_1.B__1.I 1.I
Running vina for 7gm0__1__1.A_1.B__1.N, ligand 1.N...
  Skipping (exists) 7gm0__1__1.A_1.B__1.N 1.N
Running vina for 7gm1__1__1.A_1.B__1.I, ligand 1.I...
  Skipping (exists) 7gm1__1__1.A_1.B__1.I 1.I
Running vina for 7gm4__1__1.A_1.B__1.I, ligand 1.I...
  Skipping (exists) 7gm4__1__1.A_1.B__1.I 1.I
Running vina for 7gm5__1__1.A_1.B__1.I, ligand 1.I...
  Skipping (exists) 7gm5__1__1.A_1.B__1.I 1.I
Running vina for 7gm6__1__1.A_1.B__1.N, ligand 1.N...
  Skipping (exists) 7gm6__1__1.A_1.B__1.N 1.N
Running vina for 7gm8__1__1.A_1.B__1.I, ligand 1.I...
  Skipping (exists) 7gm8__1__1.A_1.B__1.I 1.I
Running vina for 7gm9__1__1.A_1.B__1.I, ligand 1.I...
  Skipping (exists) 7gm9__1__1.A_1.B__1.I 1.I
Running vina for 7gma__1__1.A_1.B__1.J, ligand 1.J...
  Skipping (exists) 7gma__1__1.A_1.B__1.J 1.J
Running vina for 7gmh__1__1.A_1.B__1.O, ligand 1.O...
  Skipping (exists) 7gmh__1__1.A_1.B__1.O 1.O
Running vina for 7gms__1__1.A_1.B__1.I, ligand 1.I...
  Skipping (exists) 7gms__1__1.A_1.B__1.I 1.I
Running vina for 7gmu__1__1.A_1.B__1.I, ligand 1.I...
  Skipping (exists) 7gmu__1__1.A_1.B__1.I 1.I
Running vina for 7gmy__1__1.A_1.B__1.I, ligand 1.I...
  Skipping (exists) 7gmy__1__1.A_1.B__1.I 1.I
Running vina for 7gn0__1__1.A_1.B__1.I, ligand 1.I...
  Skipping (exists) 7gn0__1__1.A_1.B__1.I 1.I
Running vina for 7gn5__1__1.A_1.B__1.I, ligand 1.I...
  Skipping (exists) 7gn5__1__1.A_1.B__1.I 1.I
Running vina for 7gn9__1__1.A_1.B__1.O, ligand 1.O...
  Skipping (exists) 7gn9__1__1.A_1.B__1.O 1.O
Running vina for 7gng__1__1.A_1.B__1.Q, ligand 1.Q...
  Skipping (exists) 7gng__1__1.A_1.B__1.Q 1.Q
Running vina for 7gnh__1__1.A_1.B__1.M, ligand 1.M...
  Skipping (exists) 7gnh__1__1.A_1.B__1.M 1.M
Running vina for 7gnk__1__1.A_1.B__1.T, ligand 1.T...
  Skipping (exists) 7gnk__1__1.A_1.B__1.T 1.T
Running vina for 7gnl__1__1.A_1.B__1.N, ligand 1.N...
  Skipping (exists) 7gnl__1__1.A_1.B__1.N 1.N
Running vina for 7gnm__1__1.A_1.B__1.S, ligand 1.S...
  Skipping (exists) 7gnm__1__1.A_1.B__1.S 1.S
Running vina for 7gnn__1__1.A_1.B__1.I, ligand 1.I...
  Skipping (exists) 7gnn__1__1.A_1.B__1.I 1.I
Running vina for 7grr__1__1.A__1.D, ligand 1.D...
  Skipping (exists) 7grr__1__1.A__1.D 1.D
Running vina for 7grs__1__1.B__1.Q, ligand 1.Q...
  Skipping (exists) 7grs__1__1.B__1.Q 1.Q
Running vina for 7gs0__1__1.A_1.B__1.D, ligand 1.D...
  Skipping (exists) 7gs0__1__1.A_1.B__1.D 1.D
Running vina for 7h1j__1__1.B__1.E, ligand 1.E...
  Skipping (exists) 7h1j__1__1.B__1.E 1.E
Running vina for 7jhq__1__2.D__2.Q, ligand 2.Q...
  Skipping (exists) 7jhq__1__2.D__2.Q 2.Q
Running vina for 7jni__1__1.A__1.C, ligand 1.C...
  Skipping (exists) 7jni__1__1.A__1.C 1.C
Running vina for 7jxa__1__1.C__1.I, ligand 1.I...
  Skipping (exists) 7jxa__1__1.C__1.I 1.I
Running vina for 7jyd__1__1.A__1.C, ligand 1.C...
  Skipping (exists) 7jyd__1__1.A__1.C 1.C
Running vina for 7k5v__1__1.A__1.C, ligand 1.C...
  Skipping (exists) 7k5v__1__1.A__1.C 1.C
Running vina for 7kb8__1__1.A__1.E, ligand 1.E...
  Skipping (exists) 7kb8__1__1.A__1.E 1.E
Running vina for 7kgy__1__2.C_2.D__2.J, ligand 2.J...
  Skipping (exists) 7kgy__1__2.C_2.D__2.J 2.J
Running vina for 7kkh__1__1.A_1.B__1.D, ligand 1.D...
  Skipping (exists) 7kkh__1__1.A_1.B__1.D 1.D
Running vina for 7ko6__1__1.A__1.D, ligand 1.D...
  Skipping (exists) 7ko6__1__1.A__1.D 1.D
Running vina for 7kxz__1__1.A__1.C, ligand 1.C...
  Skipping (exists) 7kxz__1__1.A__1.C 1.C
Running vina for 7l1p__1__1.A_1.B__1.C, ligand 1.C...
  Skipping (exists) 7l1p__1__1.A_1.B__1.C 1.C
Running vina for 7l2y__1__1.A_2.A__1.J, ligand 1.J...
  Skipping (exists) 7l2y__1__1.A_2.A__1.J 1.J
Running vina for 7lbv__1__1.A__1.B, ligand 1.B...
  Skipping (exists) 7lbv__1__1.A__1.B 1.B
Running vina for 7ldy__1__1.A_1.B__1.H, ligand 1.H...
  Skipping (exists) 7ldy__1__1.A_1.B__1.H 1.H
Running vina for 7le3__1__1.A_1.B__1.C, ligand 1.C...
  Skipping (exists) 7le3__1__1.A_1.B__1.C 1.C
Running vina for 7le5__1__1.A_1.B__1.H, ligand 1.H...
  Skipping (exists) 7le5__1__1.A_1.B__1.H 1.H
Running vina for 7le6__1__1.A_1.B__1.C, ligand 1.C...
  Skipping (exists) 7le6__1__1.A_1.B__1.C 1.C
Running vina for 7lk0__1__1.A_2.A__1.D, ligand 1.D...
  Skipping (exists) 7lk0__1__1.A_2.A__1.D 1.D
Running vina for 7lnh__1__2.A_2.B__2.E, ligand 2.E...
  Skipping (exists) 7lnh__1__2.A_2.B__2.E 2.E
Running vina for 7lp0__1__1.A__1.C, ligand 1.C...
  Skipping (exists) 7lp0__1__1.A__1.C 1.C
Running vina for 7lpk__1__1.A__1.C, ligand 1.C...
  Skipping (exists) 7lpk__1__1.A__1.C 1.C
Running vina for 7lpw__1__1.A_1.B__1.G, ligand 1.G...
  Skipping (exists) 7lpw__1__1.A_1.B__1.G 1.G
Running vina for 7lr9__1__1.A__1.C, ligand 1.C...
  Skipping (exists) 7lr9__1__1.A__1.C 1.C
Running vina for 7lrk__1__1.A__1.C, ligand 1.C...
  Skipping (exists) 7lrk__1__1.A__1.C 1.C
Running vina for 7lro__1__1.A__1.D, ligand 1.D...
  Skipping (exists) 7lro__1__1.A__1.D 1.D
Running vina for 7lzr__1__1.A_1.B__1.H, ligand 1.H...
  Skipping (exists) 7lzr__1__1.A_1.B__1.H 1.H
Running vina for 7m94__1__1.B__1.J, ligand 1.J...
  Skipping (exists) 7m94__1__1.B__1.J 1.J
Running vina for 7m95__1__1.B__1.K, ligand 1.K...
  Skipping (exists) 7m95__1__1.B__1.K 1.K
Running vina for 7m96__1__1.A__1.E, ligand 1.E...
  Skipping (exists) 7m96__1__1.A__1.E 1.E
Running vina for 7m9g__1__1.A_1.B__1.E, ligand 1.E...
  Skipping (exists) 7m9g__1__1.A_1.B__1.E 1.E
Running vina for 7m9h__1__1.A_1.B__1.E, ligand 1.E...
  Skipping (exists) 7m9h__1__1.A_1.B__1.E 1.E
Running vina for 7m9r__1__1.A_1.B__1.C, ligand 1.C...
  Skipping (exists) 7m9r__1__1.A_1.B__1.C 1.C
Running vina for 7m9t__1__1.A_1.B__1.D, ligand 1.D...
  Skipping (exists) 7m9t__1__1.A_1.B__1.D 1.D
Running vina for 7m9v__1__1.A_1.B__1.C, ligand 1.C...
  Skipping (exists) 7m9v__1__1.A_1.B__1.C 1.C
Running vina for 7m9x__1__1.A_1.B__1.C, ligand 1.C...
  Skipping (exists) 7m9x__1__1.A_1.B__1.C 1.C
Running vina for 7ma0__1__1.A_1.B__1.I, ligand 1.I...
  Skipping (exists) 7ma0__1__1.A_1.B__1.I 1.I
Running vina for 7ma1__1__1.A_1.B__1.M, ligand 1.M...
  Skipping (exists) 7ma1__1__1.A_1.B__1.M 1.M
Running vina for 7ma2__1__1.A_1.B__1.E, ligand 1.E...
  Skipping (exists) 7ma2__1__1.A_1.B__1.E 1.E
Running vina for 7ma3__1__1.A_1.B__1.E, ligand 1.E...
  Skipping (exists) 7ma3__1__1.A_1.B__1.E 1.E
Running vina for 7ma4__1__1.A_1.B__1.D, ligand 1.D...
  Skipping (exists) 7ma4__1__1.A_1.B__1.D 1.D
Running vina for 7ma5__1__1.A_1.B__1.G, ligand 1.G...
  Skipping (exists) 7ma5__1__1.A_1.B__1.G 1.G
Running vina for 7ma7__1__1.A_1.B__1.E, ligand 1.E...
  Skipping (exists) 7ma7__1__1.A_1.B__1.E 1.E
Running vina for 7ma8__1__1.A_1.B__1.E, ligand 1.E...
  Skipping (exists) 7ma8__1__1.A_1.B__1.E 1.E
Running vina for 7maq__1__1.A_1.B__1.C, ligand 1.C...
  Skipping (exists) 7maq__1__1.A_1.B__1.C 1.C
Running vina for 7mdp__1__1.A__1.D, ligand 1.D...
  Skipping (exists) 7mdp__1__1.A__1.D 1.D
Running vina for 7mgj__1__1.A__1.E, ligand 1.E...
  Skipping (exists) 7mgj__1__1.A__1.E 1.E
Running vina for 7mgk__1__1.A__1.E, ligand 1.E...
  Skipping (exists) 7mgk__1__1.A__1.E 1.E
Running vina for 7mjd__1__1.B__1.S, ligand 1.S...
  Skipping (exists) 7mjd__1__1.B__1.S 1.S
Running vina for 7mkx__1__1.A__1.E, ligand 1.E...
  Skipping (exists) 7mkx__1__1.A__1.E 1.E
Running vina for 7mlo__1__1.A__1.C, ligand 1.C...
  Skipping (exists) 7mlo__1__1.A__1.C 1.C
Running vina for 7mlp__1__1.A__1.B, ligand 1.B...
  Skipping (exists) 7mlp__1__1.A__1.B 1.B
Running vina for 7mlt__1__1.A__1.W, ligand 1.W...
  Skipping (exists) 7mlt__1__1.A__1.W 1.W
Running vina for 7mof__1__1.A__1.C, ligand 1.C...
  Skipping (exists) 7mof__1__1.A__1.C 1.C
Running vina for 7mog__1__1.A__1.C, ligand 1.C...
  Skipping (exists) 7mog__1__1.A__1.C 1.C
Running vina for 7mt4__1__2.A_2.B__2.C, ligand 2.C...
  Skipping (exists) 7mt4__1__2.A_2.B__2.C 2.C
Running vina for 7mwn__1__1.A_1.B__1.C, ligand 1.C...
  Skipping (exists) 7mwn__1__1.A_1.B__1.C 1.C
Running vina for 7mxh__1__1.A__1.D, ligand 1.D...
  Skipping (exists) 7mxh__1__1.A__1.D 1.D
Running vina for 7mxn__1__1.A__1.C, ligand 1.C...
  Skipping (exists) 7mxn__1__1.A__1.C 1.C
Running vina for 7myj__1__1.A__1.G, ligand 1.G...
  Skipping (exists) 7myj__1__1.A__1.G 1.G
Running vina for 7n4w__1__1.A__1.D, ligand 1.D...
  Skipping (exists) 7n4w__1__1.A__1.D 1.D
Running vina for 7n4z__1__1.A__1.F, ligand 1.F...
  Skipping (exists) 7n4z__1__1.A__1.F 1.F
Running vina for 7n53__1__1.A__1.D, ligand 1.D...
  Skipping (exists) 7n53__1__1.A__1.D 1.D
Running vina for 7n54__1__1.B__1.H, ligand 1.H...
  Skipping (exists) 7n54__1__1.B__1.H 1.H
Running vina for 7n9d__1__1.A__1.D, ligand 1.D...
  Skipping (exists) 7n9d__1__1.A__1.D 1.D
Running vina for 7nag__1__1.A__1.C, ligand 1.C...
  Skipping (exists) 7nag__1__1.A__1.C 1.C
Running vina for 7nah__1__1.A__1.C, ligand 1.C...
  Skipping (exists) 7nah__1__1.A__1.C 1.C
Running vina for 7nai__1__1.A__1.C, ligand 1.C...
  Skipping (exists) 7nai__1__1.A__1.C 1.C
Running vina for 7nb3__1__1.A__1.C, ligand 1.C...
  Skipping (exists) 7nb3__1__1.A__1.C 1.C
Running vina for 7nb7__1__1.A__1.E, ligand 1.E...
  Skipping (exists) 7nb7__1__1.A__1.E 1.E
Running vina for 7nbt__1__1.A_2.A__1.C, ligand 1.C...
  Skipping (exists) 7nbt__1__1.A_2.A__1.C 1.C
Running vina for 7nbw__1__1.A_2.A__1.B, ligand 1.B...
  Skipping (exists) 7nbw__1__1.A_2.A__1.B 1.B
Running vina for 7ngd__1__1.A__1.B, ligand 1.B...
  Skipping (exists) 7ngd__1__1.A__1.B 1.B
Running vina for 7ngg__1__2.A__2.B, ligand 2.B...
  Skipping (exists) 7ngg__1__2.A__2.B 2.B
Running vina for 7ngi__1__2.A__2.C, ligand 2.C...
  Skipping (exists) 7ngi__1__2.A__2.C 2.C
Running vina for 7ngj__1__1.A__1.B, ligand 1.B...
  Skipping (exists) 7ngj__1__1.A__1.B 1.B
Running vina for 7ngk__1__2.A__2.C, ligand 2.C...
  Skipping (exists) 7ngk__1__2.A__2.C 2.C
Running vina for 7ngm__1__2.A__2.B, ligand 2.B...
  Skipping (exists) 7ngm__1__2.A__2.B 2.B
Running vina for 7ngs__1__1.A__1.B, ligand 1.B...
  Skipping (exists) 7ngs__1__1.A__1.B 1.B
Running vina for 7ngw__1__2.A__2.B, ligand 2.B...
  Skipping (exists) 7ngw__1__2.A__2.B 2.B
Running vina for 7ngx__1__1.A__1.B, ligand 1.B...
  Skipping (exists) 7ngx__1__1.A__1.B 1.B
Running vina for 7ngy__1__2.A__2.B, ligand 2.B...
  Skipping (exists) 7ngy__1__2.A__2.B 2.B
Running vina for 7nlv__1__1.A_1.C__1.G, ligand 1.G...
  Skipping (exists) 7nlv__1__1.A_1.C__1.G 1.G
Running vina for 7nr5__1__1.A__1.F, ligand 1.F...
  Skipping (exists) 7nr5__1__1.A__1.F 1.F
Running vina for 7nr6__1__1.B__1.H, ligand 1.H...
  Skipping (exists) 7nr6__1__1.B__1.H 1.H
Running vina for 7nsn__1__1.A__1.J, ligand 1.J...
  Skipping (exists) 7nsn__1__1.A__1.J 1.J
Running vina for 7ntz__1__1.A__1.B, ligand 1.B...
  Skipping (exists) 7ntz__1__1.A__1.B 1.B
Running vina for 7nud__1__1.B__1.D, ligand 1.D...
  Skipping (exists) 7nud__1__1.B__1.D 1.D
Running vina for 7nue__1__1.A__1.C, ligand 1.C...
  Skipping (exists) 7nue__1__1.A__1.C 1.C
Running vina for 7nwa__1__1.A_1.B__1.E, ligand 1.E...
  Skipping (exists) 7nwa__1__1.A_1.B__1.E 1.E
Running vina for 7nwc__1__1.A_1.B__1.G, ligand 1.G...
  Skipping (exists) 7nwc__1__1.A_1.B__1.G 1.G
Running vina for 7nya__1__1.A_1.B__1.F, ligand 1.F...
  Skipping (exists) 7nya__1__1.A_1.B__1.F 1.F
Running vina for 7nzn__1__1.A_2.A__1.B, ligand 1.B...
  Skipping (exists) 7nzn__1__1.A_2.A__1.B 1.B
Running vina for 7nzy__1__1.A__1.E, ligand 1.E...
  Skipping (exists) 7nzy__1__1.A__1.E 1.E
Running vina for 7o1b__1__1.A__1.E, ligand 1.E...
  Skipping (exists) 7o1b__1__1.A__1.E 1.E
Running vina for 7o2t__1__1.A_2.A__1.B, ligand 1.B...
  Skipping (exists) 7o2t__1__1.A_2.A__1.B 1.B
Running vina for 7o46__1__1.A_2.A__1.B, ligand 1.B...
  Skipping (exists) 7o46__1__1.A_2.A__1.B 1.B
Running vina for 7o6x__1__1.A__1.E, ligand 1.E...
  Skipping (exists) 7o6x__1__1.A__1.E 1.E
Running vina for 7o7j__1__1.A__1.B, ligand 1.B...
  Skipping (exists) 7o7j__1__1.A__1.B 1.B
Running vina for 7o7k__1__1.A__1.E, ligand 1.E...
  Skipping (exists) 7o7k__1__1.A__1.E 1.E
Running vina for 7o9i__1__1.A__1.B, ligand 1.B...
  Skipping (exists) 7o9i__1__1.A__1.B 1.B
Running vina for 7ocs__1__1.D__1.BB, ligand 1.BB...
  Skipping (exists) 7ocs__1__1.D__1.BB 1.BB
Running vina for 7odn__1__1.A_1.B__1.J, ligand 1.J...
  Skipping (exists) 7odn__1__1.A_1.B__1.J 1.J
Running vina for 7oed__1__1.A__1.C, ligand 1.C...
  Skipping (exists) 7oed__1__1.A__1.C 1.C
Running vina for 7of8__1__1.A__1.B, ligand 1.B...
  Skipping (exists) 7of8__1__1.A__1.B 1.B
Running vina for 7oj6__1__1.A_1.C__1.Y, ligand 1.Y...
  Skipping (exists) 7oj6__1__1.A_1.C__1.Y 1.Y
Running vina for 7ojq__1__1.A_1.C__1.F, ligand 1.F...
  Skipping (exists) 7ojq__1__1.A_1.C__1.F 1.F
Running vina for 7ojw__1__1.A_1.C__1.F, ligand 1.F...
  Skipping (exists) 7ojw__1__1.A_1.C__1.F 1.F
Running vina for 7ojy__1__1.A_1.B__1.D, ligand 1.D...
  Skipping (exists) 7ojy__1__1.A_1.B__1.D 1.D
Running vina for 7ok1__1__1.A_1.B__1.D, ligand 1.D...
  Skipping (exists) 7ok1__1__1.A_1.B__1.D 1.D
Running vina for 7okc__1__1.A_2.A__2.B, ligand 2.B...
  Skipping (exists) 7okc__1__1.A_2.A__2.B 2.B
Running vina for 7oli__1__1.A__1.C, ligand 1.C...
  Skipping (exists) 7oli__1__1.A__1.C 1.C
Running vina for 7olj__1__1.A_1.B__1.E, ligand 1.E...
  Skipping (exists) 7olj__1__1.A_1.B__1.E 1.E
Running vina for 7om1__1__1.A_1.B__1.E, ligand 1.E...
  Skipping (exists) 7om1__1__1.A_1.B__1.E 1.E
Running vina for 7ome__1__1.A__1.B, ligand 1.B...
  Skipping (exists) 7ome__1__1.A__1.B 1.B
Running vina for 7omo__1__1.A__1.C, ligand 1.C...
  Skipping (exists) 7omo__1__1.A__1.C 1.C
Running vina for 7omr__1__1.A__1.B, ligand 1.B...
  Skipping (exists) 7omr__1__1.A__1.B 1.B
Running vina for 7onf__1__1.A_2.A__1.C, ligand 1.C...
  Skipping (exists) 7onf__1__1.A_2.A__1.C 1.C
Running vina for 7opm__1__1.A__1.D, ligand 1.D...
  Skipping (exists) 7opm__1__1.A__1.D 1.D
Running vina for 7osx__1__1.A__1.C, ligand 1.C...
  Skipping (exists) 7osx__1__1.A__1.C 1.C
Running vina for 7ou8__1__1.A__1.C, ligand 1.C...
  Skipping (exists) 7ou8__1__1.A__1.C 1.C
Running vina for 7oum__1__1.A__1.K, ligand 1.K...
  Skipping (exists) 7oum__1__1.A__1.K 1.K
Running vina for 7ouw__1__1.A__1.C, ligand 1.C...
  Skipping (exists) 7ouw__1__1.A__1.C 1.C
Running vina for 7ovd__1__1.A__1.B, ligand 1.B...
  Skipping (exists) 7ovd__1__1.A__1.B 1.B
Running vina for 7oy5__1__1.A__1.C, ligand 1.C...
  Skipping (exists) 7oy5__1__1.A__1.C 1.C
Running vina for 7p1f__1__1.A__1.C, ligand 1.C...
  Skipping (exists) 7p1f__1__1.A__1.C 1.C
Running vina for 7p1o__1__1.A__1.D, ligand 1.D...
  Skipping (exists) 7p1o__1__1.A__1.D 1.D
Running vina for 7p1s__1__1.A__1.E, ligand 1.E...
  Skipping (exists) 7p1s__1__1.A__1.E 1.E
Running vina for 7p3v__1__1.B__1.D, ligand 1.D...
  Skipping (exists) 7p3v__1__1.B__1.D 1.D
Running vina for 7p4v__1__1.A_3.A__1.B, ligand 1.B...
  Skipping (exists) 7p4v__1__1.A_3.A__1.B 1.B
Running vina for 7p5f__1__1.A__1.C, ligand 1.C...
  Skipping (exists) 7p5f__1__1.A__1.C 1.C
Running vina for 7p5i__1__1.A__1.D, ligand 1.D...
  Skipping (exists) 7p5i__1__1.A__1.D 1.D
Running vina for 7p5k__1__1.A__1.C, ligand 1.C...
  Skipping (exists) 7p5k__1__1.A__1.C 1.C
Running vina for 7p5n__1__1.A__1.C, ligand 1.C...
  Skipping (exists) 7p5n__1__1.A__1.C 1.C
Running vina for 7p5p__1__1.A__1.D, ligand 1.D...
  Skipping (exists) 7p5p__1__1.A__1.D 1.D
Running vina for 7pa1__1__1.A__1.D, ligand 1.D...
  Skipping (exists) 7pa1__1__1.A__1.D 1.D
Running vina for 7paw__1__1.B__1.C, ligand 1.C...
  Skipping (exists) 7paw__1__1.B__1.C 1.C
Running vina for 7pd6__1__1.A_1.B__1.K, ligand 1.K...
  Skipping (exists) 7pd6__1__1.A_1.B__1.K 1.K
Running vina for 7pdb__1__1.C_1.D__1.H, ligand 1.H...
  Skipping (exists) 7pdb__1__1.C_1.D__1.H 1.H
Running vina for 7pdr__1__1.A_1.E__1.I, ligand 1.I...
  Skipping (exists) 7pdr__1__1.A_1.E__1.I 1.I
Running vina for 7pdt__1__1.A__1.E, ligand 1.E...
  Skipping (exists) 7pdt__1__1.A__1.E 1.E
Running vina for 7pe5__1__1.D_1.E__1.I, ligand 1.I...
  Skipping (exists) 7pe5__1__1.D_1.E__1.I 1.I
Running vina for 7pe6__1__1.A_1.B__1.F, ligand 1.F...
  Skipping (exists) 7pe6__1__1.A_1.B__1.F 1.F
Running vina for 7pfm__1__1.A_1.B__1.C, ligand 1.C...
  Skipping (exists) 7pfm__1__1.A_1.B__1.C 1.C
Running vina for 7phe__1__1.A__1.C, ligand 1.C...
  Skipping (exists) 7phe__1__1.A__1.C 1.C
Running vina for 7pi1__1__1.A__1.F, ligand 1.F...
  Skipping (exists) 7pi1__1__1.A__1.F 1.F
Running vina for 7pj9__1__1.A__1.C, ligand 1.C...
  Skipping (exists) 7pj9__1__1.A__1.C 1.C
Running vina for 7pjk__1__1.A__1.E, ligand 1.E...
  Skipping (exists) 7pjk__1__1.A__1.E 1.E
Running vina for 7poo__1__1.A_1.B__1.G, ligand 1.G...
  Skipping (exists) 7poo__1__1.A_1.B__1.G 1.G
Running vina for 7pox__1__1.A__1.C, ligand 1.C...
  Skipping (exists) 7pox__1__1.A__1.C 1.C
Running vina for 7ppq__1__1.B__1.H, ligand 1.H...
  Skipping (exists) 7ppq__1__1.B__1.H 1.H
Running vina for 7pqs__1__1.A__1.C, ligand 1.C...
  Skipping (exists) 7pqs__1__1.A__1.C 1.C
Running vina for 7pqv__1__1.A__1.B, ligand 1.B...
  Skipping (exists) 7pqv__1__1.A__1.B 1.B
Running vina for 7pu8__1__1.A_1.B__1.H, ligand 1.H...
  Skipping (exists) 7pu8__1__1.A_1.B__1.H 1.H
Running vina for 7puc__1__1.C_1.D__1.I, ligand 1.I...
  Skipping (exists) 7puc__1__1.C_1.D__1.I 1.I
Running vina for 7puq__1__1.C_1.D__1.K, ligand 1.K...
  Skipping (exists) 7puq__1__1.C_1.D__1.K 1.K
Running vina for 7put__1__1.A__1.I, ligand 1.I...
  Skipping (exists) 7put__1__1.A__1.I 1.I
Running vina for 7pwd__1__1.A__1.D, ligand 1.D...
  Skipping (exists) 7pwd__1__1.A__1.D 1.D
Running vina for 7pwu__1__1.A__1.C, ligand 1.C...
  Skipping (exists) 7pwu__1__1.A__1.C 1.C
Running vina for 7pz1__1__1.A__1.D, ligand 1.D...
  Skipping (exists) 7pz1__1__1.A__1.D 1.D
Running vina for 7q2o__1__1.A_1.B__1.D, ligand 1.D...
  Skipping (exists) 7q2o__1__1.A_1.B__1.D 1.D
Running vina for 7q4f__1__1.A_1.C__1.J, ligand 1.J...
  Skipping (exists) 7q4f__1__1.A_1.C__1.J 1.J
Running vina for 7q6v__1__1.A__1.E, ligand 1.E...
  Skipping (exists) 7q6v__1__1.A__1.E 1.E
Running vina for 7q6w__1__1.A__1.E, ligand 1.E...
  Skipping (exists) 7q6w__1__1.A__1.E 1.E
Running vina for 7q7i__1__1.A__1.B, ligand 1.B...
  Skipping (exists) 7q7i__1__1.A__1.B 1.B
Running vina for 7q7k__1__1.A__1.B, ligand 1.B...
  Skipping (exists) 7q7k__1__1.A__1.B 1.B
Running vina for 7q7t__1__1.A_2.A__2.C, ligand 2.C...
  Skipping (exists) 7q7t__1__1.A_2.A__2.C 2.C
Running vina for 7q7v__1__1.A_2.A__2.B, ligand 2.B...
  Skipping (exists) 7q7v__1__1.A_2.A__2.B 2.B
Running vina for 7q8z__1__1.A__1.E, ligand 1.E...
  Skipping (exists) 7q8z__1__1.A__1.E 1.E
Running vina for 7q90__1__1.A__1.D, ligand 1.D...
  Skipping (exists) 7q90__1__1.A__1.D 1.D
Running vina for 7qa3__1__1.A__1.C, ligand 1.C...
  Skipping (exists) 7qa3__1__1.A__1.C 1.C
Running vina for 7qaa__1__1.B__1.D, ligand 1.D...
  Skipping (exists) 7qaa__1__1.B__1.D 1.D
Running vina for 7qdt__1__1.A__1.B, ligand 1.B...
  Skipping (exists) 7qdt__1__1.A__1.B 1.B
Running vina for 7qea__1__1.A__1.C, ligand 1.C...
  Skipping (exists) 7qea__1__1.A__1.C 1.C
Running vina for 7qei__1__1.A__1.B, ligand 1.B...
  Skipping (exists) 7qei__1__1.A__1.B 1.B
Running vina for 7qfe__1__1.A__1.D, ligand 1.D...
  Skipping (exists) 7qfe__1__1.A__1.D 1.D
Running vina for 7qg1__1__1.A__1.C, ligand 1.C...
  Skipping (exists) 7qg1__1__1.A__1.C 1.C
Running vina for 7qg3__1__1.A__1.C, ligand 1.C...
  Skipping (exists) 7qg3__1__1.A__1.C 1.C
Running vina for 7qg5__1__1.A__1.C, ligand 1.C...
  Skipping (exists) 7qg5__1__1.A__1.C 1.C
Running vina for 7qgt__1__1.B__1.F, ligand 1.F...
  Skipping (exists) 7qgt__1__1.B__1.F 1.F
Running vina for 7qhe__1__1.A__1.I, ligand 1.I...
  Skipping (exists) 7qhe__1__1.A__1.I 1.I
Running vina for 7qhl__1__1.A__1.E, ligand 1.E...
  Skipping (exists) 7qhl__1__1.A__1.E 1.E
Running vina for 7qhz__1__1.A__1.B, ligand 1.B...
  Skipping (exists) 7qhz__1__1.A__1.B 1.B
Running vina for 7qi0__1__1.A__1.C, ligand 1.C...
  Skipping (exists) 7qi0__1__1.A__1.C 1.C
Running vina for 7qnn__1__1.A__1.C, ligand 1.C...
  Skipping (exists) 7qnn__1__1.A__1.C 1.C
Running vina for 7qrb__1__1.A__1.G, ligand 1.G...
  Skipping (exists) 7qrb__1__1.A__1.G 1.G
Running vina for 7qrc__1__1.A__1.D, ligand 1.D...
  Skipping (exists) 7qrc__1__1.A__1.D 1.D
Running vina for 7qt2__1__1.A_1.B__1.E, ligand 1.E...
  Skipping (exists) 7qt2__1__1.A_1.B__1.E 1.E
Running vina for 7qt6__1__1.A__1.B, ligand 1.B...
  Skipping (exists) 7qt6__1__1.A__1.B 1.B
Running vina for 7qty__1__1.A__1.C, ligand 1.C...
  Skipping (exists) 7qty__1__1.A__1.C 1.C
Running vina for 7qy9__1__1.A__1.C, ligand 1.C...
  Skipping (exists) 7qy9__1__1.A__1.C 1.C
Running vina for 7qyn__1__1.B__1.O, ligand 1.O...
  Skipping (exists) 7qyn__1__1.B__1.O 1.O
Running vina for 7r02__1__1.B__1.L, ligand 1.L...
  Skipping (exists) 7r02__1__1.B__1.L 1.L
Running vina for 7r0a__1__1.A__1.C, ligand 1.C...
  Skipping (exists) 7r0a__1__1.A__1.C 1.C
Running vina for 7r26__1__1.A__1.B, ligand 1.B...
  Skipping (exists) 7r26__1__1.A__1.B 1.B
Running vina for 7r4a__1__1.A__1.C, ligand 1.C...
  Skipping (exists) 7r4a__1__1.A__1.C 1.C
Running vina for 7r5d__1__1.A__1.C, ligand 1.C...
  Skipping (exists) 7r5d__1__1.A__1.C 1.C
Running vina for 7r6g__1__1.A__1.C, ligand 1.C...
  Skipping (exists) 7r6g__1__1.A__1.C 1.C
Running vina for 7r7l__1__1.A__1.C, ligand 1.C...
  Skipping (exists) 7r7l__1__1.A__1.C 1.C
Running vina for 7r7r__1__1.A__1.B, ligand 1.B...
  Skipping (exists) 7r7r__1__1.A__1.B 1.B
Running vina for 7r9n__1__1.B__1.E, ligand 1.E...
  Skipping (exists) 7r9n__1__1.B__1.E 1.E
Running vina for 7r9p__1__1.A__1.C, ligand 1.C...
  Skipping (exists) 7r9p__1__1.A__1.C 1.C
Running vina for 7r9t__1__1.A__1.C, ligand 1.C...
  Skipping (exists) 7r9t__1__1.A__1.C 1.C
Running vina for 7rae__1__1.A__1.C, ligand 1.C...
  Skipping (exists) 7rae__1__1.A__1.C 1.C
Running vina for 7raf__1__1.A__1.C, ligand 1.C...
  Skipping (exists) 7raf__1__1.A__1.C 1.C
Running vina for 7rbw__1__1.A__1.C, ligand 1.C...
  Skipping (exists) 7rbw__1__1.A__1.C 1.C
Running vina for 7rc9__1__1.A_1.B__1.X, ligand 1.X...
  Skipping (exists) 7rc9__1__1.A_1.B__1.X 1.X
Running vina for 7rdp__1__1.A__1.B, ligand 1.B...
  Skipping (exists) 7rdp__1__1.A__1.B 1.B
Running vina for 7rf9__1__1.A_1.B__1.G, ligand 1.G...
  Skipping (exists) 7rf9__1__1.A_1.B__1.G 1.G
Running vina for 7rh1__1__1.A__1.D, ligand 1.D...
  Skipping (exists) 7rh1__1__1.A__1.D 1.D
Running vina for 7rh3__1__1.A__1.C, ligand 1.C...
  Skipping (exists) 7rh3__1__1.A__1.C 1.C
Running vina for 7rh4__1__1.A__1.C, ligand 1.C...
  Skipping (exists) 7rh4__1__1.A__1.C 1.C
Running vina for 7rke__1__1.A__1.E, ligand 1.E...
  Skipping (exists) 7rke__1__1.A__1.E 1.E
Running vina for 7rl2__1__1.A__1.C, ligand 1.C...
  Skipping (exists) 7rl2__1__1.A__1.C 1.C
Running vina for 7rls__1__1.A_2.A__2.B, ligand 2.B...
  Skipping (exists) 7rls__1__1.A_2.A__2.B 2.B
Running vina for 7rmb__1__1.A_2.A__2.B, ligand 2.B...
  Skipping (exists) 7rmb__1__1.A_2.A__2.B 2.B
Running vina for 7rmw__1__1.A__1.G, ligand 1.G...
  Skipping (exists) 7rmw__1__1.A__1.G 1.G
Running vina for 7rn4__1__1.A_2.A__2.B, ligand 2.B...
  Skipping (exists) 7rn4__1__1.A_2.A__2.B 2.B
Running vina for 7rnk__1__1.A_2.A__2.B, ligand 2.B...
  Skipping (exists) 7rnk__1__1.A_2.A__2.B 2.B
Running vina for 7rnm__1__1.B__1.F, ligand 1.F...
  Skipping (exists) 7rnm__1__1.B__1.F 1.F
Running vina for 7rnp__1__1.A__1.E, ligand 1.E...
  Skipping (exists) 7rnp__1__1.A__1.E 1.E
Running vina for 7rof__1__1.A__1.E, ligand 1.E...
  Skipping (exists) 7rof__1__1.A__1.E 1.E
Running vina for 7ros__1__1.A__1.C, ligand 1.C...
  Skipping (exists) 7ros__1__1.A__1.C 1.C
Running vina for 7rq0__1__1.A_1.B__1.L, ligand 1.L...
  Skipping (exists) 7rq0__1__1.A_1.B__1.L 1.L
Running vina for 7rrb__1__1.A__1.C, ligand 1.C...
  Skipping (exists) 7rrb__1__1.A__1.C 1.C
Running vina for 7rrc__1__1.A__1.C, ligand 1.C...
  Skipping (exists) 7rrc__1__1.A__1.C 1.C
Running vina for 7rwe__1__1.A__1.B, ligand 1.B...
  Skipping (exists) 7rwe__1__1.A__1.B 1.B
Running vina for 7rwf__1__1.A__1.C, ligand 1.C...
  Skipping (exists) 7rwf__1__1.A__1.C 1.C
Running vina for 7rxo__1__1.A__1.C, ligand 1.C...
  Skipping (exists) 7rxo__1__1.A__1.C 1.C
Running vina for 7s1c__1__1.A__1.C, ligand 1.C...
  Skipping (exists) 7s1c__1__1.A__1.C 1.C
Running vina for 7s1d__1__1.A__1.C, ligand 1.C...
  Skipping (exists) 7s1d__1__1.A__1.C 1.C
Running vina for 7s6u__1__1.A__1.B, ligand 1.B...
  Skipping (exists) 7s6u__1__1.A__1.B 1.B
Running vina for 7s6v__1__1.A__1.B, ligand 1.B...
  Skipping (exists) 7s6v__1__1.A__1.B 1.B
Running vina for 7s7t__1__1.A__1.B, ligand 1.B...
  Skipping (exists) 7s7t__1__1.A__1.B 1.B
Running vina for 7s7x__1__1.A__1.D, ligand 1.D...
  Skipping (exists) 7s7x__1__1.A__1.D 1.D
Running vina for 7s84__1__1.A__1.B, ligand 1.B...
  Skipping (exists) 7s84__1__1.A__1.B 1.B
Running vina for 7sa0__1__1.A__1.F, ligand 1.F...
  Skipping (exists) 7sa0__1__1.A__1.F 1.F
Running vina for 7scr__1__1.E__1.K, ligand 1.K...
  Skipping (exists) 7scr__1__1.E__1.K 1.K
Running vina for 7sdd__1__2.A__2.B, ligand 2.B...
  Skipping (exists) 7sdd__1__2.A__2.B 2.B
Running vina for 7sdr__1__1.A__1.D, ligand 1.D...
  Skipping (exists) 7sdr__1__1.A__1.D 1.D
Running vina for 7sel__1__1.A__1.C, ligand 1.C...
  Skipping (exists) 7sel__1__1.A__1.C 1.C
Running vina for 7sez__1__1.A__1.B, ligand 1.B...
  Skipping (exists) 7sez__1__1.A__1.B 1.B
Running vina for 7sfo__1__1.A__1.E, ligand 1.E...
  Skipping (exists) 7sfo__1__1.A__1.E 1.E
Running vina for 7shh__1__1.A__1.E, ligand 1.E...
  Skipping (exists) 7shh__1__1.A__1.E 1.E
Running vina for 7si4__1__1.A__1.B, ligand 1.B...
  Skipping (exists) 7si4__1__1.A__1.B 1.B
Running vina for 7si5__1__1.A__1.D, ligand 1.D...
  Skipping (exists) 7si5__1__1.A__1.D 1.D
Running vina for 7sia__1__1.A_1.B__1.C, ligand 1.C...
  Skipping (exists) 7sia__1__1.A_1.B__1.C 1.C
Running vina for 7siu__1__1.A__1.C, ligand 1.C...
  Skipping (exists) 7siu__1__1.A__1.C 1.C
Running vina for 7slr__1__1.A_1.B__1.C, ligand 1.C...
  Skipping (exists) 7slr__1__1.A_1.B__1.C 1.C
Running vina for 7sls__1__1.A_1.B__1.C, ligand 1.C...
  Skipping (exists) 7sls__1__1.A_1.B__1.C 1.C
Running vina for 7slz__1__1.A__1.B, ligand 1.B...
  Skipping (exists) 7slz__1__1.A__1.B 1.B
Running vina for 7snz__1__1.A_1.B__1.C, ligand 1.C...
  Skipping (exists) 7snz__1__1.A_1.B__1.C 1.C
Running vina for 7so1__1__1.A_1.B__1.C, ligand 1.C...
  Skipping (exists) 7so1__1__1.A_1.B__1.C 1.C
Running vina for 7sok__1__1.A__1.E, ligand 1.E...
  Skipping (exists) 7sok__1__1.A__1.E 1.E
Running vina for 7sqe__1__1.A__1.D, ligand 1.D...
  Skipping (exists) 7sqe__1__1.A__1.D 1.D
Running vina for 7sqm__1__1.A__1.B, ligand 1.B...
  Skipping (exists) 7sqm__1__1.A__1.B 1.B
Running vina for 7sxg__1__1.A__1.C, ligand 1.C...
  Skipping (exists) 7sxg__1__1.A__1.C 1.C
Running vina for 7sxj__1__1.A__1.C, ligand 1.C...
  Skipping (exists) 7sxj__1__1.A__1.C 1.C
Running vina for 7sz3__1__1.B__1.I, ligand 1.I...
  Skipping (exists) 7sz3__1__1.B__1.I 1.I
Running vina for 7sza__1__1.A__1.E, ligand 1.E...
  Skipping (exists) 7sza__1__1.A__1.E 1.E
Running vina for 7szb__1__1.A__1.E, ligand 1.E...
  Skipping (exists) 7szb__1__1.A__1.E 1.E
Running vina for 7szc__1__1.A__1.F, ligand 1.F...
  Skipping (exists) 7szc__1__1.A__1.F 1.F
Running vina for 7szr__1__1.A__1.G, ligand 1.G...
  Skipping (exists) 7szr__1__1.A__1.G 1.G
Running vina for 7t0c__1__1.A_1.B__1.VA, ligand 1.VA...
  Skipping (exists) 7t0c__1__1.A_1.B__1.VA 1.VA
Running vina for 7t0f__1__1.A_1.B__1.C, ligand 1.C...
  Skipping (exists) 7t0f__1__1.A_1.B__1.C 1.C
Running vina for 7t39__1__1.A__1.B, ligand 1.B...
  Skipping (exists) 7t39__1__1.A__1.B 1.B
Running vina for 7t5k__1__1.A__1.D, ligand 1.D...
  Skipping (exists) 7t5k__1__1.A__1.D 1.D
Running vina for 7t5x__1__1.A_1.C__1.I, ligand 1.I...
  Skipping (exists) 7t5x__1__1.A_1.C__1.I 1.I
Running vina for 7t5y__1__1.B__1.G, ligand 1.G...
  Skipping (exists) 7t5y__1__1.B__1.G 1.G
Running vina for 7t5z__1__1.A_1.C__1.I, ligand 1.I...
  Skipping (exists) 7t5z__1__1.A_1.C__1.I 1.I
Running vina for 7t60__1__1.B_1.C__1.M, ligand 1.M...
  Skipping (exists) 7t60__1__1.B_1.C__1.M 1.M
Running vina for 7t61__1__1.B_1.C__1.L, ligand 1.L...
  Skipping (exists) 7t61__1__1.B_1.C__1.L 1.L
Running vina for 7t6c__1__1.A__1.E, ligand 1.E...
  Skipping (exists) 7t6c__1__1.A__1.E 1.E
Running vina for 7t7m__1__1.A__1.I, ligand 1.I...
  Skipping (exists) 7t7m__1__1.A__1.I 1.I
Running vina for 7t9r__1__1.A__1.F, ligand 1.F...
  Skipping (exists) 7t9r__1__1.A__1.F 1.F
Running vina for 7tab__1__1.A__1.B, ligand 1.B...
  Skipping (exists) 7tab__1__1.A__1.B 1.B
Running vina for 7taz__1__1.A__1.C, ligand 1.C...
  Skipping (exists) 7taz__1__1.A__1.C 1.C
Running vina for 7tbd__1__1.A__1.E, ligand 1.E...
  Skipping (exists) 7tbd__1__1.A__1.E 1.E
Running vina for 7tbu__1__1.A__1.D, ligand 1.D...
  Skipping (exists) 7tbu__1__1.A__1.D 1.D
Running vina for 7te8__1__1.A_1.B__1.E, ligand 1.E...
  Skipping (exists) 7te8__1__1.A_1.B__1.E 1.E
Running vina for 7tev__1__1.A_2.A__2.D, ligand 2.D...
  Skipping (exists) 7tev__1__1.A_2.A__2.D 2.D
Running vina for 7tjo__1__1.A__1.E, ligand 1.E...
  Skipping (exists) 7tjo__1__1.A__1.E 1.E
Running vina for 7tt8__1__1.A__1.C, ligand 1.C...
  Skipping (exists) 7tt8__1__1.A__1.C 1.C
Running vina for 7tuo__1__1.A__1.B, ligand 1.B...
  Skipping (exists) 7tuo__1__1.A__1.B 1.B
Running vina for 7twu__1__1.B__1.N, ligand 1.N...
  Skipping (exists) 7twu__1__1.B__1.N 1.N
Running vina for 7txk__1__1.A__1.C, ligand 1.C...
  Skipping (exists) 7txk__1__1.A__1.C 1.C
Running vina for 7txp__1__1.A_2.A__2.B, ligand 2.B...
  Skipping (exists) 7txp__1__1.A_2.A__2.B 2.B
Running vina for 7tz7__1__1.A__1.C, ligand 1.C...
  Skipping (exists) 7tz7__1__1.A__1.C 1.C
Running vina for 7tzb__1__1.A__1.C, ligand 1.C...
  Skipping (exists) 7tzb__1__1.A__1.C 1.C
Running vina for 7u0t__1__1.A_1.B__1.H, ligand 1.H...
  Skipping (exists) 7u0t__1__1.A_1.B__1.H 1.H
Running vina for 7u1m__1__1.A__1.D, ligand 1.D...
  Skipping (exists) 7u1m__1__1.A__1.D 1.D
Running vina for 7u2z__1__1.A__1.C, ligand 1.C...
  Skipping (exists) 7u2z__1__1.A__1.C 1.C
Running vina for 7u30__1__1.A__1.I, ligand 1.I...
  Skipping (exists) 7u30__1__1.A__1.I 1.I
Running vina for 7u31__1__1.A__1.D, ligand 1.D...
  Skipping (exists) 7u31__1__1.A__1.D 1.D
Running vina for 7u4g__1__4.A__4.E, ligand 4.E...
  Skipping (exists) 7u4g__1__4.A__4.E 4.E
Running vina for 7u4o__1__1.A__1.G, ligand 1.G...
  Skipping (exists) 7u4o__1__1.A__1.G 1.G
Running vina for 7u5z__1__1.A_1.B__1.C, ligand 1.C...
  Skipping (exists) 7u5z__1__1.A_1.B__1.C 1.C
Running vina for 7u64__1__1.A_1.B__1.S, ligand 1.S...
  Skipping (exists) 7u64__1__1.A_1.B__1.S 1.S
Running vina for 7u70__1__1.A__1.C, ligand 1.C...
  Skipping (exists) 7u70__1__1.A__1.C 1.C
Running vina for 7u8v__1__1.A__1.C, ligand 1.C...
  Skipping (exists) 7u8v__1__1.A__1.C 1.C
Running vina for 7u8w__1__1.A__1.C, ligand 1.C...
  Skipping (exists) 7u8w__1__1.A__1.C 1.C
Running vina for 7u8x__1__1.A__1.B, ligand 1.B...
  Skipping (exists) 7u8x__1__1.A__1.B 1.B
Running vina for 7u98__1__1.A__1.E, ligand 1.E...
  Skipping (exists) 7u98__1__1.A__1.E 1.E
Running vina for 7u99__1__1.A__1.B, ligand 1.B...
  Skipping (exists) 7u99__1__1.A__1.B 1.B
Running vina for 7u9a__1__1.A__1.B, ligand 1.B...
  Skipping (exists) 7u9a__1__1.A__1.B 1.B
Running vina for 7uad__1__1.A__1.B, ligand 1.B...
  Skipping (exists) 7uad__1__1.A__1.B 1.B
Running vina for 7uas__1__1.A__1.C, ligand 1.C...
  Skipping (exists) 7uas__1__1.A__1.C 1.C
Running vina for 7uaw__1__1.A_1.B__1.C, ligand 1.C...
  Skipping (exists) 7uaw__1__1.A_1.B__1.C 1.C
Running vina for 7ubo__1__1.A__1.E, ligand 1.E...
  Skipping (exists) 7ubo__1__1.A__1.E 1.E
Running vina for 7udq__1__1.A__1.C, ligand 1.C...
  Skipping (exists) 7udq__1__1.A__1.C 1.C
Running vina for 7ue4__1__1.A_2.A__2.F, ligand 2.F...
  Skipping (exists) 7ue4__1__1.A_2.A__2.F 2.F
Running vina for 7ue8__1__1.A_2.A__2.D, ligand 2.D...
  Skipping (exists) 7ue8__1__1.A_2.A__2.D 2.D
Running vina for 7ueo__1__1.A_2.A__2.D, ligand 2.D...
  Skipping (exists) 7ueo__1__1.A_2.A__2.D 2.D
Running vina for 7ueu__1__1.A_2.A__2.B, ligand 2.B...
  Skipping (exists) 7ueu__1__1.A_2.A__2.B 2.B
Running vina for 7uf0__1__1.A_2.A__1.B, ligand 1.B...
  Skipping (exists) 7uf0__1__1.A_2.A__1.B 1.B
Running vina for 7ug5__1__1.A__1.E, ligand 1.E...
  Skipping (exists) 7ug5__1__1.A__1.E 1.E
Running vina for 7ugb__1__1.A__1.C, ligand 1.C...
  Skipping (exists) 7ugb__1__1.A__1.C 1.C
Running vina for 7ugl__1__1.A__1.C, ligand 1.C...
  Skipping (exists) 7ugl__1__1.A__1.C 1.C
Running vina for 7ugl__1__1.A__1.D, ligand 1.D...
  Skipping (exists) 7ugl__1__1.A__1.D 1.D
Running vina for 7uj7__1__1.A__1.E, ligand 1.E...
  Skipping (exists) 7uj7__1__1.A__1.E 1.E
Running vina for 7uj8__1__1.A__1.C, ligand 1.C...
  Skipping (exists) 7uj8__1__1.A__1.C 1.C
Running vina for 7ujc__1__1.B__1.D, ligand 1.D...
  Skipping (exists) 7ujc__1__1.B__1.D 1.D
Running vina for 7ujf__1__1.A__1.E, ligand 1.E...
  Skipping (exists) 7ujf__1__1.A__1.E 1.E
Running vina for 7ujh__1__1.A_1.B__1.D, ligand 1.D...
  Skipping (exists) 7ujh__1__1.A_1.B__1.D 1.D
Running vina for 7ujo__1__1.D__1.H, ligand 1.H...
  Skipping (exists) 7ujo__1__1.D__1.H 1.H
Running vina for 7ujy__1__1.B__1.F, ligand 1.F...
  Skipping (exists) 7ujy__1__1.B__1.F 1.F
Running vina for 7ukr__1__1.A__1.C, ligand 1.C...
  Skipping (exists) 7ukr__1__1.A__1.C 1.C
Running vina for 7um4__1__1.A__1.I, ligand 1.I...
  Skipping (exists) 7um4__1__1.A__1.I 1.I
Running vina for 7un0__1__1.A__1.G, ligand 1.G...
  Skipping (exists) 7un0__1__1.A__1.G 1.G
Running vina for 7ur3__1__1.A__1.B, ligand 1.B...
  Skipping (exists) 7ur3__1__1.A__1.B 1.B
Running vina for 7ur9__1__1.A_1.B__1.D, ligand 1.D...
  Skipping (exists) 7ur9__1__1.A_1.B__1.D 1.D
Running vina for 7usg__1__1.A__1.B, ligand 1.B...
  Skipping (exists) 7usg__1__1.A__1.B 1.B
Running vina for 7ush__1__1.A__1.B, ligand 1.B...
  Skipping (exists) 7ush__1__1.A__1.B 1.B
Running vina for 7usi__1__1.A__1.G, ligand 1.G...
  Skipping (exists) 7usi__1__1.A__1.G 1.G
Running vina for 7ut5__1__1.A__1.C, ligand 1.C...
  Skipping (exists) 7ut5__1__1.A__1.C 1.C
Running vina for 7uw2__1__1.A__1.C, ligand 1.C...
  Skipping (exists) 7uw2__1__1.A__1.C 1.C
Running vina for 7uw4__1__1.A__1.C, ligand 1.C...
  Skipping (exists) 7uw4__1__1.A__1.C 1.C
Running vina for 7uy0__1__1.A__1.E, ligand 1.E...
  Skipping (exists) 7uy0__1__1.A__1.E 1.E
Running vina for 7v13__1__1.A__1.C, ligand 1.C...
  Skipping (exists) 7v13__1__1.A__1.C 1.C
Running vina for 7v16__1__1.A__1.C, ligand 1.C...
  Skipping (exists) 7v16__1__1.A__1.C 1.C
Running vina for 7v17__1__1.A__1.C, ligand 1.C...
  Skipping (exists) 7v17__1__1.A__1.C 1.C
Running vina for 7v18__1__1.A__1.C, ligand 1.C...
  Skipping (exists) 7v18__1__1.A__1.C 1.C
Running vina for 7v1o__1__1.A__1.D, ligand 1.D...
  Skipping (exists) 7v1o__1__1.A__1.D 1.D
Running vina for 7v3d__1__1.A_1.B__1.F, ligand 1.F...
  Skipping (exists) 7v3d__1__1.A_1.B__1.F 1.F
Running vina for 7v3s__1__1.A__1.B, ligand 1.B...
  Skipping (exists) 7v3s__1__1.A__1.B 1.B
Running vina for 7v62__1__1.C__1.M, ligand 1.M...
  Skipping (exists) 7v62__1__1.C__1.M 1.M
Running vina for 7vbt__1__1.B__1.D, ligand 1.D...
  Skipping (exists) 7vbt__1__1.B__1.D 1.D
Running vina for 7vbv__1__1.B__1.N, ligand 1.N...
  Skipping (exists) 7vbv__1__1.B__1.N 1.N
Running vina for 7vdq__1__1.A__1.E, ligand 1.E...
  Skipping (exists) 7vdq__1__1.A__1.E 1.E
Running vina for 7vds__1__1.A__1.E, ligand 1.E...
  Skipping (exists) 7vds__1__1.A__1.E 1.E
Running vina for 7vez__1__1.A_1.D__1.E, ligand 1.E...
  Skipping (exists) 7vez__1__1.A_1.D__1.E 1.E
Running vina for 7vhy__1__1.A__1.F, ligand 1.F...
  Skipping (exists) 7vhy__1__1.A__1.F 1.F
Running vina for 7vhz__1__1.A__1.F, ligand 1.F...
  Skipping (exists) 7vhz__1__1.A__1.F 1.F
Running vina for 7vi0__1__1.A__1.F, ligand 1.F...
  Skipping (exists) 7vi0__1__1.A__1.F 1.F
Running vina for 7vi7__1__1.A__1.C, ligand 1.C...
  Skipping (exists) 7vi7__1__1.A__1.C 1.C
Running vina for 7vjt__1__1.A__1.C, ligand 1.C...
  Skipping (exists) 7vjt__1__1.A__1.C 1.C
Running vina for 7vkg__1__1.A__1.B, ligand 1.B...
  Skipping (exists) 7vkg__1__1.A__1.B 1.B
Running vina for 7vkh__1__1.A__1.C, ligand 1.C...
  Skipping (exists) 7vkh__1__1.A__1.C 1.C
Running vina for 7vl0__1__1.A__1.C, ligand 1.C...
  Skipping (exists) 7vl0__1__1.A__1.C 1.C
Running vina for 7vl2__1__1.A__1.C, ligand 1.C...
  Skipping (exists) 7vl2__1__1.A__1.C 1.C
Running vina for 7vl3__1__1.A__1.C, ligand 1.C...
  Skipping (exists) 7vl3__1__1.A__1.C 1.C
Running vina for 7vl6__1__1.A__1.C, ligand 1.C...
  Skipping (exists) 7vl6__1__1.A__1.C 1.C
Running vina for 7vl7__1__1.A__1.C, ligand 1.C...
  Skipping (exists) 7vl7__1__1.A__1.C 1.C
Running vina for 7vm7__1__1.A__1.B, ligand 1.B...
  Skipping (exists) 7vm7__1__1.A__1.B 1.B
Running vina for 7vnh__1__1.A__1.C, ligand 1.C...
  Skipping (exists) 7vnh__1__1.A__1.C 1.C
Running vina for 7vns__1__1.A_2.A__2.C, ligand 2.C...
  Skipping (exists) 7vns__1__1.A_2.A__2.C 2.C
Running vina for 7vo5__1__1.A__1.B, ligand 1.B...
  Skipping (exists) 7vo5__1__1.A__1.B 1.B
Running vina for 7vpe__1__1.A__1.B, ligand 1.B...
  Skipping (exists) 7vpe__1__1.A__1.B 1.B
Running vina for 7vpr__1__1.B__1.F, ligand 1.F...
  Skipping (exists) 7vpr__1__1.B__1.F 1.F
Running vina for 7vpu__1__1.A__1.E, ligand 1.E...
  Skipping (exists) 7vpu__1__1.A__1.E 1.E
Running vina for 7vqp__1__1.A__1.C, ligand 1.C...
  Skipping (exists) 7vqp__1__1.A__1.C 1.C
Running vina for 7vre__1__1.A__1.B, ligand 1.B...
  Skipping (exists) 7vre__1__1.A__1.B 1.B
Running vina for 7vrh__1__1.A__1.D, ligand 1.D...
  Skipping (exists) 7vrh__1__1.A__1.D 1.D
Running vina for 7vsl__1__1.A__1.D, ligand 1.D...
  Skipping (exists) 7vsl__1__1.A__1.D 1.D
Running vina for 7vte__1__1.A__1.F, ligand 1.F...
  Skipping (exists) 7vte__1__1.A__1.F 1.F
Running vina for 7vtf__1__1.A_1.B__1.F, ligand 1.F...
  Skipping (exists) 7vtf__1__1.A_1.B__1.F 1.F
Running vina for 7vtg__1__1.A__1.E, ligand 1.E...
  Skipping (exists) 7vtg__1__1.A__1.E 1.E
Running vina for 7vvt__1__1.A__1.C, ligand 1.C...
  Skipping (exists) 7vvt__1__1.A__1.C 1.C
Running vina for 7vwe__1__1.A__1.D, ligand 1.D...
  Skipping (exists) 7vwe__1__1.A__1.D 1.D
Running vina for 7vwg__1__1.A__1.D, ligand 1.D...
  Skipping (exists) 7vwg__1__1.A__1.D 1.D
Running vina for 7vwh__1__1.B__1.F, ligand 1.F...
  Skipping (exists) 7vwh__1__1.B__1.F 1.F
Running vina for 7vwt__1__1.B__1.H, ligand 1.H...
  Skipping (exists) 7vwt__1__1.B__1.H 1.H
Running vina for 7w0g__1__1.B__1.D, ligand 1.D...
  Skipping (exists) 7w0g__1__1.B__1.D 1.D
Running vina for 7w1i__1__1.A__1.B, ligand 1.B...
  Skipping (exists) 7w1i__1__1.A__1.B 1.B
Running vina for 7w2d__1__1.B__1.R, ligand 1.R...
  Skipping (exists) 7w2d__1__1.B__1.R 1.R
Running vina for 7w2f__1__1.A__1.M, ligand 1.M...
  Skipping (exists) 7w2f__1__1.A__1.M 1.M
Running vina for 7w3p__1__1.A__1.C, ligand 1.C...
  Skipping (exists) 7w3p__1__1.A__1.C 1.C
Running vina for 7w3s__1__1.B_1.D__1.F, ligand 1.F...
  Skipping (log exists) 7w3s__1__1.B_1.D__1.F 1.F
Running vina for 7w41__1__1.A__1.B, ligand 1.B...
  Skipping (exists) 7w41__1__1.A__1.B 1.B
Running vina for 7w4y__1__1.A__1.E, ligand 1.E...
  Skipping (exists) 7w4y__1__1.A__1.E 1.E
Running vina for 7w6f__1__1.A_1.B__1.C, ligand 1.C...
  Skipping (exists) 7w6f__1__1.A_1.B__1.C 1.C
Running vina for 7wbs__1__1.A_1.B__1.D, ligand 1.D...
  Skipping (exists) 7wbs__1__1.A_1.B__1.D 1.D
Running vina for 7wc6__1__1.A__1.F, ligand 1.F...
  Skipping (exists) 7wc6__1__1.A__1.F 1.F
Running vina for 7wc7__1__1.A__1.M, ligand 1.M...
  Skipping (exists) 7wc7__1__1.A__1.M 1.M
Running vina for 7wc8__1__1.A__1.H, ligand 1.H...
  Skipping (exists) 7wc8__1__1.A__1.H 1.H
Running vina for 7wcl__1__1.A__1.C, ligand 1.C...
  Skipping (exists) 7wcl__1__1.A__1.C 1.C
Running vina for 7wdt__1__1.A__1.B, ligand 1.B...
  Skipping (exists) 7wdt__1__1.A__1.B 1.B
Running vina for 7wdt__1__1.A__1.C, ligand 1.C...
  Skipping (exists) 7wdt__1__1.A__1.C 1.C
Running vina for 7wdu__1__1.A__1.C, ligand 1.C...
  Skipping (exists) 7wdu__1__1.A__1.C 1.C
Running vina for 7wew__1__1.A__1.K, ligand 1.K...
  Skipping (exists) 7wew__1__1.A__1.K 1.K
Running vina for 7wf5__1__1.A__1.C, ligand 1.C...
  Skipping (exists) 7wf5__1__1.A__1.C 1.C
Running vina for 7wgl__1__1.A__1.D, ligand 1.D...
  Skipping (exists) 7wgl__1__1.A__1.D 1.D
Running vina for 7wgn__1__1.A__1.B, ligand 1.B...
  Skipping (exists) 7wgn__1__1.A__1.B 1.B
Running vina for 7wgo__1__1.A__1.C, ligand 1.C...
  Skipping (exists) 7wgo__1__1.A__1.C 1.C
Running vina for 7wgq__1__1.A__1.C, ligand 1.C...
  Skipping (exists) 7wgq__1__1.A__1.C 1.C
Running vina for 7wlw__1__1.A__1.I, ligand 1.I...
  Skipping (exists) 7wlw__1__1.A__1.I 1.I
Running vina for 7wlx__1__1.A__1.C, ligand 1.C...
  Skipping (exists) 7wlx__1__1.A__1.C 1.C
Running vina for 7wmh__1__1.A__1.C, ligand 1.C...
  Skipping (exists) 7wmh__1__1.A__1.C 1.C
Running vina for 7wmj__1__1.A__1.C, ligand 1.C...
  Skipping (exists) 7wmj__1__1.A__1.C 1.C
Running vina for 7wmo__1__1.A__1.C, ligand 1.C...
  Skipping (exists) 7wmo__1__1.A__1.C 1.C
Running vina for 7wqq__1__1.A__1.C, ligand 1.C...
  Skipping (exists) 7wqq__1__1.A__1.C 1.C
Running vina for 7wux__1__1.A_1.D__1.J, ligand 1.J...
  Skipping (exists) 7wux__1__1.A_1.D__1.J 1.J
Running vina for 7x11__1__1.D__1.P, ligand 1.P...
  Skipping (exists) 7x11__1__1.D__1.P 1.P
Running vina for 7x4u__1__1.A__1.B, ligand 1.B...
  Skipping (exists) 7x4u__1__1.A__1.B 1.B
Running vina for 7x7x__1__1.A__1.C, ligand 1.C...
  Skipping (exists) 7x7x__1__1.A__1.C 1.C
Running vina for 7x81__1__1.A_1.B__1.D, ligand 1.D...
  Skipping (exists) 7x81__1__1.A_1.B__1.D 1.D
Running vina for 7x86__1__1.A_1.C__1.G, ligand 1.G...
  Skipping (exists) 7x86__1__1.A_1.C__1.G 1.G
Running vina for 7x9d__1__1.A__1.E, ligand 1.E...
  Skipping (exists) 7x9d__1__1.A__1.E 1.E
Running vina for 7xbv__1__1.A__1.B, ligand 1.B...
  Skipping (exists) 7xbv__1__1.A__1.B 1.B
Running vina for 7xef__1__1.A__1.E, ligand 1.E...
  Skipping (exists) 7xef__1__1.A__1.E 1.E
Running vina for 7xej__1__1.A_2.A__1.B, ligand 1.B...
  Skipping (exists) 7xej__1__1.A_2.A__1.B 1.B
Running vina for 7xek__1__1.A_2.A__1.B, ligand 1.B...
  Skipping (exists) 7xek__1__1.A_2.A__1.B 1.B
Running vina for 7xen__1__1.A_2.A__2.B, ligand 2.B...
  Skipping (exists) 7xen__1__1.A_2.A__2.B 2.B
Running vina for 7xep__1__1.A_2.A__1.E, ligand 1.E...
  Skipping (exists) 7xep__1__1.A_2.A__1.E 1.E
Running vina for 7xeq__1__1.A_2.A__2.D, ligand 2.D...
  Skipping (exists) 7xeq__1__1.A_2.A__2.D 2.D
Running vina for 7xes__1__1.A_2.A__2.D, ligand 2.D...
  Skipping (exists) 7xes__1__1.A_2.A__2.D 2.D
Running vina for 7xet__1__1.A_2.A__1.B, ligand 1.B...
  Skipping (exists) 7xet__1__1.A_2.A__1.B 1.B
Running vina for 7xf7__1__1.A__1.B, ligand 1.B...
  Skipping (exists) 7xf7__1__1.A__1.B 1.B
Running vina for 7xh6__1__1.A__1.E, ligand 1.E...
  Skipping (exists) 7xh6__1__1.A__1.E 1.E
Running vina for 7xhh__1__1.B__1.D, ligand 1.D...
  Skipping (exists) 7xhh__1__1.B__1.D 1.D
Running vina for 7xhq__1__1.A__1.C, ligand 1.C...
  Skipping (exists) 7xhq__1__1.A__1.C 1.C
Running vina for 7xi7__1__1.A__1.B, ligand 1.B...
  Skipping (exists) 7xi7__1__1.A__1.B 1.B
Running vina for 7xk9__1__1.A__1.C, ligand 1.C...
  Skipping (exists) 7xk9__1__1.A__1.C 1.C
Running vina for 7xka__1__1.A__1.C, ligand 1.C...
  Skipping (exists) 7xka__1__1.A__1.C 1.C
Running vina for 7xlp__1__1.A__1.B, ligand 1.B...
  Skipping (exists) 7xlp__1__1.A__1.B 1.B
Running vina for 7xm7__1__1.A__1.E, ligand 1.E...
  Skipping (exists) 7xm7__1__1.A__1.E 1.E
Running vina for 7xmk__1__1.A__1.D, ligand 1.D...
  Skipping (exists) 7xmk__1__1.A__1.D 1.D
Running vina for 7xnc__1__1.A__1.B, ligand 1.B...
  Skipping (exists) 7xnc__1__1.A__1.B 1.B
Running vina for 7xoz__1__1.B__1.F, ligand 1.F...
  Skipping (exists) 7xoz__1__1.B__1.F 1.F
Running vina for 7xpo__1__1.B__1.H, ligand 1.H...
  Skipping (exists) 7xpo__1__1.B__1.H 1.H
Running vina for 7xrr__1__1.A__1.B, ligand 1.B...
  Skipping (exists) 7xrr__1__1.A__1.B 1.B
Running vina for 7xsv__1__1.A__1.B, ligand 1.B...
  Skipping (exists) 7xsv__1__1.A__1.B 1.B
Running vina for 7xua__1__1.B__1.N, ligand 1.N...
  Skipping (exists) 7xua__1__1.B__1.N 1.N
Running vina for 7xub__1__1.A__1.H, ligand 1.H...
  Skipping (exists) 7xub__1__1.A__1.H 1.H
Running vina for 7xuc__1__1.A__1.H, ligand 1.H...
  Skipping (exists) 7xuc__1__1.A__1.H 1.H
Running vina for 7xvu__1__4.A__4.C, ligand 4.C...
  Skipping (exists) 7xvu__1__4.A__4.C 4.C
Running vina for 7xvv__1__3.A__3.C, ligand 3.C...
  Skipping (exists) 7xvv__1__3.A__3.C 3.C
Running vina for 7xvw__1__2.A__2.C, ligand 2.C...
  Skipping (exists) 7xvw__1__2.A__2.C 2.C
Running vina for 7xxc__1__1.A_1.B_1.D__1.M, ligand 1.M...
  Skipping (exists) 7xxc__1__1.A_1.B_1.D__1.M 1.M
Running vina for 7xxm__1__1.A_1.B_1.C__1.K, ligand 1.K...
  Skipping (exists) 7xxm__1__1.A_1.B_1.C__1.K 1.K
Running vina for 7xxp__1__1.A_1.B_1.C__1.K, ligand 1.K...
  Skipping (exists) 7xxp__1__1.A_1.B_1.C__1.K 1.K
Running vina for 7y0f__1__1.B__1.G, ligand 1.G...
  Skipping (exists) 7y0f__1__1.B__1.G 1.G
Running vina for 7y4g__1__2.A__2.D, ligand 2.D...
  Skipping (exists) 7y4g__1__2.A__2.D 2.D
Running vina for 7y4u__1__1.A__1.B, ligand 1.B...
  Skipping (exists) 7y4u__1__1.A__1.B 1.B
Running vina for 7yd2__1__1.A_1.B__1.K, ligand 1.K...
  Skipping (exists) 7yd2__1__1.A_1.B__1.K 1.K
Running vina for 7ydx__1__2.B__2.H, ligand 2.H...
  Skipping (exists) 7ydx__1__2.B__2.H 2.H
Running vina for 7yj9__1__1.A_2.A__2.B, ligand 2.B...
  Skipping (exists) 7yj9__1__1.A_2.A__2.B 2.B
Running vina for 7yja__1__1.A_1.B__1.E, ligand 1.E...
  Skipping (exists) 7yja__1__1.A_1.B__1.E 1.E
Running vina for 7yjb__1__1.A_2.A__2.B, ligand 2.B...
  Skipping (exists) 7yjb__1__1.A_2.A__2.B 2.B
Running vina for 7yop__1__1.A_1.B__1.E, ligand 1.E...
  Skipping (exists) 7yop__1__1.A_1.B__1.E 1.E
Running vina for 7yoq__1__1.B__1.D, ligand 1.D...
  Skipping (exists) 7yoq__1__1.B__1.D 1.D
Running vina for 7ypu__1__1.A_1.B__1.I, ligand 1.I...
  Skipping (exists) 7ypu__1__1.A_1.B__1.I 1.I
Running vina for 7ypv__1__1.A_1.B__1.J, ligand 1.J...
  Skipping (exists) 7ypv__1__1.A_1.B__1.J 1.J
Running vina for 7ysx__1__1.B__1.J, ligand 1.J...
  Skipping (exists) 7ysx__1__1.B__1.J 1.J
Running vina for 7yv4__1__1.A__1.B, ligand 1.B...
  Skipping (exists) 7yv4__1__1.A__1.B 1.B
Running vina for 7yxd__1__1.A__1.I, ligand 1.I...
  Skipping (exists) 7yxd__1__1.A__1.I 1.I
Running vina for 7yxe__1__1.A__1.C, ligand 1.C...
  Skipping (exists) 7yxe__1__1.A__1.C 1.C
Running vina for 7yzs__1__1.A__1.B, ligand 1.B...
  Skipping (exists) 7yzs__1__1.A__1.B 1.B
Running vina for 7yzu__1__1.A__1.B, ligand 1.B...
  Skipping (exists) 7yzu__1__1.A__1.B 1.B
Running vina for 7z1r__1__1.A_2.A__1.B, ligand 1.B...
  Skipping (exists) 7z1r__1__1.A_2.A__1.B 1.B
Running vina for 7z1v__1__1.A__1.C, ligand 1.C...
  Skipping (exists) 7z1v__1__1.A__1.C 1.C
Running vina for 7z1w__1__1.A__1.C, ligand 1.C...
  Skipping (exists) 7z1w__1__1.A__1.C 1.C
Running vina for 7z2q__1__1.A__1.C, ligand 1.C...
  Skipping (exists) 7z2q__1__1.A__1.C 1.C
Running vina for 7z39__1__1.A__1.C, ligand 1.C...
  Skipping (exists) 7z39__1__1.A__1.C 1.C
Running vina for 7z3y__1__1.A__1.D, ligand 1.D...
  Skipping (exists) 7z3y__1__1.A__1.D 1.D
Running vina for 7z41__1__1.A__1.C, ligand 1.C...
  Skipping (exists) 7z41__1__1.A__1.C 1.C
Running vina for 7z5b__1__1.A__1.D, ligand 1.D...
  Skipping (exists) 7z5b__1__1.A__1.D 1.D
Running vina for 7z5r__1__1.A__1.D, ligand 1.D...
  Skipping (exists) 7z5r__1__1.A__1.D 1.D
Running vina for 7z5x__1__1.A__1.C, ligand 1.C...
  Skipping (exists) 7z5x__1__1.A__1.C 1.C
Running vina for 7z78__1__1.A__1.D, ligand 1.D...
  Skipping (exists) 7z78__1__1.A__1.D 1.D
Running vina for 7z9t__1__1.A__1.C, ligand 1.C...
  Skipping (exists) 7z9t__1__1.A__1.C 1.C
Running vina for 7za0__1__1.A__1.B, ligand 1.B...
  Skipping (exists) 7za0__1__1.A__1.B 1.B
Running vina for 7zaa__1__1.A__1.C, ligand 1.C...
  Skipping (exists) 7zaa__1__1.A__1.C 1.C
Running vina for 7zeg__1__1.A__1.C, ligand 1.C...
  Skipping (exists) 7zeg__1__1.A__1.C 1.C
Running vina for 7zfv__1__1.A__1.C, ligand 1.C...
  Skipping (exists) 7zfv__1__1.A__1.C 1.C
Running vina for 7zg9__1__1.A__1.C, ligand 1.C...
  Skipping (exists) 7zg9__1__1.A__1.C 1.C
Running vina for 7zgb__1__1.A__1.B, ligand 1.B...
  Skipping (exists) 7zgb__1__1.A__1.B 1.B
Running vina for 7zgc__1__1.A__1.B, ligand 1.B...
  Skipping (exists) 7zgc__1__1.A__1.B 1.B
Running vina for 7zgd__1__1.A__1.B, ligand 1.B...
  Skipping (exists) 7zgd__1__1.A__1.B 1.B
Running vina for 7zi0__1__1.A__1.C, ligand 1.C...
  Skipping (exists) 7zi0__1__1.A__1.C 1.C
Running vina for 7zik__1__1.A__1.D, ligand 1.D...
  Skipping (exists) 7zik__1__1.A__1.D 1.D
Running vina for 7ziy__1__1.A__1.C, ligand 1.C...
  Skipping (exists) 7ziy__1__1.A__1.C 1.C
Running vina for 7zj0__1__1.A__1.C, ligand 1.C...
  Skipping (exists) 7zj0__1__1.A__1.C 1.C
Running vina for 7zjp__1__1.A__1.C, ligand 1.C...
  Skipping (exists) 7zjp__1__1.A__1.C 1.C
Running vina for 7zjq__1__1.A__1.E, ligand 1.E...
  Skipping (exists) 7zjq__1__1.A__1.E 1.E
Running vina for 7zks__1__1.A__1.B, ligand 1.B...
  Skipping (exists) 7zks__1__1.A__1.B 1.B
Running vina for 7zkw__1__1.A_1.C__1.E, ligand 1.E...
  Skipping (exists) 7zkw__1__1.A_1.C__1.E 1.E
Running vina for 7zp7__1__1.A__1.C, ligand 1.C...
  Skipping (exists) 7zp7__1__1.A__1.C 1.C
Running vina for 7zsm__1__1.A_2.A__1.B, ligand 1.B...
  Skipping (exists) 7zsm__1__1.A_2.A__1.B 1.B
Running vina for 7zso__1__1.A_1.C__1.S, ligand 1.S...
  Skipping (exists) 7zso__1__1.A_1.C__1.S 1.S
Running vina for 7zst__1__1.B_1.C__1.H, ligand 1.H...
  Skipping (exists) 7zst__1__1.B_1.C__1.H 1.H
Running vina for 7zwb__1__1.A__1.D, ligand 1.D...
  Skipping (exists) 7zwb__1__1.A__1.D 1.D
Running vina for 7zxz__1__2.A_2.B__2.E, ligand 2.E...
  Skipping (exists) 7zxz__1__2.A_2.B__2.E 2.E
Running vina for 7zym__1__1.A__1.B, ligand 1.B...
  Skipping (exists) 7zym__1__1.A__1.B 1.B
Running vina for 7zyn__1__1.A__1.B, ligand 1.B...
  Skipping (exists) 7zyn__1__1.A__1.B 1.B
Running vina for 7zz7__1__1.A_4.A__4.C, ligand 4.C...
  Skipping (exists) 7zz7__1__1.A_4.A__4.C 4.C
Running vina for 7zzc__1__1.A_4.A__4.D, ligand 4.D...
  Skipping (exists) 7zzc__1__1.A_4.A__4.D 4.D
Running vina for 7zzf__1__2.A_3.A__3.C, ligand 3.C...
  Skipping (exists) 7zzf__1__2.A_3.A__3.C 3.C
Running vina for 7zzg__1__2.A_3.A__2.C, ligand 2.C...
  Skipping (exists) 7zzg__1__2.A_3.A__2.C 2.C
Running vina for 8a0t__1__1.A__1.C, ligand 1.C...
  Skipping (exists) 8a0t__1__1.A__1.C 1.C
Running vina for 8a2p__1__1.A__1.B, ligand 1.B...
  Skipping (exists) 8a2p__1__1.A__1.B 1.B
Running vina for 8a3a__1__1.A__1.B, ligand 1.B...
  Skipping (exists) 8a3a__1__1.A__1.B 1.B
Running vina for 8a4q__1__1.A_2.A__1.B, ligand 1.B...
  Skipping (exists) 8a4q__1__1.A_2.A__1.B 1.B
Running vina for 8a56__1__1.A_1.B__1.I, ligand 1.I...
  Skipping (exists) 8a56__1__1.A_1.B__1.I 1.I
Running vina for 8a66__1__1.A__1.C, ligand 1.C...
  Skipping (exists) 8a66__1__1.A__1.C 1.C
Running vina for 8a7i__1__1.A__1.C, ligand 1.C...
  Skipping (exists) 8a7i__1__1.A__1.C 1.C
Running vina for 8a9i__1__1.A__1.B, ligand 1.B...
  Skipping (exists) 8a9i__1__1.A__1.B 1.B
Running vina for 8a9v__1__2.A_3.A__3.C, ligand 3.C...
  Skipping (exists) 8a9v__1__2.A_3.A__3.C 3.C
Running vina for 8ab3__1__1.A_1.B_1.C_1.D__1.L, ligand 1.L...
  Skipping (exists) 8ab3__1__1.A_1.B_1.C_1.D__1.L 1.L
Running vina for 8abu__1__1.A__1.D, ligand 1.D...
  Skipping (exists) 8abu__1__1.A__1.D 1.D
Running vina for 8acm__1__1.A__1.E, ligand 1.E...
  Skipping (exists) 8acm__1__1.A__1.E 1.E
Running vina for 8ad7__1__1.A__1.J, ligand 1.J...
  Skipping (exists) 8ad7__1__1.A__1.J 1.J
Running vina for 8adf__1__1.B__1.D, ligand 1.D...
  Skipping (exists) 8adf__1__1.B__1.D 1.D
Running vina for 8adj__1__1.A__1.D, ligand 1.D...
  Skipping (exists) 8adj__1__1.A__1.D 1.D
Running vina for 8aev__1__1.A__1.G, ligand 1.G...
  Skipping (exists) 8aev__1__1.A__1.G 1.G
Running vina for 8ai7__1__1.A__1.Q, ligand 1.Q...
  Skipping (exists) 8ai7__1__1.A__1.Q 1.Q
Running vina for 8am2__1__1.A__1.D, ligand 1.D...
  Skipping (exists) 8am2__1__1.A__1.D 1.D
Running vina for 8aop__1__1.A__1.E, ligand 1.E...
  Skipping (exists) 8aop__1__1.A__1.E 1.E
Running vina for 8apt__1__1.A_2.A__1.B, ligand 1.B...
  Skipping (exists) 8apt__1__1.A_2.A__1.B 1.B
Running vina for 8apu__1__1.A_2.A__1.B, ligand 1.B...
  Skipping (exists) 8apu__1__1.A_2.A__1.B 1.B
Running vina for 8apw__1__1.A_2.A__2.C, ligand 2.C...
  Skipping (exists) 8apw__1__1.A_2.A__2.C 2.C
Running vina for 8aqf__1__1.A__1.B, ligand 1.B...
  Skipping (exists) 8aqf__1__1.A__1.B 1.B
Running vina for 8aqj__1__1.A_3.A__3.B, ligand 3.B...
  Skipping (exists) 8aqj__1__1.A_3.A__3.B 3.B
Running vina for 8arj__1__1.A__1.B, ligand 1.B...
  Skipping (exists) 8arj__1__1.A__1.B 1.B
Running vina for 8asf__1__1.B__1.E, ligand 1.E...
  Skipping (exists) 8asf__1__1.B__1.E 1.E
Running vina for 8atb__1__1.A__1.C, ligand 1.C...
  Skipping (exists) 8atb__1__1.A__1.C 1.C
Running vina for 8atl__1__1.A__1.C, ligand 1.C...
  Skipping (exists) 8atl__1__1.A__1.C 1.C
Running vina for 8aw1__1__1.A__1.C, ligand 1.C...
  Skipping (exists) 8aw1__1__1.A__1.C 1.C
Running vina for 8ax0__1__1.B__1.H, ligand 1.H...
  Skipping (exists) 8ax0__1__1.B__1.H 1.H
Running vina for 8axp__1__1.A__1.C, ligand 1.C...
  Skipping (exists) 8axp__1__1.A__1.C 1.C
Running vina for 8ay6__1__1.A_1.B__1.C, ligand 1.C...
  Skipping (exists) 8ay6__1__1.A_1.B__1.C 1.C
Running vina for 8ay8__1__1.A_1.B__1.D, ligand 1.D...
  Skipping (exists) 8ay8__1__1.A_1.B__1.D 1.D
Running vina for 8aya__1__1.A_1.B__1.C, ligand 1.C...
  Skipping (exists) 8aya__1__1.A_1.B__1.C 1.C
Running vina for 8azd__1__1.A__1.C, ligand 1.C...
  Skipping (exists) 8azd__1__1.A__1.C 1.C
Running vina for 8azi__1__1.A__1.C, ligand 1.C...
  Skipping (exists) 8azi__1__1.A__1.C 1.C
Running vina for 8azl__1__1.A__1.C, ligand 1.C...
  Skipping (exists) 8azl__1__1.A__1.C 1.C
Running vina for 8azm__1__1.A__1.C, ligand 1.C...
  Skipping (exists) 8azm__1__1.A__1.C 1.C
Running vina for 8azo__1__1.A__1.C, ligand 1.C...
  Skipping (exists) 8azo__1__1.A__1.C 1.C
Running vina for 8azp__1__1.A__1.C, ligand 1.C...
  Skipping (exists) 8azp__1__1.A__1.C 1.C
Running vina for 8b08__1__1.B__1.E, ligand 1.E...
  Skipping (exists) 8b08__1__1.B__1.E 1.E
Running vina for 8b1v__1__1.A_1.B__1.E, ligand 1.E...
  Skipping (exists) 8b1v__1__1.A_1.B__1.E 1.E
Running vina for 8b25__1__1.A_1.B__1.J, ligand 1.J...
  Skipping (exists) 8b25__1__1.A_1.B__1.J 1.J
Running vina for 8b35__1__1.A_1.B__1.E, ligand 1.E...
  Skipping (exists) 8b35__1__1.A_1.B__1.E 1.E
Running vina for 8b5s__1__1.B__1.D, ligand 1.D...
  Skipping (exists) 8b5s__1__1.B__1.D 1.D
Running vina for 8b62__1__1.A__1.C, ligand 1.C...
  Skipping (exists) 8b62__1__1.A__1.C 1.C
Running vina for 8b6m__1__1.A_1.B__1.E, ligand 1.E...
  Skipping (exists) 8b6m__1__1.A_1.B__1.E 1.E
Running vina for 8b75__1__1.A__1.B, ligand 1.B...
  Skipping (exists) 8b75__1__1.A__1.B 1.B
Running vina for 8b8x__1__1.A_1.C__1.E, ligand 1.E...
  Skipping (exists) 8b8x__1__1.A_1.C__1.E 1.E
Running vina for 8b8z__1__1.A__1.E, ligand 1.E...
  Skipping (exists) 8b8z__1__1.A__1.E 1.E
Running vina for 8b91__1__1.A__1.E, ligand 1.E...
  Skipping (exists) 8b91__1__1.A__1.E 1.E
Running vina for 8b9h__1__1.A__1.B, ligand 1.B...
  Skipping (exists) 8b9h__1__1.A__1.B 1.B
Running vina for 8baj__1__1.A__1.B, ligand 1.B...
  Skipping (exists) 8baj__1__1.A__1.B 1.B
Running vina for 8bcy__1__1.A__1.C, ligand 1.C...
  Skipping (exists) 8bcy__1__1.A__1.C 1.C
Running vina for 8bdm__1__1.C__1.M, ligand 1.M...
  Skipping (log exists) 8bdm__1__1.C__1.M 1.M
Running vina for 8bgc__1__1.A__1.F, ligand 1.F...
  Skipping (exists) 8bgc__1__1.A__1.F 1.F
Running vina for 8bgt__1__1.A_2.A__2.D, ligand 2.D...
  Skipping (exists) 8bgt__1__1.A_2.A__2.D 2.D
Running vina for 8bgz__1__1.A_1.B__1.F, ligand 1.F...
  Skipping (exists) 8bgz__1__1.A_1.B__1.F 1.F
Running vina for 8bh0__1__1.A_1.D__1.J, ligand 1.J...
  Skipping (exists) 8bh0__1__1.A_1.D__1.J 1.J
Running vina for 8bhg__1__1.B_1.C__1.K, ligand 1.K...
  Skipping (exists) 8bhg__1__1.B_1.C__1.K 1.K
Running vina for 8bi6__1__1.A__1.D, ligand 1.D...
  Skipping (exists) 8bi6__1__1.A__1.D 1.D
Running vina for 8bih__1__1.A_1.L__1.N, ligand 1.N...
  Skipping (exists) 8bih__1__1.A_1.L__1.N 1.N
Running vina for 8biq__1__1.C__1.G, ligand 1.G...
  Skipping (exists) 8biq__1__1.C__1.G 1.G
Running vina for 8bir__1__1.A_1.B__1.D, ligand 1.D...
  Skipping (exists) 8bir__1__1.A_1.B__1.D 1.D
Running vina for 8bj3__1__1.A_1.B__1.C, ligand 1.C...
  Skipping (exists) 8bj3__1__1.A_1.B__1.C 1.C
Running vina for 8bjd__1__1.A__1.B, ligand 1.B...
  Skipping (exists) 8bjd__1__1.A__1.B 1.B
Running vina for 8bjt__1__1.A__1.C, ligand 1.C...
  Skipping (exists) 8bjt__1__1.A__1.C 1.C
Running vina for 8bju__1__1.A__1.B, ligand 1.B...
  Skipping (exists) 8bju__1__1.A__1.B 1.B
Running vina for 8bk0__1__1.A__1.H, ligand 1.H...
  Skipping (exists) 8bk0__1__1.A__1.H 1.H
Running vina for 8blt__1__1.A_1.B__1.I, ligand 1.I...
  Skipping (exists) 8blt__1__1.A_1.B__1.I 1.I
Running vina for 8bnx__1__1.A__1.C, ligand 1.C...
  Skipping (exists) 8bnx__1__1.A__1.C 1.C
Running vina for 8bo3__1__1.A__1.B, ligand 1.B...
  Skipping (exists) 8bo3__1__1.A__1.B 1.B
Running vina for 8bo4__1__1.A__1.C, ligand 1.C...
  Skipping (exists) 8bo4__1__1.A__1.C 1.C
Running vina for 8boc__1__1.A__1.B, ligand 1.B...
  Skipping (exists) 8boc__1__1.A__1.B 1.B
Running vina for 8bok__1__1.A__1.B, ligand 1.B...
  Skipping (exists) 8bok__1__1.A__1.B 1.B
Running vina for 8bq4__1__1.B__1.D, ligand 1.D...
  Skipping (exists) 8bq4__1__1.B__1.D 1.D
Running vina for 8br5__1__1.A__1.E, ligand 1.E...
  Skipping (exists) 8br5__1__1.A__1.E 1.E
Running vina for 8br6__1__1.A__1.C, ligand 1.C...
  Skipping (exists) 8br6__1__1.A__1.C 1.C
Running vina for 8bsg__1__1.A__1.B, ligand 1.B...
  Skipping (exists) 8bsg__1__1.A__1.B 1.B
Running vina for 8bsl__1__1.C_1.D__1.F, ligand 1.F...
  Skipping (exists) 8bsl__1__1.C_1.D__1.F 1.F
Running vina for 8bst__1__1.A__1.R, ligand 1.R...
  Skipping (exists) 8bst__1__1.A__1.R 1.R
Running vina for 8bt0__1__1.A__1.M, ligand 1.M...
  Skipping (exists) 8bt0__1__1.A__1.M 1.M
Running vina for 8bt2__1__1.A__1.M, ligand 1.M...
  Skipping (exists) 8bt2__1__1.A__1.M 1.M
Running vina for 8c1m__1__1.A__1.C, ligand 1.C...
  Skipping (exists) 8c1m__1__1.A__1.C 1.C
Running vina for 8c3g__1__1.C__1.AA, ligand 1.AA...
  Skipping (exists) 8c3g__1__1.C__1.AA 1.AA
Warning: Receptor file not found for 8c3i__1__1.B__1.D
Running vina for 8c3r__1__1.A__1.C, ligand 1.C...
  Skipping (exists) 8c3r__1__1.A__1.C 1.C
Running vina for 8c3u__1__1.A__1.C, ligand 1.C...
  Skipping (exists) 8c3u__1__1.A__1.C 1.C
Running vina for 8c6l__1__1.A__1.C, ligand 1.C...
  Skipping (exists) 8c6l__1__1.A__1.C 1.C
Running vina for 8c6n__1__1.A__1.B, ligand 1.B...
  Skipping (exists) 8c6n__1__1.A__1.B 1.B
Running vina for 8c6o__1__1.A__1.C, ligand 1.C...
  Skipping (exists) 8c6o__1__1.A__1.C 1.C
Running vina for 8c6p__1__1.A__1.B, ligand 1.B...
  Skipping (exists) 8c6p__1__1.A__1.B 1.B
Running vina for 8c6q__1__1.A__1.C, ligand 1.C...
  Skipping (exists) 8c6q__1__1.A__1.C 1.C
Running vina for 8c6s__1__1.A__1.C, ligand 1.C...
  Skipping (exists) 8c6s__1__1.A__1.C 1.C
Running vina for 8c70__1__1.A__1.B, ligand 1.B...
  Skipping (exists) 8c70__1__1.A__1.B 1.B
Running vina for 8c71__1__1.A__1.C, ligand 1.C...
  Skipping (exists) 8c71__1__1.A__1.C 1.C
Running vina for 8c74__1__1.A__1.C, ligand 1.C...
  Skipping (exists) 8c74__1__1.A__1.C 1.C
Running vina for 8c9d__1__1.A__1.D, ligand 1.D...
  Skipping (exists) 8c9d__1__1.A__1.D 1.D
Running vina for 8c9e__1__1.A__1.C, ligand 1.C...
  Skipping (exists) 8c9e__1__1.A__1.C 1.C
Running vina for 8caa__1__1.B__1.F, ligand 1.F...
  Skipping (exists) 8caa__1__1.B__1.F 1.F
Running vina for 8cbh__1__1.A__1.C, ligand 1.C...
  Skipping (exists) 8cbh__1__1.A__1.C 1.C
Running vina for 8cbr__1__1.A_1.B_1.D__1.E, ligand 1.E...
  Skipping (exists) 8cbr__1__1.A_1.B_1.D__1.E 1.E
Running vina for 8cbs__1__1.B_1.C_1.D__1.L, ligand 1.L...
  Skipping (exists) 8cbs__1__1.B_1.C_1.D__1.L 1.L
Running vina for 8cbu__1__1.A_1.B_1.D__1.M, ligand 1.M...
  Skipping (exists) 8cbu__1__1.A_1.B_1.D__1.M 1.M
Running vina for 8cdw__1__1.B__1.D, ligand 1.D...
  Skipping (exists) 8cdw__1__1.B__1.D 1.D
Running vina for 8ce3__1__1.A_1.B__1.E, ligand 1.E...
  Skipping (exists) 8ce3__1__1.A_1.B__1.E 1.E
Running vina for 8ceq__1__1.A__1.C, ligand 1.C...
  Skipping (exists) 8ceq__1__1.A__1.C 1.C
Running vina for 8ces__1__1.A__1.C, ligand 1.C...
  Skipping (exists) 8ces__1__1.A__1.C 1.C
Running vina for 8cev__1__1.A__1.C, ligand 1.C...
  Skipping (exists) 8cev__1__1.A__1.C 1.C
Running vina for 8cex__1__1.A__1.D, ligand 1.D...
  Skipping (exists) 8cex__1__1.A__1.D 1.D
Running vina for 8cey__1__1.A__1.D, ligand 1.D...
  Skipping (exists) 8cey__1__1.A__1.D 1.D
Running vina for 8cfb__1__1.A__1.L, ligand 1.L...
  Skipping (exists) 8cfb__1__1.A__1.L 1.L
Running vina for 8cg0__1__1.D__1.IA, ligand 1.IA...
  Skipping (exists) 8cg0__1__1.D__1.IA 1.IA
Running vina for 8ch9__1__1.G__1.BB, ligand 1.BB...
  Skipping (exists) 8ch9__1__1.G__1.BB 1.BB
Running vina for 8chc__1__1.A__1.B, ligand 1.B...
  Skipping (exists) 8chc__1__1.A__1.B 1.B
Running vina for 8chk__1__1.A__1.D, ligand 1.D...
  Skipping (exists) 8chk__1__1.A__1.D 1.D
Running vina for 8cij__1__1.A__1.B, ligand 1.B...
  Skipping (exists) 8cij__1__1.A__1.B 1.B
Running vina for 8cje__1__1.A__1.F, ligand 1.F...
  Skipping (exists) 8cje__1__1.A__1.F 1.F
Running vina for 8cjg__1__1.A__1.D, ligand 1.D...
  Skipping (exists) 8cjg__1__1.A__1.D 1.D
Running vina for 8cju__1__1.A__1.B, ligand 1.B...
  Skipping (exists) 8cju__1__1.A__1.B 1.B
Running vina for 8ck5__1__1.A__1.D, ligand 1.D...
  Skipping (exists) 8ck5__1__1.A__1.D 1.D
Running vina for 8ckc__1__2.A__2.D, ligand 2.D...
  Skipping (exists) 8ckc__1__2.A__2.D 2.D
Running vina for 8ckh__1__1.A_1.B__1.D, ligand 1.D...
  Skipping (exists) 8ckh__1__1.A_1.B__1.D 1.D
Running vina for 8clq__1__1.A__1.E, ligand 1.E...
  Skipping (exists) 8clq__1__1.A__1.E 1.E
Running vina for 8cou__1__1.A__1.V, ligand 1.V...
  Skipping (exists) 8cou__1__1.A__1.V 1.V
Running vina for 8cov__1__1.A__1.D, ligand 1.D...
  Skipping (exists) 8cov__1__1.A__1.D 1.D
Running vina for 8cp7__1__1.A__1.B, ligand 1.B...
  Skipping (exists) 8cp7__1__1.A__1.B 1.B
Running vina for 8cpb__1__1.B__1.H, ligand 1.H...
  Skipping (exists) 8cpb__1__1.B__1.H 1.H
Running vina for 8crj__1__1.A__1.B, ligand 1.B...
  Skipping (exists) 8crj__1__1.A__1.B 1.B
Running vina for 8crl__1__1.A__1.C, ligand 1.C...
  Skipping (exists) 8crl__1__1.A__1.C 1.C
Running vina for 8cta__1__1.A_1.B_1.D__1.Q, ligand 1.Q...
  Skipping (exists) 8cta__1__1.A_1.B_1.D__1.Q 1.Q
Running vina for 8cu7__1__1.A__1.C, ligand 1.C...
  Skipping (exists) 8cu7__1__1.A__1.C 1.C
Running vina for 8cyu__1__1.A_1.B__1.F, ligand 1.F...
  Skipping (exists) 8cyu__1__1.A_1.B__1.F 1.F
Running vina for 8cyz__1__1.A_1.C__1.E, ligand 1.E...
  Skipping (exists) 8cyz__1__1.A_1.C__1.E 1.E
Running vina for 8cz7__1__1.A_1.C__1.E, ligand 1.E...
  Skipping (exists) 8cz7__1__1.A_1.C__1.E 1.E
Running vina for 8d0e__1__1.B__1.D, ligand 1.D...
  Skipping (exists) 8d0e__1__1.B__1.D 1.D
Running vina for 8d0f__1__1.A_1.B__1.D, ligand 1.D...
  Skipping (exists) 8d0f__1__1.A_1.B__1.D 1.D
Running vina for 8d6c__1__1.A__1.F, ligand 1.F...
  Skipping (exists) 8d6c__1__1.A__1.F 1.F
Running vina for 8d6e__1__1.A__1.D, ligand 1.D...
  Skipping (exists) 8d6e__1__1.A__1.D 1.D
Running vina for 8d6f__1__1.A__1.D, ligand 1.D...
  Skipping (exists) 8d6f__1__1.A__1.D 1.D
Running vina for 8d6m__1__1.A__1.C, ligand 1.C...
  Skipping (exists) 8d6m__1__1.A__1.C 1.C
Running vina for 8d6t__1__1.A__1.C, ligand 1.C...
  Skipping (exists) 8d6t__1__1.A__1.C 1.C
Running vina for 8db0__1__1.A__1.E, ligand 1.E...
  Skipping (exists) 8db0__1__1.A__1.E 1.E
Running vina for 8deg__1__1.A__1.B, ligand 1.B...
  Skipping (exists) 8deg__1__1.A__1.B 1.B
Running vina for 8dhw__1__1.B_2.B__2.I, ligand 2.I...
  Skipping (exists) 8dhw__1__1.B_2.B__2.I 2.I
Running vina for 8dk4__1__1.A__1.C, ligand 1.C...
  Skipping (exists) 8dk4__1__1.A__1.C 1.C
Running vina for 8dml__1__1.B__1.J, ligand 1.J...
  Skipping (exists) 8dml__1__1.B__1.J 1.J
Running vina for 8dmt__1__1.A__1.E, ligand 1.E...
  Skipping (exists) 8dmt__1__1.A__1.E 1.E
Running vina for 8dqd__1__1.A__1.B, ligand 1.B...
  Skipping (exists) 8dqd__1__1.A__1.B 1.B
Running vina for 8dsc__1__1.B__1.L, ligand 1.L...
  Skipping (exists) 8dsc__1__1.B__1.L 1.L
Running vina for 8dsh__1__1.A_1.B__1.C, ligand 1.C...
  Skipping (exists) 8dsh__1__1.A_1.B__1.C 1.C
Running vina for 8dsm__1__1.A_1.B__1.J, ligand 1.J...
  Skipping (exists) 8dsm__1__1.A_1.B__1.J 1.J
Running vina for 8dsr__1__1.A__1.C, ligand 1.C...
  Skipping (exists) 8dsr__1__1.A__1.C 1.C
Running vina for 8du3__1__1.A__1.B, ligand 1.B...
  Skipping (exists) 8du3__1__1.A__1.B 1.B
Running vina for 8du6__1__1.B__1.D, ligand 1.D...
  Skipping (exists) 8du6__1__1.B__1.D 1.D
Running vina for 8du8__1__1.A__1.C, ligand 1.C...
  Skipping (exists) 8du8__1__1.A__1.C 1.C
Running vina for 8du9__1__1.B__1.D, ligand 1.D...
  Skipping (exists) 8du9__1__1.B__1.D 1.D
Running vina for 8dub__1__1.A__1.C, ligand 1.C...
  Skipping (exists) 8dub__1__1.A__1.C 1.C
Running vina for 8duh__1__1.A__1.C, ligand 1.C...
  Skipping (exists) 8duh__1__1.A__1.C 1.C
Running vina for 8dui__1__1.A__1.C, ligand 1.C...
  Skipping (exists) 8dui__1__1.A__1.C 1.C
Running vina for 8duk__1__1.A__1.E, ligand 1.E...
  Skipping (exists) 8duk__1__1.A__1.E 1.E
Running vina for 8dv7__1__1.B__1.D, ligand 1.D...
  Skipping (exists) 8dv7__1__1.B__1.D 1.D
Running vina for 8dv8__1__1.A__1.C, ligand 1.C...
  Skipping (exists) 8dv8__1__1.A__1.C 1.C
Running vina for 8dxk__1__1.A_1.B__1.C, ligand 1.C...
  Skipping (exists) 8dxk__1__1.A_1.B__1.C 1.C
Running vina for 8e0h__1__1.A__1.C, ligand 1.C...
  Skipping (exists) 8e0h__1__1.A__1.C 1.C
Running vina for 8e0t__1__1.C__1.F, ligand 1.F...
  Skipping (exists) 8e0t__1__1.C__1.F 1.F
Running vina for 8e1o__1__1.A__1.D, ligand 1.D...
  Skipping (exists) 8e1o__1__1.A__1.D 1.D
Running vina for 8e1t__1__1.A__1.D, ligand 1.D...
  Skipping (exists) 8e1t__1__1.A__1.D 1.D
Running vina for 8e1x__1__1.A__1.C, ligand 1.C...
  Skipping (exists) 8e1x__1__1.A__1.C 1.C
Running vina for 8e5m__1__1.A_1.E__1.U, ligand 1.U...
  Skipping (exists) 8e5m__1__1.A_1.E__1.U 1.U
Running vina for 8e80__1__1.A__1.B, ligand 1.B...
  Skipping (exists) 8e80__1__1.A__1.B 1.B
Running vina for 8e81__1__1.A__1.B, ligand 1.B...
  Skipping (exists) 8e81__1__1.A__1.B 1.B
Running vina for 8ea6__1__1.A_1.B__1.C, ligand 1.C...
  Skipping (exists) 8ea6__1__1.A_1.B__1.C 1.C
Running vina for 8efj__1__1.A__1.D, ligand 1.D...
  Skipping (exists) 8efj__1__1.A__1.D 1.D
Running vina for 8egz__1__1.B__1.I, ligand 1.I...
  Skipping (exists) 8egz__1__1.B__1.I 1.I
Running vina for 8emu__1__1.A__1.E, ligand 1.E...
  Skipping (exists) 8emu__1__1.A__1.E 1.E
Running vina for 8eni__1__2.A__2.B, ligand 2.B...
  Skipping (exists) 8eni__1__2.A__2.B 2.B
Running vina for 8eq9__1__1.A__1.B, ligand 1.B...
  Skipping (exists) 8eq9__1__1.A__1.B 1.B
Running vina for 8eqz__1__1.A__1.C, ligand 1.C...
  Skipping (exists) 8eqz__1__1.A__1.C 1.C
Running vina for 8erb__1__1.A_1.C__1.Q, ligand 1.Q...
  Skipping (exists) 8erb__1__1.A_1.C__1.Q 1.Q
Running vina for 8erd__1__1.A__1.B, ligand 1.B...
  Skipping (exists) 8erd__1__1.A__1.B 1.B
Running vina for 8erj__1__1.A_2.C__1.I, ligand 1.I...
  Skipping (exists) 8erj__1__1.A_2.C__1.I 1.I
Running vina for 8et0__1__1.B__1.L, ligand 1.L...
  Skipping (exists) 8et0__1__1.B__1.L 1.L
Running vina for 8etl__1__1.A__1.C, ligand 1.C...
  Skipping (exists) 8etl__1__1.A__1.C 1.C
Running vina for 8ex1__1__1.A__1.B, ligand 1.B...
  Skipping (exists) 8ex1__1__1.A__1.B 1.B
Running vina for 8ex2__1__1.A__1.B, ligand 1.B...
  Skipping (exists) 8ex2__1__1.A__1.B 1.B
Running vina for 8exl__1__1.A__1.B, ligand 1.B...
  Skipping (exists) 8exl__1__1.A__1.B 1.B
Running vina for 8exu__1__1.A__1.B, ligand 1.B...
  Skipping (exists) 8exu__1__1.A__1.B 1.B
Running vina for 8ez1__1__1.A_1.B__1.D, ligand 1.D...
  Skipping (exists) 8ez1__1__1.A_1.B__1.D 1.D
Running vina for 8f1g__1__1.A__1.C, ligand 1.C...
  Skipping (exists) 8f1g__1__1.A__1.C 1.C
Running vina for 8f1z__1__1.A__1.B, ligand 1.B...
  Skipping (exists) 8f1z__1__1.A__1.B 1.B
Running vina for 8f4q__1__1.A__1.F, ligand 1.F...
  Skipping (exists) 8f4q__1__1.A__1.F 1.F
Running vina for 8f8e__1__1.A__1.C, ligand 1.C...
  Skipping (exists) 8f8e__1__1.A__1.C 1.C
Running vina for 8f8m__1__1.A__1.C, ligand 1.C...
  Skipping (exists) 8f8m__1__1.A__1.C 1.C
Running vina for 8fb1__1__1.A__1.C, ligand 1.C...
  Skipping (exists) 8fb1__1__1.A__1.C 1.C
Running vina for 8fb1__1__1.A__1.D, ligand 1.D...
  Skipping (exists) 8fb1__1__1.A__1.D 1.D
Running vina for 8fcd__1__1.A_1.B__1.C, ligand 1.C...
  Skipping (exists) 8fcd__1__1.A_1.B__1.C 1.C
Running vina for 8fe6__1__1.A__1.I, ligand 1.I...
  Skipping (exists) 8fe6__1__1.A__1.I 1.I
Running vina for 8fe8__1__1.A_1.B__1.C, ligand 1.C...
  Skipping (exists) 8fe8__1__1.A_1.B__1.C 1.C
Running vina for 8fe9__1__1.A__1.B, ligand 1.B...
  Skipping (exists) 8fe9__1__1.A__1.B 1.B
Running vina for 8fgz__1__1.A__1.B, ligand 1.B...
  Skipping (exists) 8fgz__1__1.A__1.B 1.B
Running vina for 8fh4__1__1.A__1.E, ligand 1.E...
  Skipping (exists) 8fh4__1__1.A__1.E 1.E
Running vina for 8fjz__1__1.C__1.I, ligand 1.I...
  Skipping (exists) 8fjz__1__1.C__1.I 1.I
Running vina for 8fko__1__1.C__1.I, ligand 1.I...
  Skipping (exists) 8fko__1__1.C__1.I 1.I
Running vina for 8fly__1__1.A__1.K, ligand 1.K...
  Skipping (exists) 8fly__1__1.A__1.K 1.K
Running vina for 8flz__1__1.A__1.K, ligand 1.K...
  Skipping (exists) 8flz__1__1.A__1.K 1.K
Running vina for 8fm0__1__1.A__1.K, ligand 1.K...
  Skipping (exists) 8fm0__1__1.A__1.K 1.K
Running vina for 8fm2__1__1.A__1.K, ligand 1.K...
  Skipping (exists) 8fm2__1__1.A__1.K 1.K
Running vina for 8fm3__1__1.A__1.K, ligand 1.K...
  Skipping (exists) 8fm3__1__1.A__1.K 1.K
Running vina for 8fm4__1__1.A__1.K, ligand 1.K...
  Skipping (exists) 8fm4__1__1.A__1.K 1.K
Running vina for 8fm5__1__1.A__1.K, ligand 1.K...
  Skipping (exists) 8fm5__1__1.A__1.K 1.K
Running vina for 8fm7__1__1.A__1.K, ligand 1.K...
  Skipping (exists) 8fm7__1__1.A__1.K 1.K
Running vina for 8fm8__1__1.A__1.K, ligand 1.K...
  Skipping (exists) 8fm8__1__1.A__1.K 1.K
Running vina for 8fo5__1__1.A_1.B__1.E, ligand 1.E...
  Skipping (exists) 8fo5__1__1.A_1.B__1.E 1.E
Running vina for 8fp1__1__1.A__1.B, ligand 1.B...
  Skipping (exists) 8fp1__1__1.A__1.B 1.B
Running vina for 8ftr__1__2.A__2.B, ligand 2.B...
  Skipping (exists) 8ftr__1__2.A__2.B 2.B
Running vina for 8fwz__1__1.B__1.E, ligand 1.E...
  Skipping (exists) 8fwz__1__1.B__1.E 1.E
Running vina for 8fx1__1__1.A__1.C, ligand 1.C...
  Skipping (exists) 8fx1__1__1.A__1.C 1.C
Running vina for 8fx2__1__1.B__1.D, ligand 1.D...
  Skipping (exists) 8fx2__1__1.B__1.D 1.D
Running vina for 8fx3__1__1.B__1.D, ligand 1.D...
  Skipping (exists) 8fx3__1__1.B__1.D 1.D
Running vina for 8fxn__1__1.A__1.B, ligand 1.B...
  Skipping (exists) 8fxn__1__1.A__1.B 1.B
Running Vina (ex=32):  80%|███████▉  | 1137/1426 [00:00<00:00, 11367.68it/s]Running vina for 8fy7__1__1.A_1.B__1.C, ligand 1.C...
  Skipping (exists) 8fy7__1__1.A_1.B__1.C 1.C
Running vina for 8g3e__1__1.A__1.C, ligand 1.C...
  Skipping (exists) 8g3e__1__1.A__1.C 1.C
Running vina for 8g3s__1__1.A__1.E, ligand 1.E...
  Skipping (exists) 8g3s__1__1.A__1.E 1.E
Running vina for 8g4a__1__1.A_1.B__1.C, ligand 1.C...
  Skipping (exists) 8g4a__1__1.A_1.B__1.C 1.C
Running vina for 8g63__1__1.A__1.B, ligand 1.B...
  Skipping (exists) 8g63__1__1.A__1.B 1.B
Running vina for 8g68__1__1.A__1.C, ligand 1.C...
  Skipping (exists) 8g68__1__1.A__1.C 1.C
Running vina for 8g69__1__1.A__1.C, ligand 1.C...
  Skipping (exists) 8g69__1__1.A__1.C 1.C
Running vina for 8g8o__1__1.B__1.E, ligand 1.E...
  Skipping (exists) 8g8o__1__1.B__1.E 1.E
Running vina for 8g8x__1__1.A__1.C, ligand 1.C...
  Skipping (exists) 8g8x__1__1.A__1.C 1.C
Running vina for 8g9d__1__1.A__1.B, ligand 1.B...
  Skipping (exists) 8g9d__1__1.A__1.B 1.B
Running vina for 8gcz__1__1.A__1.N, ligand 1.N...
  Skipping (exists) 8gcz__1__1.A__1.N 1.N
Running vina for 8gdk__1__1.A__1.O, ligand 1.O...
  Skipping (exists) 8gdk__1__1.A__1.O 1.O
Running vina for 8gds__1__1.A__1.E, ligand 1.E...
  Skipping (exists) 8gds__1__1.A__1.E 1.E
Running vina for 8gem__1__1.A__1.B, ligand 1.B...
  Skipping (exists) 8gem__1__1.A__1.B 1.B
Running vina for 8gen__1__2.A_3.A__3.B, ligand 3.B...
  Skipping (exists) 8gen__1__2.A_3.A__3.B 3.B
Running vina for 8get__1__1.C__1.M, ligand 1.M...
  Skipping (exists) 8get__1__1.C__1.M 1.M
Running vina for 8geu__1__1.A__1.B, ligand 1.B...
  Skipping (exists) 8geu__1__1.A__1.B 1.B
Running vina for 8gev__1__1.A__1.B, ligand 1.B...
  Skipping (exists) 8gev__1__1.A__1.B 1.B
Running vina for 8gez__1__1.A__1.B, ligand 1.B...
  Skipping (exists) 8gez__1__1.A__1.B 1.B
Running vina for 8gf0__1__1.A__1.B, ligand 1.B...
  Skipping (exists) 8gf0__1__1.A__1.B 1.B
Running vina for 8gfd__1__1.A__1.B, ligand 1.B...
  Skipping (exists) 8gfd__1__1.A__1.B 1.B
Running vina for 8gff__1__1.A__1.B, ligand 1.B...
  Skipping (exists) 8gff__1__1.A__1.B 1.B
Running vina for 8gfg__1__1.A__1.B, ligand 1.B...
  Skipping (exists) 8gfg__1__1.A__1.B 1.B
Running vina for 8gfq__1__1.A__1.B, ligand 1.B...
  Skipping (exists) 8gfq__1__1.A__1.B 1.B
Running vina for 8gfs__1__1.A__1.B, ligand 1.B...
  Skipping (exists) 8gfs__1__1.A__1.B 1.B
Running vina for 8gkf__1__1.A__1.J, ligand 1.J...
  Skipping (exists) 8gkf__1__1.A__1.J 1.J
Running vina for 8gkt__1__1.A_1.B__1.E, ligand 1.E...
  Skipping (exists) 8gkt__1__1.A_1.B__1.E 1.E
Running vina for 8gm5__1__1.A__1.D, ligand 1.D...
  Skipping (exists) 8gm5__1__1.A__1.D 1.D
Running vina for 8gne__1__1.A__1.B, ligand 1.B...
  Skipping (exists) 8gne__1__1.A__1.B 1.B
Running vina for 8gne__1__1.A__1.E, ligand 1.E...
  Skipping (exists) 8gne__1__1.A__1.E 1.E
Running vina for 8goy__1__1.A_1.B__1.E, ligand 1.E...
  Skipping (exists) 8goy__1__1.A_1.B__1.E 1.E
Running vina for 8gtg__1__1.A__1.C, ligand 1.C...
  Skipping (exists) 8gtg__1__1.A__1.C 1.C
Running vina for 8gti__1__1.A__1.H, ligand 1.H...
  Skipping (exists) 8gti__1__1.A__1.H 1.H
Running vina for 8gtm__1__1.A__1.C, ligand 1.C...
  Skipping (exists) 8gtm__1__1.A__1.C 1.C
Running vina for 8gtv__1__1.A_2.B__2.D, ligand 2.D...
  Skipping (exists) 8gtv__1__1.A_2.B__2.D 2.D
Running vina for 8gu1__1__1.A_1.B__1.D, ligand 1.D...
  Skipping (exists) 8gu1__1__1.A_1.B__1.D 1.D
Running vina for 8gvj__1__1.A__1.B, ligand 1.B...
  Skipping (exists) 8gvj__1__1.A__1.B 1.B
Running vina for 8gww__1__1.A__1.C, ligand 1.C...
  Skipping (exists) 8gww__1__1.A__1.C 1.C
Running vina for 8gyd__1__1.A_1.B__1.K, ligand 1.K...
  Skipping (exists) 8gyd__1__1.A_1.B__1.K 1.K
Running vina for 8gzc__1__1.A__1.F, ligand 1.F...
  Skipping (exists) 8gzc__1__1.A__1.F 1.F
Running vina for 8h4q__1__1.A__1.C, ligand 1.C...
  Skipping (exists) 8h4q__1__1.A__1.C 1.C
Running vina for 8h59__1__1.A__1.B, ligand 1.B...
  Skipping (exists) 8h59__1__1.A__1.B 1.B
Running vina for 8h7r__1__1.A__1.B, ligand 1.B...
  Skipping (exists) 8h7r__1__1.A__1.B 1.B
Running vina for 8haq__1__1.A__1.C, ligand 1.C...
  Skipping (exists) 8haq__1__1.A__1.C 1.C
Running vina for 8hch__1__1.C__1.J, ligand 1.J...
  Skipping (exists) 8hch__1__1.C__1.J 1.J
Running vina for 8hd3__1__1.A__1.C, ligand 1.C...
  Skipping (exists) 8hd3__1__1.A__1.C 1.C
Running vina for 8hf8__1__1.A__1.C, ligand 1.C...
  Skipping (exists) 8hf8__1__1.A__1.C 1.C
Running vina for 8hlj__1__1.A__1.C, ligand 1.C...
  Skipping (exists) 8hlj__1__1.A__1.C 1.C
Running vina for 8hms__1__1.A__1.E, ligand 1.E...
  Skipping (exists) 8hms__1__1.A__1.E 1.E
Running vina for 8ho5__1__1.A__1.B, ligand 1.B...
  Skipping (exists) 8ho5__1__1.A__1.B 1.B
Running vina for 8hpc__1__1.A_1.H__1.P, ligand 1.P...
  Skipping (exists) 8hpc__1__1.A_1.H__1.P 1.P
Running vina for 8hul__1__1.A__1.C, ligand 1.C...
  Skipping (exists) 8hul__1__1.A__1.C 1.C
Running vina for 8hum__1__1.A__1.C, ligand 1.C...
  Skipping (exists) 8hum__1__1.A__1.C 1.C
Running vina for 8huu__1__1.A__1.C, ligand 1.C...
  Skipping (exists) 8huu__1__1.A__1.C 1.C
Running vina for 8hx6__1__1.B__1.F, ligand 1.F...
  Skipping (exists) 8hx6__1__1.B__1.F 1.F
Running vina for 8i0d__1__1.A__1.B, ligand 1.B...
  Skipping (exists) 8i0d__1__1.A__1.B 1.B
Running vina for 8i1o__1__1.A__1.F, ligand 1.F...
  Skipping (exists) 8i1o__1__1.A__1.F 1.F
Running vina for 8i2n__1__1.A__1.C, ligand 1.C...
  Skipping (exists) 8i2n__1__1.A__1.C 1.C
Running vina for 8i4i__1__1.A__1.C, ligand 1.C...
  Skipping (exists) 8i4i__1__1.A__1.C 1.C
Running vina for 8ie5__1__1.A__1.B, ligand 1.B...
  Skipping (exists) 8ie5__1__1.A__1.B 1.B
Running vina for 8ie6__1__1.A__1.B, ligand 1.B...
  Skipping (exists) 8ie6__1__1.A__1.B 1.B
Running vina for 8in7__1__1.A__1.B, ligand 1.B...
  Skipping (exists) 8in7__1__1.A__1.B 1.B
Running vina for 8iqn__1__1.A__1.B, ligand 1.B...
  Skipping (exists) 8iqn__1__1.A__1.B 1.B
Running vina for 8iqt__1__1.A__1.B, ligand 1.B...
  Skipping (exists) 8iqt__1__1.A__1.B 1.B
Running vina for 8iqu__1__1.A__1.B, ligand 1.B...
  Skipping (exists) 8iqu__1__1.A__1.B 1.B
Running vina for 8iui__1__1.A__1.C, ligand 1.C...
  Skipping (exists) 8iui__1__1.A__1.C 1.C
Running vina for 8ivn__1__1.A_1.B__1.C, ligand 1.C...
  Skipping (exists) 8ivn__1__1.A_1.B__1.C 1.C
Running vina for 8ivr__1__1.A__1.B, ligand 1.B...
  Skipping (exists) 8ivr__1__1.A__1.B 1.B
Running vina for 8ivs__1__1.A_1.B__1.C, ligand 1.C...
  Skipping (exists) 8ivs__1__1.A_1.B__1.C 1.C
Running vina for 8ivt__1__1.A_1.B__1.F, ligand 1.F...
  Skipping (exists) 8ivt__1__1.A_1.B__1.F 1.F
Running vina for 8ivu__1__1.A_1.B__1.I, ligand 1.I...
  Skipping (exists) 8ivu__1__1.A_1.B__1.I 1.I
Running vina for 8iw3__1__1.A_1.B__1.C, ligand 1.C...
  Skipping (exists) 8iw3__1__1.A_1.B__1.C 1.C
Running vina for 8iw6__1__1.A_1.B__1.F, ligand 1.F...
  Skipping (exists) 8iw6__1__1.A_1.B__1.F 1.F
Running vina for 8ixq__1__1.B__1.E, ligand 1.E...
  Skipping (exists) 8ixq__1__1.B__1.E 1.E
Running vina for 8izc__1__1.A_1.B__1.I, ligand 1.I...
  Skipping (exists) 8izc__1__1.A_1.B__1.I 1.I
Running vina for 8j30__1__1.A__1.C, ligand 1.C...
  Skipping (exists) 8j30__1__1.A__1.C 1.C
Running vina for 8j40__1__1.A_2.A__1.D, ligand 1.D...
  Skipping (exists) 8j40__1__1.A_2.A__1.D 1.D
Running vina for 8j5e__1__1.A__1.B, ligand 1.B...
  Skipping (exists) 8j5e__1__1.A__1.B 1.B
Running vina for 8j5f__1__2.A__2.B, ligand 2.B...
  Skipping (exists) 8j5f__1__2.A__2.B 2.B
Running vina for 8j5x__1__1.A__1.B, ligand 1.B...
  Skipping (exists) 8j5x__1__1.A__1.B 1.B
Running vina for 8j6n__1__1.A_1.D__1.M, ligand 1.M...
  Skipping (exists) 8j6n__1__1.A_1.D__1.M 1.M
Running vina for 8j7j__1__1.A_1.B__1.C, ligand 1.C...
  Skipping (exists) 8j7j__1__1.A_1.B__1.C 1.C
Running vina for 8jb3__1__1.A__1.B, ligand 1.B...
  Skipping (log exists) 8jb3__1__1.A__1.B 1.B
Running vina for 8jby__1__1.A__1.C, ligand 1.C...
  Skipping (exists) 8jby__1__1.A__1.C 1.C
Running vina for 8jg8__1__1.A__1.B, ligand 1.B...
  Skipping (exists) 8jg8__1__1.A__1.B 1.B
Running vina for 8jjq__1__1.A__1.D, ligand 1.D...
  Skipping (exists) 8jjq__1__1.A__1.D 1.D
Running vina for 8jjt__1__1.A__1.D, ligand 1.D...
  Skipping (exists) 8jjt__1__1.A__1.D 1.D
Running vina for 8jmo__1__1.A__1.D, ligand 1.D...
  Skipping (exists) 8jmo__1__1.A__1.D 1.D
Running vina for 8jmp__1__1.A__1.D, ligand 1.D...
  Skipping (exists) 8jmp__1__1.A__1.D 1.D
Running vina for 8jot__1__1.A__1.B, ligand 1.B...
  Skipping (exists) 8jot__1__1.A__1.B 1.B
Running vina for 8jqz__1__1.A_2.B__1.C, ligand 1.C...
  Skipping (exists) 8jqz__1__1.A_2.B__1.C 1.C
Running vina for 8jt3__1__1.A_1.C__1.E, ligand 1.E...
  Skipping (exists) 8jt3__1__1.A_1.C__1.E 1.E
Running vina for 8ju9__1__1.A_2.A_4.A__1.B, ligand 1.B...
  Skipping (exists) 8ju9__1__1.A_2.A_4.A__1.B 1.B
Running vina for 8jub__1__1.A_1.B_1.D__1.E, ligand 1.E...
  Skipping (exists) 8jub__1__1.A_1.B_1.D__1.E 1.E
Running vina for 8jwy__1__1.A__1.B, ligand 1.B...
  Skipping (exists) 8jwy__1__1.A__1.B 1.B
Running vina for 8jya__1__1.B__1.G, ligand 1.G...
  Skipping (exists) 8jya__1__1.B__1.G 1.G
Running vina for 8jyc__1__1.A_1.B_1.C__1.T, ligand 1.T...
  Skipping (exists) 8jyc__1__1.A_1.B_1.C__1.T 1.T
Running vina for 8jye__1__1.A_1.B_1.D__1.P, ligand 1.P...
  Skipping (exists) 8jye__1__1.A_1.B_1.D__1.P 1.P
Running vina for 8jyf__1__1.B__1.F, ligand 1.F...
  Skipping (exists) 8jyf__1__1.B__1.F 1.F
Running vina for 8k2k__1__1.A__1.B, ligand 1.B...
  Skipping (exists) 8k2k__1__1.A__1.B 1.B
Running vina for 8k2m__1__1.A__1.B, ligand 1.B...
  Skipping (exists) 8k2m__1__1.A__1.B 1.B
Running vina for 8k4c__1__1.B__1.G, ligand 1.G...
  Skipping (exists) 8k4c__1__1.B__1.G 1.G
Running vina for 8k5y__1__1.A__1.H, ligand 1.H...
  Skipping (exists) 8k5y__1__1.A__1.H 1.H
Running vina for 8ki5__1__1.A__1.B, ligand 1.B...
  Skipping (exists) 8ki5__1__1.A__1.B 1.B
Running vina for 8og5__1__1.A__1.D, ligand 1.D...
  Skipping (exists) 8og5__1__1.A__1.D 1.D
Running vina for 8og8__1__1.A__1.B, ligand 1.B...
  Skipping (exists) 8og8__1__1.A__1.B 1.B
Running vina for 8og9__1__1.A__1.B, ligand 1.B...
  Skipping (exists) 8og9__1__1.A__1.B 1.B
Running vina for 8oiz__1__1.B__1.J, ligand 1.J...
  Skipping (exists) 8oiz__1__1.B__1.J 1.J
Running vina for 8oku__1__1.A_1.B__1.C, ligand 1.C...
  Skipping (exists) 8oku__1__1.A_1.B__1.C 1.C
Running vina for 8ol4__1__1.B_1.C__1.P, ligand 1.P...
  Skipping (exists) 8ol4__1__1.B_1.C__1.P 1.P
Running vina for 8ome__1__1.A_1.D__1.E, ligand 1.E...
  Skipping (exists) 8ome__1__1.A_1.D__1.E 1.E
Running vina for 8onn__1__1.A__1.F, ligand 1.F...
  Skipping (exists) 8onn__1__1.A__1.F 1.F
Running vina for 8ooj__1__1.B__1.H, ligand 1.H...
  Skipping (exists) 8ooj__1__1.B__1.H 1.H
Running vina for 8oov__1__1.A_1.B__1.D, ligand 1.D...
  Skipping (exists) 8oov__1__1.A_1.B__1.D 1.D
Running vina for 8opu__1__1.A_1.C_1.D__1.IA, ligand 1.IA...
  Skipping (exists) 8opu__1__1.A_1.C_1.D__1.IA 1.IA
Running vina for 8opv__1__1.B__1.Q, ligand 1.Q...
  Skipping (exists) 8opv__1__1.B__1.Q 1.Q
Running vina for 8oqm__1__1.B__1.N, ligand 1.N...
  Skipping (exists) 8oqm__1__1.B__1.N 1.N
Running vina for 8oqn__1__1.A_1.D__1.I, ligand 1.I...
  Skipping (exists) 8oqn__1__1.A_1.D__1.I 1.I
Running vina for 8oqp__1__1.D__1.PA, ligand 1.PA...
  Skipping (exists) 8oqp__1__1.D__1.PA 1.PA
Running vina for 8oqq__1__1.A__1.I, ligand 1.I...
  Skipping (exists) 8oqq__1__1.A__1.I 1.I
Running vina for 8oqs__1__1.C_1.D__1.OA, ligand 1.OA...
  Skipping (exists) 8oqs__1__1.C_1.D__1.OA 1.OA
Running vina for 8oqv__1__1.B__1.Q, ligand 1.Q...
  Skipping (exists) 8oqv__1__1.B__1.Q 1.Q
Running vina for 8orc__1__1.B__1.J, ligand 1.J...
  Skipping (exists) 8orc__1__1.B__1.J 1.J
Running vina for 8oru__1__1.A_1.B__1.M, ligand 1.M...
  Skipping (exists) 8oru__1__1.A_1.B__1.M 1.M
Running vina for 8otv__1__1.A_1.B__1.F, ligand 1.F...
  Skipping (exists) 8otv__1__1.A_1.B__1.F 1.F
Running vina for 8ou2__1__1.A__1.C, ligand 1.C...
  Skipping (exists) 8ou2__1__1.A__1.C 1.C
Running vina for 8ou3__1__1.A_1.C__1.E, ligand 1.E...
  Skipping (exists) 8ou3__1__1.A_1.C__1.E 1.E
Running vina for 8ou5__1__1.A_1.C__1.E, ligand 1.E...
  Skipping (exists) 8ou5__1__1.A_1.C__1.E 1.E
Running vina for 8ouu__1__1.A__1.F, ligand 1.F...
  Skipping (exists) 8ouu__1__1.A__1.F 1.F
Running vina for 8ov7__1__1.A__1.B, ligand 1.B...
  Skipping (exists) 8ov7__1__1.A__1.B 1.B
Running vina for 8ovr__1__1.A__1.B, ligand 1.B...
  Skipping (exists) 8ovr__1__1.A__1.B 1.B
Running vina for 8ow7__1__1.A_1.C__1.G, ligand 1.G...
  Skipping (exists) 8ow7__1__1.A_1.C__1.G 1.G
Running vina for 8ow9__1__1.A_1.B__1.G, ligand 1.G...
  Skipping (exists) 8ow9__1__1.A_1.B__1.G 1.G
Running vina for 8p0e__1__1.A__1.C, ligand 1.C...
  Skipping (exists) 8p0e__1__1.A__1.C 1.C
Running vina for 8p0m__1__1.C__1.L, ligand 1.L...
  Skipping (exists) 8p0m__1__1.C__1.L 1.L
Running vina for 8p0p__1__1.A__1.C, ligand 1.C...
  Skipping (exists) 8p0p__1__1.A__1.C 1.C
Running vina for 8p1e__1__1.D_1.E__1.P, ligand 1.P...
  Skipping (exists) 8p1e__1__1.D_1.E__1.P 1.P
Running vina for 8p1p__1__1.A__1.E, ligand 1.E...
  Skipping (exists) 8p1p__1__1.A__1.E 1.E
Running vina for 8p3e__1__1.B__1.F, ligand 1.F...
  Skipping (exists) 8p3e__1__1.B__1.F 1.F
Running vina for 8p44__1__1.A_1.B__1.E, ligand 1.E...
  Skipping (exists) 8p44__1__1.A_1.B__1.E 1.E
Running vina for 8p4z__1__1.A__1.C, ligand 1.C...
  Skipping (exists) 8p4z__1__1.A__1.C 1.C
Running vina for 8p5c__1__1.A_1.B__1.C, ligand 1.C...
  Skipping (exists) 8p5c__1__1.A_1.B__1.C 1.C
Running vina for 8paf__1__1.A_1.B__1.C, ligand 1.C...
  Skipping (exists) 8paf__1__1.A_1.B__1.C 1.C
Running vina for 8pbo__1__1.A__1.C, ligand 1.C...
  Skipping (exists) 8pbo__1__1.A__1.C 1.C
Running vina for 8pfl__1__1.A__1.C, ligand 1.C...
  Skipping (exists) 8pfl__1__1.A__1.C 1.C
Running vina for 8pj0__1__1.A_1.B__1.V, ligand 1.V...
  Skipping (exists) 8pj0__1__1.A_1.B__1.V 1.V
Running vina for 8pj7__1__1.A__1.B, ligand 1.B...
  Skipping (exists) 8pj7__1__1.A__1.B 1.B
Running vina for 8pji__1__1.A__1.E, ligand 1.E...
  Skipping (exists) 8pji__1__1.A__1.E 1.E
Running vina for 8pl6__1__1.A__1.C, ligand 1.C...
  Skipping (exists) 8pl6__1__1.A__1.C 1.C
Running vina for 8plb__1__1.A__1.D, ligand 1.D...
  Skipping (exists) 8plb__1__1.A__1.D 1.D
Running vina for 8ple__1__1.A__1.F, ligand 1.F...
  Skipping (exists) 8ple__1__1.A__1.F 1.F
Running vina for 8plp__1__2.B__2.F, ligand 2.F...
  Skipping (exists) 8plp__1__2.B__2.F 2.F
Running vina for 8plu__1__1.A__1.D, ligand 1.D...
  Skipping (exists) 8plu__1__1.A__1.D 1.D
Running vina for 8plw__1__2.B__2.G, ligand 2.G...
  Skipping (exists) 8plw__1__2.B__2.G 2.G
Running vina for 8plx__1__2.B__2.F, ligand 2.F...
  Skipping (exists) 8plx__1__2.B__2.F 2.F
Running vina for 8pom__1__1.A__1.C, ligand 1.C...
  Skipping (exists) 8pom__1__1.A__1.C 1.C
Running vina for 8pp0__1__1.A__1.C, ligand 1.C...
  Skipping (exists) 8pp0__1__1.A__1.C 1.C
Running vina for 8pp8__1__1.A__1.D, ligand 1.D...
  Skipping (exists) 8pp8__1__1.A__1.D 1.D
Running vina for 8ppf__1__1.A__1.D, ligand 1.D...
  Skipping (exists) 8ppf__1__1.A__1.D 1.D
Running vina for 8pq9__1__1.A__1.C, ligand 1.C...
  Skipping (exists) 8pq9__1__1.A__1.C 1.C
Running vina for 8pqa__1__1.A__1.C, ligand 1.C...
  Skipping (exists) 8pqa__1__1.A__1.C 1.C
Running vina for 8pqf__1__1.A__1.C, ligand 1.C...
  Skipping (exists) 8pqf__1__1.A__1.C 1.C
Running vina for 8pqq__1__1.B_1.D__1.J, ligand 1.J...
  Skipping (exists) 8pqq__1__1.B_1.D__1.J 1.J
Running vina for 8pqr__1__1.A_1.B_1.C__1.E, ligand 1.E...
  Skipping (exists) 8pqr__1__1.A_1.B_1.C__1.E 1.E
Running vina for 8px2__1__1.A__1.B, ligand 1.B...
  Skipping (exists) 8px2__1__1.A__1.B 1.B
Running vina for 8px8__1__1.A__1.D, ligand 1.D...
  Skipping (exists) 8px8__1__1.A__1.D 1.D
Running vina for 8pxt__1__1.C__1.L, ligand 1.L...
  Skipping (exists) 8pxt__1__1.C__1.L 1.L
Running vina for 8pyi__1__1.A__1.I, ligand 1.I...
  Skipping (exists) 8pyi__1__1.A__1.I 1.I
Running vina for 8pyn__1__1.A__1.B, ligand 1.B...
  Skipping (exists) 8pyn__1__1.A__1.B 1.B
Running vina for 8q0t__1__1.A__1.C, ligand 1.C...
  Skipping (exists) 8q0t__1__1.A__1.C 1.C
Running vina for 8q0u__1__1.A__1.D, ligand 1.D...
  Skipping (exists) 8q0u__1__1.A__1.D 1.D
Running vina for 8q17__1__1.A__1.F, ligand 1.F...
  Skipping (exists) 8q17__1__1.A__1.F 1.F
Running vina for 8q1m__1__1.A_1.B__1.G, ligand 1.G...
  Skipping (exists) 8q1m__1__1.A_1.B__1.G 1.G
Running vina for 8q2u__1__1.A__1.C, ligand 1.C...
  Skipping (exists) 8q2u__1__1.A__1.C 1.C
Running vina for 8q2w__1__1.A__1.C, ligand 1.C...
  Skipping (exists) 8q2w__1__1.A__1.C 1.C
Running vina for 8q2y__1__1.A__1.C, ligand 1.C...
  Skipping (exists) 8q2y__1__1.A__1.C 1.C
Running vina for 8q31__1__1.A__1.C, ligand 1.C...
  Skipping (exists) 8q31__1__1.A__1.C 1.C
Running vina for 8q34__1__1.A__1.F, ligand 1.F...
  Skipping (exists) 8q34__1__1.A__1.F 1.F
Running vina for 8qc4__1__1.A__1.C, ligand 1.C...
  Skipping (exists) 8qc4__1__1.A__1.C 1.C
Running vina for 8qdy__1__1.A_2.A__1.B, ligand 1.B...
  Skipping (exists) 8qdy__1__1.A_2.A__1.B 1.B
Running vina for 8qdz__1__1.A_2.A__2.B, ligand 2.B...
  Skipping (exists) 8qdz__1__1.A_2.A__2.B 2.B
Running vina for 8qe0__1__1.A_2.A__2.B, ligand 2.B...
  Skipping (exists) 8qe0__1__1.A_2.A__2.B 2.B
Running vina for 8qe1__1__1.A_2.A__1.B, ligand 1.B...
  Skipping (exists) 8qe1__1__1.A_2.A__1.B 1.B
Running vina for 8qe3__1__1.A_2.A__1.B, ligand 1.B...
  Skipping (exists) 8qe3__1__1.A_2.A__1.B 1.B
Running vina for 8qel__1__1.B__1.C, ligand 1.C...
  Skipping (exists) 8qel__1__1.B__1.C 1.C
Running vina for 8qhq__1__1.A_1.B__1.G, ligand 1.G...
  Skipping (exists) 8qhq__1__1.A_1.B__1.G 1.G
Running vina for 8qk2__1__1.A__1.D, ligand 1.D...
  Skipping (exists) 8qk2__1__1.A__1.D 1.D
Running vina for 8qk5__1__1.A__1.D, ligand 1.D...
  Skipping (exists) 8qk5__1__1.A__1.D 1.D
Running vina for 8qk9__1__1.A__1.D, ligand 1.D...
  Skipping (exists) 8qk9__1__1.A__1.D 1.D
Running vina for 8qka__1__1.A__1.D, ligand 1.D...
  Skipping (exists) 8qka__1__1.A__1.D 1.D
Running vina for 8qlr__1__1.B__1.F, ligand 1.F...
  Skipping (exists) 8qlr__1__1.B__1.F 1.F
Running vina for 8qnh__1__1.A__1.B, ligand 1.B...
  Skipping (exists) 8qnh__1__1.A__1.B 1.B
Running vina for 8qqg__1__1.A__1.D, ligand 1.D...
  Skipping (exists) 8qqg__1__1.A__1.D 1.D
Running vina for 8qqy__1__1.A__1.B, ligand 1.B...
  Skipping (exists) 8qqy__1__1.A__1.B 1.B
Running vina for 8qrt__1__1.B__1.F, ligand 1.F...
  Skipping (exists) 8qrt__1__1.B__1.F 1.F
Running vina for 8qtg__1__1.A__1.B, ligand 1.B...
  Skipping (exists) 8qtg__1__1.A__1.B 1.B
Running vina for 8qth__1__1.A__1.B, ligand 1.B...
  Skipping (exists) 8qth__1__1.A__1.B 1.B
Running vina for 8qtj__1__1.A__1.E, ligand 1.E...
  Skipping (exists) 8qtj__1__1.A__1.E 1.E
Running vina for 8qtl__1__1.A_1.B__1.G, ligand 1.G...
  Skipping (exists) 8qtl__1__1.A_1.B__1.G 1.G
Running vina for 8qyq__1__1.A__1.H, ligand 1.H...
  Skipping (exists) 8qyq__1__1.A__1.H 1.H
Running vina for 8r0i__1__1.A_2.A__1.D, ligand 1.D...
  Skipping (exists) 8r0i__1__1.A_2.A__1.D 1.D
Running vina for 8r11__1__1.A_1.B__1.C, ligand 1.C...
  Skipping (exists) 8r11__1__1.A_1.B__1.C 1.C
Running vina for 8r12__1__1.A_1.B__1.C, ligand 1.C...
  Skipping (exists) 8r12__1__1.A_1.B__1.C 1.C
Running vina for 8r1n__1__1.A__1.C, ligand 1.C...
  Skipping (exists) 8r1n__1__1.A__1.C 1.C
Running vina for 8r1p__1__1.A_1.B__1.C, ligand 1.C...
  Skipping (exists) 8r1p__1__1.A_1.B__1.C 1.C
Running vina for 8r3d__1__1.B_1.E__1.J, ligand 1.J...
  Skipping (exists) 8r3d__1__1.B_1.E__1.J 1.J
Running vina for 8r42__1__1.B__1.Q, ligand 1.Q...
  Skipping (exists) 8r42__1__1.B__1.Q 1.Q
Running vina for 8r4o__1__1.A__1.M, ligand 1.M...
  Skipping (exists) 8r4o__1__1.A__1.M 1.M
Running vina for 8r4u__1__1.A__1.I, ligand 1.I...
  Skipping (exists) 8r4u__1__1.A__1.I 1.I
Running vina for 8rcw__1__1.A__1.C, ligand 1.C...
  Skipping (exists) 8rcw__1__1.A__1.C 1.C
Running vina for 8rdk__1__1.A__1.D, ligand 1.D...
  Skipping (exists) 8rdk__1__1.A__1.D 1.D
Running vina for 8rkq__1__1.A__1.E, ligand 1.E...
  Skipping (exists) 8rkq__1__1.A__1.E 1.E
Running vina for 8s98__1__1.A__1.D, ligand 1.D...
  Skipping (exists) 8s98__1__1.A__1.D 1.D
Running vina for 8se5__1__1.A_1.B__1.H, ligand 1.H...
  Skipping (exists) 8se5__1__1.A_1.B__1.H 1.H
Running vina for 8se6__1__1.A_1.B__1.F, ligand 1.F...
  Skipping (exists) 8se6__1__1.A_1.B__1.F 1.F
Running vina for 8sge__1__1.A__1.H, ligand 1.H...
  Skipping (exists) 8sge__1__1.A__1.H 1.H
Running vina for 8sip__1__1.A_1.B__1.C, ligand 1.C...
  Skipping (exists) 8sip__1__1.A_1.B__1.C 1.C
Running vina for 8six__1__1.A__1.B, ligand 1.B...
  Skipping (exists) 8six__1__1.A__1.B 1.B
Running vina for 8skn__1__1.A__1.C, ligand 1.C...
  Skipping (exists) 8skn__1__1.A__1.C 1.C
Running vina for 8slg__1__1.A__1.C, ligand 1.C...
  Skipping (exists) 8slg__1__1.A__1.C 1.C
Running vina for 8smf__1__1.B_1.E__1.I, ligand 1.I...
  Skipping (exists) 8smf__1__1.B_1.E__1.I 1.I
Running vina for 8smg__1__1.B_2.A__1.C, ligand 1.C...
  Skipping (exists) 8smg__1__1.B_2.A__1.C 1.C
Running vina for 8sua__1__1.A__1.B, ligand 1.B...
  Skipping (log exists) 8sua__1__1.A__1.B 1.B
Running vina for 8sv9__1__1.A__1.C, ligand 1.C...
  Skipping (exists) 8sv9__1__1.A__1.C 1.C
Running vina for 8swe__1__1.A__1.E, ligand 1.E...
  Skipping (exists) 8swe__1__1.A__1.E 1.E
Running vina for 8swr__1__1.A_1.B__1.I, ligand 1.I...
  Skipping (exists) 8swr__1__1.A_1.B__1.I 1.I
Running vina for 8sx2__1__1.A__1.C, ligand 1.C...
  Skipping (exists) 8sx2__1__1.A__1.C 1.C
Running vina for 8sx4__1__1.A__1.C, ligand 1.C...
  Skipping (exists) 8sx4__1__1.A__1.C 1.C
Running vina for 8sxy__1__1.A__1.C, ligand 1.C...
  Skipping (exists) 8sxy__1__1.A__1.C 1.C
Running vina for 8sye__1__1.A__1.C, ligand 1.C...
  Skipping (exists) 8sye__1__1.A__1.C 1.C
Running vina for 8sz3__1__1.A_2.B__1.G, ligand 1.G...
  Skipping (exists) 8sz3__1__1.A_2.B__1.G 1.G
Running vina for 8sze__1__1.A__1.C, ligand 1.C...
  Skipping (exists) 8sze__1__1.A__1.C 1.C
Running vina for 8t1y__1__1.A__1.B, ligand 1.B...
  Skipping (exists) 8t1y__1__1.A__1.B 1.B
Running vina for 8t27__1__1.A__1.B, ligand 1.B...
  Skipping (exists) 8t27__1__1.A__1.B 1.B
Running vina for 8t9v__1__1.A__1.B, ligand 1.B...
  Skipping (exists) 8t9v__1__1.A__1.B 1.B
Running vina for 8tbs__1__1.A_1.B__1.M, ligand 1.M...
  Skipping (exists) 8tbs__1__1.A_1.B__1.M 1.M
Running vina for 8tbu__1__1.A_1.B__1.I, ligand 1.I...
  Skipping (exists) 8tbu__1__1.A_1.B__1.I 1.I
Running vina for 8tce__1__1.A__1.C, ligand 1.C...
  Skipping (exists) 8tce__1__1.A__1.C 1.C
Running vina for 8tjc__1__1.A__1.K, ligand 1.K...
  Skipping (exists) 8tjc__1__1.A__1.K 1.K
Running vina for 8tl8__1__1.A__1.C, ligand 1.C...
  Skipping (exists) 8tl8__1__1.A__1.C 1.C
Running vina for 8tn6__1__1.A__1.D, ligand 1.D...
  Skipping (exists) 8tn6__1__1.A__1.D 1.D
Running vina for 8tnb__1__1.A_1.C__1.F, ligand 1.F...
  Skipping (exists) 8tnb__1__1.A_1.C__1.F 1.F
Running vina for 8tnc__1__1.B__1.E, ligand 1.E...
  Skipping (exists) 8tnc__1__1.B__1.E 1.E
Running vina for 8tnd__1__1.B__1.F, ligand 1.F...
  Skipping (exists) 8tnd__1__1.B__1.F 1.F
Running vina for 8tqv__1__1.A__1.C, ligand 1.C...
  Skipping (exists) 8tqv__1__1.A__1.C 1.C
Running vina for 8ts9__1__1.A__1.C, ligand 1.C...
  Skipping (exists) 8ts9__1__1.A__1.C 1.C
Running vina for 8tsa__1__1.A__1.C, ligand 1.C...
  Skipping (exists) 8tsa__1__1.A__1.C 1.C
Running vina for 8tsd__1__1.A__1.C, ligand 1.C...
  Skipping (exists) 8tsd__1__1.A__1.C 1.C
Running vina for 8tti__1__1.A__1.E, ligand 1.E...
  Skipping (exists) 8tti__1__1.A__1.E 1.E
Running vina for 8ttz__1__2.B__2.GA, ligand 2.GA...
  Skipping (exists) 8ttz__1__2.B__2.GA 2.GA
Running vina for 8typ__1__1.A__1.C, ligand 1.C...
  Skipping (exists) 8typ__1__1.A__1.C 1.C
Running vina for 8u2e__1__1.A__1.B, ligand 1.B...
  Skipping (exists) 8u2e__1__1.A__1.B 1.B
Running vina for 8u2r__1__1.A__1.C, ligand 1.C...
  Skipping (exists) 8u2r__1__1.A__1.C 1.C
Running vina for 8u37__1__1.A__1.B, ligand 1.B...
  Skipping (exists) 8u37__1__1.A__1.B 1.B
Running vina for 8u4w__1__1.A__1.E, ligand 1.E...
  Skipping (exists) 8u4w__1__1.A__1.E 1.E
Running vina for 8u7w__1__1.A__1.C, ligand 1.C...
  Skipping (exists) 8u7w__1__1.A__1.C 1.C
Running vina for 8u7x__1__1.A__1.C, ligand 1.C...
  Skipping (exists) 8u7x__1__1.A__1.C 1.C
Running vina for 8u8j__1__1.A__1.B, ligand 1.B...
  Skipping (exists) 8u8j__1__1.A__1.B 1.B
Running vina for 8u8k__1__1.A__1.B, ligand 1.B...
  Skipping (exists) 8u8k__1__1.A__1.B 1.B
Running vina for 8u97__1__1.A__1.B, ligand 1.B...
  Skipping (exists) 8u97__1__1.A__1.B 1.B
Running Vina (ex=32): 100%|██████████| 1426/1426 [00:00<00:00, 11562.49it/s]
Running vina for 8uak__1__1.A__1.B, ligand 1.B...
  Skipping (exists) 8uak__1__1.A__1.B 1.B
Running vina for 8ufp__1__1.A_1.B__1.K, ligand 1.K...
  Skipping (exists) 8ufp__1__1.A_1.B__1.K 1.K
Running vina for 8ug1__1__1.B__1.H, ligand 1.H...
  Skipping (exists) 8ug1__1__1.B__1.H 1.H
Running vina for 8ug3__1__1.A_1.B__1.C, ligand 1.C...
  Skipping (exists) 8ug3__1__1.A_1.B__1.C 1.C
Running vina for 8ujy__1__1.B__1.D, ligand 1.D...
  Skipping (exists) 8ujy__1__1.B__1.D 1.D
Running vina for 8uk6__1__1.A__1.C, ligand 1.C...
  Skipping (exists) 8uk6__1__1.A__1.C 1.C
Running vina for 8uob__1__1.A__1.B, ligand 1.B...
  Skipping (exists) 8uob__1__1.A__1.B 1.B
Running vina for 8ur9__1__1.A_1.B__1.C, ligand 1.C...
  Skipping (exists) 8ur9__1__1.A_1.B__1.C 1.C
Running vina for 8usm__1__1.A__1.C, ligand 1.C...
  Skipping (exists) 8usm__1__1.A__1.C 1.C
Running vina for 8uuf__1__1.A__1.B, ligand 1.B...
  Skipping (exists) 8uuf__1__1.A__1.B 1.B
Running vina for 8uuu__1__1.A__1.B, ligand 1.B...
  Skipping (exists) 8uuu__1__1.A__1.B 1.B
Running vina for 8uuv__1__1.A__1.B, ligand 1.B...
  Skipping (exists) 8uuv__1__1.A__1.B 1.B
Running vina for 8ux7__1__1.B__1.I, ligand 1.I...
  Skipping (exists) 8ux7__1__1.B__1.I 1.I
Running vina for 8v2k__1__1.C_1.D__1.N, ligand 1.N...
  Skipping (exists) 8v2k__1__1.C_1.D__1.N 1.N
Running vina for 8v4a__1__1.C_1.D__1.M, ligand 1.M...
  Skipping (exists) 8v4a__1__1.C_1.D__1.M 1.M
Running vina for 8v4p__1__1.A__1.L, ligand 1.L...
  Skipping (exists) 8v4p__1__1.A__1.L 1.L
Running vina for 8v5g__1__1.A__1.D, ligand 1.D...
  Skipping (exists) 8v5g__1__1.A__1.D 1.D
Running vina for 8v8e__1__1.A__1.D, ligand 1.D...
  Skipping (exists) 8v8e__1__1.A__1.D 1.D
Running vina for 8v8j__1__1.A__1.F, ligand 1.F...
  Skipping (exists) 8v8j__1__1.A__1.F 1.F
Running vina for 8v9p__1__1.C_1.D__1.M, ligand 1.M...
  Skipping (exists) 8v9p__1__1.C_1.D__1.M 1.M
Running vina for 8w0b__1__1.A__1.D, ligand 1.D...
  Skipping (exists) 8w0b__1__1.A__1.D 1.D
Running vina for 8w0d__1__1.A__1.E, ligand 1.E...
  Skipping (exists) 8w0d__1__1.A__1.E 1.E
Running vina for 8w0j__1__1.A__1.D, ligand 1.D...
  Skipping (exists) 8w0j__1__1.A__1.D 1.D
Running vina for 8w0m__1__1.C__1.F, ligand 1.F...
  Skipping (exists) 8w0m__1__1.C__1.F 1.F
Running vina for 8w4s__1__1.A__1.D, ligand 1.D...
  Skipping (exists) 8w4s__1__1.A__1.D 1.D
Running vina for 8wd4__1__1.A__1.B, ligand 1.B...
  Skipping (exists) 8wd4__1__1.A__1.B 1.B
Running vina for 8wdx__1__1.A__1.B, ligand 1.B...
  Skipping (exists) 8wdx__1__1.A__1.B 1.B
Running vina for 8wjy__1__1.A__1.B, ligand 1.B...
  Skipping (exists) 8wjy__1__1.A__1.B 1.B
Running vina for 8wnj__1__1.A__1.F, ligand 1.F...
  Skipping (exists) 8wnj__1__1.A__1.F 1.F
Running vina for 8wo2__1__1.A__1.D, ligand 1.D...
  Skipping (exists) 8wo2__1__1.A__1.D 1.D
Running vina for 8wrj__1__1.A__1.B, ligand 1.B...
  Skipping (exists) 8wrj__1__1.A__1.B 1.B
Running vina for 8wsm__1__1.A__1.D, ligand 1.D...
  Skipping (exists) 8wsm__1__1.A__1.D 1.D
Running vina for 8wsw__1__1.A__1.E, ligand 1.E...
  Skipping (exists) 8wsw__1__1.A__1.E 1.E
Running vina for 8wzq__1__1.A__1.C, ligand 1.C...
  Skipping (exists) 8wzq__1__1.A__1.C 1.C
Running vina for 8x1a__1__1.A__1.B, ligand 1.B...
  Skipping (exists) 8x1a__1__1.A__1.B 1.B
Running vina for 8xfd__1__1.C_1.D__1.N, ligand 1.N...
  Skipping (exists) 8xfd__1__1.C_1.D__1.N 1.N
Running vina for 8xhd__1__1.A_1.B__1.C, ligand 1.C...
  Skipping (exists) 8xhd__1__1.A_1.B__1.C 1.C
Running vina for 8y33__1__1.A__1.B, ligand 1.B...
  Skipping (exists) 8y33__1__1.A__1.B 1.B
Running vina for 9eun__1__1.A__1.E, ligand 1.E...
  Skipping (exists) 9eun__1__1.A__1.E 1.E
Running vina for 9f40__1__1.A__1.Q, ligand 1.Q...
  Skipping (exists) 9f40__1__1.A__1.Q 1.Q
Running vina for 9f41__1__1.A__1.Q, ligand 1.Q...
  Skipping (exists) 9f41__1__1.A__1.Q 1.Q

Done! Success: 1425, Failed: 1
Output directory (base): /home/rquiroga/Datasets/runs-n-poses-datasets/autodock_vina_32

[2026-07-01 15:19:46] $ /home/rquiroga/anaconda3/envs/runs_n_poses/bin/python /home/rquiroga/github/runs-n-poses/scripts/04_analyze_docking.py --family vina --method autodock_vina_8 --output-dir /home/rquiroga/Datasets/runs-n-poses-datasets/autodock_vina_8 --analysis-dir /home/rquiroga/github/runs-n-poses/examples/analysis/vina_8 --predictions-csv /home/rquiroga/Datasets/runs-n-poses-datasets/predictions/autodock_vina_8.csv --posebusters-csv /home/rquiroga/Datasets/runs-n-poses-datasets/posebusters_results/autodock_vina_8.csv --system-list /home/rquiroga/github/runs-n-poses/scripts/single_ligand_systems_symmetry.txt --resume
Analyzing autodock_vina_8:   0%|          | 0/1426 [00:00<?, ?it/s][15:19:47] bond type above 3 (17) is treated as unspecified!
[15:19:47] Invalid InChI prefix in generating InChI Key
[15:19:47] bond type above 3 (17) is treated as unspecified!
[15:19:47] bond type above 3 (17) is treated as unspecified!
[15:19:47] Invalid InChI prefix in generating InChI Key
Analyzing autodock_vina_8: 100%|█████████▉| 1424/1426 [00:01<00:00, 943.73it/s]Analyzing autodock_vina_8: 100%|██████████| 1426/1426 [00:02<00:00, 507.38it/s]

[2026-07-01 15:19:50] $ /home/rquiroga/anaconda3/envs/runs_n_poses/bin/python /home/rquiroga/github/runs-n-poses/scripts/04_analyze_docking.py --family vina --method autodock_vina_32 --output-dir /home/rquiroga/Datasets/runs-n-poses-datasets/autodock_vina_32 --analysis-dir /home/rquiroga/github/runs-n-poses/examples/analysis/vina_32 --predictions-csv /home/rquiroga/Datasets/runs-n-poses-datasets/predictions/autodock_vina_32.csv --posebusters-csv /home/rquiroga/Datasets/runs-n-poses-datasets/posebusters_results/autodock_vina_32.csv --system-list /home/rquiroga/github/runs-n-poses/scripts/single_ligand_systems_symmetry.txt --resume
Analyzing autodock_vina_32:   0%|          | 0/1426 [00:00<?, ?it/s][15:19:51] bond type above 3 (17) is treated as unspecified!
[15:19:51] Invalid InChI prefix in generating InChI Key
[15:19:51] bond type above 3 (17) is treated as unspecified!
[15:19:51] bond type above 3 (17) is treated as unspecified!
[15:19:51] Invalid InChI prefix in generating InChI Key
Analyzing autodock_vina_32: 100%|█████████▉| 1423/1426 [00:01<00:00, 835.72it/s]Analyzing autodock_vina_32: 100%|██████████| 1426/1426 [00:03<00:00, 419.95it/s]

[2026-07-01 15:19:53] $ /home/rquiroga/anaconda3/envs/runs_n_poses/bin/python /home/rquiroga/github/runs-n-poses/scripts/run_qvina_w.py --receptor-dir /home/rquiroga/Datasets/runs-n-poses-datasets/symmetry_receptors_pdbqt --ligand-dir /home/rquiroga/Datasets/runs-n-poses-datasets/symmetry_ligands_pdbqt --output-dir /home/rquiroga/Datasets/runs-n-poses-datasets/qvina_w --system-list /home/rquiroga/github/runs-n-poses/scripts/single_ligand_systems_symmetry.txt --cpu 8 --resume
  FAIL qvina-w: 7dml__1__1.A__1.E 1.E
  FAIL qvina-w: 7onf__1__1.A_2.A__1.C 1.C
  No receptor: 8c3i__1__1.B__1.D
  FAIL qvina-w: 8sua__1__1.A__1.B 1.B
QuickVina-W: OK=0, Skip=1422, Fail=7

[2026-07-01 15:19:54] $ /home/rquiroga/anaconda3/envs/runs_n_poses/bin/python /home/rquiroga/github/runs-n-poses/scripts/04_analyze_docking.py --family vina --method qvina_w --output-dir /home/rquiroga/Datasets/runs-n-poses-datasets/qvina_w --analysis-dir /home/rquiroga/github/runs-n-poses/examples/analysis/qvina_w --predictions-csv /home/rquiroga/Datasets/runs-n-poses-datasets/predictions/qvina_w.csv --posebusters-csv /home/rquiroga/Datasets/runs-n-poses-datasets/posebusters_results/qvina_w.csv --system-list /home/rquiroga/github/runs-n-poses/scripts/single_ligand_systems_symmetry.txt --resume
Analyzing qvina_w:   0%|          | 0/1426 [00:00<?, ?it/s][15:19:55] bond type above 3 (17) is treated as unspecified!
[15:19:55] Invalid InChI prefix in generating InChI Key
[15:19:55] bond type above 3 (17) is treated as unspecified!
[15:19:55] bond type above 3 (17) is treated as unspecified!
[15:19:55] Invalid InChI prefix in generating InChI Key
Analyzing qvina_w: 100%|█████████▉| 1423/1426 [00:01<00:00, 867.38it/s]Analyzing qvina_w: 100%|██████████| 1426/1426 [00:04<00:00, 350.36it/s]

[2026-07-01 15:19:58] $ /home/rquiroga/anaconda3/envs/runs_n_poses/bin/python /home/rquiroga/github/runs-n-poses/scripts/run_quickvina2.py --receptor-dir /home/rquiroga/Datasets/runs-n-poses-datasets/symmetry_receptors_pdbqt --ligand-dir /home/rquiroga/Datasets/runs-n-poses-datasets/symmetry_ligands_pdbqt --output-dir /home/rquiroga/Datasets/runs-n-poses-datasets/quickvina2 --system-list /home/rquiroga/github/runs-n-poses/scripts/single_ligand_systems_symmetry.txt --cpu 8 --resume
  FAIL quickvina2: 7dml__1__1.A__1.E 1.E
  FAIL quickvina2: 7onf__1__1.A_2.A__1.C 1.C
  No receptor: 8c3i__1__1.B__1.D
  FAIL quickvina2: 8sua__1__1.A__1.B 1.B
QuickVina2: OK=0, Skip=1422, Fail=7

[2026-07-01 15:19:59] $ /home/rquiroga/anaconda3/envs/runs_n_poses/bin/python /home/rquiroga/github/runs-n-poses/scripts/04_analyze_docking.py --family vina --method quickvina2 --output-dir /home/rquiroga/Datasets/runs-n-poses-datasets/quickvina2 --analysis-dir /home/rquiroga/github/runs-n-poses/examples/analysis/quickvina2 --predictions-csv /home/rquiroga/Datasets/runs-n-poses-datasets/predictions/quickvina2.csv --posebusters-csv /home/rquiroga/Datasets/runs-n-poses-datasets/posebusters_results/quickvina2.csv --system-list /home/rquiroga/github/runs-n-poses/scripts/single_ligand_systems_symmetry.txt --resume
Analyzing quickvina2:   0%|          | 0/1426 [00:00<?, ?it/s][15:20:00] bond type above 3 (17) is treated as unspecified!
[15:20:00] Invalid InChI prefix in generating InChI Key
[15:20:00] bond type above 3 (17) is treated as unspecified!
[15:20:00] bond type above 3 (17) is treated as unspecified!
[15:20:00] Invalid InChI prefix in generating InChI Key
Analyzing quickvina2: 100%|█████████▉| 1424/1426 [00:01<00:00, 1019.14it/s]Analyzing quickvina2: 100%|██████████| 1426/1426 [00:03<00:00, 443.86it/s] 

[2026-07-01 15:20:03] $ /home/rquiroga/anaconda3/envs/runs_n_poses/bin/python /home/rquiroga/github/runs-n-poses/scripts/run_autodock_gpu.py --sym-receptor-dir /home/rquiroga/Datasets/runs-n-poses-datasets/symmetry_corrected --ligand-dir /home/rquiroga/Datasets/runs-n-poses-datasets/meeko_ligands_pdbqt --output-dir /home/rquiroga/Datasets/runs-n-poses-datasets/autodock_gpu --system-list /home/rquiroga/github/runs-n-poses/scripts/single_ligand_systems_symmetry.txt --nrun 20 --resume
  Prep+dock 5sh6__1__1.A__1.G... autogrid_fail
  Prep+dock 6z48__1__1.B__1.J... autogrid_fail
  Prep+dock 6zg4__1__1.A__1.B... autogrid_fail
  Prep+dock 7dji__1__1.D_1.E__1.L... meeko_fail: Traceback (most recent call last):
  File "/usr/lib/python3.10/runpy.py", line 196, in _run_module_a
  no_ligand: 7ems__1__1.A__1.D
  Prep+dock 7fcz__1__2.B__2.D... autogrid_fail
  Prep+dock 7fd0__1__1.A__1.C... autogrid_fail
  Prep+dock 7ko6__1__1.A__1.D... autogrid_fail
  Prep+dock 7kxz__1__1.A__1.C... autogrid_fail
  Prep+dock 7mjd__1__1.B__1.S... autogrid_fail
  no_ligand: 7nud__1__1.B__1.D
  no_ligand: 7ppq__1__1.B__1.H
  no_ligand: 7pu8__1__1.A_1.B__1.H
  no_ligand: 7puc__1__1.C_1.D__1.I
  no_ligand: 7puq__1__1.C_1.D__1.K
  Prep+dock 7q2o__1__1.A_1.B__1.D... autogrid_fail
  Prep+dock 7q4f__1__1.A_1.C__1.J... autogrid_fail
  Prep+dock 7q7t__1__1.A_2.A__2.C... autogrid_fail
  Prep+dock 7q7v__1__1.A_2.A__2.B... autogrid_fail
  Prep+dock 7r9n__1__1.B__1.E... adgpu_fail
  Prep+dock 7r9p__1__1.A__1.C... adgpu_fail
  no_ligand: 7rdp__1__1.A__1.B
  Prep+dock 7rq0__1__1.A_1.B__1.L... meeko_fail: [RDKit] ERROR:[15:20:40] Explicit valence for atom # 5 C, 5, is greater than permitted
Traceback (mo
  Prep+dock 7u0t__1__1.A_1.B__1.H... autogrid_fail
  Prep+dock 7u30__1__1.A__1.I... autogrid_fail
  Prep+dock 7u98__1__1.A__1.E... autogrid_fail
  Prep+dock 7u99__1__1.A__1.B... autogrid_fail
  Prep+dock 7uaw__1__1.A_1.B__1.C... autogrid_fail
  Prep+dock 7vhy__1__1.A__1.F... autogrid_fail
  Prep+dock 7vo5__1__1.A__1.B... autogrid_fail
  Prep+dock 7w3s__1__1.B_1.D__1.F... meeko_fail: /home/rquiroga/github/Meeko/meeko/polymer.py:1230: RuntimeWarning: Input residues {'A:1': 'MSE', 'A:
  Prep+dock 7x81__1__1.A_1.B__1.D... autogrid_fail
  Prep+dock 7x86__1__1.A_1.C__1.G... autogrid_fail
  Prep+dock 7xsv__1__1.A__1.B... autogrid_fail
  Prep+dock 7zyn__1__1.A__1.B... adgpu_fail
  Prep+dock 7zzf__1__2.A_3.A__3.C... autogrid_fail
  Prep+dock 7zzg__1__2.A_3.A__2.C... autogrid_fail
  Prep+dock 8a4q__1__1.A_2.A__1.B... meeko_fail: /home/rquiroga/github/Meeko/meeko/polymer.py:1230: RuntimeWarning: Input residues {'B:1': 'DpL', 'D:
  Prep+dock 8ai7__1__1.A__1.Q... autogrid_fail
  Prep+dock 8asf__1__1.B__1.E... autogrid_fail
  no_ligand: 8ax0__1__1.B__1.H
  Prep+dock 8b1v__1__1.A_1.B__1.E... autogrid_fail
  Prep+dock 8b25__1__1.A_1.B__1.J... autogrid_fail
  Prep+dock 8baj__1__1.A__1.B... autogrid_fail
  Prep+dock 8bjd__1__1.A__1.B... autogrid_fail
  no_receptor: 8c3i__1__1.B__1.D
  Prep+dock 8c6s__1__1.A__1.C... autogrid_fail
  Prep+dock 8ch9__1__1.G__1.BB... autogrid_fail
  no_ligand: 8chk__1__1.A__1.D
  Prep+dock 8cij__1__1.A__1.B... autogrid_fail
  Prep+dock 8exl__1__1.A__1.B... autogrid_fail
  Prep+dock 8exu__1__1.A__1.B... autogrid_fail
  Prep+dock 8g3s__1__1.A__1.E... autogrid_fail
  Prep+dock 8gvj__1__1.A__1.B... autogrid_fail
  Prep+dock 8iui__1__1.A__1.C... meeko_fail: /home/rquiroga/github/Meeko/meeko/polymer.py:1230: RuntimeWarning: Input residues {'B:1': 'DpL'} not
  Prep+dock 8j5x__1__1.A__1.B... autogrid_fail
  Prep+dock 8jb3__1__1.A__1.B... meeko_fail: /home/rquiroga/github/Meeko/meeko/polymer.py:1230: RuntimeWarning: Input residues {'A:131': 'MSE', '
  Prep+dock 8k5y__1__1.A__1.H... autogrid_fail
  Prep+dock 8og9__1__1.A__1.B... meeko_fail: [RDKit] ERROR:[15:21:56] Explicit valence for atom # 16 H, 2, is greater than permitted
Traceback (m
  Prep+dock 8ome__1__1.A_1.D__1.E... autogrid_fail
  Prep+dock 8orc__1__1.B__1.J... meeko_fail: [RDKit] ERROR:[15:21:59] Explicit valence for atom # 9 H, 2, is greater than permitted
Traceback (mo
  Prep+dock 8ou5__1__1.A_1.C__1.E... meeko_fail: Traceback (most recent call last):
  File "/usr/lib/python3.10/runpy.py", line 196, in _run_module_a
  Prep+dock 8p44__1__1.A_1.B__1.E... autogrid_fail
  Prep+dock 8q34__1__1.A__1.F... meeko_fail: Traceback (most recent call last):
  File "/usr/lib/python3.10/runpy.py", line 196, in _run_module_a
  Prep+dock 8qqy__1__1.A__1.B... autogrid_fail
  Prep+dock 8r12__1__1.A_1.B__1.C... autogrid_fail
  Prep+dock 8smf__1__1.B_1.E__1.I... autogrid_fail
  Prep+dock 8smg__1__1.B_2.A__1.C... autogrid_fail
  Prep+dock 8sua__1__1.A__1.B... meeko_fail: /home/rquiroga/github/Meeko/meeko/polymer.py:1230: RuntimeWarning: Input residues {'A:24': 'MSE', 'A
  Prep+dock 8tbu__1__1.A_1.B__1.I... adgpu_fail
  Prep+dock 8tn6__1__1.A__1.D... autogrid_fail
  Prep+dock 8ufp__1__1.A_1.B__1.K... autogrid_fail
  no_ligand: 8ujy__1__1.B__1.D
  Prep+dock 8wsm__1__1.A__1.D... autogrid_fail
AutoDock-GPU: OK=0, Skip=1352, Fail=74

[2026-07-01 15:22:28] $ /home/rquiroga/anaconda3/envs/runs_n_poses/bin/python /home/rquiroga/github/runs-n-poses/scripts/04_analyze_docking.py --family adgpu --method autodock_gpu --output-dir /home/rquiroga/Datasets/runs-n-poses-datasets/autodock_gpu --analysis-dir /home/rquiroga/github/runs-n-poses/examples/analysis/autodock_gpu --predictions-csv /home/rquiroga/Datasets/runs-n-poses-datasets/predictions/autodock_gpu.csv --posebusters-csv /home/rquiroga/Datasets/runs-n-poses-datasets/posebusters_results/autodock_gpu.csv --system-list /home/rquiroga/github/runs-n-poses/scripts/single_ligand_systems_symmetry.txt --resume
Analyzing autodock_gpu:   0%|          | 0/1426 [00:00<?, ?it/s]Analyzing autodock_gpu: 100%|█████████▉| 1424/1426 [00:07<00:00, 189.88it/s]Analyzing autodock_gpu: 100%|██████████| 1426/1426 [00:08<00:00, 177.96it/s]

Results saved to: /home/rquiroga/Datasets/runs-n-poses-datasets/predictions/autodock_gpu.csv
  Total predictions: 6

[2026-07-01 15:22:37] $ /home/rquiroga/anaconda3/envs/runs_n_poses/bin/python /home/rquiroga/github/runs-n-poses/scripts/03_run_vina.py --receptor-dir /home/rquiroga/Datasets/runs-n-poses-datasets/meeko_receptors_pdbqt --ligand-dir /home/rquiroga/Datasets/runs-n-poses-datasets/meeko_ligands_pdbqt --output-dir /home/rquiroga/Datasets/runs-n-poses-datasets/vina_8_meeko --exhaustiveness 8 --threads 8 --executable vina --annotations /home/rquiroga/github/runs-n-poses/scripts/annotations_single_ligand_symmetry.csv --resume
Processing 1426 systems...
Running Vina (exhaustiveness=8) -> /home/rquiroga/Datasets/runs-n-poses-datasets/vina_8_meeko
Running Vina (ex=8):   0%|          | 0/1426 [00:00<?, ?it/s]Running vina for 5s9y__1__1.A__1.K, ligand 1.K...
  Skipping (exists) 5s9y__1__1.A__1.K 1.K
Running vina for 5s9z__1__1.A_1.B__1.R, ligand 1.R...
  Skipping (exists) 5s9z__1__1.A_1.B__1.R 1.R
Running vina for 5sau__1__1.A__1.B, ligand 1.B...
  Skipping (exists) 5sau__1__1.A__1.B 1.B
Running vina for 5sav__1__1.A__1.B, ligand 1.B...
  Skipping (exists) 5sav__1__1.A__1.B 1.B
Running vina for 5saw__1__1.A__1.B, ligand 1.B...
  Skipping (exists) 5saw__1__1.A__1.B 1.B
Running vina for 5sb2__1__1.A__1.G, ligand 1.G...
  Skipping (exists) 5sb2__1__1.A__1.G 1.G
Running vina for 5sdh__1__1.A_1.B__1.F, ligand 1.F...
  Skipping (exists) 5sdh__1__1.A_1.B__1.F 1.F
Running vina for 5sdu__1__1.A__1.G, ligand 1.G...
  Skipping (exists) 5sdu__1__1.A__1.G 1.G
Running vina for 5sdy__1__1.A__1.D, ligand 1.D...
  Skipping (exists) 5sdy__1__1.A__1.D 1.D
Running vina for 5se0__1__1.A__1.G, ligand 1.G...
  Skipping (exists) 5se0__1__1.A__1.G 1.G
Running vina for 5se2__1__1.A__1.G, ligand 1.G...
  Skipping (exists) 5se2__1__1.A__1.G 1.G
Running vina for 5se3__1__1.A__1.G, ligand 1.G...
  Skipping (exists) 5se3__1__1.A__1.G 1.G
Running vina for 5se5__1__1.A__1.G, ligand 1.G...
  Skipping (exists) 5se5__1__1.A__1.G 1.G
Running vina for 5se6__1__1.A__1.G, ligand 1.G...
  Skipping (exists) 5se6__1__1.A__1.G 1.G
Running vina for 5se8__1__1.A__1.G, ligand 1.G...
  Skipping (exists) 5se8__1__1.A__1.G 1.G
Running vina for 5se9__1__1.A__1.G, ligand 1.G...
  Skipping (exists) 5se9__1__1.A__1.G 1.G
Running vina for 5sea__1__1.A__1.G, ligand 1.G...
  Skipping (exists) 5sea__1__1.A__1.G 1.G
Running vina for 5seb__1__1.A__1.G, ligand 1.G...
  Skipping (exists) 5seb__1__1.A__1.G 1.G
Running vina for 5sec__1__1.A__1.G, ligand 1.G...
  Skipping (exists) 5sec__1__1.A__1.G 1.G
Running vina for 5see__1__1.A__1.E, ligand 1.E...
  Skipping (exists) 5see__1__1.A__1.E 1.E
Running vina for 5seh__1__1.A__1.G, ligand 1.G...
  Skipping (exists) 5seh__1__1.A__1.G 1.G
Running vina for 5sek__1__1.A__1.G, ligand 1.G...
  Skipping (exists) 5sek__1__1.A__1.G 1.G
Running vina for 5sel__1__1.A__1.G, ligand 1.G...
  Skipping (exists) 5sel__1__1.A__1.G 1.G
Running vina for 5sem__1__1.A__1.G, ligand 1.G...
  Skipping (exists) 5sem__1__1.A__1.G 1.G
Running vina for 5sen__1__1.A__1.G, ligand 1.G...
  Skipping (exists) 5sen__1__1.A__1.G 1.G
Running vina for 5seo__1__1.A__1.G, ligand 1.G...
  Skipping (exists) 5seo__1__1.A__1.G 1.G
Running vina for 5sex__1__1.A__1.G, ligand 1.G...
  Skipping (exists) 5sex__1__1.A__1.G 1.G
Running vina for 5sez__1__1.A__1.G, ligand 1.G...
  Skipping (exists) 5sez__1__1.A__1.G 1.G
Running vina for 5sf0__1__1.A__1.G, ligand 1.G...
  Skipping (exists) 5sf0__1__1.A__1.G 1.G
Running vina for 5sf1__1__1.A__1.E, ligand 1.E...
  Skipping (exists) 5sf1__1__1.A__1.E 1.E
Running vina for 5sf4__1__1.A__1.G, ligand 1.G...
  Skipping (exists) 5sf4__1__1.A__1.G 1.G
Running vina for 5sf7__1__1.A__1.G, ligand 1.G...
  Skipping (exists) 5sf7__1__1.A__1.G 1.G
Running vina for 5sfc__1__1.A__1.G, ligand 1.G...
  Skipping (exists) 5sfc__1__1.A__1.G 1.G
Running vina for 5sfd__1__1.A__1.G, ligand 1.G...
  Skipping (exists) 5sfd__1__1.A__1.G 1.G
Running vina for 5sfg__1__1.A__1.G, ligand 1.G...
  Skipping (exists) 5sfg__1__1.A__1.G 1.G
Running vina for 5sfh__1__1.A__1.G, ligand 1.G...
  Skipping (exists) 5sfh__1__1.A__1.G 1.G
Running vina for 5sfl__1__1.A__1.G, ligand 1.G...
  Skipping (exists) 5sfl__1__1.A__1.G 1.G
Running vina for 5sfn__1__1.A__1.G, ligand 1.G...
  Skipping (exists) 5sfn__1__1.A__1.G 1.G
Running vina for 5sfo__1__1.A__1.G, ligand 1.G...
  Skipping (exists) 5sfo__1__1.A__1.G 1.G
Running vina for 5sfp__1__1.A__1.G, ligand 1.G...
  Skipping (exists) 5sfp__1__1.A__1.G 1.G
Running vina for 5sfr__1__1.A__1.G, ligand 1.G...
  Skipping (exists) 5sfr__1__1.A__1.G 1.G
Running vina for 5sfx__1__1.A__1.G, ligand 1.G...
  Skipping (exists) 5sfx__1__1.A__1.G 1.G
Running vina for 5sfy__1__1.A__1.G, ligand 1.G...
  Skipping (exists) 5sfy__1__1.A__1.G 1.G
Running vina for 5sg0__1__1.A__1.G, ligand 1.G...
  Skipping (exists) 5sg0__1__1.A__1.G 1.G
Running vina for 5sg5__1__1.A__1.G, ligand 1.G...
  Skipping (exists) 5sg5__1__1.A__1.G 1.G
Running vina for 5sg6__1__1.A__1.G, ligand 1.G...
  Skipping (exists) 5sg6__1__1.A__1.G 1.G
Running vina for 5sg9__1__1.A__1.G, ligand 1.G...
  Skipping (exists) 5sg9__1__1.A__1.G 1.G
Running vina for 5sgg__1__1.A__1.G, ligand 1.G...
  Skipping (exists) 5sgg__1__1.A__1.G 1.G
Running vina for 5sgh__1__1.A__1.G, ligand 1.G...
  Skipping (exists) 5sgh__1__1.A__1.G 1.G
Running vina for 5sgk__1__1.A__1.G, ligand 1.G...
  Skipping (exists) 5sgk__1__1.A__1.G 1.G
Running vina for 5sgl__1__1.A__1.G, ligand 1.G...
  Skipping (exists) 5sgl__1__1.A__1.G 1.G
Running vina for 5sgm__1__1.A__1.D, ligand 1.D...
  Skipping (exists) 5sgm__1__1.A__1.D 1.D
Running vina for 5sgp__1__1.A__1.H, ligand 1.H...
  Skipping (exists) 5sgp__1__1.A__1.H 1.H
Running vina for 5sgr__1__1.A__1.G, ligand 1.G...
  Skipping (exists) 5sgr__1__1.A__1.G 1.G
Running vina for 5sgs__1__1.A__1.G, ligand 1.G...
  Skipping (exists) 5sgs__1__1.A__1.G 1.G
Running vina for 5sgt__1__1.A__1.G, ligand 1.G...
  Skipping (exists) 5sgt__1__1.A__1.G 1.G
Running vina for 5sgu__1__1.A__1.G, ligand 1.G...
  Skipping (exists) 5sgu__1__1.A__1.G 1.G
Running vina for 5sgw__1__1.A__1.G, ligand 1.G...
  Skipping (exists) 5sgw__1__1.A__1.G 1.G
Running vina for 5sgx__1__1.A__1.G, ligand 1.G...
  Skipping (exists) 5sgx__1__1.A__1.G 1.G
Running vina for 5sgz__1__1.A__1.G, ligand 1.G...
  Skipping (exists) 5sgz__1__1.A__1.G 1.G
Running vina for 5sh0__1__1.A__1.G, ligand 1.G...
  Skipping (exists) 5sh0__1__1.A__1.G 1.G
Running vina for 5sh1__1__1.A__1.G, ligand 1.G...
  Skipping (exists) 5sh1__1__1.A__1.G 1.G
Running vina for 5sh2__1__1.A__1.G, ligand 1.G...
  Skipping (exists) 5sh2__1__1.A__1.G 1.G
Running vina for 5sh6__1__1.A__1.G, ligand 1.G...
  Skipping (exists) 5sh6__1__1.A__1.G 1.G
Running vina for 5sh8__1__1.A__1.E, ligand 1.E...
  Skipping (exists) 5sh8__1__1.A__1.E 1.E
Running vina for 5shc__1__1.A__1.G, ligand 1.G...
  Skipping (exists) 5shc__1__1.A__1.G 1.G
Running vina for 5shf__1__1.A__1.G, ligand 1.G...
  Skipping (exists) 5shf__1__1.A__1.G 1.G
Running vina for 5shg__1__1.A__1.G, ligand 1.G...
  Skipping (exists) 5shg__1__1.A__1.G 1.G
Running vina for 5shh__1__1.A__1.G, ligand 1.G...
  Skipping (exists) 5shh__1__1.A__1.G 1.G
Running vina for 5shi__1__1.A__1.E, ligand 1.E...
  Skipping (exists) 5shi__1__1.A__1.E 1.E
Running vina for 5shk__1__1.A__1.G, ligand 1.G...
  Skipping (exists) 5shk__1__1.A__1.G 1.G
Running vina for 5shp__1__1.A__1.G, ligand 1.G...
  Skipping (exists) 5shp__1__1.A__1.G 1.G
Running vina for 5shr__1__1.A__1.G, ligand 1.G...
  Skipping (exists) 5shr__1__1.A__1.G 1.G
Running vina for 5shu__1__1.A__1.G, ligand 1.G...
  Skipping (exists) 5shu__1__1.A__1.G 1.G
Running vina for 5shw__1__1.A__1.G, ligand 1.G...
  Skipping (exists) 5shw__1__1.A__1.G 1.G
Running vina for 5shx__1__1.A__1.G, ligand 1.G...
  Skipping (exists) 5shx__1__1.A__1.G 1.G
Running vina for 5si3__1__1.A__1.E, ligand 1.E...
  Skipping (exists) 5si3__1__1.A__1.E 1.E
Running vina for 5si5__1__1.A__1.G, ligand 1.G...
  Skipping (exists) 5si5__1__1.A__1.G 1.G
Running vina for 5si6__1__1.A__1.G, ligand 1.G...
  Skipping (exists) 5si6__1__1.A__1.G 1.G
Running vina for 5si7__1__1.A__1.G, ligand 1.G...
  Skipping (exists) 5si7__1__1.A__1.G 1.G
Running vina for 5si8__1__1.A__1.G, ligand 1.G...
  Skipping (exists) 5si8__1__1.A__1.G 1.G
Running vina for 5si9__1__1.A__1.G, ligand 1.G...
  Skipping (exists) 5si9__1__1.A__1.G 1.G
Running vina for 5sie__1__1.A__1.G, ligand 1.G...
  Skipping (exists) 5sie__1__1.A__1.G 1.G
Running vina for 5sif__1__1.A__1.I, ligand 1.I...
  Skipping (exists) 5sif__1__1.A__1.I 1.I
Running vina for 5sig__1__1.A__1.G, ligand 1.G...
  Skipping (exists) 5sig__1__1.A__1.G 1.G
Running vina for 5sih__1__1.A__1.H, ligand 1.H...
  Skipping (exists) 5sih__1__1.A__1.H 1.H
Running vina for 5sio__1__1.A__1.H, ligand 1.H...
  Skipping (exists) 5sio__1__1.A__1.H 1.H
Running vina for 5sip__1__1.A__1.G, ligand 1.G...
  Skipping (exists) 5sip__1__1.A__1.G 1.G
Running vina for 5siq__1__1.A__1.H, ligand 1.H...
Running Vina (ex=8):  11%|█▏        | 163/1426 [00:08<01:06, 18.97it/s]Running Vina (ex=8):  12%|█▏        | 165/1426 [00:17<02:40,  7.87it/s]Running Vina (ex=8):  12%|█▏        | 166/1426 [00:21<03:35,  5.86it/s]Running Vina (ex=8):  12%|█▏        | 167/1426 [00:26<05:38,  3.72it/s]Running Vina (ex=8):  12%|█▏        | 168/1426 [00:31<07:51,  2.67it/s]Running Vina (ex=8):  12%|█▏        | 169/1426 [00:38<11:59,  1.75it/s]Running Vina (ex=8):  12%|█▏        | 171/1426 [00:40<12:57,  1.61it/s]Running Vina (ex=8):  12%|█▏        | 172/1426 [00:51<25:18,  1.21s/it]Running Vina (ex=8):  12%|█▏        | 173/1426 [00:55<30:40,  1.47s/it]Running Vina (ex=8):  12%|█▏        | 174/1426 [01:00<37:56,  1.82s/it]Running Vina (ex=8):  12%|█▏        | 175/1426 [01:14<1:08:41,  3.29s/it]Running Vina (ex=8):  12%|█▏        | 176/1426 [01:18<1:10:11,  3.37s/it]Running Vina (ex=8):  12%|█▏        | 177/1426 [01:21<1:10:10,  3.37s/it]Running Vina (ex=8):  12%|█▏        | 178/1426 [01:27<1:21:14,  3.91s/it]Running Vina (ex=8):  13%|█▎        | 179/1426 [01:30<1:17:28,  3.73s/it]Running Vina (ex=8):  13%|█▎        | 180/1426 [01:46<2:17:07,  6.60s/it]Running Vina (ex=8):  13%|█▎        | 181/1426 [02:02<3:04:52,  8.91s/it]Running Vina (ex=8):  13%|█▎        | 182/1426 [02:12<3:12:12,  9.27s/it]Running Vina (ex=8):  13%|█▎        | 183/1426 [02:20<3:04:55,  8.93s/it]Running Vina (ex=8):  13%|█▎        | 184/1426 [02:28<3:00:05,  8.70s/it]Running Vina (ex=8):  13%|█▎        | 185/1426 [02:37<3:02:43,  8.83s/it]Running Vina (ex=8):  13%|█▎        | 186/1426 [02:55<3:58:32, 11.54s/it]  Skipping (exists) 5siq__1__1.A__1.H 1.H
Running vina for 5sir__1__1.A__1.G, ligand 1.G...
  Skipping (exists) 5sir__1__1.A__1.G 1.G
Running vina for 5siy__1__1.A__1.G, ligand 1.G...
  Skipping (exists) 5siy__1__1.A__1.G 1.G
Running vina for 5siz__1__1.A__1.G, ligand 1.G...
  Skipping (exists) 5siz__1__1.A__1.G 1.G
Running vina for 5sj1__1__1.A__1.G, ligand 1.G...
  Skipping (exists) 5sj1__1__1.A__1.G 1.G
Running vina for 5sj7__1__1.A__1.G, ligand 1.G...
  Skipping (exists) 5sj7__1__1.A__1.G 1.G
Running vina for 5sj8__1__1.A__1.G, ligand 1.G...
  Skipping (exists) 5sj8__1__1.A__1.G 1.G
Running vina for 5sjb__1__1.A__1.G, ligand 1.G...
  Skipping (exists) 5sjb__1__1.A__1.G 1.G
Running vina for 5sjc__1__1.A__1.F, ligand 1.F...
  Skipping (exists) 5sjc__1__1.A__1.F 1.F
Running vina for 5sjf__1__1.A__1.H, ligand 1.H...
  Skipping (exists) 5sjf__1__1.A__1.H 1.H
Running vina for 5sjg__1__1.A__1.G, ligand 1.G...
  Skipping (exists) 5sjg__1__1.A__1.G 1.G
Running vina for 5sjl__1__1.A__1.G, ligand 1.G...
  Skipping (exists) 5sjl__1__1.A__1.G 1.G
Running vina for 5sjo__1__1.A__1.H, ligand 1.H...
  Skipping (exists) 5sjo__1__1.A__1.H 1.H
Running vina for 5sjt__1__1.A__1.H, ligand 1.H...
  Skipping (exists) 5sjt__1__1.A__1.H 1.H
Running vina for 5sju__1__1.A__1.G, ligand 1.G...
  Skipping (exists) 5sju__1__1.A__1.G 1.G
Running vina for 5sjv__1__1.A__1.G, ligand 1.G...
  Skipping (exists) 5sjv__1__1.A__1.G 1.G
Running vina for 5sjw__1__1.A__1.I, ligand 1.I...
  Skipping (exists) 5sjw__1__1.A__1.I 1.I
Running vina for 5sk0__1__1.A__1.G, ligand 1.G...
  Skipping (exists) 5sk0__1__1.A__1.G 1.G
Running vina for 5sk4__1__1.A__1.G, ligand 1.G...
  Skipping (exists) 5sk4__1__1.A__1.G 1.G
Running vina for 5sk5__1__1.A__1.H, ligand 1.H...
  Skipping (exists) 5sk5__1__1.A__1.H 1.H
Running vina for 5sk6__1__1.A__1.G, ligand 1.G...
  Skipping (exists) 5sk6__1__1.A__1.G 1.G
Running vina for 5sk9__1__1.A__1.G, ligand 1.G...
  Skipping (exists) 5sk9__1__1.A__1.G 1.G
Running vina for 5skd__1__1.A__1.G, ligand 1.G...
  Skipping (exists) 5skd__1__1.A__1.G 1.G
Running vina for 5ske__1__1.A__1.G, ligand 1.G...
  Skipping (exists) 5ske__1__1.A__1.G 1.G
Running vina for 5skf__1__1.A__1.I, ligand 1.I...
  Skipping (exists) 5skf__1__1.A__1.I 1.I
Running vina for 5skg__1__1.A__1.G, ligand 1.G...
  Skipping (exists) 5skg__1__1.A__1.G 1.G
Running vina for 5skh__1__1.A__1.H, ligand 1.H...
  Skipping (exists) 5skh__1__1.A__1.H 1.H
Running vina for 5ski__1__1.A__1.G, ligand 1.G...
  Skipping (exists) 5ski__1__1.A__1.G 1.G
Running vina for 5skl__1__1.A__1.G, ligand 1.G...
  Skipping (exists) 5skl__1__1.A__1.G 1.G
Running vina for 5skm__1__1.A__1.G, ligand 1.G...
  Skipping (exists) 5skm__1__1.A__1.G 1.G
Running vina for 5sko__1__1.A__1.G, ligand 1.G...
  Skipping (exists) 5sko__1__1.A__1.G 1.G
Running vina for 5skr__1__1.A__1.G, ligand 1.G...
  Skipping (exists) 5skr__1__1.A__1.G 1.G
Running vina for 5skt__1__1.A__1.G, ligand 1.G...
  Skipping (exists) 5skt__1__1.A__1.G 1.G
Running vina for 5sku__1__1.A__1.G, ligand 1.G...
  Skipping (exists) 5sku__1__1.A__1.G 1.G
Running vina for 5slg__1__1.A__1.G, ligand 1.G...
  Skipping (exists) 5slg__1__1.A__1.G 1.G
Running vina for 6th4__1__1.C_1.D__1.T, ligand 1.T...
  Skipping (exists) 6th4__1__1.C_1.D__1.T 1.T
Running vina for 6xqr__1__1.B__1.E, ligand 1.E...
  Skipping (exists) 6xqr__1__1.B__1.E 1.E
Running vina for 6z48__1__1.B__1.J, ligand 1.J...
  Skipping (exists) 6z48__1__1.B__1.J 1.J
Running vina for 6zfz__1__1.A__1.B, ligand 1.B...
  Skipping (exists) 6zfz__1__1.A__1.B 1.B
Running vina for 6zg4__1__1.A__1.B, ligand 1.B...
  Skipping (exists) 6zg4__1__1.A__1.B 1.B
Running vina for 6zg9__1__1.A__1.B, ligand 1.B...
  Skipping (exists) 6zg9__1__1.A__1.B 1.B
Running vina for 6zx1__1__1.A_2.A__1.B, ligand 1.B...
  Skipping (exists) 6zx1__1__1.A_2.A__1.B 1.B
Running vina for 7a4q__1__1.A__1.B, ligand 1.B...
  Skipping (exists) 7a4q__1__1.A__1.B 1.B
Running vina for 7abj__1__1.A__1.T, ligand 1.T...
  Skipping (exists) 7abj__1__1.A__1.T 1.T
Running vina for 7ait__1__1.A__1.C, ligand 1.C...
  Skipping (exists) 7ait__1__1.A__1.C 1.C
Running vina for 7aiu__1__1.A__1.H, ligand 1.H...
  Skipping (exists) 7aiu__1__1.A__1.H 1.H
Running vina for 7aiw__1__2.B__2.M, ligand 2.M...
  Skipping (exists) 7aiw__1__2.B__2.M 2.M
Running vina for 7an8__1__1.B__1.E, ligand 1.E...
  Skipping (exists) 7an8__1__1.B__1.E 1.E
Running vina for 7ana__1__1.A__1.C, ligand 1.C...
  Skipping (exists) 7ana__1__1.A__1.C 1.C
Running vina for 7au4__1__1.A_2.A__2.D, ligand 2.D...
  Skipping (exists) 7au4__1__1.A_2.A__2.D 2.D
Running vina for 7ay9__1__1.A__1.I, ligand 1.I...
  Skipping (exists) 7ay9__1__1.A__1.I 1.I
Running vina for 7ayz__1__1.A__1.D, ligand 1.D...
  Skipping (exists) 7ayz__1__1.A__1.D 1.D
Running vina for 7b2u__1__1.A_1.B__1.C, ligand 1.C...
  Skipping (exists) 7b2u__1__1.A_1.B__1.C 1.C
Running vina for 7b3g__1__1.A__1.I, ligand 1.I...
  Skipping (exists) 7b3g__1__1.A__1.I 1.I
Running vina for 7b3h__1__1.A__1.H, ligand 1.H...
  Skipping (exists) 7b3h__1__1.A__1.H 1.H
Running vina for 7b3i__1__1.A__1.I, ligand 1.I...
  Skipping (exists) 7b3i__1__1.A__1.I 1.I
Running vina for 7b3p__1__1.A__1.G, ligand 1.G...
  Skipping (exists) 7b3p__1__1.A__1.G 1.G
Running vina for 7b3x__1__1.A__1.F, ligand 1.F...
  Skipping (exists) 7b3x__1__1.A__1.F 1.F
Running vina for 7b4x__1__1.A__1.M, ligand 1.M...
  Skipping (exists) 7b4x__1__1.A__1.M 1.M
Running vina for 7b6v__1__1.C_1.D__1.Y, ligand 1.Y...
  Skipping (exists) 7b6v__1__1.C_1.D__1.Y 1.Y
Running vina for 7b77__1__1.A_2.A__1.F, ligand 1.F...
  Skipping (exists) 7b77__1__1.A_2.A__1.F 1.F
Running vina for 7b87__1__1.A__1.N, ligand 1.N...
  Skipping (exists) 7b87__1__1.A__1.N 1.N
Running vina for 7b89__1__1.A__1.D, ligand 1.D...
  Skipping (exists) 7b89__1__1.A__1.D 1.D
Running vina for 7b8a__1__1.A__1.F, ligand 1.F...
  Skipping (exists) 7b8a__1__1.A__1.F 1.F
Running vina for 7bc9__1__1.A__1.J, ligand 1.J...
  Skipping (exists) 7bc9__1__1.A__1.J 1.J
Running vina for 7bcf__1__1.A__1.H, ligand 1.H...
  Skipping (exists) 7bcf__1__1.A__1.H 1.H
Running vina for 7bdd__1__1.A__1.G, ligand 1.G...
  Skipping (exists) 7bdd__1__1.A__1.G 1.G
Running vina for 7bis__1__1.A_2.A__2.F, ligand 2.F...
  Skipping (exists) 7bis__1__1.A_2.A__2.F 2.F
Running vina for 7bk9__1__1.A_2.A__2.F, ligand 2.F...
  Skipping (exists) 7bk9__1__1.A_2.A__2.F 2.F
Running vina for 7blw__1__1.A__1.F, ligand 1.F...
  Skipping (exists) 7blw__1__1.A__1.F 1.F
Running vina for 7bm7__1__1.A__1.F, ligand 1.F...
  Skipping (exists) 7bm7__1__1.A__1.F 1.F
Running vina for 7bn5__1__1.A__1.G, ligand 1.G...
  Skipping (exists) 7bn5__1__1.A__1.G 1.G
Running vina for 7bn8__1__1.A__1.G, ligand 1.G...
  Skipping (exists) 7bn8__1__1.A__1.G 1.G
Running vina for 7bnc__1__1.A__1.K, ligand 1.K...
  Skipping (exists) 7bnc__1__1.A__1.K 1.K
Running vina for 7bo7__1__1.A__1.C, ligand 1.C...
Running vina for 7dcw__1__1.A_1.B__1.D, ligand 1.D...
Running vina for 7dg4__1__1.A__1.B, ligand 1.B...
Running vina for 7dh3__1__1.A__1.B, ligand 1.B...
Running vina for 7dh9__1__1.A__1.B, ligand 1.B...
Running vina for 7dhn__1__1.A__1.B, ligand 1.B...
Running vina for 7di7__1__1.A__1.D, ligand 1.D...
Warning: Receptor file not found for 7dji__1__1.D_1.E__1.L
Running vina for 7dml__1__1.A__1.E, ligand 1.E...
Running vina for 7dnn__1__1.A_1.B__1.E, ligand 1.E...
Running vina for 7dow__1__1.A_1.B__1.C, ligand 1.C...
Running vina for 7doy__1__1.A_1.B__1.E, ligand 1.E...
Running vina for 7du9__1__1.A_1.B__1.D, ligand 1.D...
Running vina for 7dua__1__1.B__1.D, ligand 1.D...
Running vina for 7dvb__1__1.A__1.E, ligand 1.E...
Warning: No output files created for 7dvb__1__1.A__1.E 1.E
  Failed for ligand 1.E
Running vina for 7dxl__1__1.A__1.C, ligand 1.C...
Running vina for 7e1n__1__1.A_1.B__1.D, ligand 1.D...
Running vina for 7e5f__1__1.A_2.A__2.B, ligand 2.B...
Running vina for 7e5g__1__1.A_2.A__2.B, ligand 2.B...
Running vina for 7eba__1__1.A__1.C, ligand 1.C...
Running vina for 7ee5__1__1.A__1.H, ligand 1.H...
Running vina for 7ei4__1__1.A_1.B_1.C__1.F, ligand 1.F...
Running vina for 7ejv__1__1.B__1.D, ligand 1.D...
Running vina for 7ekr__1__1.A__1.C, ligand 1.C...
Running Vina (ex=8):  13%|█▎        | 187/1426 [03:17<5:02:23, 14.64s/it]Running Vina (ex=8):  13%|█▎        | 189/1426 [03:25<3:21:46,  9.79s/it]Running Vina (ex=8):  13%|█▎        | 190/1426 [03:38<3:36:49, 10.53s/it]Running Vina (ex=8):  13%|█▎        | 191/1426 [04:05<5:03:32, 14.75s/it]Running Vina (ex=8):  13%|█▎        | 192/1426 [04:17<4:48:51, 14.05s/it]Running Vina (ex=8):  14%|█▎        | 193/1426 [04:29<4:34:31, 13.36s/it]Running Vina (ex=8):  14%|█▎        | 194/1426 [04:43<4:42:31, 13.76s/it]Running Vina (ex=8):  14%|█▎        | 195/1426 [04:54<4:25:00, 12.92s/it]Running Vina (ex=8):  14%|█▎        | 196/1426 [04:56<3:20:05,  9.76s/it]Running Vina (ex=8):  14%|█▍        | 197/1426 [05:01<2:46:21,  8.12s/it]Running Vina (ex=8):  14%|█▍        | 198/1426 [05:05<2:22:22,  6.96s/it]Running Vina (ex=8):  14%|█▍        | 199/1426 [05:11<2:17:07,  6.71s/it]Running Vina (ex=8):  14%|█▍        | 200/1426 [05:20<2:33:11,  7.50s/it]Running Vina (ex=8):  14%|█▍        | 201/1426 [05:29<2:42:42,  7.97s/it]Running Vina (ex=8):  14%|█▍        | 202/1426 [05:35<2:30:38,  7.38s/it]Running Vina (ex=8):  14%|█▍        | 203/1426 [05:41<2:21:54,  6.96s/it]Running Vina (ex=8):  14%|█▍        | 204/1426 [05:55<3:05:08,  9.09s/it]Running Vina (ex=8):  14%|█▍        | 205/1426 [06:05<3:08:12,  9.25s/it]Running Vina (ex=8):  14%|█▍        | 206/1426 [06:10<2:43:19,  8.03s/it]Running Vina (ex=8):  15%|█▍        | 207/1426 [06:12<2:04:19,  6.12s/it]Running Vina (ex=8):  15%|█▍        | 208/1426 [07:07<7:02:36, 20.82s/it]Running Vina (ex=8):  15%|█▍        | 209/1426 [07:34<7:38:11, 22.59s/it]Running Vina (ex=8):  15%|█▍        | 211/1426 [07:44<4:55:39, 14.60s/it]Running Vina (ex=8):  15%|█▍        | 212/1426 [07:51<4:16:47, 12.69s/it]Running Vina (ex=8):  15%|█▍        | 213/1426 [08:04<4:17:47, 12.75s/it]Running Vina (ex=8):  15%|█▌        | 214/1426 [08:17<4:16:59, 12.72s/it]Running Vina (ex=8):  15%|█▌        | 215/1426 [08:31<4:25:05, 13.13s/it]Running Vina (ex=8):  15%|█▌        | 216/1426 [08:53<5:17:15, 15.73s/it]Running Vina (ex=8):  15%|█▌        | 217/1426 [09:20<6:23:17, 19.02s/it]Running Vina (ex=8):  15%|█▌        | 218/1426 [09:24<4:50:57, 14.45s/it]Running Vina (ex=8):  15%|█▌        | 219/1426 [09:38<4:50:51, 14.46s/it]Running Vina (ex=8):  15%|█▌        | 220/1426 [09:44<3:57:43, 11.83s/it]Running Vina (ex=8):  15%|█▌        | 221/1426 [09:52<3:35:52, 10.75s/it]Running Vina (ex=8):  16%|█▌        | 222/1426 [09:57<3:00:31,  9.00s/it]Running Vina (ex=8):  16%|█▌        | 223/1426 [10:07<3:09:23,  9.45s/it]Running Vina (ex=8):  16%|█▌        | 224/1426 [10:13<2:48:43,  8.42s/it]Running Vina (ex=8):  16%|█▌        | 225/1426 [10:16<2:12:35,  6.62s/it]Running Vina (ex=8):  16%|█▌        | 226/1426 [10:18<1:45:51,  5.29s/it]Running Vina (ex=8):  16%|█▌        | 227/1426 [10:25<1:57:06,  5.86s/it]Running Vina (ex=8):  16%|█▌        | 228/1426 [10:27<1:36:00,  4.81s/it]Running Vina (ex=8):  16%|█▌        | 229/1426 [10:30<1:24:50,  4.25s/it]Running Vina (ex=8):  16%|█▌        | 230/1426 [10:35<1:25:58,  4.31s/it]Running Vina (ex=8):  16%|█▌        | 231/1426 [10:42<1:39:52,  5.01s/it]Running Vina (ex=8):  16%|█▋        | 232/1426 [10:49<1:53:51,  5.72s/it]Running Vina (ex=8):  16%|█▋        | 233/1426 [10:52<1:39:02,  4.98s/it]Running Vina (ex=8):  16%|█▋        | 234/1426 [10:56<1:32:34,  4.66s/it]Running Vina (ex=8):  16%|█▋        | 235/1426 [11:02<1:39:12,  5.00s/it]Running Vina (ex=8):  17%|█▋        | 236/1426 [11:07<1:41:01,  5.09s/it]Running Vina (ex=8):  17%|█▋        | 237/1426 [11:11<1:35:27,  4.82s/it]Running Vina (ex=8):  17%|█▋        | 238/1426 [11:18<1:43:34,  5.23s/it]Running Vina (ex=8):  17%|█▋        | 239/1426 [11:26<2:03:53,  6.26s/it]Running Vina (ex=8):  17%|█▋        | 241/1426 [11:29<1:18:30,  3.98s/it]Running Vina (ex=8):  17%|█▋        | 242/1426 [11:31<1:09:45,  3.54s/it]Running Vina (ex=8):  17%|█▋        | 243/1426 [11:34<1:06:56,  3.39s/it]Running Vina (ex=8):  17%|█▋        | 244/1426 [11:37<1:05:00,  3.30s/it]Running Vina (ex=8):  17%|█▋        | 245/1426 [11:39<56:45,  2.88s/it]  Running Vina (ex=8):  17%|█▋        | 246/1426 [11:43<1:01:06,  3.11s/it]Running Vina (ex=8):  17%|█▋        | 247/1426 [11:48<1:15:19,  3.83s/it]Running Vina (ex=8):  17%|█▋        | 248/1426 [11:50<1:06:16,  3.38s/it]Running Vina (ex=8):  17%|█▋        | 249/1426 [11:54<1:07:02,  3.42s/it]Running Vina (ex=8):  18%|█▊        | 250/1426 [11:58<1:08:26,  3.49s/it]Running Vina (ex=8):  18%|█▊        | 251/1426 [11:59<57:31,  2.94s/it]  Running Vina (ex=8):  18%|█▊        | 252/1426 [12:01<51:40,  2.64s/it]Running Vina (ex=8):  18%|█▊        | 253/1426 [12:04<55:01,  2.81s/it]Running Vina (ex=8):  18%|█▊        | 254/1426 [12:09<1:06:09,  3.39s/it]Running Vina (ex=8):  18%|█▊        | 255/1426 [12:11<58:04,  2.98s/it]  Running Vina (ex=8):  18%|█▊        | 256/1426 [12:14<55:36,  2.85s/it]Running Vina (ex=8):  18%|█▊        | 257/1426 [12:16<49:37,  2.55s/it]Running Vina (ex=8):  18%|█▊        | 258/1426 [12:19<53:22,  2.74s/it]Running Vina (ex=8):  18%|█▊        | 259/1426 [12:24<1:09:34,  3.58s/it]Running Vina (ex=8):  18%|█▊        | 260/1426 [12:30<1:21:55,  4.22s/it]Running Vina (ex=8):  18%|█▊        | 261/1426 [12:33<1:14:07,  3.82s/it]Running Vina (ex=8):  18%|█▊        | 262/1426 [12:37<1:17:56,  4.02s/it]Running Vina (ex=8):  18%|█▊        | 263/1426 [12:42<1:19:45,  4.11s/it]Running Vina (ex=8):  19%|█▊        | 264/1426 [12:45<1:17:07,  3.98s/it]Running Vina (ex=8):  19%|█▊        | 265/1426 [12:49<1:15:58,  3.93s/it]Running Vina (ex=8):  19%|█▊        | 266/1426 [12:53<1:17:50,  4.03s/it]Running Vina (ex=8):  19%|█▊        | 267/1426 [13:00<1:30:48,  4.70s/it]Running Vina (ex=8):  19%|█▉        | 268/1426 [13:05<1:35:56,  4.97s/it]Running Vina (ex=8):  19%|█▉        | 269/1426 [13:09<1:29:29,  4.64s/it]Running Vina (ex=8):  19%|█▉        | 270/1426 [13:10<1:09:48,  3.62s/it]Running Vina (ex=8):  19%|█▉        | 271/1426 [13:18<1:31:04,  4.73s/it]Running Vina (ex=8):  19%|█▉        | 272/1426 [13:23<1:34:23,  4.91s/it]Running Vina (ex=8):  19%|█▉        | 273/1426 [13:28<1:35:00,  4.94s/it]Running Vina (ex=8):  19%|█▉        | 274/1426 [13:31<1:23:55,  4.37s/it]Running Vina (ex=8):  19%|█▉        | 275/1426 [13:34<1:13:34,  3.84s/it]Running Vina (ex=8):  19%|█▉        | 276/1426 [13:38<1:13:57,  3.86s/it]Running Vina (ex=8):  19%|█▉        | 277/1426 [13:41<1:10:23,  3.68s/it]Running Vina (ex=8):  19%|█▉        | 278/1426 [13:44<1:05:27,  3.42s/it]Running Vina (ex=8):  20%|█▉        | 279/1426 [13:47<1:06:42,  3.49s/it]Running Vina (ex=8):  20%|█▉        | 280/1426 [13:52<1:11:33,  3.75s/it]Running Vina (ex=8):  20%|█▉        | 281/1426 [13:57<1:17:36,  4.07s/it]Running Vina (ex=8):  20%|█▉        | 282/1426 [13:59<1:10:30,  3.70s/it]Running Vina (ex=8):  20%|█▉        | 283/1426 [14:04<1:13:52,  3.88s/it]Running Vina (ex=8):  20%|█▉        | 284/1426 [14:07<1:11:07,  3.74s/it]Running Vina (ex=8):  20%|█▉        | 285/1426 [14:09<1:02:25,  3.28s/it]Running Vina (ex=8):  20%|██        | 286/1426 [14:12<56:35,  2.98s/it]  Running Vina (ex=8):  20%|██        | 287/1426 [14:14<51:48,  2.73s/it]Running Vina (ex=8):  20%|██        | 288/1426 [14:16<47:54,  2.53s/it]Running Vina (ex=8):  20%|██        | 289/1426 [14:19<54:42,  2.89s/it]Running Vina (ex=8):  20%|██        | 290/1426 [14:23<59:51,  3.16s/it]Running Vina (ex=8):  20%|██        | 291/1426 [14:27<1:02:51,  3.32s/it]Running Vina (ex=8):  20%|██        | 292/1426 [14:30<59:02,  3.12s/it]  Running Vina (ex=8):  21%|██        | 293/1426 [14:32<53:56,  2.86s/it]Running Vina (ex=8):  21%|██        | 294/1426 [14:34<50:25,  2.67s/it]Running Vina (ex=8):  21%|██        | 295/1426 [14:37<54:04,  2.87s/it]Running Vina (ex=8):  21%|██        | 296/1426 [14:41<59:33,  3.16s/it]Running Vina (ex=8):  21%|██        | 297/1426 [14:44<58:04,  3.09s/it]Running Vina (ex=8):  21%|██        | 298/1426 [14:48<1:01:11,  3.25s/it]Running Vina (ex=8):  21%|██        | 299/1426 [14:50<55:49,  2.97s/it]  Running Vina (ex=8):  21%|██        | 300/1426 [14:53<55:11,  2.94s/it]Running Vina (ex=8):  21%|██        | 301/1426 [14:56<57:23,  3.06s/it]Running Vina (ex=8):  21%|██        | 302/1426 [15:02<1:10:39,  3.77s/it]Running Vina (ex=8):  21%|██        | 303/1426 [15:04<1:01:40,  3.29s/it]Running Vina (ex=8):  21%|██▏       | 304/1426 [15:07<1:01:05,  3.27s/it]Running Vina (ex=8):  21%|██▏       | 305/1426 [15:11<1:03:25,  3.39s/it]Running Vina (ex=8):  21%|██▏       | 306/1426 [15:14<59:10,  3.17s/it]  Running Vina (ex=8):  22%|██▏       | 307/1426 [15:17<1:02:28,  3.35s/it]Running Vina (ex=8):  22%|██▏       | 308/1426 [15:20<1:01:25,  3.30s/it]Running Vina (ex=8):  22%|██▏       | 309/1426 [15:23<59:01,  3.17s/it]  Running Vina (ex=8):  22%|██▏       | 310/1426 [15:26<55:04,  2.96s/it]Running Vina (ex=8):  22%|██▏       | 311/1426 [15:28<51:35,  2.78s/it]Running Vina (ex=8):  22%|██▏       | 312/1426 [15:31<50:04,  2.70s/it]Running Vina (ex=8):  22%|██▏       | 313/1426 [15:33<48:04,  2.59s/it]Running Vina (ex=8):  22%|██▏       | 314/1426 [15:36<50:31,  2.73s/it]Running Vina (ex=8):  22%|██▏       | 315/1426 [15:41<1:02:55,  3.40s/it]Running Vina (ex=8):  22%|██▏       | 316/1426 [15:44<1:00:40,  3.28s/it]Running Vina (ex=8):  22%|██▏       | 317/1426 [15:48<1:03:27,  3.43s/it]Running Vina (ex=8):  22%|██▏       | 318/1426 [15:50<57:13,  3.10s/it]  Running Vina (ex=8):  22%|██▏       | 319/1426 [15:53<55:06,  2.99s/it]Running Vina (ex=8):  22%|██▏       | 320/1426 [15:56<53:25,  2.90s/it]Running Vina (ex=8):  23%|██▎       | 321/1426 [15:58<52:15,  2.84s/it]Running Vina (ex=8):  23%|██▎       | 322/1426 [16:00<48:31,  2.64s/it]Running Vina (ex=8):  23%|██▎       | 323/1426 [16:04<51:38,  2.81s/it]Running Vina (ex=8):  23%|██▎       | 324/1426 [16:07<55:40,  3.03s/it]Running Vina (ex=8):  23%|██▎       | 325/1426 [16:10<51:39,  2.81s/it]Running Vina (ex=8):  23%|██▎       | 326/1426 [16:13<56:04,  3.06s/it]Running Vina (ex=8):  23%|██▎       | 327/1426 [16:16<57:16,  3.13s/it]Running Vina (ex=8):  23%|██▎       | 328/1426 [16:20<57:04,  3.12s/it]Running Vina (ex=8):  23%|██▎       | 329/1426 [16:23<56:50,  3.11s/it]Running Vina (ex=8):  23%|██▎       | 330/1426 [16:25<52:17,  2.86s/it]Running Vina (ex=8):  23%|██▎       | 331/1426 [16:28<53:15,  2.92s/it]Running Vina (ex=8):  23%|██▎       | 332/1426 [16:31<54:06,  2.97s/it]Running Vina (ex=8):  23%|██▎       | 333/1426 [16:34<56:32,  3.10s/it]Running Vina (ex=8):  23%|██▎       | 334/1426 [16:39<1:04:18,  3.53s/it]Running Vina (ex=8):  23%|██▎       | 335/1426 [16:43<1:08:47,  3.78s/it]Running Vina (ex=8):  24%|██▎       | 336/1426 [16:47<1:07:21,  3.71s/it]Running Vina (ex=8):  24%|██▎       | 337/1426 [16:51<1:07:22,  3.71s/it]Running Vina (ex=8):  24%|██▎       | 338/1426 [16:54<1:05:32,  3.61s/it]Running Vina (ex=8):  24%|██▍       | 339/1426 [16:57<1:00:47,  3.36s/it]Running Vina (ex=8):  24%|██▍       | 340/1426 [17:00<59:53,  3.31s/it]  Running Vina (ex=8):  24%|██▍       | 341/1426 [17:04<1:04:52,  3.59s/it]Running vina for 7elt__1__2.A__2.B, ligand 2.B...
Warning: No ligand files found for 7ems__1__1.A__1.D
Running vina for 7en5__1__1.A_3.A_4.A__3.B, ligand 3.B...
Running vina for 7en7__1__1.A_2.A_4.A__2.B, ligand 2.B...
Running vina for 7en9__1__1.A_2.A__2.B, ligand 2.B...
Running vina for 7end__1__1.A_2.A__2.B, ligand 2.B...
Running vina for 7ene__1__1.A_1.B__1.E, ligand 1.E...
Running vina for 7er2__1__1.A__1.B, ligand 1.B...
Running vina for 7es1__1__1.A__1.C, ligand 1.C...
Running vina for 7eue__1__1.B__1.F, ligand 1.F...
Running vina for 7exu__1__1.A__1.C, ligand 1.C...
Running vina for 7ezf__1__1.B__1.G, ligand 1.G...
Running vina for 7ezp__1__1.D__1.L, ligand 1.L...
Running vina for 7ezr__1__1.B__1.G, ligand 1.G...
Running vina for 7f06__1__1.A__1.C, ligand 1.C...
Running vina for 7f10__1__1.B__1.C, ligand 1.C...
Running vina for 7f14__1__1.B__1.D, ligand 1.D...
Running vina for 7f1u__1__1.A_1.B__1.E, ligand 1.E...
Running vina for 7f1v__1__1.C_1.D__1.F, ligand 1.F...
Running vina for 7f35__1__1.A_1.B__1.G, ligand 1.G...
Running vina for 7f42__1__1.B__1.C, ligand 1.C...
Running vina for 7f51__1__1.A__1.C, ligand 1.C...
Running vina for 7f6w__1__2.A__2.B, ligand 2.B...
Running vina for 7f7d__1__2.A__2.B, ligand 2.B...
  Skipping (exists) 7f7d__1__2.A__2.B 2.B
Running vina for 7f83__1__1.B__1.J, ligand 1.J...
Running vina for 7f8u__1__1.A__1.B, ligand 1.B...
Running vina for 7fai__1__1.A__1.E, ligand 1.E...
Running vina for 7faj__1__1.A__1.E, ligand 1.E...
Running vina for 7fak__1__1.A__1.B, ligand 1.B...
Running vina for 7fcz__1__2.B__2.D, ligand 2.D...
Running vina for 7fd0__1__1.A__1.C, ligand 1.C...
Running vina for 7fd6__1__1.A__1.B, ligand 1.B...
Running vina for 7fee__1__1.A__1.D, ligand 1.D...
Running vina for 7fee__1__1.A__1.E, ligand 1.E...
Running vina for 7fgc__1__1.B__1.E, ligand 1.E...
Running vina for 7fgd__1__1.B__1.E, ligand 1.E...
Running vina for 7fha__1__1.A__1.C, ligand 1.C...
Running vina for 7fhb__1__1.A__1.B, ligand 1.B...
Running vina for 7fmg__1__1.A__1.C, ligand 1.C...
Running vina for 7fnt__1__1.B__1.C, ligand 1.C...
Running vina for 7fsd__1__1.A__1.I, ligand 1.I...
Running vina for 7fti__1__1.A__1.C, ligand 1.C...
Running vina for 7ftm__1__1.A__1.C, ligand 1.C...
Running vina for 7ftv__1__1.A__1.C, ligand 1.C...
Running vina for 7ftw__1__1.A__1.C, ligand 1.C...
Running vina for 7ftz__1__1.A__1.D, ligand 1.D...
Running vina for 7fu2__1__1.A__1.C, ligand 1.C...
Running vina for 7fu6__1__1.A__1.C, ligand 1.C...
Running vina for 7fu7__1__1.A__1.C, ligand 1.C...
Running vina for 7fu8__1__1.A__1.C, ligand 1.C...
Running vina for 7fuc__1__1.A__1.C, ligand 1.C...
Running vina for 7fuf__1__1.A__1.C, ligand 1.C...
Running vina for 7fum__1__1.A__1.C, ligand 1.C...
Running vina for 7fw3__1__1.A__1.B, ligand 1.B...
  Skipping (exists) 7fw3__1__1.A__1.B 1.B
Running vina for 7fwb__1__1.A__1.B, ligand 1.B...
Running vina for 7fwe__1__1.A__1.B, ligand 1.B...
Running vina for 7fwh__1__1.A__1.B, ligand 1.B...
Running vina for 7fwi__1__1.A__1.D, ligand 1.D...
Running vina for 7fwl__1__1.A__1.B, ligand 1.B...
Running vina for 7fwm__1__1.A__1.B, ligand 1.B...
Running vina for 7fwn__1__1.A__1.D, ligand 1.D...
Running vina for 7fwr__1__1.A__1.B, ligand 1.B...
Running vina for 7fx1__1__1.A__1.B, ligand 1.B...
Running vina for 7fxi__1__1.A__1.D, ligand 1.D...
Running vina for 7fyr__1__1.A__1.B, ligand 1.B...
Running vina for 7fys__1__1.A__1.B, ligand 1.B...
Running vina for 7fyx__1__1.A__1.C, ligand 1.C...
Running vina for 7fz0__1__1.A__1.E, ligand 1.E...
Running vina for 7fz3__1__1.A__1.B, ligand 1.B...
Running vina for 7fzc__1__1.A__1.B, ligand 1.B...
Running vina for 7fzl__1__1.A__1.B, ligand 1.B...
Running vina for 7fzs__1__1.A__1.B, ligand 1.B...
Running vina for 7g00__1__1.A__1.Q, ligand 1.Q...
Running vina for 7g07__1__1.A__1.B, ligand 1.B...
Running vina for 7g0g__1__1.A__1.B, ligand 1.B...
Running vina for 7g0j__1__1.A__1.D, ligand 1.D...
Running vina for 7g0t__1__1.A__1.B, ligand 1.B...
Running vina for 7g10__1__1.A__1.D, ligand 1.D...
Running vina for 7g1b__1__1.A__1.B, ligand 1.B...
Running vina for 7g1e__1__1.A__1.C, ligand 1.C...
Running vina for 7g1j__1__1.A__1.B, ligand 1.B...
Running vina for 7g1m__1__1.A__1.B, ligand 1.B...
Running vina for 7g20__1__1.A__1.B, ligand 1.B...
Running vina for 7g90__1__1.A__1.C, ligand 1.C...
Running vina for 7gaw__1__1.A_1.B__1.K, ligand 1.K...
Running vina for 7gb6__1__1.A_2.A__1.F, ligand 1.F...
Running vina for 7gb7__1__1.A_2.A__1.B, ligand 1.B...
Running vina for 7gb8__1__1.A_2.A__1.F, ligand 1.F...
Running vina for 7gbc__1__1.A_2.A__2.E, ligand 2.E...
Running vina for 7gbd__1__1.A_2.A__2.E, ligand 2.E...
Running vina for 7gbe__1__1.A_2.A__1.B, ligand 1.B...
Running vina for 7gbg__1__1.A_2.A__2.E, ligand 2.E...
Running vina for 7gbi__1__1.A_2.A__2.D, ligand 2.D...
Running vina for 7gbo__1__1.A_2.A__1.E, ligand 1.E...
Running vina for 7gbp__1__1.A_2.A__2.F, ligand 2.F...
Running vina for 7gbq__1__1.A_2.A__1.E, ligand 1.E...
Running vina for 7gbr__1__1.A_2.A__2.F, ligand 2.F...
Running vina for 7gbw__1__1.A_2.A__1.F, ligand 1.F...
Running vina for 7gby__1__1.A_2.A__1.E, ligand 1.E...
Running vina for 7gbz__1__1.A_2.A__2.F, ligand 2.F...
Running vina for 7gc0__1__1.A_2.A__1.E, ligand 1.E...
Running vina for 7gc1__1__1.A_2.A__2.E, ligand 2.E...
Running vina for 7gc2__1__1.A_2.A__2.E, ligand 2.E...
Running vina for 7gc3__1__1.A_2.A__2.F, ligand 2.F...
Running vina for 7gc8__1__1.A_2.A__2.E, ligand 2.E...
Running vina for 7gce__1__1.A_2.A__2.E, ligand 2.E...
Running vina for 7gcf__1__1.A_2.A__2.E, ligand 2.E...
Running vina for 7gcj__1__1.A_2.A__1.E, ligand 1.E...
Running vina for 7gck__1__1.A_2.A__1.E, ligand 1.E...
Running vina for 7gcl__1__1.A_2.A__2.F, ligand 2.F...
Running vina for 7gcn__1__1.A_2.A__2.F, ligand 2.F...
Running vina for 7gco__1__1.A_2.A__2.E, ligand 2.E...
Running vina for 7gcq__1__1.A_2.A__1.F, ligand 1.F...
Running vina for 7gcs__1__1.A_2.A__1.E, ligand 1.E...
Running vina for 7gcu__1__1.A_2.A__1.E, ligand 1.E...
Running vina for 7gcv__1__1.A_2.A__2.E, ligand 2.E...
Running vina for 7gcx__1__1.A_2.A__2.E, ligand 2.E...
Running vina for 7gd0__1__1.A_2.A__1.F, ligand 1.F...
Running vina for 7gd1__1__1.A_2.A__1.E, ligand 1.E...
Running vina for 7gda__1__1.A_2.A__1.D, ligand 1.D...
Running vina for 7gdc__1__1.A_2.A__2.D, ligand 2.D...
Running vina for 7gde__1__1.A_2.A__1.E, ligand 1.E...
Running vina for 7gdg__1__1.A_2.A__2.F, ligand 2.F...
Running vina for 7gdj__1__1.A_2.A__2.E, ligand 2.E...
Running vina for 7gdk__1__1.A_2.A__2.E, ligand 2.E...
Running vina for 7gdl__1__1.A_2.A__1.E, ligand 1.E...
Running vina for 7gdm__1__1.A_2.A__2.E, ligand 2.E...
Running vina for 7gdz__1__1.A_2.A__1.E, ligand 1.E...
Running vina for 7ge2__1__1.A_2.A__2.E, ligand 2.E...
Running vina for 7ge3__1__1.A_2.A__1.D, ligand 1.D...
Running vina for 7ge8__1__1.A_2.A__2.E, ligand 2.E...
Running vina for 7ge9__1__1.A_2.A__1.E, ligand 1.E...
Running vina for 7gec__1__1.A_2.A__2.E, ligand 2.E...
Running vina for 7ged__1__1.A_2.A__1.E, ligand 1.E...
Running vina for 7gee__1__1.A_2.A__2.E, ligand 2.E...
Running vina for 7gef__1__1.A_2.A__1.D, ligand 1.D...
Running vina for 7geg__1__1.A_2.A__2.E, ligand 2.E...
Running vina for 7geh__1__1.A_2.A__2.E, ligand 2.E...
Running vina for 7gek__1__1.A_2.A__1.E, ligand 1.E...
Running vina for 7gen__1__1.A_2.A__2.E, ligand 2.E...
Running vina for 7ges__1__1.A_2.A__2.E, ligand 2.E...
Running vina for 7geu__1__1.A_2.A__2.E, ligand 2.E...
Running vina for 7gew__1__1.A_2.A__1.E, ligand 1.E...
Running vina for 7gey__1__1.A_2.A__2.E, ligand 2.E...
Running vina for 7gf0__1__1.A_2.A__1.E, ligand 1.E...
Running vina for 7gf2__1__1.A_2.A__2.E, ligand 2.E...
Running vina for 7gf3__1__1.A_2.A__1.E, ligand 1.E...
Running vina for 7gf5__1__1.A_2.A__1.E, ligand 1.E...
Running vina for 7gf6__1__1.A_2.A__2.E, ligand 2.E...
Running vina for 7gfb__1__1.A_2.A__2.E, ligand 2.E...
Running vina for 7gfh__1__1.A_2.A__1.E, ligand 1.E...
Running vina for 7gfl__1__1.A_2.A__2.E, ligand 2.E...
Running vina for 7gfr__1__1.A_2.A__2.E, ligand 2.E...
Running vina for 7gfs__1__1.A_2.A__2.E, ligand 2.E...
Running vina for 7gft__1__1.A_2.A__1.E, ligand 1.E...
Running Vina (ex=8):  24%|██▍       | 342/1426 [17:07<59:37,  3.30s/it]  Running Vina (ex=8):  24%|██▍       | 343/1426 [17:11<1:02:49,  3.48s/it]Running Vina (ex=8):  24%|██▍       | 344/1426 [17:18<1:21:38,  4.53s/it]Running Vina (ex=8):  24%|██▍       | 345/1426 [17:20<1:11:54,  3.99s/it]Running Vina (ex=8):  24%|██▍       | 346/1426 [17:23<1:01:59,  3.44s/it]Running Vina (ex=8):  24%|██▍       | 347/1426 [17:27<1:06:46,  3.71s/it]Running Vina (ex=8):  24%|██▍       | 348/1426 [17:40<1:54:51,  6.39s/it]Running Vina (ex=8):  24%|██▍       | 349/1426 [17:42<1:33:43,  5.22s/it]Running Vina (ex=8):  25%|██▍       | 350/1426 [17:46<1:27:58,  4.91s/it]Running Vina (ex=8):  25%|██▍       | 351/1426 [17:50<1:22:33,  4.61s/it]Running Vina (ex=8):  25%|██▍       | 352/1426 [17:57<1:32:32,  5.17s/it]Running Vina (ex=8):  25%|██▍       | 353/1426 [18:00<1:21:36,  4.56s/it]Running Vina (ex=8):  25%|██▍       | 354/1426 [18:02<1:09:32,  3.89s/it]Running Vina (ex=8):  25%|██▍       | 355/1426 [18:05<1:03:18,  3.55s/it]Running Vina (ex=8):  25%|██▍       | 356/1426 [18:08<1:02:38,  3.51s/it]Running Vina (ex=8):  25%|██▌       | 357/1426 [18:20<1:45:12,  5.90s/it]Running Vina (ex=8):  25%|██▌       | 358/1426 [18:23<1:30:57,  5.11s/it]Running Vina (ex=8):  25%|██▌       | 359/1426 [18:26<1:21:17,  4.57s/it]Running Vina (ex=8):  25%|██▌       | 360/1426 [18:29<1:12:40,  4.09s/it]Running Vina (ex=8):  25%|██▌       | 361/1426 [18:33<1:09:27,  3.91s/it]Running Vina (ex=8):  25%|██▌       | 362/1426 [18:39<1:20:49,  4.56s/it]Running Vina (ex=8):  25%|██▌       | 363/1426 [18:43<1:18:11,  4.41s/it]Running Vina (ex=8):  26%|██▌       | 364/1426 [18:48<1:22:15,  4.65s/it]Running Vina (ex=8):  26%|██▌       | 365/1426 [18:53<1:23:01,  4.69s/it]Running Vina (ex=8):  26%|██▌       | 366/1426 [18:58<1:25:11,  4.82s/it]Running Vina (ex=8):  26%|██▌       | 367/1426 [19:04<1:29:55,  5.09s/it]Running Vina (ex=8):  26%|██▌       | 368/1426 [19:10<1:34:24,  5.35s/it]Running Vina (ex=8):  26%|██▌       | 369/1426 [19:20<1:58:11,  6.71s/it]Running Vina (ex=8):  26%|██▌       | 370/1426 [19:26<1:54:12,  6.49s/it]Running Vina (ex=8):  26%|██▌       | 371/1426 [19:33<2:01:29,  6.91s/it]Running Vina (ex=8):  26%|██▌       | 372/1426 [19:40<1:58:01,  6.72s/it]Running Vina (ex=8):  26%|██▌       | 373/1426 [19:47<1:58:59,  6.78s/it]Running Vina (ex=8):  26%|██▌       | 374/1426 [19:51<1:48:13,  6.17s/it]Running Vina (ex=8):  26%|██▋       | 375/1426 [19:57<1:43:42,  5.92s/it]Running Vina (ex=8):  26%|██▋       | 376/1426 [20:04<1:51:54,  6.40s/it]Running Vina (ex=8):  26%|██▋       | 377/1426 [20:09<1:40:53,  5.77s/it]Running Vina (ex=8):  27%|██▋       | 378/1426 [20:14<1:36:54,  5.55s/it]Running Vina (ex=8):  27%|██▋       | 379/1426 [20:23<1:59:12,  6.83s/it]Running Vina (ex=8):  27%|██▋       | 380/1426 [20:28<1:44:55,  6.02s/it]Running Vina (ex=8):  27%|██▋       | 381/1426 [20:37<2:04:07,  7.13s/it]Running Vina (ex=8):  27%|██▋       | 382/1426 [20:41<1:45:38,  6.07s/it]Running Vina (ex=8):  27%|██▋       | 383/1426 [20:48<1:51:27,  6.41s/it]Running Vina (ex=8):  27%|██▋       | 384/1426 [20:54<1:51:19,  6.41s/it]Running Vina (ex=8):  27%|██▋       | 385/1426 [21:02<1:57:03,  6.75s/it]Running Vina (ex=8):  27%|██▋       | 386/1426 [21:08<1:54:48,  6.62s/it]Running Vina (ex=8):  27%|██▋       | 387/1426 [21:12<1:41:37,  5.87s/it]Running Vina (ex=8):  27%|██▋       | 388/1426 [21:26<2:20:19,  8.11s/it]Running Vina (ex=8):  27%|██▋       | 389/1426 [21:33<2:12:52,  7.69s/it]Running Vina (ex=8):  27%|██▋       | 390/1426 [21:47<2:45:51,  9.61s/it]Running Vina (ex=8):  27%|██▋       | 391/1426 [21:58<2:54:44, 10.13s/it]Running Vina (ex=8):  27%|██▋       | 392/1426 [22:07<2:48:22,  9.77s/it]Running Vina (ex=8):  28%|██▊       | 393/1426 [22:09<2:09:39,  7.53s/it]Running Vina (ex=8):  28%|██▊       | 394/1426 [22:11<1:38:56,  5.75s/it]Running Vina (ex=8):  28%|██▊       | 395/1426 [22:13<1:19:46,  4.64s/it]Running Vina (ex=8):  28%|██▊       | 396/1426 [22:15<1:05:59,  3.84s/it]Running Vina (ex=8):  28%|██▊       | 397/1426 [22:17<58:45,  3.43s/it]  Running Vina (ex=8):  28%|██▊       | 398/1426 [22:28<1:35:49,  5.59s/it]Running Vina (ex=8):  28%|██▊       | 399/1426 [22:37<1:54:18,  6.68s/it]Running Vina (ex=8):  28%|██▊       | 400/1426 [22:57<3:03:05, 10.71s/it]Running Vina (ex=8):  28%|██▊       | 402/1426 [23:09<2:26:00,  8.56s/it]Running Vina (ex=8):  28%|██▊       | 403/1426 [23:22<2:44:36,  9.65s/it]Running Vina (ex=8):  28%|██▊       | 404/1426 [23:27<2:21:40,  8.32s/it]Running Vina (ex=8):  28%|██▊       | 405/1426 [23:56<3:55:46, 13.86s/it]Running Vina (ex=8):  28%|██▊       | 406/1426 [24:18<4:35:15, 16.19s/it]Running Vina (ex=8):  29%|██▊       | 407/1426 [24:55<6:15:31, 22.11s/it]Running Vina (ex=8):  29%|██▊       | 408/1426 [25:00<4:55:06, 17.39s/it]Running Vina (ex=8):  29%|██▊       | 409/1426 [25:05<3:52:30, 13.72s/it]Running Vina (ex=8):  29%|██▉       | 410/1426 [25:26<4:28:23, 15.85s/it]Running Vina (ex=8):  29%|██▉       | 411/1426 [25:49<5:01:25, 17.82s/it]Running Vina (ex=8):  29%|██▉       | 412/1426 [26:11<5:23:05, 19.12s/it]Running Vina (ex=8):  29%|██▉       | 413/1426 [26:37<5:57:35, 21.18s/it]Running Vina (ex=8):  29%|██▉       | 414/1426 [26:43<4:43:07, 16.79s/it]Running Vina (ex=8):  29%|██▉       | 415/1426 [26:51<3:57:54, 14.12s/it]Running Vina (ex=8):  29%|██▉       | 416/1426 [26:53<2:54:02, 10.34s/it]Running Vina (ex=8):  29%|██▉       | 417/1426 [26:54<2:09:42,  7.71s/it]Running Vina (ex=8):  29%|██▉       | 418/1426 [27:01<2:04:19,  7.40s/it]Running Vina (ex=8):  29%|██▉       | 419/1426 [27:06<1:51:30,  6.64s/it]Running Vina (ex=8):  29%|██▉       | 420/1426 [27:08<1:26:53,  5.18s/it]Running Vina (ex=8):  30%|██▉       | 421/1426 [27:09<1:07:27,  4.03s/it]Running Vina (ex=8):  30%|██▉       | 422/1426 [27:18<1:34:21,  5.64s/it]Running Vina (ex=8):  30%|██▉       | 423/1426 [27:23<1:28:07,  5.27s/it]Running Vina (ex=8):  30%|██▉       | 424/1426 [27:26<1:18:19,  4.69s/it]Running Vina (ex=8):  30%|██▉       | 425/1426 [27:30<1:14:53,  4.49s/it]Running Vina (ex=8):  30%|██▉       | 426/1426 [28:01<3:24:00, 12.24s/it]Running Vina (ex=8):  30%|██▉       | 427/1426 [28:25<4:22:27, 15.76s/it]Running Vina (ex=8):  30%|███       | 428/1426 [28:57<5:46:19, 20.82s/it]Running Vina (ex=8):  30%|███       | 429/1426 [29:27<6:32:00, 23.59s/it]Running Vina (ex=8):  30%|███       | 430/1426 [29:44<5:57:25, 21.53s/it]Running Vina (ex=8):  30%|███       | 431/1426 [30:03<5:45:53, 20.86s/it]Running Vina (ex=8):  30%|███       | 432/1426 [30:23<5:42:25, 20.67s/it]Running Vina (ex=8):  30%|███       | 433/1426 [30:44<5:41:22, 20.63s/it]Running Vina (ex=8):  30%|███       | 434/1426 [31:07<5:54:51, 21.46s/it]Running Vina (ex=8):  31%|███       | 435/1426 [31:33<6:14:00, 22.64s/it]Running Vina (ex=8):  31%|███       | 436/1426 [31:55<6:10:25, 22.45s/it]Running Vina (ex=8):  31%|███       | 437/1426 [32:16<6:02:00, 21.96s/it]Running Vina (ex=8):  31%|███       | 438/1426 [32:42<6:21:56, 23.20s/it]Running Vina (ex=8):  31%|███       | 439/1426 [33:08<6:35:24, 24.04s/it]Running Vina (ex=8):  31%|███       | 440/1426 [33:23<5:50:45, 21.34s/it]Running Vina (ex=8):  31%|███       | 441/1426 [33:24<4:12:45, 15.40s/it]Running Vina (ex=8):  31%|███       | 442/1426 [33:30<3:26:39, 12.60s/it]Running Vina (ex=8):  31%|███       | 443/1426 [33:37<2:58:27, 10.89s/it]Running Vina (ex=8):  31%|███       | 444/1426 [33:49<3:04:58, 11.30s/it]Running Vina (ex=8):  31%|███       | 445/1426 [33:57<2:48:15, 10.29s/it]Running Vina (ex=8):  31%|███▏      | 446/1426 [33:59<2:06:49,  7.76s/it]Running Vina (ex=8):  31%|███▏      | 447/1426 [34:01<1:36:44,  5.93s/it]Running Vina (ex=8):  31%|███▏      | 448/1426 [34:03<1:16:28,  4.69s/it]Running Vina (ex=8):  31%|███▏      | 449/1426 [34:43<4:10:55, 15.41s/it]Running Vina (ex=8):  32%|███▏      | 450/1426 [35:19<5:49:58, 21.52s/it]Running Vina (ex=8):  32%|███▏      | 451/1426 [35:24<4:28:45, 16.54s/it]Running Vina (ex=8):  32%|███▏      | 452/1426 [35:31<3:41:10, 13.62s/it]Running Vina (ex=8):  32%|███▏      | 453/1426 [36:52<9:10:28, 33.95s/it]Running Vina (ex=8):  32%|███▏      | 454/1426 [37:01<7:07:19, 26.38s/it]Running Vina (ex=8):  32%|███▏      | 455/1426 [37:05<5:18:02, 19.65s/it]Running Vina (ex=8):  32%|███▏      | 456/1426 [37:08<3:56:45, 14.65s/it]Running Vina (ex=8):  32%|███▏      | 457/1426 [37:14<3:13:56, 12.01s/it]Running Vina (ex=8):  32%|███▏      | 458/1426 [37:18<2:39:27,  9.88s/it]Running Vina (ex=8):  32%|███▏      | 459/1426 [37:21<2:05:01,  7.76s/it]Running Vina (ex=8):  32%|███▏      | 460/1426 [37:24<1:38:41,  6.13s/it]Running Vina (ex=8):  32%|███▏      | 461/1426 [38:01<4:11:49, 15.66s/it]Running Vina (ex=8):  32%|███▏      | 462/1426 [38:34<5:31:15, 20.62s/it]Running Vina (ex=8):  32%|███▏      | 463/1426 [39:13<7:01:05, 26.24s/it]Running Vina (ex=8):  33%|███▎      | 464/1426 [39:20<5:29:32, 20.55s/it]Running Vina (ex=8):  33%|███▎      | 465/1426 [39:30<4:37:43, 17.34s/it]Running Vina (ex=8):  33%|███▎      | 466/1426 [39:33<3:25:33, 12.85s/it]Running Vina (ex=8):  33%|███▎      | 467/1426 [39:35<2:36:06,  9.77s/it]Running Vina (ex=8):  33%|███▎      | 468/1426 [39:38<2:03:42,  7.75s/it]Running Vina (ex=8):  33%|███▎      | 469/1426 [39:40<1:34:47,  5.94s/it]Running Vina (ex=8):  33%|███▎      | 470/1426 [39:42<1:17:05,  4.84s/it]Running Vina (ex=8):  33%|███▎      | 471/1426 [39:44<1:02:06,  3.90s/it]Running Vina (ex=8):  33%|███▎      | 472/1426 [39:45<51:04,  3.21s/it]  Running Vina (ex=8):  33%|███▎      | 473/1426 [39:47<45:11,  2.85s/it]Running Vina (ex=8):  33%|███▎      | 474/1426 [39:49<40:59,  2.58s/it]Running Vina (ex=8):  33%|███▎      | 475/1426 [39:51<36:52,  2.33s/it]Running Vina (ex=8):  33%|███▎      | 476/1426 [39:57<54:03,  3.41s/it]Running Vina (ex=8):  33%|███▎      | 477/1426 [40:00<52:49,  3.34s/it]Running Vina (ex=8):  34%|███▎      | 478/1426 [40:04<54:12,  3.43s/it]Running Vina (ex=8):  34%|███▎      | 479/1426 [40:18<1:43:29,  6.56s/it]Running Vina (ex=8):  34%|███▎      | 480/1426 [40:19<1:20:19,  5.09s/it]Running Vina (ex=8):  34%|███▎      | 481/1426 [40:21<1:04:25,  4.09s/it]Running Vina (ex=8):  34%|███▍      | 482/1426 [40:35<1:48:10,  6.88s/it]Running Vina (ex=8):  34%|███▍      | 484/1426 [41:07<2:57:06, 11.28s/it]Running Vina (ex=8):  34%|███▍      | 485/1426 [41:12<2:32:34,  9.73s/it]Running Vina (ex=8):  34%|███▍      | 486/1426 [41:16<2:05:27,  8.01s/it]Running Vina (ex=8):  34%|███▍      | 487/1426 [41:20<1:52:13,  7.17s/it]Running Vina (ex=8):  34%|███▍      | 488/1426 [41:40<2:44:41, 10.54s/it]Running Vina (ex=8):  34%|███▍      | 489/1426 [41:41<2:04:50,  7.99s/it]Running Vina (ex=8):  34%|███▍      | 490/1426 [41:46<1:50:24,  7.08s/it]Running Vina (ex=8):  34%|███▍      | 491/1426 [41:51<1:41:26,  6.51s/it]Running Vina (ex=8):  35%|███▍      | 492/1426 [41:54<1:24:39,  5.44s/it]Running Vina (ex=8):  35%|███▍      | 493/1426 [42:05<1:48:28,  6.98s/it]Running Vina (ex=8):  35%|███▍      | 494/1426 [42:13<1:54:13,  7.35s/it]Running Vina (ex=8):  35%|███▍      | 495/1426 [42:20<1:54:13,  7.36s/it]Running Vina (ex=8):  35%|███▍      | 496/1426 [42:52<3:43:56, 14.45s/it]Running vina for 7gfx__1__1.A_2.A__2.E, ligand 2.E...
Running vina for 7gg2__1__1.A_2.A__2.E, ligand 2.E...
Running vina for 7ggd__1__1.A__1.E, ligand 1.E...
Running vina for 7gh3__1__1.A_2.A__2.E, ligand 2.E...
Running vina for 7gh5__1__1.A_2.A__1.B, ligand 1.B...
Running vina for 7gh6__1__1.A_2.A__2.B, ligand 2.B...
Running vina for 7ghn__1__1.A_1.B__1.N, ligand 1.N...
Running vina for 7ghr__1__1.A_1.B__1.M, ligand 1.M...
Running vina for 7gi4__1__1.A_1.B__1.J, ligand 1.J...
Running vina for 7gi6__1__1.A_1.B__1.D, ligand 1.D...
Running vina for 7gi7__1__1.A_1.B__1.L, ligand 1.L...
Running vina for 7gi9__1__1.A_1.B__1.F, ligand 1.F...
Running vina for 7gia__1__1.A_1.B__1.F, ligand 1.F...
Running vina for 7gjc__1__1.A_1.B__1.E, ligand 1.E...
Running vina for 7gji__1__1.A_1.B__1.L, ligand 1.L...
Running vina for 7gk7__1__1.A_1.B__1.H, ligand 1.H...
Running vina for 7gk8__1__1.A_1.B__1.H, ligand 1.H...
Running vina for 7gkh__1__1.A_1.B__1.J, ligand 1.J...
Running vina for 7gki__1__1.A__1.I, ligand 1.I...
Running vina for 7gkk__1__1.A_1.B__1.O, ligand 1.O...
Running vina for 7gks__1__1.A_1.B__1.H, ligand 1.H...
Running vina for 7gkx__1__1.A_1.B__1.I, ligand 1.I...
Running vina for 7gl3__1__1.A_1.B__1.H, ligand 1.H...
Running vina for 7gla__1__1.A_1.B__1.I, ligand 1.I...
Running vina for 7glb__1__1.A_1.B__1.N, ligand 1.N...
Running vina for 7gld__1__1.A_1.B__1.H, ligand 1.H...
Running vina for 7glg__1__1.A_1.B__1.H, ligand 1.H...
Running vina for 7gli__1__1.A_1.B__1.L, ligand 1.L...
Running vina for 7gln__1__1.A_1.B__1.I, ligand 1.I...
Running vina for 7gly__1__1.A_1.B__1.I, ligand 1.I...
Running vina for 7gm0__1__1.A_1.B__1.N, ligand 1.N...
Running vina for 7gm1__1__1.A_1.B__1.I, ligand 1.I...
Running vina for 7gm4__1__1.A_1.B__1.I, ligand 1.I...
Running vina for 7gm5__1__1.A_1.B__1.I, ligand 1.I...
Running vina for 7gm6__1__1.A_1.B__1.N, ligand 1.N...
Running vina for 7gm8__1__1.A_1.B__1.I, ligand 1.I...
Running vina for 7gm9__1__1.A_1.B__1.I, ligand 1.I...
Running vina for 7gma__1__1.A_1.B__1.J, ligand 1.J...
Running vina for 7gmh__1__1.A_1.B__1.O, ligand 1.O...
Running vina for 7gms__1__1.A_1.B__1.I, ligand 1.I...
Running vina for 7gmu__1__1.A_1.B__1.I, ligand 1.I...
Running vina for 7gmy__1__1.A_1.B__1.I, ligand 1.I...
Running vina for 7gn0__1__1.A_1.B__1.I, ligand 1.I...
Running vina for 7gn5__1__1.A_1.B__1.I, ligand 1.I...
Running vina for 7gn9__1__1.A_1.B__1.O, ligand 1.O...
Running vina for 7gng__1__1.A_1.B__1.Q, ligand 1.Q...
Running vina for 7gnh__1__1.A_1.B__1.M, ligand 1.M...
Running vina for 7gnk__1__1.A_1.B__1.T, ligand 1.T...
Running vina for 7gnl__1__1.A_1.B__1.N, ligand 1.N...
Running vina for 7gnm__1__1.A_1.B__1.S, ligand 1.S...
Running vina for 7gnn__1__1.A_1.B__1.I, ligand 1.I...
Running vina for 7grr__1__1.A__1.D, ligand 1.D...
Running vina for 7grs__1__1.B__1.Q, ligand 1.Q...
Running vina for 7gs0__1__1.A_1.B__1.D, ligand 1.D...
Running vina for 7h1j__1__1.B__1.E, ligand 1.E...
Running vina for 7jhq__1__2.D__2.Q, ligand 2.Q...
Running vina for 7jni__1__1.A__1.C, ligand 1.C...
Running vina for 7jxa__1__1.C__1.I, ligand 1.I...
Running vina for 7jyd__1__1.A__1.C, ligand 1.C...
Running vina for 7k5v__1__1.A__1.C, ligand 1.C...
  Skipping (exists) 7k5v__1__1.A__1.C 1.C
Running vina for 7kb8__1__1.A__1.E, ligand 1.E...
Running vina for 7kgy__1__2.C_2.D__2.J, ligand 2.J...
Running vina for 7kkh__1__1.A_1.B__1.D, ligand 1.D...
Running vina for 7ko6__1__1.A__1.D, ligand 1.D...
Running vina for 7kxz__1__1.A__1.C, ligand 1.C...
Running vina for 7l1p__1__1.A_1.B__1.C, ligand 1.C...
Running vina for 7l2y__1__1.A_2.A__1.J, ligand 1.J...
Running vina for 7lbv__1__1.A__1.B, ligand 1.B...
Running vina for 7ldy__1__1.A_1.B__1.H, ligand 1.H...
Running vina for 7le3__1__1.A_1.B__1.C, ligand 1.C...
Running vina for 7le5__1__1.A_1.B__1.H, ligand 1.H...
Running vina for 7le6__1__1.A_1.B__1.C, ligand 1.C...
Running vina for 7lk0__1__1.A_2.A__1.D, ligand 1.D...
Running vina for 7lnh__1__2.A_2.B__2.E, ligand 2.E...
Running vina for 7lp0__1__1.A__1.C, ligand 1.C...
Running vina for 7lpk__1__1.A__1.C, ligand 1.C...
Running vina for 7lpw__1__1.A_1.B__1.G, ligand 1.G...
Running vina for 7lr9__1__1.A__1.C, ligand 1.C...
Running vina for 7lrk__1__1.A__1.C, ligand 1.C...
Running vina for 7lro__1__1.A__1.D, ligand 1.D...
Running vina for 7lzr__1__1.A_1.B__1.H, ligand 1.H...
Running vina for 7m94__1__1.B__1.J, ligand 1.J...
Running vina for 7m95__1__1.B__1.K, ligand 1.K...
Running vina for 7m96__1__1.A__1.E, ligand 1.E...
Running vina for 7m9g__1__1.A_1.B__1.E, ligand 1.E...
Running vina for 7m9h__1__1.A_1.B__1.E, ligand 1.E...
Running vina for 7m9r__1__1.A_1.B__1.C, ligand 1.C...
Running vina for 7m9t__1__1.A_1.B__1.D, ligand 1.D...
Running vina for 7m9v__1__1.A_1.B__1.C, ligand 1.C...
Running vina for 7m9x__1__1.A_1.B__1.C, ligand 1.C...
Running vina for 7ma0__1__1.A_1.B__1.I, ligand 1.I...
Running vina for 7ma1__1__1.A_1.B__1.M, ligand 1.M...
Running vina for 7ma2__1__1.A_1.B__1.E, ligand 1.E...
Running vina for 7ma3__1__1.A_1.B__1.E, ligand 1.E...
Running vina for 7ma4__1__1.A_1.B__1.D, ligand 1.D...
Running vina for 7ma5__1__1.A_1.B__1.G, ligand 1.G...
Running vina for 7ma7__1__1.A_1.B__1.E, ligand 1.E...
Running vina for 7ma8__1__1.A_1.B__1.E, ligand 1.E...
Running vina for 7maq__1__1.A_1.B__1.C, ligand 1.C...
Running vina for 7mdp__1__1.A__1.D, ligand 1.D...
Running vina for 7mgj__1__1.A__1.E, ligand 1.E...
Running vina for 7mgk__1__1.A__1.E, ligand 1.E...
Running vina for 7mjd__1__1.B__1.S, ligand 1.S...
Running vina for 7mkx__1__1.A__1.E, ligand 1.E...
Running vina for 7mlo__1__1.A__1.C, ligand 1.C...
Running vina for 7mlp__1__1.A__1.B, ligand 1.B...
Running vina for 7mlt__1__1.A__1.W, ligand 1.W...
Running vina for 7mof__1__1.A__1.C, ligand 1.C...
Running vina for 7mog__1__1.A__1.C, ligand 1.C...
Running vina for 7mt4__1__2.A_2.B__2.C, ligand 2.C...
Running vina for 7mwn__1__1.A_1.B__1.C, ligand 1.C...
Running vina for 7mxh__1__1.A__1.D, ligand 1.D...
Running vina for 7mxn__1__1.A__1.C, ligand 1.C...
Running vina for 7myj__1__1.A__1.G, ligand 1.G...
Running vina for 7n4w__1__1.A__1.D, ligand 1.D...
Running vina for 7n4z__1__1.A__1.F, ligand 1.F...
Running vina for 7n53__1__1.A__1.D, ligand 1.D...
Running vina for 7n54__1__1.B__1.H, ligand 1.H...
Running vina for 7n9d__1__1.A__1.D, ligand 1.D...
Running vina for 7nag__1__1.A__1.C, ligand 1.C...
Running vina for 7nah__1__1.A__1.C, ligand 1.C...
Running vina for 7nai__1__1.A__1.C, ligand 1.C...
Running vina for 7nb3__1__1.A__1.C, ligand 1.C...
Running vina for 7nb7__1__1.A__1.E, ligand 1.E...
Running vina for 7nbt__1__1.A_2.A__1.C, ligand 1.C...
Running vina for 7nbw__1__1.A_2.A__1.B, ligand 1.B...
Running vina for 7ngd__1__1.A__1.B, ligand 1.B...
Running vina for 7ngg__1__2.A__2.B, ligand 2.B...
Running vina for 7ngi__1__2.A__2.C, ligand 2.C...
Running vina for 7ngj__1__1.A__1.B, ligand 1.B...
Running vina for 7ngk__1__2.A__2.C, ligand 2.C...
Running vina for 7ngm__1__2.A__2.B, ligand 2.B...
Running vina for 7ngs__1__1.A__1.B, ligand 1.B...
Running vina for 7ngw__1__2.A__2.B, ligand 2.B...
Running vina for 7ngx__1__1.A__1.B, ligand 1.B...
Running vina for 7ngy__1__2.A__2.B, ligand 2.B...
Running vina for 7nlv__1__1.A_1.C__1.G, ligand 1.G...
Running vina for 7nr5__1__1.A__1.F, ligand 1.F...
Running vina for 7nr6__1__1.B__1.H, ligand 1.H...
Running vina for 7nsn__1__1.A__1.J, ligand 1.J...
Running vina for 7ntz__1__1.A__1.B, ligand 1.B...
Warning: No ligand files found for 7nud__1__1.B__1.D
Running vina for 7nue__1__1.A__1.C, ligand 1.C...
Running vina for 7nwa__1__1.A_1.B__1.E, ligand 1.E...
Running vina for 7nwc__1__1.A_1.B__1.G, ligand 1.G...
Running vina for 7nya__1__1.A_1.B__1.F, ligand 1.F...
Running vina for 7nzn__1__1.A_2.A__1.B, ligand 1.B...
Running vina for 7nzy__1__1.A__1.E, ligand 1.E...
Running vina for 7o1b__1__1.A__1.E, ligand 1.E...
Running vina for 7o2t__1__1.A_2.A__1.B, ligand 1.B...
Running vina for 7o46__1__1.A_2.A__1.B, ligand 1.B...
Running vina for 7o6x__1__1.A__1.E, ligand 1.E...
Running vina for 7o7j__1__1.A__1.B, ligand 1.B...
Running vina for 7o7k__1__1.A__1.E, ligand 1.E...
Running vina for 7o9i__1__1.A__1.B, ligand 1.B...
Running Vina (ex=8):  35%|███▍      | 497/1426 [42:56<2:58:27, 11.53s/it]Running Vina (ex=8):  35%|███▍      | 498/1426 [43:00<2:21:41,  9.16s/it]Running Vina (ex=8):  35%|███▍      | 499/1426 [43:10<2:28:28,  9.61s/it]Running Vina (ex=8):  35%|███▌      | 500/1426 [43:12<1:53:11,  7.33s/it]Running Vina (ex=8):  35%|███▌      | 501/1426 [43:20<1:52:45,  7.31s/it]Running Vina (ex=8):  35%|███▌      | 502/1426 [43:26<1:48:28,  7.04s/it]Running Vina (ex=8):  35%|███▌      | 503/1426 [43:34<1:52:45,  7.33s/it]Running Vina (ex=8):  35%|███▌      | 504/1426 [43:41<1:50:29,  7.19s/it]Running Vina (ex=8):  35%|███▌      | 505/1426 [43:48<1:48:32,  7.07s/it]Running Vina (ex=8):  35%|███▌      | 506/1426 [43:54<1:43:33,  6.75s/it]Running Vina (ex=8):  36%|███▌      | 507/1426 [43:57<1:25:31,  5.58s/it]Running Vina (ex=8):  36%|███▌      | 508/1426 [43:59<1:08:39,  4.49s/it]Running Vina (ex=8):  36%|███▌      | 509/1426 [44:00<54:44,  3.58s/it]  Running Vina (ex=8):  36%|███▌      | 510/1426 [44:06<1:04:31,  4.23s/it]Running Vina (ex=8):  36%|███▌      | 511/1426 [44:08<56:47,  3.72s/it]  Running Vina (ex=8):  36%|███▌      | 512/1426 [44:15<1:08:54,  4.52s/it]Running Vina (ex=8):  36%|███▌      | 513/1426 [44:22<1:20:49,  5.31s/it]Running Vina (ex=8):  36%|███▌      | 514/1426 [44:25<1:11:36,  4.71s/it]Running Vina (ex=8):  36%|███▌      | 515/1426 [44:27<56:19,  3.71s/it]  Running Vina (ex=8):  36%|███▌      | 516/1426 [44:30<55:43,  3.67s/it]Running Vina (ex=8):  36%|███▋      | 517/1426 [44:32<47:55,  3.16s/it]Running Vina (ex=8):  36%|███▋      | 518/1426 [44:34<40:00,  2.64s/it]Running Vina (ex=8):  36%|███▋      | 519/1426 [44:37<43:04,  2.85s/it]Running Vina (ex=8):  36%|███▋      | 520/1426 [44:41<48:34,  3.22s/it]Running Vina (ex=8):  37%|███▋      | 521/1426 [44:45<51:20,  3.40s/it]Running Vina (ex=8):  37%|███▋      | 522/1426 [44:49<55:41,  3.70s/it]Running Vina (ex=8):  37%|███▋      | 523/1426 [44:53<56:16,  3.74s/it]Running Vina (ex=8):  37%|███▋      | 524/1426 [45:03<1:25:32,  5.69s/it]Running Vina (ex=8):  37%|███▋      | 525/1426 [45:13<1:43:45,  6.91s/it]Running Vina (ex=8):  37%|███▋      | 526/1426 [45:19<1:37:46,  6.52s/it]Running Vina (ex=8):  37%|███▋      | 527/1426 [45:26<1:42:11,  6.82s/it]Running Vina (ex=8):  37%|███▋      | 528/1426 [45:35<1:51:25,  7.44s/it]Running Vina (ex=8):  37%|███▋      | 529/1426 [45:45<2:02:02,  8.16s/it]Running Vina (ex=8):  37%|███▋      | 530/1426 [45:58<2:24:19,  9.66s/it]Running Vina (ex=8):  37%|███▋      | 531/1426 [46:12<2:44:25, 11.02s/it]Running Vina (ex=8):  37%|███▋      | 532/1426 [46:19<2:24:13,  9.68s/it]Running Vina (ex=8):  37%|███▋      | 533/1426 [46:21<1:51:57,  7.52s/it]Running Vina (ex=8):  37%|███▋      | 534/1426 [46:25<1:33:16,  6.27s/it]Running Vina (ex=8):  38%|███▊      | 535/1426 [46:29<1:25:03,  5.73s/it]Running Vina (ex=8):  38%|███▊      | 536/1426 [46:34<1:19:27,  5.36s/it]Running Vina (ex=8):  38%|███▊      | 537/1426 [46:38<1:14:28,  5.03s/it]Running Vina (ex=8):  38%|███▊      | 538/1426 [46:41<1:05:05,  4.40s/it]Running Vina (ex=8):  38%|███▊      | 539/1426 [46:48<1:18:25,  5.30s/it]Running Vina (ex=8):  38%|███▊      | 540/1426 [46:52<1:12:50,  4.93s/it]Running Vina (ex=8):  38%|███▊      | 541/1426 [46:54<1:00:39,  4.11s/it]Running Vina (ex=8):  38%|███▊      | 542/1426 [46:56<48:27,  3.29s/it]  Running Vina (ex=8):  38%|███▊      | 543/1426 [46:57<40:05,  2.72s/it]Running Vina (ex=8):  38%|███▊      | 544/1426 [47:01<45:22,  3.09s/it]Running Vina (ex=8):  38%|███▊      | 545/1426 [47:10<1:12:35,  4.94s/it]Running Vina (ex=8):  38%|███▊      | 547/1426 [47:17<1:02:11,  4.25s/it]Running Vina (ex=8):  38%|███▊      | 548/1426 [47:22<1:02:14,  4.25s/it]Running Vina (ex=8):  39%|███▊      | 552/1426 [47:38<59:59,  4.12s/it]  Running Vina (ex=8):  39%|███▉      | 553/1426 [47:41<56:58,  3.92s/it]Running Vina (ex=8):  39%|███▉      | 554/1426 [47:42<50:47,  3.49s/it]Running Vina (ex=8):  39%|███▉      | 555/1426 [47:47<53:51,  3.71s/it]Running Vina (ex=8):  39%|███▉      | 556/1426 [47:54<1:06:54,  4.61s/it]Running Vina (ex=8):  39%|███▉      | 557/1426 [48:13<2:00:11,  8.30s/it]Running Vina (ex=8):  39%|███▉      | 558/1426 [48:17<1:43:20,  7.14s/it]Running Vina (ex=8):  39%|███▉      | 559/1426 [48:24<1:42:21,  7.08s/it]Running Vina (ex=8):  39%|███▉      | 560/1426 [48:28<1:28:38,  6.14s/it]Running Vina (ex=8):  39%|███▉      | 561/1426 [48:31<1:13:21,  5.09s/it]Running Vina (ex=8):  39%|███▉      | 562/1426 [48:43<1:44:24,  7.25s/it]Running Vina (ex=8):  39%|███▉      | 563/1426 [48:57<2:13:01,  9.25s/it]Running Vina (ex=8):  40%|███▉      | 564/1426 [49:01<1:48:16,  7.54s/it]Running Vina (ex=8):  40%|███▉      | 565/1426 [49:04<1:32:08,  6.42s/it]Running Vina (ex=8):  40%|███▉      | 566/1426 [49:11<1:33:06,  6.50s/it]Running Vina (ex=8):  40%|███▉      | 567/1426 [49:17<1:31:34,  6.40s/it]Running Vina (ex=8):  40%|███▉      | 568/1426 [49:22<1:23:23,  5.83s/it]Running Vina (ex=8):  40%|███▉      | 569/1426 [49:30<1:35:45,  6.70s/it]Running Vina (ex=8):  40%|███▉      | 570/1426 [49:41<1:51:58,  7.85s/it]Running Vina (ex=8):  40%|████      | 571/1426 [49:44<1:32:02,  6.46s/it]Running Vina (ex=8):  40%|████      | 572/1426 [49:53<1:40:34,  7.07s/it]Running Vina (ex=8):  40%|████      | 573/1426 [49:59<1:39:06,  6.97s/it]Running Vina (ex=8):  40%|████      | 574/1426 [50:05<1:32:33,  6.52s/it]Running Vina (ex=8):  40%|████      | 575/1426 [50:11<1:30:24,  6.37s/it]Running Vina (ex=8):  40%|████      | 576/1426 [50:33<2:35:44, 10.99s/it]Running Vina (ex=8):  40%|████      | 577/1426 [50:38<2:11:53,  9.32s/it]Running Vina (ex=8):  41%|████      | 578/1426 [50:44<1:58:33,  8.39s/it]Running Vina (ex=8):  41%|████      | 579/1426 [50:51<1:48:56,  7.72s/it]Running Vina (ex=8):  41%|████      | 580/1426 [50:55<1:33:45,  6.65s/it]Running Vina (ex=8):  41%|████      | 581/1426 [51:09<2:07:49,  9.08s/it]Running Vina (ex=8):  41%|████      | 582/1426 [51:13<1:42:46,  7.31s/it]Running Vina (ex=8):  41%|████      | 583/1426 [51:17<1:28:28,  6.30s/it]Running Vina (ex=8):  41%|████      | 584/1426 [51:18<1:08:28,  4.88s/it]Running Vina (ex=8):  41%|████      | 585/1426 [51:20<55:27,  3.96s/it]  Running Vina (ex=8):  41%|████      | 586/1426 [51:24<54:20,  3.88s/it]Running Vina (ex=8):  41%|████      | 587/1426 [51:32<1:11:31,  5.12s/it]Running Vina (ex=8):  41%|████      | 588/1426 [51:35<1:05:09,  4.67s/it]Running Vina (ex=8):  41%|████▏     | 589/1426 [51:37<52:50,  3.79s/it]  Running Vina (ex=8):  41%|████▏     | 590/1426 [51:42<58:49,  4.22s/it]Running Vina (ex=8):  41%|████▏     | 591/1426 [51:43<45:35,  3.28s/it]Running Vina (ex=8):  42%|████▏     | 592/1426 [51:44<37:00,  2.66s/it]Running Vina (ex=8):  42%|████▏     | 593/1426 [51:48<39:53,  2.87s/it]Running Vina (ex=8):  42%|████▏     | 594/1426 [51:51<43:02,  3.10s/it]Running Vina (ex=8):  42%|████▏     | 595/1426 [52:01<1:10:16,  5.07s/it]Running Vina (ex=8):  42%|████▏     | 596/1426 [52:06<1:10:44,  5.11s/it]Running Vina (ex=8):  42%|████▏     | 597/1426 [52:10<1:02:46,  4.54s/it]Running Vina (ex=8):  42%|████▏     | 598/1426 [52:14<1:01:59,  4.49s/it]Running Vina (ex=8):  42%|████▏     | 599/1426 [52:16<50:56,  3.70s/it]  Running Vina (ex=8):  42%|████▏     | 600/1426 [52:18<44:20,  3.22s/it]Running Vina (ex=8):  42%|████▏     | 601/1426 [52:37<1:49:34,  7.97s/it]Running Vina (ex=8):  42%|████▏     | 602/1426 [52:40<1:30:15,  6.57s/it]Running Vina (ex=8):  42%|████▏     | 604/1426 [52:51<1:21:47,  5.97s/it]Running Vina (ex=8):  42%|████▏     | 605/1426 [53:05<1:49:37,  8.01s/it]Running Vina (ex=8):  42%|████▏     | 606/1426 [53:16<1:59:48,  8.77s/it]Running Vina (ex=8):  43%|████▎     | 607/1426 [53:27<2:06:56,  9.30s/it]Running Vina (ex=8):  43%|████▎     | 608/1426 [53:31<1:49:03,  8.00s/it]Running Vina (ex=8):  43%|████▎     | 609/1426 [53:42<2:00:14,  8.83s/it]Running Vina (ex=8):  43%|████▎     | 610/1426 [53:47<1:44:19,  7.67s/it]Running Vina (ex=8):  43%|████▎     | 611/1426 [53:51<1:31:18,  6.72s/it]Running Vina (ex=8):  43%|████▎     | 612/1426 [54:10<2:19:15, 10.26s/it]Running Vina (ex=8):  43%|████▎     | 613/1426 [54:15<1:56:36,  8.61s/it]Running Vina (ex=8):  43%|████▎     | 614/1426 [54:21<1:45:10,  7.77s/it]Running Vina (ex=8):  43%|████▎     | 615/1426 [54:25<1:32:55,  6.87s/it]Running Vina (ex=8):  43%|████▎     | 616/1426 [54:28<1:16:00,  5.63s/it]Running Vina (ex=8):  43%|████▎     | 617/1426 [54:30<1:01:47,  4.58s/it]Running Vina (ex=8):  43%|████▎     | 618/1426 [54:51<2:05:23,  9.31s/it]Running Vina (ex=8):  43%|████▎     | 620/1426 [54:56<1:24:33,  6.29s/it]Running Vina (ex=8):  44%|████▎     | 621/1426 [55:03<1:26:39,  6.46s/it]Running Vina (ex=8):  44%|████▎     | 622/1426 [55:07<1:16:42,  5.72s/it]Running Vina (ex=8):  44%|████▎     | 623/1426 [55:12<1:14:10,  5.54s/it]Running Vina (ex=8):  44%|████▍     | 624/1426 [55:17<1:12:51,  5.45s/it]Running Vina (ex=8):  44%|████▍     | 625/1426 [55:19<58:35,  4.39s/it]  Running Vina (ex=8):  44%|████▍     | 626/1426 [55:21<49:01,  3.68s/it]Running Vina (ex=8):  44%|████▍     | 627/1426 [55:25<50:43,  3.81s/it]Running Vina (ex=8):  44%|████▍     | 628/1426 [55:30<56:17,  4.23s/it]Running Vina (ex=8):  44%|████▍     | 629/1426 [55:31<43:59,  3.31s/it]Running Vina (ex=8):  44%|████▍     | 630/1426 [55:33<36:24,  2.74s/it]Running Vina (ex=8):  44%|████▍     | 631/1426 [55:38<46:36,  3.52s/it]Running Vina (ex=8):  44%|████▍     | 632/1426 [55:42<48:40,  3.68s/it]Running Vina (ex=8):  44%|████▍     | 633/1426 [55:53<1:17:55,  5.90s/it]Running Vina (ex=8):  44%|████▍     | 634/1426 [56:06<1:46:12,  8.05s/it]Running Vina (ex=8):  45%|████▍     | 635/1426 [56:10<1:28:51,  6.74s/it]Running Vina (ex=8):  45%|████▍     | 636/1426 [56:14<1:19:34,  6.04s/it]Running Vina (ex=8):  45%|████▍     | 637/1426 [56:24<1:33:51,  7.14s/it]Running Vina (ex=8):  45%|████▍     | 638/1426 [56:29<1:23:43,  6.37s/it]Running Vina (ex=8):  45%|████▍     | 639/1426 [56:30<1:03:20,  4.83s/it]Running Vina (ex=8):  45%|████▍     | 640/1426 [56:37<1:13:34,  5.62s/it]Running Vina (ex=8):  45%|████▍     | 641/1426 [56:43<1:13:47,  5.64s/it]Running Vina (ex=8):  45%|████▌     | 642/1426 [57:22<3:24:16, 15.63s/it]Running Vina (ex=8):  45%|████▌     | 643/1426 [57:27<2:42:01, 12.42s/it]Running Vina (ex=8):  45%|████▌     | 644/1426 [57:38<2:35:33, 11.94s/it]Running Vina (ex=8):  45%|████▌     | 645/1426 [57:48<2:28:19, 11.39s/it]Running Vina (ex=8):  45%|████▌     | 646/1426 [57:55<2:12:13, 10.17s/it]Running Vina (ex=8):  45%|████▌     | 647/1426 [58:01<1:54:25,  8.81s/it]Running Vina (ex=8):  45%|████▌     | 648/1426 [58:14<2:11:56, 10.18s/it]Running Vina (ex=8):  46%|████▌     | 649/1426 [58:37<3:02:55, 14.13s/it]Running Vina (ex=8):  46%|████▌     | 650/1426 [58:42<2:23:56, 11.13s/it]Running Vina (ex=8):  46%|████▌     | 651/1426 [58:45<1:53:31,  8.79s/it]Running Vina (ex=8):  46%|████▌     | 652/1426 [58:51<1:41:56,  7.90s/it]Running Vina (ex=8):  46%|████▌     | 653/1426 [58:53<1:19:36,  6.18s/it]Running Vina (ex=8):  46%|████▌     | 654/1426 [59:13<2:14:57, 10.49s/it]Running Vina (ex=8):  46%|████▌     | 655/1426 [59:16<1:43:26,  8.05s/it]Running Vina (ex=8):  46%|████▌     | 656/1426 [59:18<1:20:44,  6.29s/it]Running vina for 7ocs__1__1.D__1.BB, ligand 1.BB...
Running vina for 7odn__1__1.A_1.B__1.J, ligand 1.J...
Running vina for 7oed__1__1.A__1.C, ligand 1.C...
Running vina for 7of8__1__1.A__1.B, ligand 1.B...
Running vina for 7oj6__1__1.A_1.C__1.Y, ligand 1.Y...
Running vina for 7ojq__1__1.A_1.C__1.F, ligand 1.F...
Running vina for 7ojw__1__1.A_1.C__1.F, ligand 1.F...
Running vina for 7ojy__1__1.A_1.B__1.D, ligand 1.D...
Running vina for 7ok1__1__1.A_1.B__1.D, ligand 1.D...
Running vina for 7okc__1__1.A_2.A__2.B, ligand 2.B...
Running vina for 7oli__1__1.A__1.C, ligand 1.C...
Running vina for 7olj__1__1.A_1.B__1.E, ligand 1.E...
Running vina for 7om1__1__1.A_1.B__1.E, ligand 1.E...
Running vina for 7ome__1__1.A__1.B, ligand 1.B...
Running vina for 7omo__1__1.A__1.C, ligand 1.C...
Running vina for 7omr__1__1.A__1.B, ligand 1.B...
Running vina for 7onf__1__1.A_2.A__1.C, ligand 1.C...
Running vina for 7opm__1__1.A__1.D, ligand 1.D...
Running vina for 7osx__1__1.A__1.C, ligand 1.C...
Running vina for 7ou8__1__1.A__1.C, ligand 1.C...
Running vina for 7oum__1__1.A__1.K, ligand 1.K...
Running vina for 7ouw__1__1.A__1.C, ligand 1.C...
Running vina for 7ovd__1__1.A__1.B, ligand 1.B...
Running vina for 7oy5__1__1.A__1.C, ligand 1.C...
Running vina for 7p1f__1__1.A__1.C, ligand 1.C...
Running vina for 7p1o__1__1.A__1.D, ligand 1.D...
Running vina for 7p1s__1__1.A__1.E, ligand 1.E...
Running vina for 7p3v__1__1.B__1.D, ligand 1.D...
Running vina for 7p4v__1__1.A_3.A__1.B, ligand 1.B...
Running vina for 7p5f__1__1.A__1.C, ligand 1.C...
Running vina for 7p5i__1__1.A__1.D, ligand 1.D...
Running vina for 7p5k__1__1.A__1.C, ligand 1.C...
Running vina for 7p5n__1__1.A__1.C, ligand 1.C...
Running vina for 7p5p__1__1.A__1.D, ligand 1.D...
Running vina for 7pa1__1__1.A__1.D, ligand 1.D...
Running vina for 7paw__1__1.B__1.C, ligand 1.C...
Running vina for 7pd6__1__1.A_1.B__1.K, ligand 1.K...
Running vina for 7pdb__1__1.C_1.D__1.H, ligand 1.H...
Running vina for 7pdr__1__1.A_1.E__1.I, ligand 1.I...
Running vina for 7pdt__1__1.A__1.E, ligand 1.E...
Running vina for 7pe5__1__1.D_1.E__1.I, ligand 1.I...
Running vina for 7pe6__1__1.A_1.B__1.F, ligand 1.F...
Running vina for 7pfm__1__1.A_1.B__1.C, ligand 1.C...
Running vina for 7phe__1__1.A__1.C, ligand 1.C...
Running vina for 7pi1__1__1.A__1.F, ligand 1.F...
Running vina for 7pj9__1__1.A__1.C, ligand 1.C...
Running vina for 7pjk__1__1.A__1.E, ligand 1.E...
Running vina for 7poo__1__1.A_1.B__1.G, ligand 1.G...
Running vina for 7pox__1__1.A__1.C, ligand 1.C...
Warning: No ligand files found for 7ppq__1__1.B__1.H
Running vina for 7pqs__1__1.A__1.C, ligand 1.C...
Running vina for 7pqv__1__1.A__1.B, ligand 1.B...
Warning: No ligand files found for 7pu8__1__1.A_1.B__1.H
Warning: No ligand files found for 7puc__1__1.C_1.D__1.I
Warning: No ligand files found for 7puq__1__1.C_1.D__1.K
Running vina for 7put__1__1.A__1.I, ligand 1.I...
Running vina for 7pwd__1__1.A__1.D, ligand 1.D...
Running vina for 7pwu__1__1.A__1.C, ligand 1.C...
Running vina for 7pz1__1__1.A__1.D, ligand 1.D...
Running vina for 7q2o__1__1.A_1.B__1.D, ligand 1.D...
Running vina for 7q4f__1__1.A_1.C__1.J, ligand 1.J...
Running vina for 7q6v__1__1.A__1.E, ligand 1.E...
Running vina for 7q6w__1__1.A__1.E, ligand 1.E...
Running vina for 7q7i__1__1.A__1.B, ligand 1.B...
Running vina for 7q7k__1__1.A__1.B, ligand 1.B...
Running vina for 7q7t__1__1.A_2.A__2.C, ligand 2.C...
Running vina for 7q7v__1__1.A_2.A__2.B, ligand 2.B...
Running vina for 7q8z__1__1.A__1.E, ligand 1.E...
Running vina for 7q90__1__1.A__1.D, ligand 1.D...
Running vina for 7qa3__1__1.A__1.C, ligand 1.C...
Running vina for 7qaa__1__1.B__1.D, ligand 1.D...
Running vina for 7qdt__1__1.A__1.B, ligand 1.B...
Running vina for 7qea__1__1.A__1.C, ligand 1.C...
Running vina for 7qei__1__1.A__1.B, ligand 1.B...
Running vina for 7qfe__1__1.A__1.D, ligand 1.D...
Running vina for 7qg1__1__1.A__1.C, ligand 1.C...
Running vina for 7qg3__1__1.A__1.C, ligand 1.C...
Running vina for 7qg5__1__1.A__1.C, ligand 1.C...
Running vina for 7qgt__1__1.B__1.F, ligand 1.F...
Running vina for 7qhe__1__1.A__1.I, ligand 1.I...
Running vina for 7qhl__1__1.A__1.E, ligand 1.E...
Running vina for 7qhz__1__1.A__1.B, ligand 1.B...
Running vina for 7qi0__1__1.A__1.C, ligand 1.C...
Running vina for 7qnn__1__1.A__1.C, ligand 1.C...
Running vina for 7qrb__1__1.A__1.G, ligand 1.G...
Running vina for 7qrc__1__1.A__1.D, ligand 1.D...
Running vina for 7qt2__1__1.A_1.B__1.E, ligand 1.E...
Running vina for 7qt6__1__1.A__1.B, ligand 1.B...
Running vina for 7qty__1__1.A__1.C, ligand 1.C...
Running vina for 7qy9__1__1.A__1.C, ligand 1.C...
Running vina for 7qyn__1__1.B__1.O, ligand 1.O...
Running vina for 7r02__1__1.B__1.L, ligand 1.L...
Running vina for 7r0a__1__1.A__1.C, ligand 1.C...
Running vina for 7r26__1__1.A__1.B, ligand 1.B...
Running vina for 7r4a__1__1.A__1.C, ligand 1.C...
Running vina for 7r5d__1__1.A__1.C, ligand 1.C...
Running vina for 7r6g__1__1.A__1.C, ligand 1.C...
Running vina for 7r7l__1__1.A__1.C, ligand 1.C...
Running vina for 7r7r__1__1.A__1.B, ligand 1.B...
Running vina for 7r9n__1__1.B__1.E, ligand 1.E...
Running vina for 7r9p__1__1.A__1.C, ligand 1.C...
Running vina for 7r9t__1__1.A__1.C, ligand 1.C...
Running vina for 7rae__1__1.A__1.C, ligand 1.C...
Running vina for 7raf__1__1.A__1.C, ligand 1.C...
Running vina for 7rbw__1__1.A__1.C, ligand 1.C...
Running vina for 7rc9__1__1.A_1.B__1.X, ligand 1.X...
Warning: No ligand files found for 7rdp__1__1.A__1.B
Running vina for 7rf9__1__1.A_1.B__1.G, ligand 1.G...
Running vina for 7rh1__1__1.A__1.D, ligand 1.D...
Running vina for 7rh3__1__1.A__1.C, ligand 1.C...
Running vina for 7rh4__1__1.A__1.C, ligand 1.C...
Running vina for 7rke__1__1.A__1.E, ligand 1.E...
Running vina for 7rl2__1__1.A__1.C, ligand 1.C...
Running vina for 7rls__1__1.A_2.A__2.B, ligand 2.B...
Running vina for 7rmb__1__1.A_2.A__2.B, ligand 2.B...
Running vina for 7rmw__1__1.A__1.G, ligand 1.G...
Running vina for 7rn4__1__1.A_2.A__2.B, ligand 2.B...
Running vina for 7rnk__1__1.A_2.A__2.B, ligand 2.B...
Running vina for 7rnm__1__1.B__1.F, ligand 1.F...
Running vina for 7rnp__1__1.A__1.E, ligand 1.E...
Running vina for 7rof__1__1.A__1.E, ligand 1.E...
Running vina for 7ros__1__1.A__1.C, ligand 1.C...
Warning: Receptor file not found for 7rq0__1__1.A_1.B__1.L
Running vina for 7rrb__1__1.A__1.C, ligand 1.C...
Running vina for 7rrc__1__1.A__1.C, ligand 1.C...
Running vina for 7rwe__1__1.A__1.B, ligand 1.B...
Running vina for 7rwf__1__1.A__1.C, ligand 1.C...
Running vina for 7rxo__1__1.A__1.C, ligand 1.C...
Running vina for 7s1c__1__1.A__1.C, ligand 1.C...
Running vina for 7s1d__1__1.A__1.C, ligand 1.C...
Running vina for 7s6u__1__1.A__1.B, ligand 1.B...
Running vina for 7s6v__1__1.A__1.B, ligand 1.B...
Running vina for 7s7t__1__1.A__1.B, ligand 1.B...
Running vina for 7s7x__1__1.A__1.D, ligand 1.D...
Running vina for 7s84__1__1.A__1.B, ligand 1.B...
Running vina for 7sa0__1__1.A__1.F, ligand 1.F...
Running vina for 7scr__1__1.E__1.K, ligand 1.K...
Running vina for 7sdd__1__2.A__2.B, ligand 2.B...
Running vina for 7sdr__1__1.A__1.D, ligand 1.D...
Running vina for 7sel__1__1.A__1.C, ligand 1.C...
Running vina for 7sez__1__1.A__1.B, ligand 1.B...
Running vina for 7sfo__1__1.A__1.E, ligand 1.E...
Running vina for 7shh__1__1.A__1.E, ligand 1.E...
Running vina for 7si4__1__1.A__1.B, ligand 1.B...
Running vina for 7si5__1__1.A__1.D, ligand 1.D...
Running vina for 7sia__1__1.A_1.B__1.C, ligand 1.C...
Running vina for 7siu__1__1.A__1.C, ligand 1.C...
Running vina for 7slr__1__1.A_1.B__1.C, ligand 1.C...
Running vina for 7sls__1__1.A_1.B__1.C, ligand 1.C...
Running vina for 7slz__1__1.A__1.B, ligand 1.B...
Running vina for 7snz__1__1.A_1.B__1.C, ligand 1.C...
Running vina for 7so1__1__1.A_1.B__1.C, ligand 1.C...
Running vina for 7sok__1__1.A__1.E, ligand 1.E...
Running vina for 7sqe__1__1.A__1.D, ligand 1.D...
Running vina for 7sqm__1__1.A__1.B, ligand 1.B...
Running vina for 7sxg__1__1.A__1.C, ligand 1.C...
Running vina for 7sxj__1__1.A__1.C, ligand 1.C...
Running vina for 7sz3__1__1.B__1.I, ligand 1.I...
Running vina for 7sza__1__1.A__1.E, ligand 1.E...
Running vina for 7szb__1__1.A__1.E, ligand 1.E...
Running Vina (ex=8):  46%|████▌     | 657/1426 [59:21<1:06:22,  5.18s/it]Running Vina (ex=8):  46%|████▌     | 658/1426 [59:26<1:06:17,  5.18s/it]Running Vina (ex=8):  46%|████▌     | 659/1426 [59:28<56:29,  4.42s/it]  Running Vina (ex=8):  46%|████▋     | 660/1426 [59:32<51:40,  4.05s/it]Running Vina (ex=8):  46%|████▋     | 661/1426 [59:51<1:50:27,  8.66s/it]Running Vina (ex=8):  46%|████▋     | 662/1426 [59:54<1:27:45,  6.89s/it]Running Vina (ex=8):  46%|████▋     | 663/1426 [59:59<1:22:43,  6.50s/it]Running Vina (ex=8):  47%|████▋     | 664/1426 [1:00:03<1:10:39,  5.56s/it]Running Vina (ex=8):  47%|████▋     | 665/1426 [1:00:08<1:10:54,  5.59s/it]Running Vina (ex=8):  47%|████▋     | 666/1426 [1:00:17<1:21:26,  6.43s/it]Running Vina (ex=8):  47%|████▋     | 667/1426 [1:00:29<1:42:22,  8.09s/it]Running Vina (ex=8):  47%|████▋     | 668/1426 [1:00:31<1:18:38,  6.22s/it]Running Vina (ex=8):  47%|████▋     | 669/1426 [1:00:43<1:41:10,  8.02s/it]Running Vina (ex=8):  47%|████▋     | 670/1426 [1:00:47<1:27:28,  6.94s/it]Running Vina (ex=8):  47%|████▋     | 671/1426 [1:00:50<1:11:36,  5.69s/it]Running Vina (ex=8):  47%|████▋     | 672/1426 [1:00:59<1:24:18,  6.71s/it]Running Vina (ex=8):  47%|████▋     | 673/1426 [1:01:06<1:25:52,  6.84s/it]Running Vina (ex=8):  47%|████▋     | 674/1426 [1:01:09<1:11:14,  5.68s/it]Running Vina (ex=8):  47%|████▋     | 675/1426 [1:01:13<1:05:08,  5.20s/it]Running Vina (ex=8):  47%|████▋     | 676/1426 [1:01:20<1:09:47,  5.58s/it]Running Vina (ex=8):  47%|████▋     | 677/1426 [1:01:29<1:23:29,  6.69s/it]Running Vina (ex=8):  48%|████▊     | 678/1426 [1:02:01<2:58:03, 14.28s/it]Running Vina (ex=8):  48%|████▊     | 679/1426 [1:02:07<2:26:53, 11.80s/it]Running Vina (ex=8):  48%|████▊     | 680/1426 [1:02:44<4:02:14, 19.48s/it]Running Vina (ex=8):  48%|████▊     | 682/1426 [1:03:03<3:02:45, 14.74s/it]Running Vina (ex=8):  48%|████▊     | 683/1426 [1:03:11<2:42:33, 13.13s/it]Running Vina (ex=8):  48%|████▊     | 684/1426 [1:03:22<2:35:04, 12.54s/it]Running Vina (ex=8):  48%|████▊     | 685/1426 [1:04:30<5:39:36, 27.50s/it]Running Vina (ex=8):  48%|████▊     | 686/1426 [1:04:33<4:16:48, 20.82s/it]Running Vina (ex=8):  48%|████▊     | 687/1426 [1:04:37<3:16:29, 15.95s/it]Running Vina (ex=8):  48%|████▊     | 688/1426 [1:04:53<3:14:57, 15.85s/it]Running Vina (ex=8):  48%|████▊     | 689/1426 [1:04:55<2:28:03, 12.05s/it]Running Vina (ex=8):  48%|████▊     | 690/1426 [1:05:02<2:06:51, 10.34s/it]Running Vina (ex=8):  48%|████▊     | 691/1426 [1:05:05<1:41:24,  8.28s/it]Running Vina (ex=8):  49%|████▊     | 692/1426 [1:05:09<1:24:58,  6.95s/it]Running Vina (ex=8):  49%|████▊     | 693/1426 [1:05:13<1:14:53,  6.13s/it]Running Vina (ex=8):  49%|████▊     | 694/1426 [1:05:16<1:02:47,  5.15s/it]Running Vina (ex=8):  49%|████▊     | 695/1426 [1:05:20<1:00:21,  4.95s/it]Running Vina (ex=8):  49%|████▉     | 696/1426 [1:05:26<1:01:14,  5.03s/it]Running Vina (ex=8):  49%|████▉     | 697/1426 [1:05:32<1:05:12,  5.37s/it]Running Vina (ex=8):  49%|████▉     | 698/1426 [1:05:48<1:43:34,  8.54s/it]Running Vina (ex=8):  49%|████▉     | 699/1426 [1:06:04<2:10:22, 10.76s/it]Running Vina (ex=8):  49%|████▉     | 700/1426 [1:06:07<1:44:12,  8.61s/it]Running Vina (ex=8):  49%|████▉     | 701/1426 [1:06:12<1:31:15,  7.55s/it]Running Vina (ex=8):  49%|████▉     | 702/1426 [1:06:22<1:40:08,  8.30s/it]Running Vina (ex=8):  49%|████▉     | 703/1426 [1:07:09<4:00:14, 19.94s/it]Running Vina (ex=8):  49%|████▉     | 704/1426 [1:07:22<3:33:00, 17.70s/it]Running Vina (ex=8):  49%|████▉     | 705/1426 [1:07:26<2:43:47, 13.63s/it]Running Vina (ex=8):  50%|████▉     | 706/1426 [1:07:31<2:10:47, 10.90s/it]Running Vina (ex=8):  50%|████▉     | 707/1426 [1:07:36<1:49:06,  9.11s/it]Running Vina (ex=8):  50%|████▉     | 708/1426 [1:07:40<1:32:48,  7.76s/it]Running Vina (ex=8):  50%|████▉     | 709/1426 [1:07:46<1:25:25,  7.15s/it]Running Vina (ex=8):  50%|████▉     | 710/1426 [1:07:50<1:13:49,  6.19s/it]Running Vina (ex=8):  50%|████▉     | 711/1426 [1:07:58<1:22:35,  6.93s/it]Running Vina (ex=8):  50%|████▉     | 712/1426 [1:08:12<1:44:15,  8.76s/it]Running Vina (ex=8):  50%|█████     | 713/1426 [1:08:20<1:43:44,  8.73s/it]Running Vina (ex=8):  50%|█████     | 714/1426 [1:08:28<1:40:27,  8.47s/it]Running Vina (ex=8):  50%|█████     | 715/1426 [1:08:34<1:31:13,  7.70s/it]Running Vina (ex=8):  50%|█████     | 716/1426 [1:08:39<1:22:52,  7.00s/it]Running Vina (ex=8):  50%|█████     | 717/1426 [1:08:48<1:27:44,  7.43s/it]Running Vina (ex=8):  50%|█████     | 718/1426 [1:08:57<1:35:09,  8.06s/it]Running Vina (ex=8):  50%|█████     | 719/1426 [1:09:02<1:24:23,  7.16s/it]Running Vina (ex=8):  50%|█████     | 720/1426 [1:09:09<1:23:56,  7.13s/it]Running Vina (ex=8):  51%|█████     | 721/1426 [1:09:16<1:21:05,  6.90s/it]Running Vina (ex=8):  51%|█████     | 722/1426 [1:09:21<1:16:41,  6.54s/it]Running Vina (ex=8):  51%|█████     | 723/1426 [1:09:26<1:10:59,  6.06s/it]Running Vina (ex=8):  51%|█████     | 725/1426 [1:09:36<1:05:02,  5.57s/it]Running Vina (ex=8):  51%|█████     | 726/1426 [1:09:48<1:23:39,  7.17s/it]Running Vina (ex=8):  51%|█████     | 727/1426 [1:09:51<1:09:59,  6.01s/it]Running Vina (ex=8):  51%|█████     | 728/1426 [1:09:54<59:42,  5.13s/it]  Running Vina (ex=8):  51%|█████     | 729/1426 [1:09:57<51:32,  4.44s/it]Running Vina (ex=8):  51%|█████     | 730/1426 [1:10:00<47:54,  4.13s/it]Running Vina (ex=8):  51%|█████▏    | 731/1426 [1:10:09<1:04:32,  5.57s/it]Running Vina (ex=8):  51%|█████▏    | 732/1426 [1:10:17<1:14:14,  6.42s/it]Running Vina (ex=8):  51%|█████▏    | 733/1426 [1:10:26<1:20:08,  6.94s/it]Running Vina (ex=8):  51%|█████▏    | 734/1426 [1:10:34<1:26:18,  7.48s/it]Running Vina (ex=8):  52%|█████▏    | 735/1426 [1:10:42<1:26:22,  7.50s/it]Running Vina (ex=8):  52%|█████▏    | 736/1426 [1:10:50<1:27:26,  7.60s/it]Running Vina (ex=8):  52%|█████▏    | 737/1426 [1:11:00<1:35:35,  8.32s/it]Running Vina (ex=8):  52%|█████▏    | 738/1426 [1:11:08<1:35:59,  8.37s/it]Running Vina (ex=8):  52%|█████▏    | 739/1426 [1:11:14<1:27:05,  7.61s/it]Running Vina (ex=8):  52%|█████▏    | 740/1426 [1:11:26<1:42:37,  8.98s/it]Running Vina (ex=8):  52%|█████▏    | 742/1426 [1:11:36<1:19:30,  6.98s/it]Running Vina (ex=8):  52%|█████▏    | 743/1426 [1:11:38<1:05:16,  5.73s/it]Running Vina (ex=8):  52%|█████▏    | 744/1426 [1:11:47<1:15:42,  6.66s/it]Running Vina (ex=8):  52%|█████▏    | 745/1426 [1:11:54<1:16:43,  6.76s/it]Running Vina (ex=8):  52%|█████▏    | 746/1426 [1:11:56<1:02:46,  5.54s/it]Running Vina (ex=8):  52%|█████▏    | 747/1426 [1:12:18<1:53:25, 10.02s/it]Running Vina (ex=8):  52%|█████▏    | 748/1426 [1:12:24<1:41:01,  8.94s/it]Running Vina (ex=8):  53%|█████▎    | 749/1426 [1:12:33<1:41:59,  9.04s/it]Running Vina (ex=8):  53%|█████▎    | 751/1426 [1:12:37<1:06:39,  5.92s/it]Running Vina (ex=8):  53%|█████▎    | 752/1426 [1:12:40<57:05,  5.08s/it]  Running Vina (ex=8):  53%|█████▎    | 753/1426 [1:12:41<46:38,  4.16s/it]Running Vina (ex=8):  53%|█████▎    | 754/1426 [1:12:45<45:38,  4.07s/it]Running Vina (ex=8):  53%|█████▎    | 755/1426 [1:12:48<39:37,  3.54s/it]Running Vina (ex=8):  53%|█████▎    | 756/1426 [1:12:50<37:36,  3.37s/it]Running Vina (ex=8):  53%|█████▎    | 757/1426 [1:12:54<37:59,  3.41s/it]Running Vina (ex=8):  53%|█████▎    | 758/1426 [1:12:59<41:52,  3.76s/it]Running Vina (ex=8):  53%|█████▎    | 759/1426 [1:13:03<43:40,  3.93s/it]Running Vina (ex=8):  53%|█████▎    | 760/1426 [1:13:04<35:28,  3.20s/it]Running Vina (ex=8):  53%|█████▎    | 761/1426 [1:13:27<1:38:38,  8.90s/it]Running Vina (ex=8):  53%|█████▎    | 762/1426 [1:13:46<2:12:44, 11.99s/it]Running Vina (ex=8):  54%|█████▎    | 763/1426 [1:14:02<2:25:22, 13.16s/it]Running Vina (ex=8):  54%|█████▎    | 764/1426 [1:14:07<1:57:26, 10.64s/it]Running Vina (ex=8):  54%|█████▎    | 765/1426 [1:14:11<1:37:25,  8.84s/it]Running Vina (ex=8):  54%|█████▎    | 766/1426 [1:14:22<1:43:53,  9.44s/it]Running Vina (ex=8):  54%|█████▍    | 767/1426 [1:14:35<1:54:00, 10.38s/it]Running Vina (ex=8):  54%|█████▍    | 768/1426 [1:14:37<1:28:04,  8.03s/it]Running Vina (ex=8):  54%|█████▍    | 769/1426 [1:14:41<1:13:08,  6.68s/it]Running Vina (ex=8):  54%|█████▍    | 770/1426 [1:14:43<59:06,  5.41s/it]  Running Vina (ex=8):  54%|█████▍    | 771/1426 [1:14:46<50:18,  4.61s/it]Running Vina (ex=8):  54%|█████▍    | 772/1426 [1:14:48<43:01,  3.95s/it]Running Vina (ex=8):  54%|█████▍    | 773/1426 [1:14:51<38:21,  3.52s/it]Running Vina (ex=8):  54%|█████▍    | 774/1426 [1:15:01<1:01:04,  5.62s/it]Running Vina (ex=8):  54%|█████▍    | 775/1426 [1:15:10<1:10:41,  6.51s/it]Running Vina (ex=8):  54%|█████▍    | 776/1426 [1:15:21<1:25:04,  7.85s/it]Running Vina (ex=8):  54%|█████▍    | 777/1426 [1:15:24<1:08:01,  6.29s/it]Running Vina (ex=8):  55%|█████▍    | 778/1426 [1:15:35<1:23:29,  7.73s/it]Running Vina (ex=8):  55%|█████▍    | 779/1426 [1:15:38<1:10:00,  6.49s/it]Running Vina (ex=8):  55%|█████▍    | 780/1426 [1:15:43<1:02:39,  5.82s/it]Running Vina (ex=8):  55%|█████▍    | 781/1426 [1:15:49<1:04:01,  5.96s/it]Running Vina (ex=8):  55%|█████▍    | 782/1426 [1:15:52<55:09,  5.14s/it]  Running Vina (ex=8):  55%|█████▍    | 784/1426 [1:16:10<1:13:17,  6.85s/it]Running Vina (ex=8):  55%|█████▌    | 785/1426 [1:16:13<1:04:51,  6.07s/it]Running Vina (ex=8):  55%|█████▌    | 786/1426 [1:16:18<59:18,  5.56s/it]  Running Vina (ex=8):  55%|█████▌    | 787/1426 [1:16:32<1:24:12,  7.91s/it]Running Vina (ex=8):  55%|█████▌    | 788/1426 [1:16:35<1:10:20,  6.62s/it]Running Vina (ex=8):  55%|█████▌    | 789/1426 [1:16:39<1:01:57,  5.84s/it]Running Vina (ex=8):  55%|█████▌    | 790/1426 [1:16:45<1:03:14,  5.97s/it]Running Vina (ex=8):  55%|█████▌    | 791/1426 [1:16:52<1:06:04,  6.24s/it]Running Vina (ex=8):  56%|█████▌    | 793/1426 [1:16:56<44:08,  4.18s/it]  Running Vina (ex=8):  56%|█████▌    | 794/1426 [1:17:04<54:48,  5.20s/it]Running Vina (ex=8):  56%|█████▌    | 795/1426 [1:17:20<1:24:51,  8.07s/it]Running Vina (ex=8):  56%|█████▌    | 796/1426 [1:17:29<1:25:55,  8.18s/it]Running Vina (ex=8):  56%|█████▌    | 797/1426 [1:17:35<1:19:43,  7.60s/it]Running Vina (ex=8):  56%|█████▌    | 798/1426 [1:17:47<1:34:02,  8.98s/it]Running Vina (ex=8):  56%|█████▌    | 799/1426 [1:17:52<1:22:22,  7.88s/it]Running Vina (ex=8):  56%|█████▌    | 800/1426 [1:18:09<1:48:42, 10.42s/it]Running Vina (ex=8):  56%|█████▌    | 801/1426 [1:18:18<1:45:26, 10.12s/it]Running Vina (ex=8):  56%|█████▌    | 802/1426 [1:18:28<1:44:57, 10.09s/it]Running Vina (ex=8):  56%|█████▋    | 803/1426 [1:18:40<1:48:05, 10.41s/it]Running Vina (ex=8):  56%|█████▋    | 804/1426 [1:18:50<1:48:15, 10.44s/it]Running Vina (ex=8):  56%|█████▋    | 805/1426 [1:19:05<2:00:59, 11.69s/it]Running Vina (ex=8):  57%|█████▋    | 806/1426 [1:19:11<1:43:03,  9.97s/it]Running Vina (ex=8):  57%|█████▋    | 807/1426 [1:19:16<1:28:29,  8.58s/it]Running Vina (ex=8):  57%|█████▋    | 808/1426 [1:19:23<1:23:31,  8.11s/it]Running Vina (ex=8):  57%|█████▋    | 809/1426 [1:19:26<1:07:15,  6.54s/it]Running Vina (ex=8):  57%|█████▋    | 810/1426 [1:19:33<1:10:28,  6.86s/it]Running Vina (ex=8):  57%|█████▋    | 811/1426 [1:19:56<1:58:41, 11.58s/it]Running Vina (ex=8):  57%|█████▋    | 812/1426 [1:20:20<2:36:47, 15.32s/it]Running vina for 7szc__1__1.A__1.F, ligand 1.F...
Running vina for 7szr__1__1.A__1.G, ligand 1.G...
Running vina for 7t0c__1__1.A_1.B__1.VA, ligand 1.VA...
Running vina for 7t0f__1__1.A_1.B__1.C, ligand 1.C...
Running vina for 7t39__1__1.A__1.B, ligand 1.B...
Running vina for 7t5k__1__1.A__1.D, ligand 1.D...
Running vina for 7t5x__1__1.A_1.C__1.I, ligand 1.I...
Running vina for 7t5y__1__1.B__1.G, ligand 1.G...
Running vina for 7t5z__1__1.A_1.C__1.I, ligand 1.I...
Running vina for 7t60__1__1.B_1.C__1.M, ligand 1.M...
Running vina for 7t61__1__1.B_1.C__1.L, ligand 1.L...
Running vina for 7t6c__1__1.A__1.E, ligand 1.E...
Running vina for 7t7m__1__1.A__1.I, ligand 1.I...
Running vina for 7t9r__1__1.A__1.F, ligand 1.F...
Running vina for 7tab__1__1.A__1.B, ligand 1.B...
Running vina for 7taz__1__1.A__1.C, ligand 1.C...
Running vina for 7tbd__1__1.A__1.E, ligand 1.E...
Running vina for 7tbu__1__1.A__1.D, ligand 1.D...
Running vina for 7te8__1__1.A_1.B__1.E, ligand 1.E...
Running vina for 7tev__1__1.A_2.A__2.D, ligand 2.D...
Running vina for 7tjo__1__1.A__1.E, ligand 1.E...
Running vina for 7tt8__1__1.A__1.C, ligand 1.C...
Running vina for 7tuo__1__1.A__1.B, ligand 1.B...
Running vina for 7twu__1__1.B__1.N, ligand 1.N...
Running vina for 7txk__1__1.A__1.C, ligand 1.C...
  Skipping (exists) 7txk__1__1.A__1.C 1.C
Running vina for 7txp__1__1.A_2.A__2.B, ligand 2.B...
Running vina for 7tz7__1__1.A__1.C, ligand 1.C...
Running vina for 7tzb__1__1.A__1.C, ligand 1.C...
Running vina for 7u0t__1__1.A_1.B__1.H, ligand 1.H...
Running vina for 7u1m__1__1.A__1.D, ligand 1.D...
Running vina for 7u2z__1__1.A__1.C, ligand 1.C...
Running vina for 7u30__1__1.A__1.I, ligand 1.I...
Running vina for 7u31__1__1.A__1.D, ligand 1.D...
Running vina for 7u4g__1__4.A__4.E, ligand 4.E...
Running vina for 7u4o__1__1.A__1.G, ligand 1.G...
Running vina for 7u5z__1__1.A_1.B__1.C, ligand 1.C...
Running vina for 7u64__1__1.A_1.B__1.S, ligand 1.S...
Running vina for 7u70__1__1.A__1.C, ligand 1.C...
Running vina for 7u8v__1__1.A__1.C, ligand 1.C...
Running vina for 7u8w__1__1.A__1.C, ligand 1.C...
Running vina for 7u8x__1__1.A__1.B, ligand 1.B...
Running vina for 7u98__1__1.A__1.E, ligand 1.E...
Running vina for 7u99__1__1.A__1.B, ligand 1.B...
Running vina for 7u9a__1__1.A__1.B, ligand 1.B...
Running vina for 7uad__1__1.A__1.B, ligand 1.B...
Running vina for 7uas__1__1.A__1.C, ligand 1.C...
Running vina for 7uaw__1__1.A_1.B__1.C, ligand 1.C...
Running vina for 7ubo__1__1.A__1.E, ligand 1.E...
Running vina for 7udq__1__1.A__1.C, ligand 1.C...
Running vina for 7ue4__1__1.A_2.A__2.F, ligand 2.F...
Running vina for 7ue8__1__1.A_2.A__2.D, ligand 2.D...
Running vina for 7ueo__1__1.A_2.A__2.D, ligand 2.D...
Running vina for 7ueu__1__1.A_2.A__2.B, ligand 2.B...
Running vina for 7uf0__1__1.A_2.A__1.B, ligand 1.B...
Running vina for 7ug5__1__1.A__1.E, ligand 1.E...
Running vina for 7ugb__1__1.A__1.C, ligand 1.C...
Running vina for 7ugl__1__1.A__1.C, ligand 1.C...
Running vina for 7ugl__1__1.A__1.D, ligand 1.D...
Running vina for 7uj7__1__1.A__1.E, ligand 1.E...
Running vina for 7uj8__1__1.A__1.C, ligand 1.C...
Running vina for 7ujc__1__1.B__1.D, ligand 1.D...
Running vina for 7ujf__1__1.A__1.E, ligand 1.E...
Running vina for 7ujh__1__1.A_1.B__1.D, ligand 1.D...
Running vina for 7ujo__1__1.D__1.H, ligand 1.H...
Running vina for 7ujy__1__1.B__1.F, ligand 1.F...
Running vina for 7ukr__1__1.A__1.C, ligand 1.C...
Running vina for 7um4__1__1.A__1.I, ligand 1.I...
Running vina for 7un0__1__1.A__1.G, ligand 1.G...
  Skipping (exists) 7un0__1__1.A__1.G 1.G
Running vina for 7ur3__1__1.A__1.B, ligand 1.B...
Running vina for 7ur9__1__1.A_1.B__1.D, ligand 1.D...
Running vina for 7usg__1__1.A__1.B, ligand 1.B...
Running vina for 7ush__1__1.A__1.B, ligand 1.B...
Running vina for 7usi__1__1.A__1.G, ligand 1.G...
Running vina for 7ut5__1__1.A__1.C, ligand 1.C...
Running vina for 7uw2__1__1.A__1.C, ligand 1.C...
Running vina for 7uw4__1__1.A__1.C, ligand 1.C...
Running vina for 7uy0__1__1.A__1.E, ligand 1.E...
Running vina for 7v13__1__1.A__1.C, ligand 1.C...
Running vina for 7v16__1__1.A__1.C, ligand 1.C...
Running vina for 7v17__1__1.A__1.C, ligand 1.C...
Running vina for 7v18__1__1.A__1.C, ligand 1.C...
Running vina for 7v1o__1__1.A__1.D, ligand 1.D...
Running vina for 7v3d__1__1.A_1.B__1.F, ligand 1.F...
Running vina for 7v3s__1__1.A__1.B, ligand 1.B...
Running vina for 7v62__1__1.C__1.M, ligand 1.M...
  Skipping (exists) 7v62__1__1.C__1.M 1.M
Running vina for 7vbt__1__1.B__1.D, ligand 1.D...
Running vina for 7vbv__1__1.B__1.N, ligand 1.N...
Running vina for 7vdq__1__1.A__1.E, ligand 1.E...
Running vina for 7vds__1__1.A__1.E, ligand 1.E...
Running vina for 7vez__1__1.A_1.D__1.E, ligand 1.E...
Running vina for 7vhy__1__1.A__1.F, ligand 1.F...
Running vina for 7vhz__1__1.A__1.F, ligand 1.F...
Running vina for 7vi0__1__1.A__1.F, ligand 1.F...
Running vina for 7vi7__1__1.A__1.C, ligand 1.C...
  Skipping (exists) 7vi7__1__1.A__1.C 1.C
Running vina for 7vjt__1__1.A__1.C, ligand 1.C...
Running vina for 7vkg__1__1.A__1.B, ligand 1.B...
Running vina for 7vkh__1__1.A__1.C, ligand 1.C...
Running vina for 7vl0__1__1.A__1.C, ligand 1.C...
Running vina for 7vl2__1__1.A__1.C, ligand 1.C...
Running vina for 7vl3__1__1.A__1.C, ligand 1.C...
Running vina for 7vl6__1__1.A__1.C, ligand 1.C...
Running vina for 7vl7__1__1.A__1.C, ligand 1.C...
Running vina for 7vm7__1__1.A__1.B, ligand 1.B...
Running vina for 7vnh__1__1.A__1.C, ligand 1.C...
Running vina for 7vns__1__1.A_2.A__2.C, ligand 2.C...
Running vina for 7vo5__1__1.A__1.B, ligand 1.B...
Running vina for 7vpe__1__1.A__1.B, ligand 1.B...
Running vina for 7vpr__1__1.B__1.F, ligand 1.F...
Running vina for 7vpu__1__1.A__1.E, ligand 1.E...
Running vina for 7vqp__1__1.A__1.C, ligand 1.C...
Running vina for 7vre__1__1.A__1.B, ligand 1.B...
Running vina for 7vrh__1__1.A__1.D, ligand 1.D...
Running vina for 7vsl__1__1.A__1.D, ligand 1.D...
Running vina for 7vte__1__1.A__1.F, ligand 1.F...
Running vina for 7vtf__1__1.A_1.B__1.F, ligand 1.F...
Running vina for 7vtg__1__1.A__1.E, ligand 1.E...
Running vina for 7vvt__1__1.A__1.C, ligand 1.C...
Running vina for 7vwe__1__1.A__1.D, ligand 1.D...
Running vina for 7vwg__1__1.A__1.D, ligand 1.D...
Running vina for 7vwh__1__1.B__1.F, ligand 1.F...
Running vina for 7vwt__1__1.B__1.H, ligand 1.H...
Running vina for 7w0g__1__1.B__1.D, ligand 1.D...
Running vina for 7w1i__1__1.A__1.B, ligand 1.B...
Running vina for 7w2d__1__1.B__1.R, ligand 1.R...
Running vina for 7w2f__1__1.A__1.M, ligand 1.M...
Running vina for 7w3p__1__1.A__1.C, ligand 1.C...
Warning: Receptor file not found for 7w3s__1__1.B_1.D__1.F
Running vina for 7w41__1__1.A__1.B, ligand 1.B...
Running vina for 7w4y__1__1.A__1.E, ligand 1.E...
Running vina for 7w6f__1__1.A_1.B__1.C, ligand 1.C...
Running vina for 7wbs__1__1.A_1.B__1.D, ligand 1.D...
Running vina for 7wc6__1__1.A__1.F, ligand 1.F...
Running vina for 7wc7__1__1.A__1.M, ligand 1.M...
Running vina for 7wc8__1__1.A__1.H, ligand 1.H...
Running vina for 7wcl__1__1.A__1.C, ligand 1.C...
Running vina for 7wdt__1__1.A__1.B, ligand 1.B...
  Skipping (exists) 7wdt__1__1.A__1.B 1.B
Running vina for 7wdt__1__1.A__1.C, ligand 1.C...
Running vina for 7wdu__1__1.A__1.C, ligand 1.C...
Running vina for 7wew__1__1.A__1.K, ligand 1.K...
Running vina for 7wf5__1__1.A__1.C, ligand 1.C...
Running vina for 7wgl__1__1.A__1.D, ligand 1.D...
Running vina for 7wgn__1__1.A__1.B, ligand 1.B...
Running vina for 7wgo__1__1.A__1.C, ligand 1.C...
Running vina for 7wgq__1__1.A__1.C, ligand 1.C...
Running vina for 7wlw__1__1.A__1.I, ligand 1.I...
Running vina for 7wlx__1__1.A__1.C, ligand 1.C...
Running vina for 7wmh__1__1.A__1.C, ligand 1.C...
Running vina for 7wmj__1__1.A__1.C, ligand 1.C...
Running vina for 7wmo__1__1.A__1.C, ligand 1.C...
Running vina for 7wqq__1__1.A__1.C, ligand 1.C...
Running vina for 7wux__1__1.A_1.D__1.J, ligand 1.J...
Running vina for 7x11__1__1.D__1.P, ligand 1.P...
Running vina for 7x4u__1__1.A__1.B, ligand 1.B...
Running vina for 7x7x__1__1.A__1.C, ligand 1.C...
Running vina for 7x81__1__1.A_1.B__1.D, ligand 1.D...
Running vina for 7x86__1__1.A_1.C__1.G, ligand 1.G...
Running vina for 7x9d__1__1.A__1.E, ligand 1.E...
Running Vina (ex=8):  57%|█████▋    | 814/1426 [1:20:34<1:56:20, 11.41s/it]Running Vina (ex=8):  57%|█████▋    | 815/1426 [1:20:36<1:33:55,  9.22s/it]Running Vina (ex=8):  57%|█████▋    | 816/1426 [1:20:44<1:30:09,  8.87s/it]Running Vina (ex=8):  57%|█████▋    | 817/1426 [1:20:51<1:24:40,  8.34s/it]Running Vina (ex=8):  57%|█████▋    | 818/1426 [1:21:01<1:27:21,  8.62s/it]Running Vina (ex=8):  57%|█████▋    | 819/1426 [1:21:06<1:19:04,  7.82s/it]Running Vina (ex=8):  58%|█████▊    | 820/1426 [1:21:14<1:18:15,  7.75s/it]Running Vina (ex=8):  58%|█████▊    | 821/1426 [1:21:23<1:22:14,  8.16s/it]Running Vina (ex=8):  58%|█████▊    | 822/1426 [1:21:30<1:17:08,  7.66s/it]Running Vina (ex=8):  58%|█████▊    | 823/1426 [1:21:32<1:01:59,  6.17s/it]Running Vina (ex=8):  58%|█████▊    | 824/1426 [1:21:40<1:06:01,  6.58s/it]Running Vina (ex=8):  58%|█████▊    | 825/1426 [1:21:54<1:28:10,  8.80s/it]Running Vina (ex=8):  58%|█████▊    | 826/1426 [1:21:58<1:14:35,  7.46s/it]Running Vina (ex=8):  58%|█████▊    | 827/1426 [1:22:02<1:02:38,  6.27s/it]Running Vina (ex=8):  58%|█████▊    | 828/1426 [1:22:04<51:17,  5.15s/it]  Running Vina (ex=8):  58%|█████▊    | 829/1426 [1:22:06<41:24,  4.16s/it]Running Vina (ex=8):  58%|█████▊    | 830/1426 [1:22:12<48:11,  4.85s/it]Running Vina (ex=8):  58%|█████▊    | 831/1426 [1:22:16<45:39,  4.60s/it]Running Vina (ex=8):  58%|█████▊    | 832/1426 [1:22:25<57:46,  5.84s/it]Running Vina (ex=8):  58%|█████▊    | 833/1426 [1:22:29<53:23,  5.40s/it]Running Vina (ex=8):  58%|█████▊    | 834/1426 [1:22:50<1:39:17, 10.06s/it]Running Vina (ex=8):  59%|█████▊    | 835/1426 [1:23:21<2:39:50, 16.23s/it]Running Vina (ex=8):  59%|█████▊    | 837/1426 [1:23:30<1:45:13, 10.72s/it]Running Vina (ex=8):  59%|█████▉    | 839/1426 [1:23:35<1:13:02,  7.47s/it]Running Vina (ex=8):  59%|█████▉    | 840/1426 [1:23:40<1:09:16,  7.09s/it]Running Vina (ex=8):  59%|█████▉    | 841/1426 [1:23:44<1:01:48,  6.34s/it]Running Vina (ex=8):  59%|█████▉    | 842/1426 [1:23:51<1:01:22,  6.31s/it]Running Vina (ex=8):  59%|█████▉    | 843/1426 [1:23:56<57:43,  5.94s/it]  Running Vina (ex=8):  59%|█████▉    | 844/1426 [1:24:04<1:03:23,  6.54s/it]Running Vina (ex=8):  59%|█████▉    | 845/1426 [1:24:14<1:13:58,  7.64s/it]Running Vina (ex=8):  59%|█████▉    | 846/1426 [1:24:30<1:37:15, 10.06s/it]Running Vina (ex=8):  59%|█████▉    | 847/1426 [1:24:35<1:22:29,  8.55s/it]Running Vina (ex=8):  59%|█████▉    | 848/1426 [1:24:41<1:15:56,  7.88s/it]Running Vina (ex=8):  60%|█████▉    | 849/1426 [1:24:51<1:20:55,  8.41s/it]Running Vina (ex=8):  60%|█████▉    | 850/1426 [1:24:56<1:11:05,  7.40s/it]Running Vina (ex=8):  60%|█████▉    | 851/1426 [1:25:03<1:08:24,  7.14s/it]Running Vina (ex=8):  60%|█████▉    | 853/1426 [1:25:05<42:57,  4.50s/it]  Running Vina (ex=8):  60%|█████▉    | 854/1426 [1:25:08<39:00,  4.09s/it]Running Vina (ex=8):  60%|█████▉    | 855/1426 [1:25:28<1:16:58,  8.09s/it]Running Vina (ex=8):  60%|██████    | 857/1426 [1:25:36<1:01:09,  6.45s/it]Running Vina (ex=8):  60%|██████    | 858/1426 [1:25:58<1:35:26, 10.08s/it]Running Vina (ex=8):  60%|██████    | 861/1426 [1:26:02<53:57,  5.73s/it]  Running Vina (ex=8):  61%|██████    | 863/1426 [1:26:05<40:41,  4.34s/it]Running Vina (ex=8):  61%|██████    | 864/1426 [1:26:08<38:57,  4.16s/it]Running Vina (ex=8):  61%|██████    | 865/1426 [1:26:13<38:50,  4.15s/it]Running Vina (ex=8):  61%|██████    | 866/1426 [1:26:14<32:24,  3.47s/it]Running Vina (ex=8):  61%|██████    | 867/1426 [1:26:15<26:30,  2.85s/it]Running Vina (ex=8):  61%|██████    | 868/1426 [1:26:16<23:28,  2.53s/it]Running Vina (ex=8):  61%|██████    | 869/1426 [1:26:24<36:03,  3.88s/it]Running Vina (ex=8):  61%|██████    | 870/1426 [1:26:29<39:20,  4.24s/it]Running Vina (ex=8):  61%|██████    | 871/1426 [1:26:30<31:34,  3.41s/it]Running Vina (ex=8):  61%|██████    | 872/1426 [1:26:35<34:36,  3.75s/it]Running Vina (ex=8):  61%|██████    | 873/1426 [1:26:38<32:12,  3.49s/it]Running Vina (ex=8):  61%|██████▏   | 874/1426 [1:26:47<47:41,  5.18s/it]Running Vina (ex=8):  61%|██████▏   | 875/1426 [1:26:50<41:31,  4.52s/it]Running Vina (ex=8):  61%|██████▏   | 876/1426 [1:26:53<36:40,  4.00s/it]Running Vina (ex=8):  62%|██████▏   | 877/1426 [1:26:57<37:11,  4.06s/it]Running Vina (ex=8):  62%|██████▏   | 879/1426 [1:27:08<42:18,  4.64s/it]Running Vina (ex=8):  62%|██████▏   | 880/1426 [1:27:09<35:37,  3.92s/it]Running Vina (ex=8):  62%|██████▏   | 881/1426 [1:27:12<32:45,  3.61s/it]Running Vina (ex=8):  62%|██████▏   | 882/1426 [1:27:15<32:02,  3.53s/it]Running Vina (ex=8):  62%|██████▏   | 883/1426 [1:27:19<32:45,  3.62s/it]Running Vina (ex=8):  62%|██████▏   | 884/1426 [1:27:22<31:13,  3.46s/it]Running Vina (ex=8):  62%|██████▏   | 885/1426 [1:27:33<49:40,  5.51s/it]Running Vina (ex=8):  62%|██████▏   | 886/1426 [1:27:47<1:13:39,  8.18s/it]Running Vina (ex=8):  62%|██████▏   | 887/1426 [1:28:42<3:15:37, 21.78s/it]Running Vina (ex=8):  62%|██████▏   | 888/1426 [1:29:22<4:03:24, 27.15s/it]Running Vina (ex=8):  62%|██████▏   | 889/1426 [1:29:25<2:59:23, 20.04s/it]Running Vina (ex=8):  62%|██████▏   | 890/1426 [1:29:27<2:11:30, 14.72s/it]Running Vina (ex=8):  62%|██████▏   | 891/1426 [1:29:33<1:48:55, 12.22s/it]Running Vina (ex=8):  63%|██████▎   | 892/1426 [1:29:37<1:26:14,  9.69s/it]Running Vina (ex=8):  63%|██████▎   | 893/1426 [1:29:38<1:03:06,  7.10s/it]Running Vina (ex=8):  63%|██████▎   | 894/1426 [1:29:44<1:00:33,  6.83s/it]Running Vina (ex=8):  63%|██████▎   | 895/1426 [1:29:54<1:06:44,  7.54s/it]Running Vina (ex=8):  63%|██████▎   | 896/1426 [1:29:57<54:44,  6.20s/it]  Running Vina (ex=8):  63%|██████▎   | 897/1426 [1:30:01<49:59,  5.67s/it]Running Vina (ex=8):  63%|██████▎   | 898/1426 [1:30:14<1:08:25,  7.78s/it]Running Vina (ex=8):  63%|██████▎   | 899/1426 [1:30:26<1:19:48,  9.09s/it]Running Vina (ex=8):  63%|██████▎   | 900/1426 [1:30:34<1:17:47,  8.87s/it]Running Vina (ex=8):  63%|██████▎   | 901/1426 [1:31:23<3:01:22, 20.73s/it]Running Vina (ex=8):  63%|██████▎   | 902/1426 [1:32:25<4:49:05, 33.10s/it]Running Vina (ex=8):  63%|██████▎   | 903/1426 [1:33:47<6:57:12, 47.86s/it]Running Vina (ex=8):  63%|██████▎   | 904/1426 [1:35:14<8:39:33, 59.72s/it]Running Vina (ex=8):  63%|██████▎   | 905/1426 [1:35:16<6:08:10, 42.40s/it]Running Vina (ex=8):  64%|██████▎   | 906/1426 [1:35:20<4:25:14, 30.61s/it]Running Vina (ex=8):  64%|██████▎   | 907/1426 [1:35:21<3:10:06, 21.98s/it]Running Vina (ex=8):  64%|██████▎   | 909/1426 [1:35:35<2:08:21, 14.90s/it]Running Vina (ex=8):  64%|██████▍   | 910/1426 [1:35:39<1:46:00, 12.33s/it]Running Vina (ex=8):  64%|██████▍   | 911/1426 [1:35:48<1:38:01, 11.42s/it]Running Vina (ex=8):  64%|██████▍   | 912/1426 [1:35:55<1:26:55, 10.15s/it]Running Vina (ex=8):  64%|██████▍   | 913/1426 [1:36:34<2:36:45, 18.33s/it]Running Vina (ex=8):  64%|██████▍   | 914/1426 [1:36:40<2:06:33, 14.83s/it]Running Vina (ex=8):  64%|██████▍   | 915/1426 [1:36:46<1:42:56, 12.09s/it]Running Vina (ex=8):  64%|██████▍   | 916/1426 [1:36:49<1:20:53,  9.52s/it]Running Vina (ex=8):  64%|██████▍   | 917/1426 [1:36:52<1:03:36,  7.50s/it]Running Vina (ex=8):  64%|██████▍   | 918/1426 [1:36:54<51:23,  6.07s/it]  Running Vina (ex=8):  64%|██████▍   | 919/1426 [1:37:01<54:11,  6.41s/it]Running Vina (ex=8):  65%|██████▍   | 920/1426 [1:37:08<54:00,  6.40s/it]Running Vina (ex=8):  65%|██████▍   | 921/1426 [1:37:18<1:03:17,  7.52s/it]Running Vina (ex=8):  65%|██████▍   | 922/1426 [1:37:26<1:05:21,  7.78s/it]Running Vina (ex=8):  65%|██████▍   | 924/1426 [1:37:30<42:32,  5.09s/it]  Running Vina (ex=8):  65%|██████▍   | 925/1426 [1:37:34<40:08,  4.81s/it]Running Vina (ex=8):  65%|██████▍   | 926/1426 [1:37:38<38:32,  4.63s/it]Running Vina (ex=8):  65%|██████▌   | 927/1426 [1:37:46<45:57,  5.53s/it]Running Vina (ex=8):  65%|██████▌   | 928/1426 [1:37:57<57:34,  6.94s/it]Running Vina (ex=8):  65%|██████▌   | 929/1426 [1:38:02<52:12,  6.30s/it]Running Vina (ex=8):  65%|██████▌   | 930/1426 [1:38:21<1:24:24, 10.21s/it]Running Vina (ex=8):  65%|██████▌   | 931/1426 [1:38:30<1:20:04,  9.71s/it]Running Vina (ex=8):  65%|██████▌   | 932/1426 [1:38:40<1:21:45,  9.93s/it]Running Vina (ex=8):  65%|██████▌   | 933/1426 [1:38:50<1:21:18,  9.90s/it]Running Vina (ex=8):  66%|██████▌   | 935/1426 [1:38:52<47:03,  5.75s/it]  Running Vina (ex=8):  66%|██████▌   | 936/1426 [1:38:55<41:06,  5.03s/it]Running Vina (ex=8):  66%|██████▌   | 937/1426 [1:38:59<38:34,  4.73s/it]Running Vina (ex=8):  66%|██████▌   | 938/1426 [1:39:04<40:05,  4.93s/it]Running Vina (ex=8):  66%|██████▌   | 939/1426 [1:39:25<1:15:37,  9.32s/it]Running Vina (ex=8):  66%|██████▌   | 940/1426 [1:39:43<1:36:56, 11.97s/it]Running Vina (ex=8):  66%|██████▌   | 941/1426 [1:40:04<1:57:20, 14.52s/it]Running Vina (ex=8):  66%|██████▌   | 942/1426 [1:40:27<2:16:03, 16.87s/it]Running Vina (ex=8):  66%|██████▌   | 943/1426 [1:40:38<2:03:15, 15.31s/it]Running Vina (ex=8):  66%|██████▌   | 944/1426 [1:40:48<1:49:17, 13.60s/it]Running Vina (ex=8):  66%|██████▋   | 945/1426 [1:40:55<1:33:09, 11.62s/it]Running Vina (ex=8):  66%|██████▋   | 946/1426 [1:41:09<1:38:36, 12.33s/it]Running Vina (ex=8):  66%|██████▋   | 947/1426 [1:41:24<1:44:51, 13.13s/it]Running Vina (ex=8):  66%|██████▋   | 948/1426 [1:41:27<1:21:07, 10.18s/it]Running Vina (ex=8):  67%|██████▋   | 949/1426 [1:41:46<1:43:11, 12.98s/it]Running Vina (ex=8):  67%|██████▋   | 950/1426 [1:42:07<2:01:38, 15.33s/it]Running Vina (ex=8):  67%|██████▋   | 951/1426 [1:42:24<2:05:02, 15.80s/it]Running Vina (ex=8):  67%|██████▋   | 952/1426 [1:42:41<2:06:29, 16.01s/it]Running Vina (ex=8):  67%|██████▋   | 953/1426 [1:42:54<1:59:19, 15.14s/it]Running Vina (ex=8):  67%|██████▋   | 954/1426 [1:42:58<1:33:13, 11.85s/it]Running Vina (ex=8):  67%|██████▋   | 955/1426 [1:43:07<1:25:13, 10.86s/it]Running Vina (ex=8):  67%|██████▋   | 957/1426 [1:43:26<1:20:41, 10.32s/it]Running Vina (ex=8):  67%|██████▋   | 958/1426 [1:43:32<1:12:27,  9.29s/it]Running Vina (ex=8):  67%|██████▋   | 959/1426 [1:43:49<1:27:39, 11.26s/it]Running Vina (ex=8):  67%|██████▋   | 960/1426 [1:43:52<1:10:29,  9.08s/it]Running Vina (ex=8):  67%|██████▋   | 961/1426 [1:43:54<55:38,  7.18s/it]  Running Vina (ex=8):  67%|██████▋   | 962/1426 [1:43:57<44:31,  5.76s/it]Running Vina (ex=8):  68%|██████▊   | 963/1426 [1:43:59<35:52,  4.65s/it]  Skipping (exists) 7x9d__1__1.A__1.E 1.E
Running vina for 7xbv__1__1.A__1.B, ligand 1.B...
Running vina for 7xef__1__1.A__1.E, ligand 1.E...
Running vina for 7xej__1__1.A_2.A__1.B, ligand 1.B...
Running vina for 7xek__1__1.A_2.A__1.B, ligand 1.B...
Running vina for 7xen__1__1.A_2.A__2.B, ligand 2.B...
Running vina for 7xep__1__1.A_2.A__1.E, ligand 1.E...
Running vina for 7xeq__1__1.A_2.A__2.D, ligand 2.D...
Running vina for 7xes__1__1.A_2.A__2.D, ligand 2.D...
Running vina for 7xet__1__1.A_2.A__1.B, ligand 1.B...
Running vina for 7xf7__1__1.A__1.B, ligand 1.B...
Running vina for 7xh6__1__1.A__1.E, ligand 1.E...
Running vina for 7xhh__1__1.B__1.D, ligand 1.D...
Running vina for 7xhq__1__1.A__1.C, ligand 1.C...
Running vina for 7xi7__1__1.A__1.B, ligand 1.B...
Running vina for 7xk9__1__1.A__1.C, ligand 1.C...
Running vina for 7xka__1__1.A__1.C, ligand 1.C...
Running vina for 7xlp__1__1.A__1.B, ligand 1.B...
Running vina for 7xm7__1__1.A__1.E, ligand 1.E...
Running vina for 7xmk__1__1.A__1.D, ligand 1.D...
Running vina for 7xnc__1__1.A__1.B, ligand 1.B...
Running vina for 7xoz__1__1.B__1.F, ligand 1.F...
Running vina for 7xpo__1__1.B__1.H, ligand 1.H...
Running vina for 7xrr__1__1.A__1.B, ligand 1.B...
  Skipping (exists) 7xrr__1__1.A__1.B 1.B
Running vina for 7xsv__1__1.A__1.B, ligand 1.B...
Running vina for 7xua__1__1.B__1.N, ligand 1.N...
  Skipping (exists) 7xua__1__1.B__1.N 1.N
Running vina for 7xub__1__1.A__1.H, ligand 1.H...
Running vina for 7xuc__1__1.A__1.H, ligand 1.H...
Running vina for 7xvu__1__4.A__4.C, ligand 4.C...
Running vina for 7xvv__1__3.A__3.C, ligand 3.C...
Running vina for 7xvw__1__2.A__2.C, ligand 2.C...
Running vina for 7xxc__1__1.A_1.B_1.D__1.M, ligand 1.M...
Running vina for 7xxm__1__1.A_1.B_1.C__1.K, ligand 1.K...
Running vina for 7xxp__1__1.A_1.B_1.C__1.K, ligand 1.K...
Running vina for 7y0f__1__1.B__1.G, ligand 1.G...
Running vina for 7y4g__1__2.A__2.D, ligand 2.D...
Running vina for 7y4u__1__1.A__1.B, ligand 1.B...
Running vina for 7yd2__1__1.A_1.B__1.K, ligand 1.K...
Running vina for 7ydx__1__2.B__2.H, ligand 2.H...
Running vina for 7yj9__1__1.A_2.A__2.B, ligand 2.B...
  Skipping (exists) 7yj9__1__1.A_2.A__2.B 2.B
Running vina for 7yja__1__1.A_1.B__1.E, ligand 1.E...
Running vina for 7yjb__1__1.A_2.A__2.B, ligand 2.B...
Running vina for 7yop__1__1.A_1.B__1.E, ligand 1.E...
Running vina for 7yoq__1__1.B__1.D, ligand 1.D...
  Skipping (exists) 7yoq__1__1.B__1.D 1.D
Running vina for 7ypu__1__1.A_1.B__1.I, ligand 1.I...
Running vina for 7ypv__1__1.A_1.B__1.J, ligand 1.J...
Running vina for 7ysx__1__1.B__1.J, ligand 1.J...
  Skipping (exists) 7ysx__1__1.B__1.J 1.J
Running vina for 7yv4__1__1.A__1.B, ligand 1.B...
  Skipping (exists) 7yv4__1__1.A__1.B 1.B
Running vina for 7yxd__1__1.A__1.I, ligand 1.I...
Running vina for 7yxe__1__1.A__1.C, ligand 1.C...
  Skipping (exists) 7yxe__1__1.A__1.C 1.C
Running vina for 7yzs__1__1.A__1.B, ligand 1.B...
Running vina for 7yzu__1__1.A__1.B, ligand 1.B...
Running vina for 7z1r__1__1.A_2.A__1.B, ligand 1.B...
Running vina for 7z1v__1__1.A__1.C, ligand 1.C...
Running vina for 7z1w__1__1.A__1.C, ligand 1.C...
Running vina for 7z2q__1__1.A__1.C, ligand 1.C...
Running vina for 7z39__1__1.A__1.C, ligand 1.C...
Running vina for 7z3y__1__1.A__1.D, ligand 1.D...
Running vina for 7z41__1__1.A__1.C, ligand 1.C...
Running vina for 7z5b__1__1.A__1.D, ligand 1.D...
Running vina for 7z5r__1__1.A__1.D, ligand 1.D...
Running vina for 7z5x__1__1.A__1.C, ligand 1.C...
Running vina for 7z78__1__1.A__1.D, ligand 1.D...
Running vina for 7z9t__1__1.A__1.C, ligand 1.C...
Running vina for 7za0__1__1.A__1.B, ligand 1.B...
Running vina for 7zaa__1__1.A__1.C, ligand 1.C...
  Skipping (exists) 7zaa__1__1.A__1.C 1.C
Running vina for 7zeg__1__1.A__1.C, ligand 1.C...
Running vina for 7zfv__1__1.A__1.C, ligand 1.C...
Running vina for 7zg9__1__1.A__1.C, ligand 1.C...
Running vina for 7zgb__1__1.A__1.B, ligand 1.B...
Running vina for 7zgc__1__1.A__1.B, ligand 1.B...
Running vina for 7zgd__1__1.A__1.B, ligand 1.B...
Running vina for 7zi0__1__1.A__1.C, ligand 1.C...
Running vina for 7zik__1__1.A__1.D, ligand 1.D...
Running vina for 7ziy__1__1.A__1.C, ligand 1.C...
Running vina for 7zj0__1__1.A__1.C, ligand 1.C...
Running vina for 7zjp__1__1.A__1.C, ligand 1.C...
Running vina for 7zjq__1__1.A__1.E, ligand 1.E...
Running vina for 7zks__1__1.A__1.B, ligand 1.B...
Running vina for 7zkw__1__1.A_1.C__1.E, ligand 1.E...
Running vina for 7zp7__1__1.A__1.C, ligand 1.C...
Running vina for 7zsm__1__1.A_2.A__1.B, ligand 1.B...
Running vina for 7zso__1__1.A_1.C__1.S, ligand 1.S...
Running vina for 7zst__1__1.B_1.C__1.H, ligand 1.H...
Running vina for 7zwb__1__1.A__1.D, ligand 1.D...
Running vina for 7zxz__1__2.A_2.B__2.E, ligand 2.E...
Running vina for 7zym__1__1.A__1.B, ligand 1.B...
Running vina for 7zyn__1__1.A__1.B, ligand 1.B...
Running vina for 7zz7__1__1.A_4.A__4.C, ligand 4.C...
Running vina for 7zzc__1__1.A_4.A__4.D, ligand 4.D...
Running vina for 7zzf__1__2.A_3.A__3.C, ligand 3.C...
Running vina for 7zzg__1__2.A_3.A__2.C, ligand 2.C...
Running vina for 8a0t__1__1.A__1.C, ligand 1.C...
Running vina for 8a2p__1__1.A__1.B, ligand 1.B...
Running vina for 8a3a__1__1.A__1.B, ligand 1.B...
Warning: Receptor file not found for 8a4q__1__1.A_2.A__1.B
Running vina for 8a56__1__1.A_1.B__1.I, ligand 1.I...
Running vina for 8a66__1__1.A__1.C, ligand 1.C...
Running vina for 8a7i__1__1.A__1.C, ligand 1.C...
Running vina for 8a9i__1__1.A__1.B, ligand 1.B...
Running vina for 8a9v__1__2.A_3.A__3.C, ligand 3.C...
Running vina for 8ab3__1__1.A_1.B_1.C_1.D__1.L, ligand 1.L...
Running vina for 8abu__1__1.A__1.D, ligand 1.D...
Running vina for 8acm__1__1.A__1.E, ligand 1.E...
Running vina for 8ad7__1__1.A__1.J, ligand 1.J...
Running vina for 8adf__1__1.B__1.D, ligand 1.D...
Running vina for 8adj__1__1.A__1.D, ligand 1.D...
Running vina for 8aev__1__1.A__1.G, ligand 1.G...
Running vina for 8ai7__1__1.A__1.Q, ligand 1.Q...
Running vina for 8am2__1__1.A__1.D, ligand 1.D...
Running vina for 8aop__1__1.A__1.E, ligand 1.E...
  Skipping (exists) 8aop__1__1.A__1.E 1.E
Running vina for 8apt__1__1.A_2.A__1.B, ligand 1.B...
Running vina for 8apu__1__1.A_2.A__1.B, ligand 1.B...
Running vina for 8apw__1__1.A_2.A__2.C, ligand 2.C...
Running vina for 8aqf__1__1.A__1.B, ligand 1.B...
Running vina for 8aqj__1__1.A_3.A__3.B, ligand 3.B...
Running vina for 8arj__1__1.A__1.B, ligand 1.B...
Running vina for 8asf__1__1.B__1.E, ligand 1.E...
Running vina for 8atb__1__1.A__1.C, ligand 1.C...
Running vina for 8atl__1__1.A__1.C, ligand 1.C...
Running vina for 8aw1__1__1.A__1.C, ligand 1.C...
Warning: No ligand files found for 8ax0__1__1.B__1.H
Running vina for 8axp__1__1.A__1.C, ligand 1.C...
Running vina for 8ay6__1__1.A_1.B__1.C, ligand 1.C...
Running vina for 8ay8__1__1.A_1.B__1.D, ligand 1.D...
Running vina for 8aya__1__1.A_1.B__1.C, ligand 1.C...
Running vina for 8azd__1__1.A__1.C, ligand 1.C...
Running vina for 8azi__1__1.A__1.C, ligand 1.C...
Running vina for 8azl__1__1.A__1.C, ligand 1.C...
Running vina for 8azm__1__1.A__1.C, ligand 1.C...
Running vina for 8azo__1__1.A__1.C, ligand 1.C...
Running vina for 8azp__1__1.A__1.C, ligand 1.C...
Running vina for 8b08__1__1.B__1.E, ligand 1.E...
Running vina for 8b1v__1__1.A_1.B__1.E, ligand 1.E...
Running vina for 8b25__1__1.A_1.B__1.J, ligand 1.J...
Running vina for 8b35__1__1.A_1.B__1.E, ligand 1.E...
Running vina for 8b5s__1__1.B__1.D, ligand 1.D...
Running vina for 8b62__1__1.A__1.C, ligand 1.C...
Running vina for 8b6m__1__1.A_1.B__1.E, ligand 1.E...
Running vina for 8b75__1__1.A__1.B, ligand 1.B...
Running vina for 8b8x__1__1.A_1.C__1.E, ligand 1.E...
Running vina for 8b8z__1__1.A__1.E, ligand 1.E...
Running vina for 8b91__1__1.A__1.E, ligand 1.E...
Running vina for 8b9h__1__1.A__1.B, ligand 1.B...
  Skipping (exists) 8b9h__1__1.A__1.B 1.B
Running vina for 8baj__1__1.A__1.B, ligand 1.B...
Running vina for 8bcy__1__1.A__1.C, ligand 1.C...
Running vina for 8bdm__1__1.C__1.M, ligand 1.M...
Running vina for 8bgc__1__1.A__1.F, ligand 1.F...
Running vina for 8bgt__1__1.A_2.A__2.D, ligand 2.D...
Running vina for 8bgz__1__1.A_1.B__1.F, ligand 1.F...
Running vina for 8bh0__1__1.A_1.D__1.J, ligand 1.J...
Running Vina (ex=8):  68%|██████▊   | 964/1426 [1:44:02<32:08,  4.17s/it]Running Vina (ex=8):  68%|██████▊   | 965/1426 [1:44:12<45:13,  5.89s/it]Running Vina (ex=8):  68%|██████▊   | 966/1426 [1:44:13<36:08,  4.71s/it]Running Vina (ex=8):  68%|██████▊   | 967/1426 [1:44:21<43:13,  5.65s/it]Running Vina (ex=8):  68%|██████▊   | 969/1426 [1:44:37<51:19,  6.74s/it]Running Vina (ex=8):  68%|██████▊   | 970/1426 [1:44:56<1:13:52,  9.72s/it]Running Vina (ex=8):  68%|██████▊   | 971/1426 [1:45:05<1:11:07,  9.38s/it]Running Vina (ex=8):  68%|██████▊   | 972/1426 [1:45:17<1:16:25, 10.10s/it]Running Vina (ex=8):  68%|██████▊   | 973/1426 [1:45:20<1:01:23,  8.13s/it]Running Vina (ex=8):  68%|██████▊   | 974/1426 [1:45:30<1:05:37,  8.71s/it]Running Vina (ex=8):  68%|██████▊   | 975/1426 [1:45:44<1:16:35, 10.19s/it]Running Vina (ex=8):  68%|██████▊   | 976/1426 [1:45:55<1:19:21, 10.58s/it]Running Vina (ex=8):  69%|██████▊   | 977/1426 [1:46:04<1:14:41,  9.98s/it]Running Vina (ex=8):  69%|██████▊   | 978/1426 [1:46:14<1:16:04, 10.19s/it]Running Vina (ex=8):  69%|██████▊   | 979/1426 [1:46:23<1:13:05,  9.81s/it]Running Vina (ex=8):  69%|██████▊   | 980/1426 [1:46:27<58:21,  7.85s/it]  Running Vina (ex=8):  69%|██████▉   | 981/1426 [1:46:31<50:07,  6.76s/it]Running Vina (ex=8):  69%|██████▉   | 982/1426 [1:46:37<49:18,  6.66s/it]Running Vina (ex=8):  69%|██████▉   | 983/1426 [1:46:41<42:41,  5.78s/it]Running Vina (ex=8):  69%|██████▉   | 984/1426 [1:46:48<46:03,  6.25s/it]Running Vina (ex=8):  69%|██████▉   | 985/1426 [1:46:51<37:45,  5.14s/it]Running Vina (ex=8):  69%|██████▉   | 986/1426 [1:46:52<29:07,  3.97s/it]Running Vina (ex=8):  69%|██████▉   | 987/1426 [1:46:54<24:40,  3.37s/it]Running Vina (ex=8):  69%|██████▉   | 988/1426 [1:46:57<24:25,  3.35s/it]Running Vina (ex=8):  69%|██████▉   | 989/1426 [1:47:03<28:46,  3.95s/it]Running Vina (ex=8):  69%|██████▉   | 991/1426 [1:47:15<36:18,  5.01s/it]Running Vina (ex=8):  70%|██████▉   | 992/1426 [1:47:24<43:34,  6.02s/it]Running Vina (ex=8):  70%|██████▉   | 993/1426 [1:47:27<37:46,  5.23s/it]Running Vina (ex=8):  70%|██████▉   | 994/1426 [1:47:31<33:44,  4.69s/it]Running Vina (ex=8):  70%|██████▉   | 995/1426 [1:47:40<42:58,  5.98s/it]Running Vina (ex=8):  70%|██████▉   | 996/1426 [1:47:42<34:41,  4.84s/it]Running Vina (ex=8):  70%|██████▉   | 997/1426 [1:47:44<28:35,  4.00s/it]Running Vina (ex=8):  70%|██████▉   | 998/1426 [1:47:50<33:56,  4.76s/it]Running Vina (ex=8):  70%|███████   | 999/1426 [1:47:53<30:23,  4.27s/it]Running Vina (ex=8):  70%|███████   | 1000/1426 [1:47:55<24:21,  3.43s/it]Running Vina (ex=8):  70%|███████   | 1001/1426 [1:47:58<24:27,  3.45s/it]Running Vina (ex=8):  70%|███████   | 1002/1426 [1:48:10<41:26,  5.86s/it]Running Vina (ex=8):  70%|███████   | 1003/1426 [1:48:21<53:03,  7.53s/it]Running Vina (ex=8):  70%|███████   | 1004/1426 [1:48:27<48:27,  6.89s/it]Running Vina (ex=8):  70%|███████   | 1005/1426 [1:48:33<46:34,  6.64s/it]Running Vina (ex=8):  71%|███████   | 1006/1426 [1:48:40<46:56,  6.71s/it]Running Vina (ex=8):  71%|███████   | 1007/1426 [1:48:47<47:40,  6.83s/it]Running Vina (ex=8):  71%|███████   | 1008/1426 [1:48:53<46:06,  6.62s/it]Running Vina (ex=8):  71%|███████   | 1009/1426 [1:48:57<39:42,  5.71s/it]Running Vina (ex=8):  71%|███████   | 1010/1426 [1:48:59<32:51,  4.74s/it]Running Vina (ex=8):  71%|███████   | 1011/1426 [1:49:12<50:32,  7.31s/it]Running Vina (ex=8):  71%|███████   | 1012/1426 [1:49:28<1:07:34,  9.79s/it]Running Vina (ex=8):  71%|███████   | 1013/1426 [1:49:37<1:06:13,  9.62s/it]Running Vina (ex=8):  71%|███████   | 1014/1426 [1:49:39<50:08,  7.30s/it]  Running Vina (ex=8):  71%|███████   | 1015/1426 [1:49:41<40:01,  5.84s/it]Running Vina (ex=8):  71%|███████   | 1016/1426 [1:49:44<32:25,  4.75s/it]Running Vina (ex=8):  71%|███████▏  | 1017/1426 [1:49:45<25:51,  3.79s/it]Running Vina (ex=8):  71%|███████▏  | 1018/1426 [1:49:46<19:53,  2.93s/it]Running Vina (ex=8):  71%|███████▏  | 1019/1426 [1:49:57<35:30,  5.24s/it]Running Vina (ex=8):  72%|███████▏  | 1021/1426 [1:50:19<53:46,  7.97s/it]Running Vina (ex=8):  72%|███████▏  | 1022/1426 [1:50:21<43:42,  6.49s/it]Running Vina (ex=8):  72%|███████▏  | 1023/1426 [1:50:24<36:39,  5.46s/it]Running Vina (ex=8):  72%|███████▏  | 1024/1426 [1:51:04<1:40:49, 15.05s/it]Running Vina (ex=8):  72%|███████▏  | 1025/1426 [1:51:15<1:32:57, 13.91s/it]Running Vina (ex=8):  72%|███████▏  | 1026/1426 [1:51:25<1:25:20, 12.80s/it]Running Vina (ex=8):  72%|███████▏  | 1027/1426 [1:51:38<1:25:18, 12.83s/it]Running Vina (ex=8):  72%|███████▏  | 1028/1426 [1:51:47<1:17:40, 11.71s/it]Running Vina (ex=8):  72%|███████▏  | 1031/1426 [1:51:52<40:27,  6.15s/it]  Running Vina (ex=8):  72%|███████▏  | 1033/1426 [1:52:13<49:51,  7.61s/it]Running Vina (ex=8):  73%|███████▎  | 1034/1426 [1:52:23<53:12,  8.15s/it]Running Vina (ex=8):  73%|███████▎  | 1035/1426 [1:52:31<52:02,  7.99s/it]Running Vina (ex=8):  73%|███████▎  | 1036/1426 [1:52:38<49:55,  7.68s/it]Running Vina (ex=8):  73%|███████▎  | 1037/1426 [1:52:44<47:47,  7.37s/it]Running Vina (ex=8):  73%|███████▎  | 1038/1426 [1:52:50<44:57,  6.95s/it]Running Vina (ex=8):  73%|███████▎  | 1039/1426 [1:52:56<43:55,  6.81s/it]Running Vina (ex=8):  73%|███████▎  | 1040/1426 [1:53:00<37:47,  5.88s/it]Running Vina (ex=8):  73%|███████▎  | 1041/1426 [1:54:32<3:18:05, 30.87s/it]Running Vina (ex=8):  73%|███████▎  | 1042/1426 [1:54:36<2:26:41, 22.92s/it]Running Vina (ex=8):  73%|███████▎  | 1043/1426 [1:54:39<1:48:42, 17.03s/it]Running Vina (ex=8):  73%|███████▎  | 1044/1426 [1:54:42<1:21:53, 12.86s/it]Running Vina (ex=8):  73%|███████▎  | 1045/1426 [1:54:45<1:02:38,  9.86s/it]Running Vina (ex=8):  73%|███████▎  | 1046/1426 [1:54:48<50:12,  7.93s/it]  Running Vina (ex=8):  73%|███████▎  | 1047/1426 [1:54:50<39:35,  6.27s/it]Running Vina (ex=8):  73%|███████▎  | 1048/1426 [1:54:58<42:46,  6.79s/it]Running Vina (ex=8):  74%|███████▎  | 1049/1426 [1:55:16<1:03:58, 10.18s/it]Running Vina (ex=8):  74%|███████▎  | 1050/1426 [1:55:22<55:30,  8.86s/it]  Running Vina (ex=8):  74%|███████▎  | 1051/1426 [1:55:26<45:21,  7.26s/it]Running Vina (ex=8):  74%|███████▍  | 1052/1426 [1:55:45<1:08:15, 10.95s/it]Running Vina (ex=8):  74%|███████▍  | 1053/1426 [1:56:16<1:44:06, 16.75s/it]Running Vina (ex=8):  74%|███████▍  | 1054/1426 [1:56:23<1:26:09, 13.90s/it]Running Vina (ex=8):  74%|███████▍  | 1055/1426 [1:56:33<1:19:13, 12.81s/it]Running Vina (ex=8):  74%|███████▍  | 1056/1426 [1:56:56<1:38:21, 15.95s/it]Running Vina (ex=8):  74%|███████▍  | 1057/1426 [1:57:03<1:21:23, 13.23s/it]Running Vina (ex=8):  74%|███████▍  | 1058/1426 [1:57:05<59:58,  9.78s/it]  Running Vina (ex=8):  74%|███████▍  | 1059/1426 [1:57:14<57:55,  9.47s/it]Running Vina (ex=8):  74%|███████▍  | 1060/1426 [1:57:23<57:55,  9.49s/it]Running Vina (ex=8):  74%|███████▍  | 1061/1426 [1:57:32<55:53,  9.19s/it]Running Vina (ex=8):  74%|███████▍  | 1062/1426 [1:57:39<52:54,  8.72s/it]Running Vina (ex=8):  75%|███████▍  | 1063/1426 [1:57:49<54:15,  8.97s/it]Running Vina (ex=8):  75%|███████▍  | 1064/1426 [1:57:57<52:01,  8.62s/it]Running Vina (ex=8):  75%|███████▍  | 1065/1426 [1:58:05<51:21,  8.54s/it]Running Vina (ex=8):  75%|███████▍  | 1066/1426 [1:58:14<52:06,  8.69s/it]Running Vina (ex=8):  75%|███████▍  | 1067/1426 [1:58:26<56:45,  9.49s/it]Running Vina (ex=8):  75%|███████▍  | 1068/1426 [1:58:32<50:40,  8.49s/it]Running Vina (ex=8):  75%|███████▍  | 1069/1426 [1:58:52<1:11:25, 12.00s/it]Running Vina (ex=8):  75%|███████▌  | 1070/1426 [1:58:58<1:00:03, 10.12s/it]Running Vina (ex=8):  75%|███████▌  | 1071/1426 [1:59:09<1:01:20, 10.37s/it]Running Vina (ex=8):  75%|███████▌  | 1072/1426 [1:59:46<1:49:00, 18.48s/it]Running Vina (ex=8):  75%|███████▌  | 1073/1426 [1:59:51<1:25:34, 14.55s/it]Running Vina (ex=8):  75%|███████▌  | 1074/1426 [2:00:05<1:23:09, 14.18s/it]Running Vina (ex=8):  75%|███████▌  | 1075/1426 [2:00:10<1:06:53, 11.43s/it]Running Vina (ex=8):  75%|███████▌  | 1076/1426 [2:00:17<58:42, 10.06s/it]  Running Vina (ex=8):  76%|███████▌  | 1077/1426 [2:00:26<57:12,  9.83s/it]Running Vina (ex=8):  76%|███████▌  | 1078/1426 [2:00:32<50:20,  8.68s/it]Running Vina (ex=8):  76%|███████▌  | 1079/1426 [2:00:37<43:13,  7.47s/it]Running Vina (ex=8):  76%|███████▌  | 1080/1426 [2:00:39<34:21,  5.96s/it]Running Vina (ex=8):  76%|███████▌  | 1081/1426 [2:00:54<50:49,  8.84s/it]Running Vina (ex=8):  76%|███████▌  | 1082/1426 [2:01:01<46:25,  8.10s/it]Running Vina (ex=8):  76%|███████▌  | 1083/1426 [2:01:10<47:59,  8.40s/it]Running Vina (ex=8):  76%|███████▌  | 1084/1426 [2:01:15<42:36,  7.47s/it]Running Vina (ex=8):  76%|███████▌  | 1085/1426 [2:01:20<37:16,  6.56s/it]Running Vina (ex=8):  76%|███████▌  | 1086/1426 [2:01:26<36:28,  6.44s/it]Running Vina (ex=8):  76%|███████▌  | 1087/1426 [2:01:28<28:56,  5.12s/it]Running Vina (ex=8):  76%|███████▋  | 1088/1426 [2:01:32<26:42,  4.74s/it]Running Vina (ex=8):  76%|███████▋  | 1089/1426 [2:01:36<26:20,  4.69s/it]Running Vina (ex=8):  76%|███████▋  | 1090/1426 [2:01:39<22:33,  4.03s/it]Running Vina (ex=8):  77%|███████▋  | 1091/1426 [2:01:57<45:43,  8.19s/it]Running Vina (ex=8):  77%|███████▋  | 1092/1426 [2:02:14<1:01:13, 11.00s/it]Running Vina (ex=8):  77%|███████▋  | 1093/1426 [2:02:20<52:05,  9.38s/it]  Running Vina (ex=8):  77%|███████▋  | 1094/1426 [2:02:28<49:32,  8.95s/it]Running Vina (ex=8):  77%|███████▋  | 1095/1426 [2:02:36<47:35,  8.63s/it]Running Vina (ex=8):  77%|███████▋  | 1096/1426 [2:02:37<35:44,  6.50s/it]Running Vina (ex=8):  77%|███████▋  | 1097/1426 [2:02:44<35:17,  6.44s/it]Running Vina (ex=8):  77%|███████▋  | 1098/1426 [2:02:57<46:49,  8.56s/it]Running Vina (ex=8):  77%|███████▋  | 1099/1426 [2:03:08<51:04,  9.37s/it]Running Vina (ex=8):  77%|███████▋  | 1100/1426 [2:03:15<47:20,  8.71s/it]Running Vina (ex=8):  77%|███████▋  | 1101/1426 [2:03:22<43:45,  8.08s/it]Running Vina (ex=8):  77%|███████▋  | 1102/1426 [2:03:46<1:08:45, 12.73s/it]Running Vina (ex=8):  77%|███████▋  | 1103/1426 [2:03:55<1:03:24, 11.78s/it]Running Vina (ex=8):  77%|███████▋  | 1104/1426 [2:03:59<50:48,  9.47s/it]  Running Vina (ex=8):  77%|███████▋  | 1105/1426 [2:04:02<39:02,  7.30s/it]Running Vina (ex=8):  78%|███████▊  | 1106/1426 [2:04:06<34:08,  6.40s/it]Running Vina (ex=8):  78%|███████▊  | 1107/1426 [2:04:10<30:55,  5.82s/it]Running Vina (ex=8):  78%|███████▊  | 1108/1426 [2:04:14<28:05,  5.30s/it]Running Vina (ex=8):  78%|███████▊  | 1109/1426 [2:04:22<30:54,  5.85s/it]Running Vina (ex=8):  78%|███████▊  | 1110/1426 [2:04:37<45:17,  8.60s/it]Running Vina (ex=8):  78%|███████▊  | 1111/1426 [2:04:46<46:37,  8.88s/it]Running Vina (ex=8):  78%|███████▊  | 1112/1426 [2:04:57<49:54,  9.54s/it]Running Vina (ex=8):  78%|███████▊  | 1113/1426 [2:05:09<54:03, 10.36s/it]Running Vina (ex=8):  78%|███████▊  | 1114/1426 [2:05:23<58:40, 11.28s/it]Running Vina (ex=8):  78%|███████▊  | 1115/1426 [2:05:39<1:05:42, 12.68s/it]Running Vina (ex=8):  78%|███████▊  | 1116/1426 [2:05:54<1:09:32, 13.46s/it]Running Vina (ex=8):  78%|███████▊  | 1117/1426 [2:06:15<1:20:49, 15.69s/it]Running Vina (ex=8):  78%|███████▊  | 1118/1426 [2:06:17<58:52, 11.47s/it]  Running Vina (ex=8):  78%|███████▊  | 1119/1426 [2:06:21<48:16,  9.44s/it]Running Vina (ex=8):  79%|███████▊  | 1120/1426 [2:06:24<37:43,  7.40s/it]Running vina for 8bhg__1__1.B_1.C__1.K, ligand 1.K...
Running vina for 8bi6__1__1.A__1.D, ligand 1.D...
Running vina for 8bih__1__1.A_1.L__1.N, ligand 1.N...
Running vina for 8biq__1__1.C__1.G, ligand 1.G...
Running vina for 8bir__1__1.A_1.B__1.D, ligand 1.D...
  Skipping (exists) 8bir__1__1.A_1.B__1.D 1.D
Running vina for 8bj3__1__1.A_1.B__1.C, ligand 1.C...
Running vina for 8bjd__1__1.A__1.B, ligand 1.B...
Running vina for 8bjt__1__1.A__1.C, ligand 1.C...
Running vina for 8bju__1__1.A__1.B, ligand 1.B...
Running vina for 8bk0__1__1.A__1.H, ligand 1.H...
Running vina for 8blt__1__1.A_1.B__1.I, ligand 1.I...
Running vina for 8bnx__1__1.A__1.C, ligand 1.C...
Running vina for 8bo3__1__1.A__1.B, ligand 1.B...
Running vina for 8bo4__1__1.A__1.C, ligand 1.C...
Running vina for 8boc__1__1.A__1.B, ligand 1.B...
Running vina for 8bok__1__1.A__1.B, ligand 1.B...
Running vina for 8bq4__1__1.B__1.D, ligand 1.D...
Running vina for 8br5__1__1.A__1.E, ligand 1.E...
Running vina for 8br6__1__1.A__1.C, ligand 1.C...
Running vina for 8bsg__1__1.A__1.B, ligand 1.B...
Running vina for 8bsl__1__1.C_1.D__1.F, ligand 1.F...
Running vina for 8bst__1__1.A__1.R, ligand 1.R...
Running vina for 8bt0__1__1.A__1.M, ligand 1.M...
Running vina for 8bt2__1__1.A__1.M, ligand 1.M...
Running vina for 8c1m__1__1.A__1.C, ligand 1.C...
Running vina for 8c3g__1__1.C__1.AA, ligand 1.AA...
Warning: Receptor file not found for 8c3i__1__1.B__1.D
Running vina for 8c3r__1__1.A__1.C, ligand 1.C...
Running vina for 8c3u__1__1.A__1.C, ligand 1.C...
Running vina for 8c6l__1__1.A__1.C, ligand 1.C...
Running vina for 8c6n__1__1.A__1.B, ligand 1.B...
Running vina for 8c6o__1__1.A__1.C, ligand 1.C...
Running vina for 8c6p__1__1.A__1.B, ligand 1.B...
Running vina for 8c6q__1__1.A__1.C, ligand 1.C...
Running vina for 8c6s__1__1.A__1.C, ligand 1.C...
Running vina for 8c70__1__1.A__1.B, ligand 1.B...
Running vina for 8c71__1__1.A__1.C, ligand 1.C...
Running vina for 8c74__1__1.A__1.C, ligand 1.C...
Running vina for 8c9d__1__1.A__1.D, ligand 1.D...
Running vina for 8c9e__1__1.A__1.C, ligand 1.C...
Running vina for 8caa__1__1.B__1.F, ligand 1.F...
Running vina for 8cbh__1__1.A__1.C, ligand 1.C...
Running vina for 8cbr__1__1.A_1.B_1.D__1.E, ligand 1.E...
Running vina for 8cbs__1__1.B_1.C_1.D__1.L, ligand 1.L...
Running vina for 8cbu__1__1.A_1.B_1.D__1.M, ligand 1.M...
Running vina for 8cdw__1__1.B__1.D, ligand 1.D...
Running vina for 8ce3__1__1.A_1.B__1.E, ligand 1.E...
Running vina for 8ceq__1__1.A__1.C, ligand 1.C...
Running vina for 8ces__1__1.A__1.C, ligand 1.C...
Running vina for 8cev__1__1.A__1.C, ligand 1.C...
Running vina for 8cex__1__1.A__1.D, ligand 1.D...
Running vina for 8cey__1__1.A__1.D, ligand 1.D...
Running vina for 8cfb__1__1.A__1.L, ligand 1.L...
Running vina for 8cg0__1__1.D__1.IA, ligand 1.IA...
Running vina for 8ch9__1__1.G__1.BB, ligand 1.BB...
Running vina for 8chc__1__1.A__1.B, ligand 1.B...
Warning: No ligand files found for 8chk__1__1.A__1.D
Running vina for 8cij__1__1.A__1.B, ligand 1.B...
Running vina for 8cje__1__1.A__1.F, ligand 1.F...
Running vina for 8cjg__1__1.A__1.D, ligand 1.D...
Running vina for 8cju__1__1.A__1.B, ligand 1.B...
Running vina for 8ck5__1__1.A__1.D, ligand 1.D...
Running vina for 8ckc__1__2.A__2.D, ligand 2.D...
Running vina for 8ckh__1__1.A_1.B__1.D, ligand 1.D...
Running vina for 8clq__1__1.A__1.E, ligand 1.E...
Running vina for 8cou__1__1.A__1.V, ligand 1.V...
  Skipping (exists) 8cou__1__1.A__1.V 1.V
Running vina for 8cov__1__1.A__1.D, ligand 1.D...
  Skipping (exists) 8cov__1__1.A__1.D 1.D
Running vina for 8cp7__1__1.A__1.B, ligand 1.B...
Running vina for 8cpb__1__1.B__1.H, ligand 1.H...
  Skipping (exists) 8cpb__1__1.B__1.H 1.H
Running vina for 8crj__1__1.A__1.B, ligand 1.B...
Running vina for 8crl__1__1.A__1.C, ligand 1.C...
Running vina for 8cta__1__1.A_1.B_1.D__1.Q, ligand 1.Q...
Running vina for 8cu7__1__1.A__1.C, ligand 1.C...
Running vina for 8cyu__1__1.A_1.B__1.F, ligand 1.F...
Running vina for 8cyz__1__1.A_1.C__1.E, ligand 1.E...
Running vina for 8cz7__1__1.A_1.C__1.E, ligand 1.E...
Running vina for 8d0e__1__1.B__1.D, ligand 1.D...
Running vina for 8d0f__1__1.A_1.B__1.D, ligand 1.D...
Running vina for 8d6c__1__1.A__1.F, ligand 1.F...
Running vina for 8d6e__1__1.A__1.D, ligand 1.D...
Running vina for 8d6f__1__1.A__1.D, ligand 1.D...
Running vina for 8d6m__1__1.A__1.C, ligand 1.C...
Running vina for 8d6t__1__1.A__1.C, ligand 1.C...
Running vina for 8db0__1__1.A__1.E, ligand 1.E...
Running vina for 8deg__1__1.A__1.B, ligand 1.B...
Running vina for 8dhw__1__1.B_2.B__2.I, ligand 2.I...
Running vina for 8dk4__1__1.A__1.C, ligand 1.C...
Running vina for 8dml__1__1.B__1.J, ligand 1.J...
Running vina for 8dmt__1__1.A__1.E, ligand 1.E...
Running vina for 8dqd__1__1.A__1.B, ligand 1.B...
Running vina for 8dsc__1__1.B__1.L, ligand 1.L...
Running vina for 8dsh__1__1.A_1.B__1.C, ligand 1.C...
Running vina for 8dsm__1__1.A_1.B__1.J, ligand 1.J...
Running vina for 8dsr__1__1.A__1.C, ligand 1.C...
Running vina for 8du3__1__1.A__1.B, ligand 1.B...
Running vina for 8du6__1__1.B__1.D, ligand 1.D...
Running vina for 8du8__1__1.A__1.C, ligand 1.C...
Running vina for 8du9__1__1.B__1.D, ligand 1.D...
Running vina for 8dub__1__1.A__1.C, ligand 1.C...
Running vina for 8duh__1__1.A__1.C, ligand 1.C...
Running vina for 8dui__1__1.A__1.C, ligand 1.C...
Running vina for 8duk__1__1.A__1.E, ligand 1.E...
Running vina for 8dv7__1__1.B__1.D, ligand 1.D...
Running vina for 8dv8__1__1.A__1.C, ligand 1.C...
Running vina for 8dxk__1__1.A_1.B__1.C, ligand 1.C...
Running vina for 8e0h__1__1.A__1.C, ligand 1.C...
Running vina for 8e0t__1__1.C__1.F, ligand 1.F...
Running vina for 8e1o__1__1.A__1.D, ligand 1.D...
Running vina for 8e1t__1__1.A__1.D, ligand 1.D...
Running vina for 8e1x__1__1.A__1.C, ligand 1.C...
Running vina for 8e5m__1__1.A_1.E__1.U, ligand 1.U...
Running vina for 8e80__1__1.A__1.B, ligand 1.B...
Running vina for 8e81__1__1.A__1.B, ligand 1.B...
Running vina for 8ea6__1__1.A_1.B__1.C, ligand 1.C...
Running vina for 8efj__1__1.A__1.D, ligand 1.D...
Running vina for 8egz__1__1.B__1.I, ligand 1.I...
Running vina for 8emu__1__1.A__1.E, ligand 1.E...
Running vina for 8eni__1__2.A__2.B, ligand 2.B...
Running vina for 8eq9__1__1.A__1.B, ligand 1.B...
Running vina for 8eqz__1__1.A__1.C, ligand 1.C...
Running vina for 8erb__1__1.A_1.C__1.Q, ligand 1.Q...
Running vina for 8erd__1__1.A__1.B, ligand 1.B...
Running vina for 8erj__1__1.A_2.C__1.I, ligand 1.I...
Running vina for 8et0__1__1.B__1.L, ligand 1.L...
Running vina for 8etl__1__1.A__1.C, ligand 1.C...
Running vina for 8ex1__1__1.A__1.B, ligand 1.B...
Running vina for 8ex2__1__1.A__1.B, ligand 1.B...
Running vina for 8exl__1__1.A__1.B, ligand 1.B...
Running vina for 8exu__1__1.A__1.B, ligand 1.B...
Running vina for 8ez1__1__1.A_1.B__1.D, ligand 1.D...
Running vina for 8f1g__1__1.A__1.C, ligand 1.C...
Running vina for 8f1z__1__1.A__1.B, ligand 1.B...
Running vina for 8f4q__1__1.A__1.F, ligand 1.F...
Running vina for 8f8e__1__1.A__1.C, ligand 1.C...
Running vina for 8f8m__1__1.A__1.C, ligand 1.C...
Running vina for 8fb1__1__1.A__1.C, ligand 1.C...
Running vina for 8fb1__1__1.A__1.D, ligand 1.D...
Running vina for 8fcd__1__1.A_1.B__1.C, ligand 1.C...
Running vina for 8fe6__1__1.A__1.I, ligand 1.I...
Running vina for 8fe8__1__1.A_1.B__1.C, ligand 1.C...
Running vina for 8fe9__1__1.A__1.B, ligand 1.B...
Running vina for 8fgz__1__1.A__1.B, ligand 1.B...
Running vina for 8fh4__1__1.A__1.E, ligand 1.E...
Running vina for 8fjz__1__1.C__1.I, ligand 1.I...
Running vina for 8fko__1__1.C__1.I, ligand 1.I...
Running vina for 8fly__1__1.A__1.K, ligand 1.K...
Running vina for 8flz__1__1.A__1.K, ligand 1.K...
Running vina for 8fm0__1__1.A__1.K, ligand 1.K...
Running vina for 8fm2__1__1.A__1.K, ligand 1.K...
Running vina for 8fm3__1__1.A__1.K, ligand 1.K...
Running vina for 8fm4__1__1.A__1.K, ligand 1.K...
Running vina for 8fm5__1__1.A__1.K, ligand 1.K...
Running vina for 8fm7__1__1.A__1.K, ligand 1.K...
Running vina for 8fm8__1__1.A__1.K, ligand 1.K...
Running vina for 8fo5__1__1.A_1.B__1.E, ligand 1.E...
Running vina for 8fp1__1__1.A__1.B, ligand 1.B...
Running vina for 8ftr__1__2.A__2.B, ligand 2.B...
Running Vina (ex=8):  79%|███████▊  | 1121/1426 [2:06:28<33:01,  6.50s/it]Running Vina (ex=8):  79%|███████▊  | 1122/1426 [2:06:33<30:38,  6.05s/it]Running Vina (ex=8):  79%|███████▉  | 1123/1426 [2:06:39<29:13,  5.79s/it]Running Vina (ex=8):  79%|███████▉  | 1124/1426 [2:06:44<29:21,  5.83s/it]Running Vina (ex=8):  79%|███████▉  | 1125/1426 [2:06:59<42:17,  8.43s/it]Running Vina (ex=8):  79%|███████▉  | 1126/1426 [2:07:08<43:27,  8.69s/it]Running Vina (ex=8):  79%|███████▉  | 1127/1426 [2:07:15<40:23,  8.10s/it]Running Vina (ex=8):  79%|███████▉  | 1128/1426 [2:08:05<1:42:16, 20.59s/it]Running Vina (ex=8):  79%|███████▉  | 1129/1426 [2:08:07<1:14:22, 15.03s/it]Running Vina (ex=8):  79%|███████▉  | 1130/1426 [2:08:13<1:00:37, 12.29s/it]Running Vina (ex=8):  79%|███████▉  | 1131/1426 [2:08:14<44:30,  9.05s/it]  Running Vina (ex=8):  79%|███████▉  | 1132/1426 [2:08:16<33:10,  6.77s/it]Running Vina (ex=8):  79%|███████▉  | 1133/1426 [2:08:20<29:49,  6.11s/it]Running Vina (ex=8):  80%|███████▉  | 1134/1426 [2:08:23<25:37,  5.26s/it]Running Vina (ex=8):  80%|███████▉  | 1135/1426 [2:09:00<1:10:23, 14.51s/it]Running Vina (ex=8):  80%|███████▉  | 1136/1426 [2:09:04<56:12, 11.63s/it]  Running Vina (ex=8):  80%|███████▉  | 1137/1426 [2:09:10<47:38,  9.89s/it]Running Vina (ex=8):  80%|███████▉  | 1138/1426 [2:09:14<38:52,  8.10s/it]Running Vina (ex=8):  80%|███████▉  | 1139/1426 [2:09:20<35:22,  7.40s/it]Running Vina (ex=8):  80%|███████▉  | 1140/1426 [2:09:45<1:00:19, 12.65s/it]Running Vina (ex=8):  80%|████████  | 1141/1426 [2:09:51<51:09, 10.77s/it]  Running Vina (ex=8):  80%|████████  | 1142/1426 [2:09:58<44:35,  9.42s/it]Running Vina (ex=8):  80%|████████  | 1143/1426 [2:10:03<38:46,  8.22s/it]Running Vina (ex=8):  80%|████████  | 1144/1426 [2:10:08<33:56,  7.22s/it]Running Vina (ex=8):  80%|████████  | 1145/1426 [2:10:12<29:51,  6.38s/it]Running Vina (ex=8):  80%|████████  | 1146/1426 [2:10:18<29:05,  6.23s/it]Running Vina (ex=8):  80%|████████  | 1147/1426 [2:10:22<25:52,  5.57s/it]Running Vina (ex=8):  81%|████████  | 1148/1426 [2:10:27<24:19,  5.25s/it]Running Vina (ex=8):  81%|████████  | 1149/1426 [2:10:32<23:52,  5.17s/it]Running Vina (ex=8):  81%|████████  | 1150/1426 [2:10:34<19:12,  4.18s/it]Running Vina (ex=8):  81%|████████  | 1151/1426 [2:10:43<27:07,  5.92s/it]Running Vina (ex=8):  81%|████████  | 1152/1426 [2:10:49<26:48,  5.87s/it]Running Vina (ex=8):  81%|████████  | 1153/1426 [2:10:52<21:49,  4.80s/it]Running Vina (ex=8):  81%|████████  | 1154/1426 [2:10:56<21:17,  4.70s/it]Running Vina (ex=8):  81%|████████  | 1155/1426 [2:11:00<20:15,  4.49s/it]Running Vina (ex=8):  81%|████████  | 1156/1426 [2:11:05<21:26,  4.77s/it]Running Vina (ex=8):  81%|████████  | 1157/1426 [2:11:13<25:28,  5.68s/it]Running Vina (ex=8):  81%|████████  | 1158/1426 [2:11:20<26:46,  5.99s/it]Running Vina (ex=8):  81%|████████▏ | 1159/1426 [2:11:32<34:56,  7.85s/it]Running Vina (ex=8):  81%|████████▏ | 1160/1426 [2:11:38<32:33,  7.34s/it]Running Vina (ex=8):  81%|████████▏ | 1161/1426 [2:11:54<42:52,  9.71s/it]Running Vina (ex=8):  81%|████████▏ | 1162/1426 [2:12:07<47:45, 10.85s/it]Running Vina (ex=8):  82%|████████▏ | 1164/1426 [2:12:18<36:13,  8.30s/it]Running Vina (ex=8):  82%|████████▏ | 1165/1426 [2:12:27<36:54,  8.49s/it]Running Vina (ex=8):  82%|████████▏ | 1167/1426 [2:12:41<34:13,  7.93s/it]Running Vina (ex=8):  82%|████████▏ | 1168/1426 [2:12:44<29:10,  6.79s/it]Running Vina (ex=8):  82%|████████▏ | 1169/1426 [2:12:49<27:30,  6.42s/it]Running Vina (ex=8):  82%|████████▏ | 1170/1426 [2:12:51<22:44,  5.33s/it]Running Vina (ex=8):  82%|████████▏ | 1171/1426 [2:12:54<19:36,  4.62s/it]Running Vina (ex=8):  82%|████████▏ | 1172/1426 [2:13:05<27:02,  6.39s/it]Running Vina (ex=8):  82%|████████▏ | 1174/1426 [2:13:11<20:49,  4.96s/it]Running Vina (ex=8):  82%|████████▏ | 1175/1426 [2:13:16<20:10,  4.82s/it]Running Vina (ex=8):  82%|████████▏ | 1176/1426 [2:13:18<17:16,  4.15s/it]Running Vina (ex=8):  83%|████████▎ | 1177/1426 [2:13:25<20:19,  4.90s/it]Running Vina (ex=8):  83%|████████▎ | 1178/1426 [2:13:33<23:15,  5.63s/it]Running Vina (ex=8):  83%|████████▎ | 1179/1426 [2:13:41<26:04,  6.33s/it]Running Vina (ex=8):  83%|████████▎ | 1180/1426 [2:13:43<21:12,  5.17s/it]Running Vina (ex=8):  83%|████████▎ | 1181/1426 [2:14:03<38:47,  9.50s/it]Running Vina (ex=8):  83%|████████▎ | 1182/1426 [2:14:10<36:15,  8.91s/it]Running Vina (ex=8):  83%|████████▎ | 1183/1426 [2:14:20<36:43,  9.07s/it]Running Vina (ex=8):  83%|████████▎ | 1184/1426 [2:14:22<28:09,  6.98s/it]Running Vina (ex=8):  83%|████████▎ | 1185/1426 [2:14:24<22:24,  5.58s/it]Running Vina (ex=8):  83%|████████▎ | 1186/1426 [2:14:27<18:25,  4.60s/it]Running Vina (ex=8):  83%|████████▎ | 1187/1426 [2:14:52<43:22, 10.89s/it]Running Vina (ex=8):  83%|████████▎ | 1188/1426 [2:14:57<36:01,  9.08s/it]Running Vina (ex=8):  83%|████████▎ | 1189/1426 [2:15:05<34:27,  8.72s/it]Running Vina (ex=8):  83%|████████▎ | 1190/1426 [2:15:49<1:15:57, 19.31s/it]Running Vina (ex=8):  84%|████████▎ | 1192/1426 [2:15:54<44:45, 11.48s/it]  Running Vina (ex=8):  84%|████████▎ | 1193/1426 [2:16:00<39:40, 10.22s/it]Running Vina (ex=8):  84%|████████▎ | 1194/1426 [2:16:06<35:27,  9.17s/it]Running Vina (ex=8):  84%|████████▍ | 1195/1426 [2:16:12<31:21,  8.15s/it]Running Vina (ex=8):  84%|████████▍ | 1196/1426 [2:16:16<27:24,  7.15s/it]Running Vina (ex=8):  84%|████████▍ | 1197/1426 [2:16:22<25:46,  6.75s/it]Running Vina (ex=8):  84%|████████▍ | 1198/1426 [2:16:26<22:58,  6.04s/it]Running Vina (ex=8):  84%|████████▍ | 1199/1426 [2:16:28<18:23,  4.86s/it]Running Vina (ex=8):  84%|████████▍ | 1200/1426 [2:16:32<17:28,  4.64s/it]Running Vina (ex=8):  84%|████████▍ | 1201/1426 [2:16:54<36:48,  9.82s/it]Running Vina (ex=8):  84%|████████▍ | 1203/1426 [2:16:57<22:14,  5.98s/it]Running Vina (ex=8):  84%|████████▍ | 1204/1426 [2:17:00<18:58,  5.13s/it]Running Vina (ex=8):  85%|████████▍ | 1205/1426 [2:17:46<58:33, 15.90s/it]Running Vina (ex=8):  85%|████████▍ | 1207/1426 [2:17:51<36:57, 10.13s/it]Running Vina (ex=8):  85%|████████▍ | 1209/1426 [2:17:54<24:36,  6.80s/it]Running Vina (ex=8):  85%|████████▍ | 1210/1426 [2:17:58<22:12,  6.17s/it]Running Vina (ex=8):  85%|████████▍ | 1211/1426 [2:18:23<37:52, 10.57s/it]Running Vina (ex=8):  85%|████████▍ | 1212/1426 [2:18:50<52:10, 14.63s/it]Running Vina (ex=8):  85%|████████▌ | 1213/1426 [2:18:52<40:42, 11.47s/it]Running Vina (ex=8):  85%|████████▌ | 1214/1426 [2:19:01<37:40, 10.66s/it]Running Vina (ex=8):  85%|████████▌ | 1215/1426 [2:19:11<37:29, 10.66s/it]Running Vina (ex=8):  85%|████████▌ | 1216/1426 [2:19:27<41:56, 11.98s/it]Running Vina (ex=8):  85%|████████▌ | 1217/1426 [2:19:36<38:46, 11.13s/it]Running Vina (ex=8):  85%|████████▌ | 1218/1426 [2:19:40<31:50,  9.18s/it]Running Vina (ex=8):  85%|████████▌ | 1219/1426 [2:19:49<30:54,  8.96s/it]Running Vina (ex=8):  86%|████████▌ | 1220/1426 [2:19:56<29:38,  8.63s/it]Running Vina (ex=8):  86%|████████▌ | 1221/1426 [2:19:59<23:24,  6.85s/it]Running Vina (ex=8):  86%|████████▌ | 1222/1426 [2:20:02<19:07,  5.63s/it]Running Vina (ex=8):  86%|████████▌ | 1223/1426 [2:20:05<16:54,  5.00s/it]Running Vina (ex=8):  86%|████████▌ | 1224/1426 [2:20:08<14:14,  4.23s/it]Running Vina (ex=8):  86%|████████▌ | 1225/1426 [2:20:09<11:33,  3.45s/it]Running Vina (ex=8):  86%|████████▌ | 1226/1426 [2:20:11<09:42,  2.91s/it]Running Vina (ex=8):  86%|████████▌ | 1227/1426 [2:20:17<12:47,  3.86s/it]Running Vina (ex=8):  86%|████████▌ | 1228/1426 [2:20:31<22:40,  6.87s/it]Running Vina (ex=8):  86%|████████▌ | 1229/1426 [2:20:34<18:16,  5.56s/it]Running Vina (ex=8):  86%|████████▋ | 1230/1426 [2:20:35<14:39,  4.49s/it]Running Vina (ex=8):  86%|████████▋ | 1231/1426 [2:20:39<13:12,  4.06s/it]Running Vina (ex=8):  86%|████████▋ | 1233/1426 [2:20:41<08:30,  2.65s/it]Running Vina (ex=8):  87%|████████▋ | 1234/1426 [2:20:48<12:06,  3.78s/it]Running Vina (ex=8):  87%|████████▋ | 1235/1426 [2:20:50<10:41,  3.36s/it]Running Vina (ex=8):  87%|████████▋ | 1236/1426 [2:21:09<23:55,  7.55s/it]Running Vina (ex=8):  87%|████████▋ | 1237/1426 [2:21:15<22:22,  7.10s/it]Running Vina (ex=8):  87%|████████▋ | 1238/1426 [2:21:17<18:11,  5.80s/it]Running Vina (ex=8):  87%|████████▋ | 1239/1426 [2:21:31<25:20,  8.13s/it]Running Vina (ex=8):  87%|████████▋ | 1240/1426 [2:21:33<19:46,  6.38s/it]Running Vina (ex=8):  87%|████████▋ | 1241/1426 [2:21:35<15:55,  5.16s/it]Running Vina (ex=8):  87%|████████▋ | 1242/1426 [2:21:42<17:24,  5.67s/it]Running Vina (ex=8):  87%|████████▋ | 1243/1426 [2:21:44<13:53,  4.55s/it]Running Vina (ex=8):  87%|████████▋ | 1244/1426 [2:21:46<11:16,  3.72s/it]Running Vina (ex=8):  87%|████████▋ | 1245/1426 [2:21:48<09:25,  3.12s/it]Running Vina (ex=8):  87%|████████▋ | 1246/1426 [2:21:50<08:15,  2.75s/it]Running Vina (ex=8):  87%|████████▋ | 1247/1426 [2:21:51<07:04,  2.37s/it]Running Vina (ex=8):  88%|████████▊ | 1249/1426 [2:21:55<06:14,  2.12s/it]Running Vina (ex=8):  88%|████████▊ | 1250/1426 [2:21:59<07:58,  2.72s/it]Running Vina (ex=8):  88%|████████▊ | 1251/1426 [2:22:08<12:25,  4.26s/it]Running Vina (ex=8):  88%|████████▊ | 1252/1426 [2:22:09<10:08,  3.50s/it]Running Vina (ex=8):  88%|████████▊ | 1254/1426 [2:22:14<08:49,  3.08s/it]Running Vina (ex=8):  88%|████████▊ | 1255/1426 [2:22:22<11:40,  4.10s/it]Running Vina (ex=8):  88%|████████▊ | 1256/1426 [2:22:25<10:55,  3.86s/it]Running Vina (ex=8):  88%|████████▊ | 1257/1426 [2:22:29<11:13,  3.99s/it]Running Vina (ex=8):  88%|████████▊ | 1258/1426 [2:22:33<11:03,  3.95s/it]Running Vina (ex=8):  88%|████████▊ | 1259/1426 [2:22:56<25:31,  9.17s/it]Running Vina (ex=8):  88%|████████▊ | 1260/1426 [2:23:07<26:46,  9.68s/it]Running Vina (ex=8):  88%|████████▊ | 1261/1426 [2:23:24<32:41, 11.89s/it]Running Vina (ex=8):  88%|████████▊ | 1262/1426 [2:23:25<24:16,  8.88s/it]Running Vina (ex=8):  89%|████████▊ | 1263/1426 [2:23:31<21:45,  8.01s/it]Running Vina (ex=8):  89%|████████▊ | 1264/1426 [2:23:37<20:01,  7.42s/it]Running Vina (ex=8):  89%|████████▊ | 1265/1426 [2:24:25<51:43, 19.28s/it]Running Vina (ex=8):  89%|████████▉ | 1266/1426 [2:24:30<40:36, 15.23s/it]Running Vina (ex=8):  89%|████████▉ | 1267/1426 [2:24:38<34:43, 13.10s/it]Running Vina (ex=8):  89%|████████▉ | 1268/1426 [2:24:55<37:27, 14.22s/it]Running Vina (ex=8):  89%|████████▉ | 1269/1426 [2:25:04<33:16, 12.72s/it]Running Vina (ex=8):  89%|████████▉ | 1270/1426 [2:25:27<40:21, 15.52s/it]Running Vina (ex=8):  89%|████████▉ | 1271/1426 [2:25:29<30:01, 11.62s/it]Running Vina (ex=8):  89%|████████▉ | 1272/1426 [2:25:34<24:25,  9.52s/it]Running Vina (ex=8):  89%|████████▉ | 1273/1426 [2:25:36<18:45,  7.35s/it]Running Vina (ex=8):  89%|████████▉ | 1274/1426 [2:25:38<14:38,  5.78s/it]Running Vina (ex=8):  89%|████████▉ | 1275/1426 [2:25:40<11:37,  4.62s/it]Running vina for 8fwz__1__1.B__1.E, ligand 1.E...
Running vina for 8fx1__1__1.A__1.C, ligand 1.C...
Running vina for 8fx2__1__1.B__1.D, ligand 1.D...
Running vina for 8fx3__1__1.B__1.D, ligand 1.D...
Running vina for 8fxn__1__1.A__1.B, ligand 1.B...
Running vina for 8fy7__1__1.A_1.B__1.C, ligand 1.C...
Running vina for 8g3e__1__1.A__1.C, ligand 1.C...
Running vina for 8g3s__1__1.A__1.E, ligand 1.E...
Running vina for 8g4a__1__1.A_1.B__1.C, ligand 1.C...
Running vina for 8g63__1__1.A__1.B, ligand 1.B...
Running vina for 8g68__1__1.A__1.C, ligand 1.C...
Running vina for 8g69__1__1.A__1.C, ligand 1.C...
Running vina for 8g8o__1__1.B__1.E, ligand 1.E...
Running vina for 8g8x__1__1.A__1.C, ligand 1.C...
Running vina for 8g9d__1__1.A__1.B, ligand 1.B...
Running vina for 8gcz__1__1.A__1.N, ligand 1.N...
Running vina for 8gdk__1__1.A__1.O, ligand 1.O...
Running vina for 8gds__1__1.A__1.E, ligand 1.E...
Running vina for 8gem__1__1.A__1.B, ligand 1.B...
Running vina for 8gen__1__2.A_3.A__3.B, ligand 3.B...
Running vina for 8get__1__1.C__1.M, ligand 1.M...
Running vina for 8geu__1__1.A__1.B, ligand 1.B...
Running vina for 8gev__1__1.A__1.B, ligand 1.B...
Running vina for 8gez__1__1.A__1.B, ligand 1.B...
Running vina for 8gf0__1__1.A__1.B, ligand 1.B...
Running vina for 8gfd__1__1.A__1.B, ligand 1.B...
Running vina for 8gff__1__1.A__1.B, ligand 1.B...
Running vina for 8gfg__1__1.A__1.B, ligand 1.B...
Running vina for 8gfq__1__1.A__1.B, ligand 1.B...
Running vina for 8gfs__1__1.A__1.B, ligand 1.B...
Running vina for 8gkf__1__1.A__1.J, ligand 1.J...
Running vina for 8gkt__1__1.A_1.B__1.E, ligand 1.E...
Running vina for 8gm5__1__1.A__1.D, ligand 1.D...
Running vina for 8gne__1__1.A__1.B, ligand 1.B...
Running vina for 8gne__1__1.A__1.E, ligand 1.E...
Running vina for 8goy__1__1.A_1.B__1.E, ligand 1.E...
Running vina for 8gtg__1__1.A__1.C, ligand 1.C...
Running vina for 8gti__1__1.A__1.H, ligand 1.H...
Running vina for 8gtm__1__1.A__1.C, ligand 1.C...
Running vina for 8gtv__1__1.A_2.B__2.D, ligand 2.D...
Running vina for 8gu1__1__1.A_1.B__1.D, ligand 1.D...
Running vina for 8gvj__1__1.A__1.B, ligand 1.B...
Running vina for 8gww__1__1.A__1.C, ligand 1.C...
  Skipping (exists) 8gww__1__1.A__1.C 1.C
Running vina for 8gyd__1__1.A_1.B__1.K, ligand 1.K...
Running vina for 8gzc__1__1.A__1.F, ligand 1.F...
Running vina for 8h4q__1__1.A__1.C, ligand 1.C...
  Skipping (exists) 8h4q__1__1.A__1.C 1.C
Running vina for 8h59__1__1.A__1.B, ligand 1.B...
Running vina for 8h7r__1__1.A__1.B, ligand 1.B...
Running vina for 8haq__1__1.A__1.C, ligand 1.C...
Running vina for 8hch__1__1.C__1.J, ligand 1.J...
Running vina for 8hd3__1__1.A__1.C, ligand 1.C...
Running vina for 8hf8__1__1.A__1.C, ligand 1.C...
Running vina for 8hlj__1__1.A__1.C, ligand 1.C...
  Skipping (exists) 8hlj__1__1.A__1.C 1.C
Running vina for 8hms__1__1.A__1.E, ligand 1.E...
Running vina for 8ho5__1__1.A__1.B, ligand 1.B...
Running vina for 8hpc__1__1.A_1.H__1.P, ligand 1.P...
Running vina for 8hul__1__1.A__1.C, ligand 1.C...
Running vina for 8hum__1__1.A__1.C, ligand 1.C...
Running vina for 8huu__1__1.A__1.C, ligand 1.C...
Running vina for 8hx6__1__1.B__1.F, ligand 1.F...
Running vina for 8i0d__1__1.A__1.B, ligand 1.B...
Running vina for 8i1o__1__1.A__1.F, ligand 1.F...
Running vina for 8i2n__1__1.A__1.C, ligand 1.C...
Running vina for 8i4i__1__1.A__1.C, ligand 1.C...
Running vina for 8ie5__1__1.A__1.B, ligand 1.B...
Running vina for 8ie6__1__1.A__1.B, ligand 1.B...
Running vina for 8in7__1__1.A__1.B, ligand 1.B...
Running vina for 8iqn__1__1.A__1.B, ligand 1.B...
Running vina for 8iqt__1__1.A__1.B, ligand 1.B...
Running vina for 8iqu__1__1.A__1.B, ligand 1.B...
Warning: Receptor file not found for 8iui__1__1.A__1.C
Running vina for 8ivn__1__1.A_1.B__1.C, ligand 1.C...
Running vina for 8ivr__1__1.A__1.B, ligand 1.B...
Running vina for 8ivs__1__1.A_1.B__1.C, ligand 1.C...
Running vina for 8ivt__1__1.A_1.B__1.F, ligand 1.F...
Running vina for 8ivu__1__1.A_1.B__1.I, ligand 1.I...
Running vina for 8iw3__1__1.A_1.B__1.C, ligand 1.C...
Running vina for 8iw6__1__1.A_1.B__1.F, ligand 1.F...
Running vina for 8ixq__1__1.B__1.E, ligand 1.E...
Running vina for 8izc__1__1.A_1.B__1.I, ligand 1.I...
Running vina for 8j30__1__1.A__1.C, ligand 1.C...
Running vina for 8j40__1__1.A_2.A__1.D, ligand 1.D...
  Skipping (exists) 8j40__1__1.A_2.A__1.D 1.D
Running vina for 8j5e__1__1.A__1.B, ligand 1.B...
Running vina for 8j5f__1__2.A__2.B, ligand 2.B...
Running vina for 8j5x__1__1.A__1.B, ligand 1.B...
Running vina for 8j6n__1__1.A_1.D__1.M, ligand 1.M...
  Skipping (exists) 8j6n__1__1.A_1.D__1.M 1.M
Running vina for 8j7j__1__1.A_1.B__1.C, ligand 1.C...
Warning: Receptor file not found for 8jb3__1__1.A__1.B
Running vina for 8jby__1__1.A__1.C, ligand 1.C...
Running vina for 8jg8__1__1.A__1.B, ligand 1.B...
Running vina for 8jjq__1__1.A__1.D, ligand 1.D...
Running vina for 8jjt__1__1.A__1.D, ligand 1.D...
Running vina for 8jmo__1__1.A__1.D, ligand 1.D...
Running vina for 8jmp__1__1.A__1.D, ligand 1.D...
Running vina for 8jot__1__1.A__1.B, ligand 1.B...
Running vina for 8jqz__1__1.A_2.B__1.C, ligand 1.C...
Running vina for 8jt3__1__1.A_1.C__1.E, ligand 1.E...
Running vina for 8ju9__1__1.A_2.A_4.A__1.B, ligand 1.B...
Running vina for 8jub__1__1.A_1.B_1.D__1.E, ligand 1.E...
Running vina for 8jwy__1__1.A__1.B, ligand 1.B...
Running vina for 8jya__1__1.B__1.G, ligand 1.G...
Running vina for 8jyc__1__1.A_1.B_1.C__1.T, ligand 1.T...
Running vina for 8jye__1__1.A_1.B_1.D__1.P, ligand 1.P...
Running vina for 8jyf__1__1.B__1.F, ligand 1.F...
Running vina for 8k2k__1__1.A__1.B, ligand 1.B...
Running vina for 8k2m__1__1.A__1.B, ligand 1.B...
Running vina for 8k4c__1__1.B__1.G, ligand 1.G...
Running vina for 8k5y__1__1.A__1.H, ligand 1.H...
Running vina for 8ki5__1__1.A__1.B, ligand 1.B...
Running vina for 8og5__1__1.A__1.D, ligand 1.D...
Running vina for 8og8__1__1.A__1.B, ligand 1.B...
Warning: Receptor file not found for 8og9__1__1.A__1.B
Running vina for 8oiz__1__1.B__1.J, ligand 1.J...
Running vina for 8oku__1__1.A_1.B__1.C, ligand 1.C...
Running vina for 8ol4__1__1.B_1.C__1.P, ligand 1.P...
Running vina for 8ome__1__1.A_1.D__1.E, ligand 1.E...
Running vina for 8onn__1__1.A__1.F, ligand 1.F...
Running vina for 8ooj__1__1.B__1.H, ligand 1.H...
Running vina for 8oov__1__1.A_1.B__1.D, ligand 1.D...
Running vina for 8opu__1__1.A_1.C_1.D__1.IA, ligand 1.IA...
Running vina for 8opv__1__1.B__1.Q, ligand 1.Q...
Running vina for 8oqm__1__1.B__1.N, ligand 1.N...
Running vina for 8oqn__1__1.A_1.D__1.I, ligand 1.I...
Running vina for 8oqp__1__1.D__1.PA, ligand 1.PA...
Running vina for 8oqq__1__1.A__1.I, ligand 1.I...
Running vina for 8oqs__1__1.C_1.D__1.OA, ligand 1.OA...
Running vina for 8oqv__1__1.B__1.Q, ligand 1.Q...
Warning: Receptor file not found for 8orc__1__1.B__1.J
Running vina for 8oru__1__1.A_1.B__1.M, ligand 1.M...
Running vina for 8otv__1__1.A_1.B__1.F, ligand 1.F...
Running vina for 8ou2__1__1.A__1.C, ligand 1.C...
Running vina for 8ou3__1__1.A_1.C__1.E, ligand 1.E...
Warning: Receptor file not found for 8ou5__1__1.A_1.C__1.E
Running vina for 8ouu__1__1.A__1.F, ligand 1.F...
Running vina for 8ov7__1__1.A__1.B, ligand 1.B...
Running vina for 8ovr__1__1.A__1.B, ligand 1.B...
Running vina for 8ow7__1__1.A_1.C__1.G, ligand 1.G...
Running vina for 8ow9__1__1.A_1.B__1.G, ligand 1.G...
Running vina for 8p0e__1__1.A__1.C, ligand 1.C...
Running vina for 8p0m__1__1.C__1.L, ligand 1.L...
Running vina for 8p0p__1__1.A__1.C, ligand 1.C...
Running vina for 8p1e__1__1.D_1.E__1.P, ligand 1.P...
Running vina for 8p1p__1__1.A__1.E, ligand 1.E...
Running vina for 8p3e__1__1.B__1.F, ligand 1.F...
Running vina for 8p44__1__1.A_1.B__1.E, ligand 1.E...
Running vina for 8p4z__1__1.A__1.C, ligand 1.C...
Running vina for 8p5c__1__1.A_1.B__1.C, ligand 1.C...
Running vina for 8paf__1__1.A_1.B__1.C, ligand 1.C...
Running vina for 8pbo__1__1.A__1.C, ligand 1.C...
Running vina for 8pfl__1__1.A__1.C, ligand 1.C...
Running vina for 8pj0__1__1.A_1.B__1.V, ligand 1.V...
Running vina for 8pj7__1__1.A__1.B, ligand 1.B...
Running vina for 8pji__1__1.A__1.E, ligand 1.E...
Running vina for 8pl6__1__1.A__1.C, ligand 1.C...
Running vina for 8plb__1__1.A__1.D, ligand 1.D...
Running Vina (ex=8):  89%|████████▉ | 1276/1426 [2:25:42<09:44,  3.90s/it]Running Vina (ex=8):  90%|████████▉ | 1277/1426 [2:25:44<08:03,  3.25s/it]Running Vina (ex=8):  90%|████████▉ | 1278/1426 [2:25:46<07:04,  2.87s/it]Running Vina (ex=8):  90%|████████▉ | 1279/1426 [2:25:47<06:02,  2.47s/it]Running Vina (ex=8):  90%|████████▉ | 1280/1426 [2:25:49<05:12,  2.14s/it]Running Vina (ex=8):  90%|████████▉ | 1281/1426 [2:25:56<08:54,  3.69s/it]Running Vina (ex=8):  90%|████████▉ | 1282/1426 [2:26:04<11:34,  4.82s/it]Running Vina (ex=8):  90%|████████▉ | 1283/1426 [2:26:13<14:33,  6.11s/it]Running Vina (ex=8):  90%|█████████ | 1284/1426 [2:26:22<16:22,  6.92s/it]Running Vina (ex=8):  90%|█████████ | 1285/1426 [2:26:28<16:14,  6.91s/it]Running Vina (ex=8):  90%|█████████ | 1286/1426 [2:26:31<13:17,  5.69s/it]Running Vina (ex=8):  90%|█████████ | 1287/1426 [2:26:41<15:53,  6.86s/it]Running Vina (ex=8):  90%|█████████ | 1288/1426 [2:26:44<13:21,  5.81s/it]Running Vina (ex=8):  90%|█████████ | 1289/1426 [2:26:47<11:27,  5.02s/it]Running Vina (ex=8):  90%|█████████ | 1290/1426 [2:26:50<09:50,  4.34s/it]Running Vina (ex=8):  91%|█████████ | 1291/1426 [2:26:54<09:40,  4.30s/it]Running Vina (ex=8):  91%|█████████ | 1292/1426 [2:26:56<08:08,  3.64s/it]Running Vina (ex=8):  91%|█████████ | 1293/1426 [2:27:03<10:15,  4.63s/it]Running Vina (ex=8):  91%|█████████ | 1294/1426 [2:27:10<11:49,  5.38s/it]Running Vina (ex=8):  91%|█████████ | 1295/1426 [2:27:17<12:29,  5.72s/it]Running Vina (ex=8):  91%|█████████ | 1296/1426 [2:27:26<14:42,  6.79s/it]Running Vina (ex=8):  91%|█████████ | 1297/1426 [2:27:34<15:07,  7.04s/it]Running Vina (ex=8):  91%|█████████ | 1298/1426 [2:27:35<11:21,  5.33s/it]Running Vina (ex=8):  91%|█████████ | 1299/1426 [2:27:37<09:02,  4.27s/it]Running Vina (ex=8):  91%|█████████ | 1300/1426 [2:27:39<07:40,  3.66s/it]Running Vina (ex=8):  91%|█████████ | 1301/1426 [2:27:42<07:14,  3.47s/it]Running Vina (ex=8):  91%|█████████▏| 1302/1426 [2:27:45<06:32,  3.17s/it]Running Vina (ex=8):  91%|█████████▏| 1304/1426 [2:27:47<04:29,  2.21s/it]Running Vina (ex=8):  92%|█████████▏| 1305/1426 [2:27:51<05:31,  2.74s/it]Running Vina (ex=8):  92%|█████████▏| 1306/1426 [2:27:56<06:31,  3.26s/it]Running Vina (ex=8):  92%|█████████▏| 1307/1426 [2:28:01<07:12,  3.63s/it]Running Vina (ex=8):  92%|█████████▏| 1308/1426 [2:28:11<11:04,  5.63s/it]Running Vina (ex=8):  92%|█████████▏| 1309/1426 [2:28:18<11:44,  6.02s/it]Running Vina (ex=8):  92%|█████████▏| 1310/1426 [2:28:21<09:26,  4.88s/it]Running Vina (ex=8):  92%|█████████▏| 1311/1426 [2:28:27<10:00,  5.22s/it]Running Vina (ex=8):  92%|█████████▏| 1312/1426 [2:28:37<13:04,  6.88s/it]Running Vina (ex=8):  92%|█████████▏| 1313/1426 [2:28:57<19:53, 10.56s/it]Running Vina (ex=8):  92%|█████████▏| 1314/1426 [2:29:08<19:50, 10.63s/it]Running Vina (ex=8):  92%|█████████▏| 1315/1426 [2:29:13<16:50,  9.11s/it]Running Vina (ex=8):  92%|█████████▏| 1316/1426 [2:29:26<18:32, 10.11s/it]Running Vina (ex=8):  92%|█████████▏| 1317/1426 [2:29:36<18:35, 10.23s/it]Running Vina (ex=8):  92%|█████████▏| 1318/1426 [2:29:48<19:23, 10.77s/it]Running Vina (ex=8):  92%|█████████▏| 1319/1426 [2:30:02<20:45, 11.64s/it]Running Vina (ex=8):  93%|█████████▎| 1321/1426 [2:30:07<13:01,  7.44s/it]Running Vina (ex=8):  93%|█████████▎| 1322/1426 [2:30:12<12:08,  7.00s/it]Running Vina (ex=8):  93%|█████████▎| 1323/1426 [2:30:22<13:09,  7.67s/it]Running Vina (ex=8):  93%|█████████▎| 1326/1426 [2:30:28<07:53,  4.73s/it]Running Vina (ex=8):  93%|█████████▎| 1327/1426 [2:30:32<07:23,  4.48s/it]Running Vina (ex=8):  93%|█████████▎| 1328/1426 [2:30:43<09:41,  5.94s/it]Running Vina (ex=8):  93%|█████████▎| 1329/1426 [2:30:46<08:20,  5.16s/it]Running Vina (ex=8):  93%|█████████▎| 1330/1426 [2:30:48<07:10,  4.48s/it]Running Vina (ex=8):  93%|█████████▎| 1331/1426 [2:30:50<06:11,  3.91s/it]Running Vina (ex=8):  93%|█████████▎| 1332/1426 [2:30:55<06:13,  3.98s/it]Running Vina (ex=8):  93%|█████████▎| 1333/1426 [2:31:01<07:14,  4.67s/it]Running Vina (ex=8):  94%|█████████▎| 1334/1426 [2:31:08<08:09,  5.32s/it]Running Vina (ex=8):  94%|█████████▎| 1335/1426 [2:31:11<07:13,  4.76s/it]Running Vina (ex=8):  94%|█████████▎| 1336/1426 [2:31:13<05:45,  3.84s/it]Running Vina (ex=8):  94%|█████████▍| 1337/1426 [2:31:27<09:59,  6.74s/it]Running Vina (ex=8):  94%|█████████▍| 1338/1426 [2:31:31<09:04,  6.19s/it]Running Vina (ex=8):  94%|█████████▍| 1339/1426 [2:31:49<13:40,  9.43s/it]Running Vina (ex=8):  94%|█████████▍| 1340/1426 [2:32:02<15:16, 10.65s/it]Running Vina (ex=8):  94%|█████████▍| 1341/1426 [2:32:10<13:54,  9.82s/it]Running Vina (ex=8):  94%|█████████▍| 1342/1426 [2:32:13<10:52,  7.77s/it]Running Vina (ex=8):  94%|█████████▍| 1343/1426 [2:32:20<10:33,  7.64s/it]Running Vina (ex=8):  94%|█████████▍| 1344/1426 [2:32:24<09:00,  6.60s/it]Running Vina (ex=8):  94%|█████████▍| 1345/1426 [2:32:32<09:30,  7.04s/it]Running Vina (ex=8):  94%|█████████▍| 1346/1426 [2:33:06<19:55, 14.95s/it]Running Vina (ex=8):  94%|█████████▍| 1347/1426 [2:33:44<28:39, 21.76s/it]Running Vina (ex=8):  95%|█████████▍| 1349/1426 [2:33:48<16:17, 12.69s/it]Running Vina (ex=8):  95%|█████████▍| 1350/1426 [2:33:53<13:34, 10.72s/it]Running Vina (ex=8):  95%|█████████▍| 1351/1426 [2:33:56<11:07,  8.90s/it]Running Vina (ex=8):  95%|█████████▍| 1352/1426 [2:34:08<11:45,  9.53s/it]Running Vina (ex=8):  95%|█████████▍| 1353/1426 [2:34:15<11:03,  9.09s/it]Running Vina (ex=8):  95%|█████████▍| 1354/1426 [2:34:49<19:22, 16.14s/it]Running Vina (ex=8):  95%|█████████▌| 1355/1426 [2:35:30<27:35, 23.31s/it]Running Vina (ex=8):  95%|█████████▌| 1361/1426 [2:35:35<07:48,  7.21s/it]Running Vina (ex=8):  96%|█████████▌| 1362/1426 [2:35:38<07:07,  6.68s/it]Running Vina (ex=8):  96%|█████████▌| 1364/1426 [2:35:43<05:33,  5.37s/it]Running Vina (ex=8):  96%|█████████▌| 1365/1426 [2:35:52<06:08,  6.03s/it]Running Vina (ex=8):  96%|█████████▌| 1366/1426 [2:36:00<06:30,  6.51s/it]Running Vina (ex=8):  96%|█████████▌| 1367/1426 [2:36:03<05:32,  5.64s/it]Running Vina (ex=8):  96%|█████████▌| 1368/1426 [2:36:05<04:44,  4.90s/it]Running Vina (ex=8):  96%|█████████▌| 1369/1426 [2:36:07<03:53,  4.10s/it]Running Vina (ex=8):  96%|█████████▌| 1370/1426 [2:36:26<07:36,  8.15s/it]Running Vina (ex=8):  96%|█████████▌| 1371/1426 [2:36:33<07:00,  7.64s/it]Running Vina (ex=8):  96%|█████████▌| 1372/1426 [2:36:38<06:12,  6.89s/it]Running Vina (ex=8):  96%|█████████▋| 1373/1426 [2:36:48<07:00,  7.93s/it]Running Vina (ex=8):  96%|█████████▋| 1374/1426 [2:36:51<05:34,  6.42s/it]Running Vina (ex=8):  96%|█████████▋| 1375/1426 [2:37:06<07:33,  8.89s/it]Running Vina (ex=8):  96%|█████████▋| 1376/1426 [2:37:08<05:48,  6.98s/it]Running Vina (ex=8):  97%|█████████▋| 1377/1426 [2:37:15<05:46,  7.07s/it]Running Vina (ex=8):  97%|█████████▋| 1378/1426 [2:37:24<05:58,  7.48s/it]Running Vina (ex=8):  97%|█████████▋| 1379/1426 [2:37:34<06:24,  8.19s/it]Running Vina (ex=8):  97%|█████████▋| 1380/1426 [2:37:40<05:52,  7.66s/it]Running Vina (ex=8):  97%|█████████▋| 1381/1426 [2:37:44<04:59,  6.65s/it]Running Vina (ex=8):  97%|█████████▋| 1382/1426 [2:37:50<04:43,  6.45s/it]Running Vina (ex=8):  97%|█████████▋| 1383/1426 [2:37:55<04:12,  5.88s/it]Running Vina (ex=8):  97%|█████████▋| 1384/1426 [2:38:00<03:55,  5.61s/it]Running Vina (ex=8):  97%|█████████▋| 1385/1426 [2:38:13<05:22,  7.85s/it]Running Vina (ex=8):  97%|█████████▋| 1386/1426 [2:38:21<05:16,  7.91s/it]Running Vina (ex=8):  97%|█████████▋| 1387/1426 [2:38:28<04:56,  7.61s/it]Running Vina (ex=8):  97%|█████████▋| 1388/1426 [2:38:33<04:18,  6.80s/it]Running Vina (ex=8):  97%|█████████▋| 1389/1426 [2:38:38<03:49,  6.19s/it]Running Vina (ex=8):  98%|█████████▊| 1392/1426 [2:38:50<02:54,  5.13s/it]Running Vina (ex=8):  98%|█████████▊| 1393/1426 [2:38:59<03:15,  5.92s/it]Running Vina (ex=8):  98%|█████████▊| 1394/1426 [2:39:08<03:30,  6.59s/it]Running Vina (ex=8):  98%|█████████▊| 1395/1426 [2:39:20<04:01,  7.80s/it]Running Vina (ex=8):  98%|█████████▊| 1396/1426 [2:39:33<04:36,  9.23s/it]Running Vina (ex=8):  98%|█████████▊| 1397/1426 [2:39:46<04:57, 10.27s/it]Running Vina (ex=8):  98%|█████████▊| 1398/1426 [2:39:50<04:00,  8.60s/it]Running Vina (ex=8):  98%|█████████▊| 1399/1426 [2:39:56<03:33,  7.92s/it]Running Vina (ex=8):  98%|█████████▊| 1400/1426 [2:40:10<04:06,  9.46s/it]Running Vina (ex=8):  98%|█████████▊| 1401/1426 [2:40:17<03:40,  8.83s/it]Running Vina (ex=8):  98%|█████████▊| 1402/1426 [2:40:23<03:10,  7.94s/it]Running Vina (ex=8):  98%|█████████▊| 1403/1426 [2:40:31<03:02,  7.95s/it]Running Vina (ex=8):  98%|█████████▊| 1404/1426 [2:40:37<02:45,  7.54s/it]Running Vina (ex=8):  99%|█████████▊| 1405/1426 [2:40:51<03:14,  9.27s/it]Running Vina (ex=8):  99%|█████████▊| 1406/1426 [2:40:58<02:53,  8.70s/it]Running Vina (ex=8):  99%|█████████▊| 1407/1426 [2:41:05<02:36,  8.25s/it]Running Vina (ex=8):  99%|█████████▊| 1408/1426 [2:41:12<02:20,  7.83s/it]Running Vina (ex=8):  99%|█████████▉| 1409/1426 [2:41:19<02:06,  7.43s/it]Running Vina (ex=8):  99%|█████████▉| 1410/1426 [2:41:26<02:00,  7.56s/it]Running Vina (ex=8):  99%|█████████▉| 1411/1426 [2:41:39<02:17,  9.16s/it]Running Vina (ex=8):  99%|█████████▉| 1412/1426 [2:41:43<01:45,  7.57s/it]Running Vina (ex=8):  99%|█████████▉| 1413/1426 [2:41:50<01:33,  7.22s/it]Running Vina (ex=8):  99%|█████████▉| 1414/1426 [2:42:02<01:46,  8.85s/it]Running Vina (ex=8):  99%|█████████▉| 1415/1426 [2:42:13<01:44,  9.49s/it]Running Vina (ex=8):  99%|█████████▉| 1416/1426 [2:42:16<01:14,  7.47s/it]Running Vina (ex=8):  99%|█████████▉| 1417/1426 [2:42:33<01:32, 10.29s/it]Running Vina (ex=8):  99%|█████████▉| 1418/1426 [2:42:38<01:09,  8.69s/it]Running Vina (ex=8): 100%|█████████▉| 1419/1426 [2:42:45<00:57,  8.16s/it]Running Vina (ex=8): 100%|█████████▉| 1420/1426 [2:42:48<00:40,  6.74s/it]Running Vina (ex=8): 100%|█████████▉| 1421/1426 [2:42:57<00:36,  7.26s/it]Running Vina (ex=8): 100%|█████████▉| 1422/1426 [2:43:10<00:36,  9.08s/it]Running Vina (ex=8): 100%|█████████▉| 1423/1426 [2:43:36<00:42, 14.05s/it]Running Vina (ex=8): 100%|█████████▉| 1424/1426 [2:43:51<00:28, 14.46s/it]Running Vina (ex=8): 100%|█████████▉| 1425/1426 [2:43:55<00:11, 11.20s/it]Running Vina (ex=8): 100%|██████████| 1426/1426 [2:44:01<00:00,  9.76s/it]Running Vina (ex=8): 100%|██████████| 1426/1426 [2:44:01<00:00,  6.90s/it]
Running vina for 8ple__1__1.A__1.F, ligand 1.F...
Running vina for 8plp__1__2.B__2.F, ligand 2.F...
Running vina for 8plu__1__1.A__1.D, ligand 1.D...
Running vina for 8plw__1__2.B__2.G, ligand 2.G...
Running vina for 8plx__1__2.B__2.F, ligand 2.F...
Running vina for 8pom__1__1.A__1.C, ligand 1.C...
Running vina for 8pp0__1__1.A__1.C, ligand 1.C...
Running vina for 8pp8__1__1.A__1.D, ligand 1.D...
Running vina for 8ppf__1__1.A__1.D, ligand 1.D...
Running vina for 8pq9__1__1.A__1.C, ligand 1.C...
Running vina for 8pqa__1__1.A__1.C, ligand 1.C...
Running vina for 8pqf__1__1.A__1.C, ligand 1.C...
Running vina for 8pqq__1__1.B_1.D__1.J, ligand 1.J...
Running vina for 8pqr__1__1.A_1.B_1.C__1.E, ligand 1.E...
Running vina for 8px2__1__1.A__1.B, ligand 1.B...
Running vina for 8px8__1__1.A__1.D, ligand 1.D...
Running vina for 8pxt__1__1.C__1.L, ligand 1.L...
Running vina for 8pyi__1__1.A__1.I, ligand 1.I...
Running vina for 8pyn__1__1.A__1.B, ligand 1.B...
Running vina for 8q0t__1__1.A__1.C, ligand 1.C...
Running vina for 8q0u__1__1.A__1.D, ligand 1.D...
Running vina for 8q17__1__1.A__1.F, ligand 1.F...
Running vina for 8q1m__1__1.A_1.B__1.G, ligand 1.G...
Running vina for 8q2u__1__1.A__1.C, ligand 1.C...
Running vina for 8q2w__1__1.A__1.C, ligand 1.C...
Running vina for 8q2y__1__1.A__1.C, ligand 1.C...
Running vina for 8q31__1__1.A__1.C, ligand 1.C...
Warning: Receptor file not found for 8q34__1__1.A__1.F
Running vina for 8qc4__1__1.A__1.C, ligand 1.C...
Running vina for 8qdy__1__1.A_2.A__1.B, ligand 1.B...
Running vina for 8qdz__1__1.A_2.A__2.B, ligand 2.B...
Running vina for 8qe0__1__1.A_2.A__2.B, ligand 2.B...
Running vina for 8qe1__1__1.A_2.A__1.B, ligand 1.B...
Running vina for 8qe3__1__1.A_2.A__1.B, ligand 1.B...
Running vina for 8qel__1__1.B__1.C, ligand 1.C...
Running vina for 8qhq__1__1.A_1.B__1.G, ligand 1.G...
Running vina for 8qk2__1__1.A__1.D, ligand 1.D...
Running vina for 8qk5__1__1.A__1.D, ligand 1.D...
Running vina for 8qk9__1__1.A__1.D, ligand 1.D...
Running vina for 8qka__1__1.A__1.D, ligand 1.D...
Running vina for 8qlr__1__1.B__1.F, ligand 1.F...
Running vina for 8qnh__1__1.A__1.B, ligand 1.B...
Running vina for 8qqg__1__1.A__1.D, ligand 1.D...
Running vina for 8qqy__1__1.A__1.B, ligand 1.B...
Running vina for 8qrt__1__1.B__1.F, ligand 1.F...
  Skipping (exists) 8qrt__1__1.B__1.F 1.F
Running vina for 8qtg__1__1.A__1.B, ligand 1.B...
Running vina for 8qth__1__1.A__1.B, ligand 1.B...
Running vina for 8qtj__1__1.A__1.E, ligand 1.E...
Running vina for 8qtl__1__1.A_1.B__1.G, ligand 1.G...
  Skipping (exists) 8qtl__1__1.A_1.B__1.G 1.G
Running vina for 8qyq__1__1.A__1.H, ligand 1.H...
  Skipping (exists) 8qyq__1__1.A__1.H 1.H
Running vina for 8r0i__1__1.A_2.A__1.D, ligand 1.D...
Running vina for 8r11__1__1.A_1.B__1.C, ligand 1.C...
Running vina for 8r12__1__1.A_1.B__1.C, ligand 1.C...
Running vina for 8r1n__1__1.A__1.C, ligand 1.C...
Running vina for 8r1p__1__1.A_1.B__1.C, ligand 1.C...
Running vina for 8r3d__1__1.B_1.E__1.J, ligand 1.J...
Running vina for 8r42__1__1.B__1.Q, ligand 1.Q...
Running vina for 8r4o__1__1.A__1.M, ligand 1.M...
Running vina for 8r4u__1__1.A__1.I, ligand 1.I...
Running vina for 8rcw__1__1.A__1.C, ligand 1.C...
Running vina for 8rdk__1__1.A__1.D, ligand 1.D...
Running vina for 8rkq__1__1.A__1.E, ligand 1.E...
Running vina for 8s98__1__1.A__1.D, ligand 1.D...
Running vina for 8se5__1__1.A_1.B__1.H, ligand 1.H...
Running vina for 8se6__1__1.A_1.B__1.F, ligand 1.F...
Running vina for 8sge__1__1.A__1.H, ligand 1.H...
Running vina for 8sip__1__1.A_1.B__1.C, ligand 1.C...
Running vina for 8six__1__1.A__1.B, ligand 1.B...
Running vina for 8skn__1__1.A__1.C, ligand 1.C...
Running vina for 8slg__1__1.A__1.C, ligand 1.C...
Running vina for 8smf__1__1.B_1.E__1.I, ligand 1.I...
Running vina for 8smg__1__1.B_2.A__1.C, ligand 1.C...
Warning: Receptor file not found for 8sua__1__1.A__1.B
Running vina for 8sv9__1__1.A__1.C, ligand 1.C...
Running vina for 8swe__1__1.A__1.E, ligand 1.E...
Running vina for 8swr__1__1.A_1.B__1.I, ligand 1.I...
Running vina for 8sx2__1__1.A__1.C, ligand 1.C...
Running vina for 8sx4__1__1.A__1.C, ligand 1.C...
Running vina for 8sxy__1__1.A__1.C, ligand 1.C...
Running vina for 8sye__1__1.A__1.C, ligand 1.C...
Running vina for 8sz3__1__1.A_2.B__1.G, ligand 1.G...
  Skipping (exists) 8sz3__1__1.A_2.B__1.G 1.G
Running vina for 8sze__1__1.A__1.C, ligand 1.C...
  Skipping (exists) 8sze__1__1.A__1.C 1.C
Running vina for 8t1y__1__1.A__1.B, ligand 1.B...
  Skipping (exists) 8t1y__1__1.A__1.B 1.B
Running vina for 8t27__1__1.A__1.B, ligand 1.B...
  Skipping (exists) 8t27__1__1.A__1.B 1.B
Running vina for 8t9v__1__1.A__1.B, ligand 1.B...
  Skipping (exists) 8t9v__1__1.A__1.B 1.B
Running vina for 8tbs__1__1.A_1.B__1.M, ligand 1.M...
Running vina for 8tbu__1__1.A_1.B__1.I, ligand 1.I...
Running vina for 8tce__1__1.A__1.C, ligand 1.C...
  Skipping (exists) 8tce__1__1.A__1.C 1.C
Running vina for 8tjc__1__1.A__1.K, ligand 1.K...
Running vina for 8tl8__1__1.A__1.C, ligand 1.C...
Running vina for 8tn6__1__1.A__1.D, ligand 1.D...
Running vina for 8tnb__1__1.A_1.C__1.F, ligand 1.F...
Running vina for 8tnc__1__1.B__1.E, ligand 1.E...
Running vina for 8tnd__1__1.B__1.F, ligand 1.F...
Running vina for 8tqv__1__1.A__1.C, ligand 1.C...
Running vina for 8ts9__1__1.A__1.C, ligand 1.C...
Running vina for 8tsa__1__1.A__1.C, ligand 1.C...
Running vina for 8tsd__1__1.A__1.C, ligand 1.C...
Running vina for 8tti__1__1.A__1.E, ligand 1.E...
Running vina for 8ttz__1__2.B__2.GA, ligand 2.GA...
Running vina for 8typ__1__1.A__1.C, ligand 1.C...
Running vina for 8u2e__1__1.A__1.B, ligand 1.B...
Running vina for 8u2r__1__1.A__1.C, ligand 1.C...
Running vina for 8u37__1__1.A__1.B, ligand 1.B...
Running vina for 8u4w__1__1.A__1.E, ligand 1.E...
Running vina for 8u7w__1__1.A__1.C, ligand 1.C...
Running vina for 8u7x__1__1.A__1.C, ligand 1.C...
Running vina for 8u8j__1__1.A__1.B, ligand 1.B...
Running vina for 8u8k__1__1.A__1.B, ligand 1.B...
Running vina for 8u97__1__1.A__1.B, ligand 1.B...
Running vina for 8uak__1__1.A__1.B, ligand 1.B...
Running vina for 8ufp__1__1.A_1.B__1.K, ligand 1.K...
Running vina for 8ug1__1__1.B__1.H, ligand 1.H...
Running vina for 8ug3__1__1.A_1.B__1.C, ligand 1.C...
Warning: No ligand files found for 8ujy__1__1.B__1.D
Running vina for 8uk6__1__1.A__1.C, ligand 1.C...
  Skipping (exists) 8uk6__1__1.A__1.C 1.C
Running vina for 8uob__1__1.A__1.B, ligand 1.B...
Running vina for 8ur9__1__1.A_1.B__1.C, ligand 1.C...
Running vina for 8usm__1__1.A__1.C, ligand 1.C...
Running vina for 8uuf__1__1.A__1.B, ligand 1.B...
Running vina for 8uuu__1__1.A__1.B, ligand 1.B...
Running vina for 8uuv__1__1.A__1.B, ligand 1.B...
Running vina for 8ux7__1__1.B__1.I, ligand 1.I...
Running vina for 8v2k__1__1.C_1.D__1.N, ligand 1.N...
Running vina for 8v4a__1__1.C_1.D__1.M, ligand 1.M...
Running vina for 8v4p__1__1.A__1.L, ligand 1.L...
Running vina for 8v5g__1__1.A__1.D, ligand 1.D...
Running vina for 8v8e__1__1.A__1.D, ligand 1.D...
Running vina for 8v8j__1__1.A__1.F, ligand 1.F...
Running vina for 8v9p__1__1.C_1.D__1.M, ligand 1.M...
Running vina for 8w0b__1__1.A__1.D, ligand 1.D...
Running vina for 8w0d__1__1.A__1.E, ligand 1.E...
Running vina for 8w0j__1__1.A__1.D, ligand 1.D...
Running vina for 8w0m__1__1.C__1.F, ligand 1.F...
Running vina for 8w4s__1__1.A__1.D, ligand 1.D...
Running vina for 8wd4__1__1.A__1.B, ligand 1.B...
Running vina for 8wdx__1__1.A__1.B, ligand 1.B...
Running vina for 8wjy__1__1.A__1.B, ligand 1.B...
Running vina for 8wnj__1__1.A__1.F, ligand 1.F...
Running vina for 8wo2__1__1.A__1.D, ligand 1.D...
Running vina for 8wrj__1__1.A__1.B, ligand 1.B...
Running vina for 8wsm__1__1.A__1.D, ligand 1.D...
Running vina for 8wsw__1__1.A__1.E, ligand 1.E...
Running vina for 8wzq__1__1.A__1.C, ligand 1.C...
Running vina for 8x1a__1__1.A__1.B, ligand 1.B...
Running vina for 8xfd__1__1.C_1.D__1.N, ligand 1.N...
Running vina for 8xhd__1__1.A_1.B__1.C, ligand 1.C...
Running vina for 8y33__1__1.A__1.B, ligand 1.B...
Running vina for 9eun__1__1.A__1.E, ligand 1.E...
Running vina for 9f40__1__1.A__1.Q, ligand 1.Q...
Running vina for 9f41__1__1.A__1.Q, ligand 1.Q...

Done! Success: 1403, Failed: 23
Output directory (base): /home/rquiroga/Datasets/runs-n-poses-datasets/vina_8_meeko

[2026-07-01 18:06:39] $ /home/rquiroga/anaconda3/envs/runs_n_poses/bin/python /home/rquiroga/github/runs-n-poses/scripts/04_analyze_docking.py --family vina --method vina_8_meeko --output-dir /home/rquiroga/Datasets/runs-n-poses-datasets/vina_8_meeko --analysis-dir /home/rquiroga/github/runs-n-poses/examples/analysis/vina_8_meeko --predictions-csv /home/rquiroga/Datasets/runs-n-poses-datasets/predictions/vina_8_meeko.csv --posebusters-csv /home/rquiroga/Datasets/runs-n-poses-datasets/posebusters_results/vina_8_meeko.csv --system-list /home/rquiroga/github/runs-n-poses/scripts/single_ligand_systems_symmetry.txt --resume
Analyzing vina_8_meeko:   0%|          | 0/1426 [00:00<?, ?it/s]Analyzing vina_8_meeko:   0%|          | 2/1426 [00:08<1:42:08,  4.30s/it]Analyzing vina_8_meeko:   0%|          | 3/1426 [00:08<1:00:40,  2.56s/it]Analyzing vina_8_meeko:   0%|          | 4/1426 [00:08<38:54,  1.64s/it]  Analyzing vina_8_meeko:   0%|          | 6/1426 [00:08<19:32,  1.21it/s]Analyzing vina_8_meeko:   1%|          | 8/1426 [00:09<11:51,  1.99it/s]Analyzing vina_8_meeko:   1%|          | 10/1426 [00:09<08:03,  2.93it/s]Analyzing vina_8_meeko:   1%|          | 12/1426 [00:09<06:00,  3.92it/s]Analyzing vina_8_meeko:   1%|          | 14/1426 [00:09<04:37,  5.09it/s]Analyzing vina_8_meeko:   1%|          | 16/1426 [00:09<04:37,  5.08it/s]Analyzing vina_8_meeko:   1%|▏         | 18/1426 [00:10<05:29,  4.27it/s]Analyzing vina_8_meeko:   1%|▏         | 19/1426 [00:20<45:13,  1.93s/it]Analyzing vina_8_meeko:   1%|▏         | 20/1426 [00:20<39:54,  1.70s/it]Analyzing vina_8_meeko:   1%|▏         | 21/1426 [00:21<35:20,  1.51s/it]Analyzing vina_8_meeko:   2%|▏         | 22/1426 [00:21<27:22,  1.17s/it]Analyzing vina_8_meeko:   2%|▏         | 23/1426 [00:22<21:26,  1.09it/s]Analyzing vina_8_meeko:   2%|▏         | 24/1426 [00:22<17:12,  1.36it/s]Analyzing vina_8_meeko:   2%|▏         | 25/1426 [00:22<15:43,  1.48it/s]Analyzing vina_8_meeko:   2%|▏         | 26/1426 [00:23<13:00,  1.79it/s]Analyzing vina_8_meeko:   2%|▏         | 27/1426 [00:23<11:30,  2.03it/s]Analyzing vina_8_meeko:   2%|▏         | 28/1426 [00:23<11:52,  1.96it/s]Analyzing vina_8_meeko:   2%|▏         | 29/1426 [00:27<30:40,  1.32s/it]Analyzing vina_8_meeko:   2%|▏         | 30/1426 [00:29<34:01,  1.46s/it]Analyzing vina_8_meeko:   2%|▏         | 31/1426 [00:29<24:49,  1.07s/it]Analyzing vina_8_meeko:   2%|▏         | 32/1426 [00:29<21:09,  1.10it/s]Analyzing vina_8_meeko:   2%|▏         | 33/1426 [00:30<17:18,  1.34it/s]Analyzing vina_8_meeko:   2%|▏         | 34/1426 [00:30<13:48,  1.68it/s]Analyzing vina_8_meeko:   2%|▏         | 35/1426 [00:30<11:40,  1.98it/s]Analyzing vina_8_meeko:   3%|▎         | 36/1426 [00:31<12:15,  1.89it/s]Analyzing vina_8_meeko:   3%|▎         | 37/1426 [00:31<09:49,  2.35it/s]Analyzing vina_8_meeko:   3%|▎         | 38/1426 [00:32<17:32,  1.32it/s]Analyzing vina_8_meeko:   3%|▎         | 39/1426 [00:33<14:10,  1.63it/s]Analyzing vina_8_meeko:   3%|▎         | 40/1426 [00:33<13:45,  1.68it/s]Analyzing vina_8_meeko:   3%|▎         | 41/1426 [00:34<17:58,  1.28it/s]Analyzing vina_8_meeko:   3%|▎         | 42/1426 [00:38<38:28,  1.67s/it]Analyzing vina_8_meeko:   3%|▎         | 43/1426 [00:40<41:54,  1.82s/it]Analyzing vina_8_meeko:   3%|▎         | 44/1426 [00:41<31:24,  1.36s/it]Analyzing vina_8_meeko:   3%|▎         | 45/1426 [00:42<33:54,  1.47s/it]Analyzing vina_8_meeko:   3%|▎         | 46/1426 [00:44<32:07,  1.40s/it]Analyzing vina_8_meeko:   3%|▎         | 47/1426 [00:44<25:08,  1.09s/it]Analyzing vina_8_meeko:   3%|▎         | 48/1426 [00:44<20:06,  1.14it/s]Analyzing vina_8_meeko:   4%|▎         | 50/1426 [00:45<11:43,  1.96it/s]Analyzing vina_8_meeko:   4%|▎         | 51/1426 [00:45<09:30,  2.41it/s]Analyzing vina_8_meeko:   4%|▎         | 52/1426 [00:45<10:04,  2.27it/s]Analyzing vina_8_meeko:   4%|▎         | 53/1426 [00:46<09:33,  2.39it/s]Analyzing vina_8_meeko:   4%|▍         | 54/1426 [00:47<17:28,  1.31it/s]Analyzing vina_8_meeko:   4%|▍         | 55/1426 [00:49<21:10,  1.08it/s]Analyzing vina_8_meeko:   4%|▍         | 56/1426 [00:49<16:59,  1.34it/s]Analyzing vina_8_meeko:   4%|▍         | 57/1426 [00:50<17:25,  1.31it/s]Analyzing vina_8_meeko:   4%|▍         | 58/1426 [00:51<23:10,  1.02s/it]Analyzing vina_8_meeko:   4%|▍         | 61/1426 [00:53<16:15,  1.40it/s]Analyzing vina_8_meeko:   4%|▍         | 62/1426 [00:53<14:05,  1.61it/s]Analyzing vina_8_meeko:   4%|▍         | 63/1426 [00:54<18:12,  1.25it/s]Analyzing vina_8_meeko:   4%|▍         | 64/1426 [00:55<17:19,  1.31it/s]Analyzing vina_8_meeko:   5%|▍         | 65/1426 [00:59<38:56,  1.72s/it]Analyzing vina_8_meeko:   5%|▍         | 66/1426 [01:00<30:02,  1.33s/it]Analyzing vina_8_meeko:   5%|▍         | 67/1426 [01:00<25:21,  1.12s/it]Analyzing vina_8_meeko:   5%|▍         | 69/1426 [01:00<15:05,  1.50it/s]Analyzing vina_8_meeko:   5%|▍         | 71/1426 [01:01<11:48,  1.91it/s]Analyzing vina_8_meeko:   5%|▌         | 73/1426 [01:03<16:27,  1.37it/s]Analyzing vina_8_meeko:   5%|▌         | 74/1426 [01:04<14:11,  1.59it/s]Analyzing vina_8_meeko:   5%|▌         | 75/1426 [01:04<13:51,  1.62it/s]Analyzing vina_8_meeko:   5%|▌         | 78/1426 [01:05<11:31,  1.95it/s]Analyzing vina_8_meeko:   6%|▌         | 79/1426 [01:06<11:00,  2.04it/s]Analyzing vina_8_meeko:   6%|▌         | 80/1426 [01:09<26:19,  1.17s/it]Analyzing vina_8_meeko:   6%|▌         | 82/1426 [01:11<25:07,  1.12s/it]Analyzing vina_8_meeko:   6%|▌         | 83/1426 [01:12<20:18,  1.10it/s]Analyzing vina_8_meeko:   6%|▌         | 84/1426 [01:13<25:13,  1.13s/it]Analyzing vina_8_meeko:   6%|▌         | 85/1426 [01:14<20:27,  1.09it/s]Analyzing vina_8_meeko:   6%|▌         | 86/1426 [01:15<20:06,  1.11it/s]Analyzing vina_8_meeko:   6%|▌         | 87/1426 [01:15<15:23,  1.45it/s]Analyzing vina_8_meeko:   6%|▌         | 88/1426 [01:16<21:09,  1.05it/s]Analyzing vina_8_meeko:   6%|▌         | 89/1426 [01:17<22:34,  1.01s/it]Analyzing vina_8_meeko:   6%|▋         | 91/1426 [01:18<15:43,  1.41it/s]Analyzing vina_8_meeko:   6%|▋         | 92/1426 [01:18<13:46,  1.61it/s]Analyzing vina_8_meeko:   7%|▋         | 93/1426 [01:20<21:07,  1.05it/s]Analyzing vina_8_meeko:   7%|▋         | 95/1426 [01:21<14:08,  1.57it/s]Analyzing vina_8_meeko:   7%|▋         | 96/1426 [01:22<15:09,  1.46it/s]Analyzing vina_8_meeko:   7%|▋         | 97/1426 [01:22<12:44,  1.74it/s]Analyzing vina_8_meeko:   7%|▋         | 98/1426 [01:23<17:50,  1.24it/s]Analyzing vina_8_meeko:   7%|▋         | 99/1426 [01:24<16:32,  1.34it/s]Analyzing vina_8_meeko:   7%|▋         | 100/1426 [01:24<14:40,  1.51it/s]Analyzing vina_8_meeko:   7%|▋         | 101/1426 [01:26<19:10,  1.15it/s]Analyzing vina_8_meeko:   7%|▋         | 102/1426 [01:26<17:14,  1.28it/s]Analyzing vina_8_meeko:   7%|▋         | 103/1426 [01:27<14:04,  1.57it/s]Analyzing vina_8_meeko:   7%|▋         | 104/1426 [01:28<21:05,  1.04it/s]Analyzing vina_8_meeko:   7%|▋         | 105/1426 [01:29<20:28,  1.08it/s]Analyzing vina_8_meeko:   7%|▋         | 106/1426 [01:30<20:22,  1.08it/s]Analyzing vina_8_meeko:   8%|▊         | 107/1426 [01:32<27:57,  1.27s/it]Analyzing vina_8_meeko:   8%|▊         | 108/1426 [01:33<24:07,  1.10s/it]Analyzing vina_8_meeko:   8%|▊         | 109/1426 [01:34<22:54,  1.04s/it]Analyzing vina_8_meeko:   8%|▊         | 110/1426 [01:34<20:09,  1.09it/s]Analyzing vina_8_meeko:   8%|▊         | 111/1426 [01:36<25:10,  1.15s/it]Analyzing vina_8_meeko:   8%|▊         | 112/1426 [01:37<24:49,  1.13s/it]Analyzing vina_8_meeko:   8%|▊         | 113/1426 [01:39<27:39,  1.26s/it]Analyzing vina_8_meeko:   8%|▊         | 114/1426 [01:40<25:54,  1.18s/it]Analyzing vina_8_meeko:   8%|▊         | 115/1426 [01:41<23:05,  1.06s/it]Analyzing vina_8_meeko:   8%|▊         | 116/1426 [01:42<22:49,  1.05s/it]Analyzing vina_8_meeko:   8%|▊         | 117/1426 [01:42<20:34,  1.06it/s]Analyzing vina_8_meeko:   8%|▊         | 119/1426 [01:42<11:55,  1.83it/s]Analyzing vina_8_meeko:   8%|▊         | 120/1426 [01:43<11:25,  1.90it/s]Analyzing vina_8_meeko:   8%|▊         | 121/1426 [01:43<09:07,  2.39it/s]Analyzing vina_8_meeko:   9%|▊         | 123/1426 [01:44<08:21,  2.60it/s]Analyzing vina_8_meeko:   9%|▊         | 124/1426 [01:48<27:18,  1.26s/it]Analyzing vina_8_meeko:   9%|▉         | 125/1426 [01:49<26:33,  1.23s/it]Analyzing vina_8_meeko:   9%|▉         | 126/1426 [01:50<26:41,  1.23s/it]Analyzing vina_8_meeko:   9%|▉         | 127/1426 [01:52<27:25,  1.27s/it]Analyzing vina_8_meeko:   9%|▉         | 128/1426 [01:53<27:45,  1.28s/it]Analyzing vina_8_meeko:   9%|▉         | 129/1426 [01:54<24:33,  1.14s/it]Analyzing vina_8_meeko:   9%|▉         | 130/1426 [01:55<24:23,  1.13s/it]Analyzing vina_8_meeko:   9%|▉         | 131/1426 [01:56<22:17,  1.03s/it]Analyzing vina_8_meeko:   9%|▉         | 132/1426 [01:57<25:56,  1.20s/it]Analyzing vina_8_meeko:   9%|▉         | 134/1426 [01:58<16:53,  1.27it/s]Analyzing vina_8_meeko:  10%|▉         | 136/1426 [01:58<11:42,  1.84it/s]Analyzing vina_8_meeko:  10%|▉         | 137/1426 [01:59<13:20,  1.61it/s]Analyzing vina_8_meeko:  10%|▉         | 139/1426 [02:01<14:40,  1.46it/s]Analyzing vina_8_meeko:  10%|▉         | 140/1426 [02:01<11:58,  1.79it/s]Analyzing vina_8_meeko:  10%|▉         | 141/1426 [02:01<11:59,  1.79it/s]Analyzing vina_8_meeko:  10%|▉         | 142/1426 [02:04<23:07,  1.08s/it]Analyzing vina_8_meeko:  10%|█         | 143/1426 [02:05<20:55,  1.02it/s]Analyzing vina_8_meeko:  10%|█         | 144/1426 [02:06<22:10,  1.04s/it]Analyzing vina_8_meeko:  10%|█         | 145/1426 [02:07<23:26,  1.10s/it]Analyzing vina_8_meeko:  10%|█         | 146/1426 [02:08<25:23,  1.19s/it]Analyzing vina_8_meeko:  10%|█         | 148/1426 [02:10<20:44,  1.03it/s]Analyzing vina_8_meeko:  10%|█         | 149/1426 [02:10<18:47,  1.13it/s]Analyzing vina_8_meeko:  11%|█         | 150/1426 [02:11<16:12,  1.31it/s]Analyzing vina_8_meeko:  11%|█         | 152/1426 [02:11<11:34,  1.83it/s]Analyzing vina_8_meeko:  11%|█         | 153/1426 [02:12<09:30,  2.23it/s]Analyzing vina_8_meeko:  11%|█         | 154/1426 [02:12<11:01,  1.92it/s]Analyzing vina_8_meeko:  11%|█         | 155/1426 [02:13<14:45,  1.43it/s]Analyzing vina_8_meeko:  11%|█         | 157/1426 [02:14<10:45,  1.97it/s]Analyzing vina_8_meeko:  11%|█         | 158/1426 [02:15<11:28,  1.84it/s]Analyzing vina_8_meeko:  11%|█         | 159/1426 [02:15<12:20,  1.71it/s]Analyzing vina_8_meeko:  11%|█         | 160/1426 [02:16<10:35,  1.99it/s]Analyzing vina_8_meeko:  11%|█▏        | 161/1426 [02:16<09:01,  2.33it/s]Analyzing vina_8_meeko:  11%|█▏        | 162/1426 [02:16<09:18,  2.26it/s]Analyzing vina_8_meeko:  11%|█▏        | 163/1426 [02:18<19:19,  1.09it/s]Analyzing vina_8_meeko:  12%|█▏        | 164/1426 [02:21<28:49,  1.37s/it]Analyzing vina_8_meeko:  12%|█▏        | 166/1426 [02:24<28:25,  1.35s/it]Analyzing vina_8_meeko:  12%|█▏        | 167/1426 [02:28<46:41,  2.23s/it]Analyzing vina_8_meeko:  12%|█▏        | 168/1426 [02:31<45:43,  2.18s/it]Analyzing vina_8_meeko:  12%|█▏        | 169/1426 [02:31<37:13,  1.78s/it]Analyzing vina_8_meeko:  12%|█▏        | 170/1426 [02:32<29:12,  1.39s/it]Analyzing vina_8_meeko:  12%|█▏        | 171/1426 [02:33<26:17,  1.26s/it]Analyzing vina_8_meeko:  12%|█▏        | 172/1426 [02:33<22:32,  1.08s/it]Analyzing vina_8_meeko:  12%|█▏        | 173/1426 [02:39<54:09,  2.59s/it]Analyzing vina_8_meeko:  12%|█▏        | 174/1426 [02:41<47:43,  2.29s/it]Analyzing vina_8_meeko:  12%|█▏        | 175/1426 [02:46<1:04:08,  3.08s/it]Analyzing vina_8_meeko:  12%|█▏        | 176/1426 [02:51<1:15:26,  3.62s/it]Analyzing vina_8_meeko:  12%|█▏        | 177/1426 [02:56<1:24:59,  4.08s/it]Analyzing vina_8_meeko:  12%|█▏        | 178/1426 [02:59<1:16:21,  3.67s/it]Analyzing vina_8_meeko:  13%|█▎        | 179/1426 [02:59<57:44,  2.78s/it]  Analyzing vina_8_meeko:  13%|█▎        | 180/1426 [03:02<56:50,  2.74s/it]Analyzing vina_8_meeko:  13%|█▎        | 181/1426 [03:05<55:39,  2.68s/it]Analyzing vina_8_meeko:  13%|█▎        | 182/1426 [03:07<55:23,  2.67s/it]Analyzing vina_8_meeko:  13%|█▎        | 183/1426 [03:14<1:23:46,  4.04s/it]Analyzing vina_8_meeko:  13%|█▎        | 184/1426 [03:18<1:21:36,  3.94s/it]Analyzing vina_8_meeko:  13%|█▎        | 186/1426 [03:19<46:16,  2.24s/it]  Analyzing vina_8_meeko:  13%|█▎        | 187/1426 [03:19<37:58,  1.84s/it]Analyzing vina_8_meeko:  13%|█▎        | 188/1426 [03:21<34:53,  1.69s/it]Analyzing vina_8_meeko:  13%|█▎        | 189/1426 [03:21<30:21,  1.47s/it]Analyzing vina_8_meeko:  13%|█▎        | 190/1426 [03:22<22:34,  1.10s/it]Analyzing vina_8_meeko:  13%|█▎        | 191/1426 [03:30<1:05:58,  3.21s/it]Analyzing vina_8_meeko:  13%|█▎        | 192/1426 [03:32<1:00:57,  2.96s/it]Analyzing vina_8_meeko:  14%|█▎        | 193/1426 [03:33<46:33,  2.27s/it]  Analyzing vina_8_meeko:  14%|█▎        | 194/1426 [03:34<40:01,  1.95s/it]Analyzing vina_8_meeko:  14%|█▎        | 195/1426 [03:37<43:15,  2.11s/it]Analyzing vina_8_meeko:  14%|█▎        | 196/1426 [03:42<1:04:44,  3.16s/it]Analyzing vina_8_meeko:  14%|█▍        | 198/1426 [03:45<45:28,  2.22s/it]  Analyzing vina_8_meeko:  14%|█▍        | 199/1426 [03:46<39:46,  1.94s/it]Analyzing vina_8_meeko:  14%|█▍        | 200/1426 [03:49<46:05,  2.26s/it]Analyzing vina_8_meeko:  14%|█▍        | 201/1426 [03:53<54:06,  2.65s/it]Analyzing vina_8_meeko:  14%|█▍        | 202/1426 [03:53<42:28,  2.08s/it]Analyzing vina_8_meeko:  14%|█▍        | 203/1426 [03:58<58:27,  2.87s/it]Analyzing vina_8_meeko:  14%|█▍        | 205/1426 [03:59<37:30,  1.84s/it]Analyzing vina_8_meeko:  14%|█▍        | 206/1426 [04:00<34:08,  1.68s/it]Analyzing vina_8_meeko:  15%|█▍        | 207/1426 [04:03<40:02,  1.97s/it]Analyzing vina_8_meeko:  15%|█▍        | 208/1426 [04:05<41:38,  2.05s/it]Analyzing vina_8_meeko:  15%|█▍        | 209/1426 [04:07<37:52,  1.87s/it]Analyzing vina_8_meeko:  15%|█▍        | 211/1426 [04:09<32:39,  1.61s/it]Analyzing vina_8_meeko:  15%|█▍        | 212/1426 [04:11<34:31,  1.71s/it]Analyzing vina_8_meeko:  15%|█▍        | 213/1426 [04:13<34:00,  1.68s/it]Analyzing vina_8_meeko:  15%|█▌        | 214/1426 [04:13<26:37,  1.32s/it]Analyzing vina_8_meeko:  15%|█▌        | 215/1426 [04:16<32:49,  1.63s/it]Analyzing vina_8_meeko:  15%|█▌        | 217/1426 [04:17<23:08,  1.15s/it]Analyzing vina_8_meeko:  15%|█▌        | 219/1426 [04:17<16:37,  1.21it/s]Analyzing vina_8_meeko:  15%|█▌        | 220/1426 [04:18<16:29,  1.22it/s]Analyzing vina_8_meeko:  15%|█▌        | 221/1426 [04:19<14:30,  1.38it/s]Analyzing vina_8_meeko:  16%|█▌        | 223/1426 [04:21<18:44,  1.07it/s]Analyzing vina_8_meeko:  16%|█▌        | 225/1426 [04:22<16:22,  1.22it/s]Analyzing vina_8_meeko:  16%|█▌        | 226/1426 [04:23<16:31,  1.21it/s]Analyzing vina_8_meeko:  16%|█▌        | 227/1426 [04:23<13:12,  1.51it/s]Analyzing vina_8_meeko:  16%|█▌        | 228/1426 [04:24<13:59,  1.43it/s]Analyzing vina_8_meeko:  16%|█▌        | 229/1426 [04:24<11:47,  1.69it/s]Analyzing vina_8_meeko:  16%|█▌        | 230/1426 [04:26<14:56,  1.33it/s]Analyzing vina_8_meeko:  16%|█▌        | 231/1426 [04:26<15:10,  1.31it/s]Analyzing vina_8_meeko:  16%|█▋        | 232/1426 [04:27<12:20,  1.61it/s]Analyzing vina_8_meeko:  16%|█▋        | 233/1426 [04:28<16:00,  1.24it/s]Analyzing vina_8_meeko:  16%|█▋        | 235/1426 [04:28<10:35,  1.88it/s]Analyzing vina_8_meeko:  17%|█▋        | 236/1426 [04:29<08:53,  2.23it/s]Analyzing vina_8_meeko:  17%|█▋        | 237/1426 [04:29<08:40,  2.29it/s]Analyzing vina_8_meeko:  17%|█▋        | 238/1426 [04:30<10:59,  1.80it/s]Analyzing vina_8_meeko:  17%|█▋        | 239/1426 [04:31<11:27,  1.73it/s]Analyzing vina_8_meeko:  17%|█▋        | 241/1426 [04:31<09:27,  2.09it/s]Analyzing vina_8_meeko:  17%|█▋        | 243/1426 [04:32<07:15,  2.71it/s]Analyzing vina_8_meeko:  17%|█▋        | 244/1426 [04:32<09:19,  2.11it/s]Analyzing vina_8_meeko:  17%|█▋        | 245/1426 [04:33<07:41,  2.56it/s]Analyzing vina_8_meeko:  17%|█▋        | 246/1426 [04:33<08:54,  2.21it/s]Analyzing vina_8_meeko:  17%|█▋        | 247/1426 [04:35<14:16,  1.38it/s]Analyzing vina_8_meeko:  17%|█▋        | 248/1426 [04:35<14:01,  1.40it/s]Analyzing vina_8_meeko:  17%|█▋        | 249/1426 [04:36<11:43,  1.67it/s]Analyzing vina_8_meeko:  18%|█▊        | 250/1426 [04:36<08:55,  2.20it/s]Analyzing vina_8_meeko:  18%|█▊        | 251/1426 [04:36<10:05,  1.94it/s]Analyzing vina_8_meeko:  18%|█▊        | 253/1426 [04:37<08:35,  2.28it/s]Analyzing vina_8_meeko:  18%|█▊        | 254/1426 [04:38<12:06,  1.61it/s]Analyzing vina_8_meeko:  18%|█▊        | 256/1426 [04:40<12:17,  1.59it/s]Analyzing vina_8_meeko:  18%|█▊        | 257/1426 [04:40<10:48,  1.80it/s]Analyzing vina_8_meeko:  18%|█▊        | 258/1426 [04:40<08:59,  2.17it/s]Analyzing vina_8_meeko:  18%|█▊        | 259/1426 [04:42<17:01,  1.14it/s]Analyzing vina_8_meeko:  18%|█▊        | 260/1426 [04:42<13:27,  1.44it/s]Analyzing vina_8_meeko:  18%|█▊        | 261/1426 [04:43<13:53,  1.40it/s]Analyzing vina_8_meeko:  18%|█▊        | 262/1426 [04:43<11:36,  1.67it/s]Analyzing vina_8_meeko:  19%|█▊        | 264/1426 [04:44<09:14,  2.09it/s]Analyzing vina_8_meeko:  19%|█▊        | 265/1426 [04:45<10:35,  1.83it/s]Analyzing vina_8_meeko:  19%|█▊        | 266/1426 [04:46<11:53,  1.63it/s]Analyzing vina_8_meeko:  19%|█▊        | 267/1426 [04:46<09:34,  2.02it/s]Analyzing vina_8_meeko:  19%|█▉        | 268/1426 [04:46<07:45,  2.49it/s]Analyzing vina_8_meeko:  19%|█▉        | 269/1426 [04:46<07:14,  2.67it/s]Analyzing vina_8_meeko:  19%|█▉        | 270/1426 [04:48<16:12,  1.19it/s]Analyzing vina_8_meeko:  19%|█▉        | 271/1426 [05:01<1:23:08,  4.32s/it]Analyzing vina_8_meeko:  19%|█▉        | 272/1426 [05:02<1:04:09,  3.34s/it]Analyzing vina_8_meeko:  19%|█▉        | 273/1426 [05:04<56:36,  2.95s/it]  Analyzing vina_8_meeko:  19%|█▉        | 274/1426 [05:05<42:48,  2.23s/it]Analyzing vina_8_meeko:  19%|█▉        | 276/1426 [05:06<27:37,  1.44s/it]Analyzing vina_8_meeko:  19%|█▉        | 277/1426 [05:06<21:22,  1.12s/it]Analyzing vina_8_meeko:  19%|█▉        | 278/1426 [05:06<17:18,  1.11it/s]Analyzing vina_8_meeko:  20%|█▉        | 279/1426 [05:06<14:17,  1.34it/s]Analyzing vina_8_meeko:  20%|█▉        | 280/1426 [05:07<11:13,  1.70it/s]Analyzing vina_8_meeko:  20%|█▉        | 281/1426 [05:07<08:53,  2.14it/s]Analyzing vina_8_meeko:  20%|█▉        | 282/1426 [05:07<10:42,  1.78it/s]Analyzing vina_8_meeko:  20%|█▉        | 284/1426 [05:09<13:27,  1.41it/s]Analyzing vina_8_meeko:  20%|██        | 286/1426 [05:10<09:16,  2.05it/s]Analyzing vina_8_meeko:  20%|██        | 288/1426 [05:10<07:13,  2.63it/s]Analyzing vina_8_meeko:  20%|██        | 289/1426 [05:11<08:43,  2.17it/s]Analyzing vina_8_meeko:  20%|██        | 290/1426 [05:11<08:06,  2.34it/s]Analyzing vina_8_meeko:  20%|██        | 291/1426 [05:11<07:03,  2.68it/s]Analyzing vina_8_meeko:  20%|██        | 292/1426 [05:11<06:06,  3.10it/s]Analyzing vina_8_meeko:  21%|██        | 293/1426 [05:12<05:54,  3.19it/s]Analyzing vina_8_meeko:  21%|██        | 294/1426 [05:12<05:23,  3.50it/s]Analyzing vina_8_meeko:  21%|██        | 295/1426 [05:24<1:07:08,  3.56s/it]Analyzing vina_8_meeko:  21%|██        | 296/1426 [05:26<1:01:28,  3.26s/it]Analyzing vina_8_meeko:  21%|██        | 297/1426 [05:26<44:14,  2.35s/it]  Analyzing vina_8_meeko:  21%|██        | 299/1426 [05:27<28:25,  1.51s/it]Analyzing vina_8_meeko:  21%|██        | 300/1426 [05:28<22:39,  1.21s/it]Analyzing vina_8_meeko:  21%|██        | 301/1426 [05:28<17:43,  1.06it/s]Analyzing vina_8_meeko:  21%|██        | 302/1426 [05:29<19:59,  1.07s/it]Analyzing vina_8_meeko:  21%|██        | 303/1426 [05:30<17:12,  1.09it/s]Analyzing vina_8_meeko:  21%|██▏       | 304/1426 [05:30<15:25,  1.21it/s]Analyzing vina_8_meeko:  21%|██▏       | 305/1426 [05:31<12:13,  1.53it/s]Analyzing vina_8_meeko:  22%|██▏       | 307/1426 [05:31<08:32,  2.18it/s]Analyzing vina_8_meeko:  22%|██▏       | 308/1426 [05:32<12:13,  1.52it/s]Analyzing vina_8_meeko:  22%|██▏       | 309/1426 [05:33<11:58,  1.55it/s]Analyzing vina_8_meeko:  22%|██▏       | 310/1426 [05:34<14:39,  1.27it/s]Analyzing vina_8_meeko:  22%|██▏       | 311/1426 [05:34<11:20,  1.64it/s]Analyzing vina_8_meeko:  22%|██▏       | 312/1426 [05:34<08:41,  2.13it/s]Analyzing vina_8_meeko:  22%|██▏       | 313/1426 [05:35<07:54,  2.35it/s]Analyzing vina_8_meeko:  22%|██▏       | 314/1426 [05:36<11:53,  1.56it/s]Analyzing vina_8_meeko:  22%|██▏       | 317/1426 [05:37<09:32,  1.94it/s]Analyzing vina_8_meeko:  22%|██▏       | 318/1426 [05:43<30:02,  1.63s/it]Analyzing vina_8_meeko:  22%|██▏       | 319/1426 [05:46<38:15,  2.07s/it]Analyzing vina_8_meeko:  22%|██▏       | 320/1426 [05:48<36:32,  1.98s/it]Analyzing vina_8_meeko:  23%|██▎       | 321/1426 [05:48<27:47,  1.51s/it]Analyzing vina_8_meeko:  23%|██▎       | 322/1426 [05:49<23:05,  1.25s/it]Analyzing vina_8_meeko:  23%|██▎       | 323/1426 [05:49<17:28,  1.05it/s]Analyzing vina_8_meeko:  23%|██▎       | 324/1426 [05:51<22:20,  1.22s/it]Analyzing vina_8_meeko:  23%|██▎       | 325/1426 [05:52<23:22,  1.27s/it]Analyzing vina_8_meeko:  23%|██▎       | 326/1426 [05:53<21:34,  1.18s/it]Analyzing vina_8_meeko:  23%|██▎       | 327/1426 [05:54<17:46,  1.03it/s]Analyzing vina_8_meeko:  23%|██▎       | 328/1426 [05:54<15:30,  1.18it/s]Analyzing vina_8_meeko:  23%|██▎       | 330/1426 [05:55<12:55,  1.41it/s]Analyzing vina_8_meeko:  23%|██▎       | 331/1426 [05:57<14:42,  1.24it/s]Analyzing vina_8_meeko:  23%|██▎       | 332/1426 [05:57<13:12,  1.38it/s]Analyzing vina_8_meeko:  23%|██▎       | 333/1426 [05:57<10:41,  1.70it/s]Analyzing vina_8_meeko:  23%|██▎       | 334/1426 [05:58<10:31,  1.73it/s]Analyzing vina_8_meeko:  23%|██▎       | 335/1426 [05:59<12:44,  1.43it/s]Analyzing vina_8_meeko:  24%|██▎       | 336/1426 [05:59<09:59,  1.82it/s]Analyzing vina_8_meeko:  24%|██▎       | 337/1426 [06:00<10:27,  1.74it/s]Analyzing vina_8_meeko:  24%|██▎       | 338/1426 [06:00<08:36,  2.11it/s]Analyzing vina_8_meeko:  24%|██▍       | 339/1426 [06:00<06:53,  2.63it/s]Analyzing vina_8_meeko:  24%|██▍       | 340/1426 [06:06<36:58,  2.04s/it]Analyzing vina_8_meeko:  24%|██▍       | 341/1426 [06:06<28:27,  1.57s/it]Analyzing vina_8_meeko:  24%|██▍       | 342/1426 [06:07<20:35,  1.14s/it]Analyzing vina_8_meeko:  24%|██▍       | 343/1426 [06:07<17:13,  1.05it/s]Analyzing vina_8_meeko:  24%|██▍       | 344/1426 [06:08<18:13,  1.01s/it]Analyzing vina_8_meeko:  24%|██▍       | 345/1426 [06:10<22:43,  1.26s/it]Analyzing vina_8_meeko:  24%|██▍       | 346/1426 [06:14<35:34,  1.98s/it]Analyzing vina_8_meeko:  24%|██▍       | 347/1426 [06:15<29:02,  1.61s/it]Analyzing vina_8_meeko:  24%|██▍       | 348/1426 [06:18<36:42,  2.04s/it]Analyzing vina_8_meeko:  24%|██▍       | 349/1426 [06:19<33:26,  1.86s/it]Analyzing vina_8_meeko:  25%|██▍       | 350/1426 [06:20<30:33,  1.70s/it]Analyzing vina_8_meeko:  25%|██▍       | 351/1426 [06:21<24:34,  1.37s/it]Analyzing vina_8_meeko:  25%|██▍       | 352/1426 [06:22<20:28,  1.14s/it]Analyzing vina_8_meeko:  25%|██▍       | 353/1426 [06:23<20:48,  1.16s/it]Analyzing vina_8_meeko:  25%|██▍       | 354/1426 [06:24<21:04,  1.18s/it]Analyzing vina_8_meeko:  25%|██▍       | 355/1426 [06:26<24:02,  1.35s/it]Analyzing vina_8_meeko:  25%|██▍       | 356/1426 [06:28<29:19,  1.64s/it]Analyzing vina_8_meeko:  25%|██▌       | 357/1426 [06:29<23:59,  1.35s/it]Analyzing vina_8_meeko:  25%|██▌       | 358/1426 [06:30<21:21,  1.20s/it]Analyzing vina_8_meeko:  25%|██▌       | 359/1426 [06:30<16:42,  1.06it/s]Analyzing vina_8_meeko:  25%|██▌       | 360/1426 [06:30<14:26,  1.23it/s]Analyzing vina_8_meeko:  25%|██▌       | 361/1426 [06:32<17:33,  1.01it/s]Analyzing vina_8_meeko:  25%|██▌       | 362/1426 [06:34<24:40,  1.39s/it]Analyzing vina_8_meeko:  25%|██▌       | 363/1426 [06:35<22:05,  1.25s/it]Analyzing vina_8_meeko:  26%|██▌       | 364/1426 [06:38<29:10,  1.65s/it]Analyzing vina_8_meeko:  26%|██▌       | 365/1426 [06:38<23:32,  1.33s/it]Analyzing vina_8_meeko:  26%|██▌       | 366/1426 [06:41<28:48,  1.63s/it]Analyzing vina_8_meeko:  26%|██▌       | 367/1426 [06:42<29:54,  1.69s/it]Analyzing vina_8_meeko:  26%|██▌       | 368/1426 [06:44<29:11,  1.66s/it]Analyzing vina_8_meeko:  26%|██▌       | 369/1426 [06:46<29:17,  1.66s/it]Analyzing vina_8_meeko:  26%|██▌       | 370/1426 [06:47<24:57,  1.42s/it]Analyzing vina_8_meeko:  26%|██▌       | 371/1426 [06:50<34:02,  1.94s/it]Analyzing vina_8_meeko:  26%|██▌       | 372/1426 [06:52<35:58,  2.05s/it]Analyzing vina_8_meeko:  26%|██▌       | 373/1426 [06:53<28:24,  1.62s/it]Analyzing vina_8_meeko:  26%|██▌       | 374/1426 [06:53<23:16,  1.33s/it]Analyzing vina_8_meeko:  26%|██▋       | 375/1426 [06:56<28:27,  1.62s/it]Analyzing vina_8_meeko:  26%|██▋       | 377/1426 [06:56<16:48,  1.04it/s]Analyzing vina_8_meeko:  27%|██▋       | 378/1426 [06:59<26:42,  1.53s/it]Analyzing vina_8_meeko:  27%|██▋       | 379/1426 [07:00<22:08,  1.27s/it]Analyzing vina_8_meeko:  27%|██▋       | 380/1426 [07:00<18:31,  1.06s/it]Analyzing vina_8_meeko:  27%|██▋       | 381/1426 [07:01<18:19,  1.05s/it]Analyzing vina_8_meeko:  27%|██▋       | 382/1426 [07:02<17:41,  1.02s/it]Analyzing vina_8_meeko:  27%|██▋       | 383/1426 [07:02<13:31,  1.29it/s]Analyzing vina_8_meeko:  27%|██▋       | 384/1426 [07:03<12:25,  1.40it/s]Analyzing vina_8_meeko:  27%|██▋       | 385/1426 [07:03<10:56,  1.59it/s]Analyzing vina_8_meeko:  27%|██▋       | 386/1426 [07:04<10:36,  1.63it/s]Analyzing vina_8_meeko:  27%|██▋       | 387/1426 [07:05<15:12,  1.14it/s]Analyzing vina_8_meeko:  27%|██▋       | 388/1426 [07:09<27:47,  1.61s/it]Analyzing vina_8_meeko:  27%|██▋       | 389/1426 [07:11<29:20,  1.70s/it]Analyzing vina_8_meeko:  27%|██▋       | 390/1426 [07:12<26:40,  1.54s/it]Analyzing vina_8_meeko:  27%|██▋       | 391/1426 [07:14<29:03,  1.68s/it]Analyzing vina_8_meeko:  27%|██▋       | 392/1426 [07:15<24:55,  1.45s/it]Analyzing vina_8_meeko:  28%|██▊       | 393/1426 [07:18<32:20,  1.88s/it]Analyzing vina_8_meeko:  28%|██▊       | 394/1426 [07:18<26:48,  1.56s/it]Analyzing vina_8_meeko:  28%|██▊       | 395/1426 [07:20<25:59,  1.51s/it]Analyzing vina_8_meeko:  28%|██▊       | 396/1426 [07:20<20:04,  1.17s/it]Analyzing vina_8_meeko:  28%|██▊       | 397/1426 [07:21<19:55,  1.16s/it]Analyzing vina_8_meeko:  28%|██▊       | 398/1426 [07:22<19:12,  1.12s/it]Analyzing vina_8_meeko:  28%|██▊       | 399/1426 [07:23<14:26,  1.18it/s]Analyzing vina_8_meeko:  28%|██▊       | 400/1426 [07:24<18:31,  1.08s/it]Analyzing vina_8_meeko:  28%|██▊       | 401/1426 [07:27<29:12,  1.71s/it]Analyzing vina_8_meeko:  28%|██▊       | 402/1426 [07:30<33:45,  1.98s/it]Analyzing vina_8_meeko:  28%|██▊       | 403/1426 [07:34<44:01,  2.58s/it]Analyzing vina_8_meeko:  28%|██▊       | 404/1426 [07:34<31:34,  1.85s/it]Analyzing vina_8_meeko:  28%|██▊       | 406/1426 [07:36<22:19,  1.31s/it]Analyzing vina_8_meeko:  29%|██▊       | 407/1426 [07:38<25:11,  1.48s/it]Analyzing vina_8_meeko:  29%|██▊       | 408/1426 [07:40<30:25,  1.79s/it]Analyzing vina_8_meeko:  29%|██▉       | 410/1426 [07:41<19:55,  1.18s/it]Analyzing vina_8_meeko:  29%|██▉       | 411/1426 [07:41<16:04,  1.05it/s]Analyzing vina_8_meeko:  29%|██▉       | 412/1426 [07:42<16:41,  1.01it/s]Analyzing vina_8_meeko:  29%|██▉       | 414/1426 [07:43<10:48,  1.56it/s]Analyzing vina_8_meeko:  29%|██▉       | 415/1426 [07:43<11:22,  1.48it/s]Analyzing vina_8_meeko:  29%|██▉       | 416/1426 [07:43<09:07,  1.84it/s]Analyzing vina_8_meeko:  29%|██▉       | 417/1426 [07:44<08:26,  1.99it/s]Analyzing vina_8_meeko:  29%|██▉       | 418/1426 [07:44<07:07,  2.36it/s]Analyzing vina_8_meeko:  29%|██▉       | 419/1426 [07:45<11:10,  1.50it/s]Analyzing vina_8_meeko:  29%|██▉       | 420/1426 [07:52<41:02,  2.45s/it]Analyzing vina_8_meeko:  30%|██▉       | 421/1426 [07:53<31:43,  1.89s/it]Analyzing vina_8_meeko:  30%|██▉       | 422/1426 [08:04<1:15:16,  4.50s/it]Analyzing vina_8_meeko:  30%|██▉       | 423/1426 [08:10<1:25:45,  5.13s/it]Analyzing vina_8_meeko:  30%|██▉       | 424/1426 [08:12<1:06:48,  4.00s/it]Analyzing vina_8_meeko:  30%|██▉       | 425/1426 [08:12<48:42,  2.92s/it]  Analyzing vina_8_meeko:  30%|██▉       | 427/1426 [08:12<26:50,  1.61s/it]Analyzing vina_8_meeko:  30%|███       | 428/1426 [08:13<23:39,  1.42s/it]Analyzing vina_8_meeko:  30%|███       | 429/1426 [08:13<18:07,  1.09s/it]Analyzing vina_8_meeko:  30%|███       | 430/1426 [08:13<13:42,  1.21it/s]Analyzing vina_8_meeko:  30%|███       | 431/1426 [08:15<19:13,  1.16s/it]Analyzing vina_8_meeko:  30%|███       | 432/1426 [08:17<22:27,  1.36s/it]Analyzing vina_8_meeko:  30%|███       | 433/1426 [08:17<16:33,  1.00s/it]Analyzing vina_8_meeko:  30%|███       | 434/1426 [08:18<16:06,  1.03it/s]Analyzing vina_8_meeko:  31%|███       | 435/1426 [08:18<13:20,  1.24it/s]Analyzing vina_8_meeko:  31%|███       | 436/1426 [08:20<16:48,  1.02s/it]Analyzing vina_8_meeko:  31%|███       | 437/1426 [08:21<18:51,  1.14s/it]Analyzing vina_8_meeko:  31%|███       | 438/1426 [08:22<13:58,  1.18it/s]Analyzing vina_8_meeko:  31%|███       | 439/1426 [08:22<13:08,  1.25it/s]Analyzing vina_8_meeko:  31%|███       | 440/1426 [08:23<14:11,  1.16it/s]Analyzing vina_8_meeko:  31%|███       | 441/1426 [08:24<14:35,  1.12it/s]Analyzing vina_8_meeko:  31%|███       | 442/1426 [08:24<11:21,  1.44it/s]Analyzing vina_8_meeko:  31%|███       | 443/1426 [08:26<16:17,  1.01it/s]Analyzing vina_8_meeko:  31%|███       | 444/1426 [08:27<17:11,  1.05s/it]Analyzing vina_8_meeko:  31%|███▏      | 446/1426 [08:28<12:30,  1.31it/s]Analyzing vina_8_meeko:  31%|███▏      | 448/1426 [08:28<08:20,  1.95it/s]Analyzing vina_8_meeko:  31%|███▏      | 449/1426 [08:30<10:25,  1.56it/s]Analyzing vina_8_meeko:  32%|███▏      | 451/1426 [08:32<14:19,  1.13it/s]Analyzing vina_8_meeko:  32%|███▏      | 452/1426 [08:32<11:49,  1.37it/s]Analyzing vina_8_meeko:  32%|███▏      | 453/1426 [08:33<12:33,  1.29it/s]Analyzing vina_8_meeko:  32%|███▏      | 454/1426 [08:34<12:06,  1.34it/s]Analyzing vina_8_meeko:  32%|███▏      | 455/1426 [08:38<26:30,  1.64s/it]Analyzing vina_8_meeko:  32%|███▏      | 456/1426 [08:38<20:34,  1.27s/it]Analyzing vina_8_meeko:  32%|███▏      | 457/1426 [08:42<30:17,  1.88s/it]Analyzing vina_8_meeko:  32%|███▏      | 458/1426 [08:42<22:57,  1.42s/it]Analyzing vina_8_meeko:  32%|███▏      | 459/1426 [08:42<18:04,  1.12s/it]Analyzing vina_8_meeko:  32%|███▏      | 461/1426 [08:43<11:51,  1.36it/s]Analyzing vina_8_meeko:  32%|███▏      | 462/1426 [08:43<10:37,  1.51it/s]Analyzing vina_8_meeko:  32%|███▏      | 463/1426 [08:44<09:32,  1.68it/s]Analyzing vina_8_meeko:  33%|███▎      | 464/1426 [08:46<16:38,  1.04s/it]Analyzing vina_8_meeko:  33%|███▎      | 466/1426 [08:46<10:27,  1.53it/s]Analyzing vina_8_meeko:  33%|███▎      | 467/1426 [08:49<17:36,  1.10s/it]Analyzing vina_8_meeko:  33%|███▎      | 468/1426 [08:49<13:44,  1.16it/s]Analyzing vina_8_meeko:  33%|███▎      | 469/1426 [08:51<19:10,  1.20s/it]Analyzing vina_8_meeko:  33%|███▎      | 470/1426 [08:52<19:17,  1.21s/it]Analyzing vina_8_meeko:  33%|███▎      | 471/1426 [08:52<14:25,  1.10it/s]Analyzing vina_8_meeko:  33%|███▎      | 472/1426 [08:53<11:06,  1.43it/s]Analyzing vina_8_meeko:  33%|███▎      | 473/1426 [08:53<08:25,  1.88it/s]Analyzing vina_8_meeko:  33%|███▎      | 475/1426 [08:57<19:00,  1.20s/it]Analyzing vina_8_meeko:  33%|███▎      | 476/1426 [09:01<30:24,  1.92s/it]Analyzing vina_8_meeko:  33%|███▎      | 477/1426 [09:04<33:27,  2.12s/it]Analyzing vina_8_meeko:  34%|███▎      | 478/1426 [09:04<27:54,  1.77s/it]Analyzing vina_8_meeko:  34%|███▎      | 479/1426 [09:06<26:38,  1.69s/it]Analyzing vina_8_meeko:  34%|███▎      | 480/1426 [09:08<26:31,  1.68s/it]Analyzing vina_8_meeko:  34%|███▎      | 481/1426 [09:09<23:48,  1.51s/it]Analyzing vina_8_meeko:  34%|███▍      | 482/1426 [09:13<35:44,  2.27s/it]Analyzing vina_8_meeko:  34%|███▍      | 483/1426 [09:14<28:28,  1.81s/it]Analyzing vina_8_meeko:  34%|███▍      | 484/1426 [09:14<23:11,  1.48s/it]Analyzing vina_8_meeko:  34%|███▍      | 485/1426 [09:15<20:41,  1.32s/it]Analyzing vina_8_meeko:  34%|███▍      | 486/1426 [09:18<26:02,  1.66s/it]Analyzing vina_8_meeko:  34%|███▍      | 487/1426 [09:18<21:17,  1.36s/it]Analyzing vina_8_meeko:  34%|███▍      | 488/1426 [09:19<19:21,  1.24s/it]Analyzing vina_8_meeko:  34%|███▍      | 489/1426 [09:20<16:07,  1.03s/it]Analyzing vina_8_meeko:  34%|███▍      | 490/1426 [09:20<13:41,  1.14it/s]Analyzing vina_8_meeko:  34%|███▍      | 491/1426 [09:21<11:19,  1.38it/s]Analyzing vina_8_meeko:  35%|███▍      | 492/1426 [09:22<12:42,  1.23it/s]Analyzing vina_8_meeko:  35%|███▍      | 493/1426 [09:22<10:59,  1.41it/s]Analyzing vina_8_meeko:  35%|███▍      | 494/1426 [09:27<29:37,  1.91s/it]Analyzing vina_8_meeko:  35%|███▍      | 495/1426 [09:28<27:53,  1.80s/it]Analyzing vina_8_meeko:  35%|███▍      | 496/1426 [09:29<20:11,  1.30s/it]Analyzing vina_8_meeko:  35%|███▍      | 497/1426 [09:29<16:10,  1.05s/it]Analyzing vina_8_meeko:  35%|███▍      | 499/1426 [09:31<15:13,  1.01it/s]Analyzing vina_8_meeko:  35%|███▌      | 501/1426 [09:31<09:36,  1.61it/s]Analyzing vina_8_meeko:  35%|███▌      | 502/1426 [09:31<07:52,  1.96it/s]Analyzing vina_8_meeko:  35%|███▌      | 503/1426 [09:33<11:39,  1.32it/s]Analyzing vina_8_meeko:  35%|███▌      | 504/1426 [09:34<12:25,  1.24it/s]Analyzing vina_8_meeko:  35%|███▌      | 505/1426 [09:37<21:08,  1.38s/it]Analyzing vina_8_meeko:  35%|███▌      | 506/1426 [09:37<17:35,  1.15s/it]Analyzing vina_8_meeko:  36%|███▌      | 507/1426 [09:37<13:44,  1.11it/s]Analyzing vina_8_meeko:  36%|███▌      | 508/1426 [09:38<13:16,  1.15it/s]Analyzing vina_8_meeko:  36%|███▌      | 509/1426 [09:38<10:44,  1.42it/s]Analyzing vina_8_meeko:  36%|███▌      | 510/1426 [09:39<08:05,  1.89it/s]Analyzing vina_8_meeko:  36%|███▌      | 511/1426 [09:42<21:13,  1.39s/it]Analyzing vina_8_meeko:  36%|███▌      | 512/1426 [09:43<18:13,  1.20s/it]Analyzing vina_8_meeko:  36%|███▌      | 513/1426 [09:44<18:20,  1.21s/it]Analyzing vina_8_meeko:  36%|███▌      | 514/1426 [09:45<19:25,  1.28s/it]Analyzing vina_8_meeko:  36%|███▌      | 515/1426 [09:46<17:38,  1.16s/it]Analyzing vina_8_meeko:  36%|███▌      | 516/1426 [09:48<20:08,  1.33s/it]Analyzing vina_8_meeko:  36%|███▋      | 518/1426 [09:48<11:45,  1.29it/s]Analyzing vina_8_meeko:  36%|███▋      | 519/1426 [09:49<12:12,  1.24it/s]Analyzing vina_8_meeko:  37%|███▋      | 521/1426 [09:51<11:26,  1.32it/s]Analyzing vina_8_meeko:  37%|███▋      | 522/1426 [09:51<10:35,  1.42it/s]Analyzing vina_8_meeko:  37%|███▋      | 524/1426 [09:53<12:09,  1.24it/s]Analyzing vina_8_meeko:  37%|███▋      | 525/1426 [09:57<22:59,  1.53s/it]Analyzing vina_8_meeko:  37%|███▋      | 529/1426 [09:57<10:30,  1.42it/s]Analyzing vina_8_meeko:  37%|███▋      | 530/1426 [09:58<09:39,  1.55it/s]Analyzing vina_8_meeko:  37%|███▋      | 532/1426 [09:58<08:14,  1.81it/s]Analyzing vina_8_meeko:  37%|███▋      | 533/1426 [09:59<07:54,  1.88it/s]Analyzing vina_8_meeko:  38%|███▊      | 535/1426 [10:00<08:02,  1.85it/s]Analyzing vina_8_meeko:  38%|███▊      | 537/1426 [10:01<07:57,  1.86it/s]Analyzing vina_8_meeko:  38%|███▊      | 538/1426 [10:04<16:29,  1.11s/it]Analyzing vina_8_meeko:  38%|███▊      | 539/1426 [10:06<17:35,  1.19s/it]Analyzing vina_8_meeko:  38%|███▊      | 540/1426 [10:06<14:05,  1.05it/s]Analyzing vina_8_meeko:  38%|███▊      | 541/1426 [10:06<10:58,  1.34it/s]Analyzing vina_8_meeko:  38%|███▊      | 542/1426 [10:08<13:53,  1.06it/s]Analyzing vina_8_meeko:  38%|███▊      | 543/1426 [10:08<12:40,  1.16it/s]Analyzing vina_8_meeko:  38%|███▊      | 544/1426 [10:10<13:38,  1.08it/s]Analyzing vina_8_meeko:  38%|███▊      | 545/1426 [10:12<18:57,  1.29s/it]Analyzing vina_8_meeko:  38%|███▊      | 547/1426 [10:13<13:49,  1.06it/s]Analyzing vina_8_meeko:  38%|███▊      | 548/1426 [10:15<17:34,  1.20s/it]Analyzing vina_8_meeko:  38%|███▊      | 549/1426 [10:15<15:35,  1.07s/it]Analyzing vina_8_meeko:  39%|███▊      | 551/1426 [10:19<20:39,  1.42s/it]Analyzing vina_8_meeko:  39%|███▊      | 552/1426 [10:20<17:54,  1.23s/it]Analyzing vina_8_meeko:  39%|███▉      | 553/1426 [10:20<14:42,  1.01s/it]Analyzing vina_8_meeko:  39%|███▉      | 554/1426 [10:21<14:03,  1.03it/s]Analyzing vina_8_meeko:  39%|███▉      | 555/1426 [10:21<11:40,  1.24it/s]Analyzing vina_8_meeko:  39%|███▉      | 556/1426 [10:24<17:32,  1.21s/it]Analyzing vina_8_meeko:  39%|███▉      | 557/1426 [10:25<16:49,  1.16s/it]Analyzing vina_8_meeko:  39%|███▉      | 558/1426 [10:26<18:13,  1.26s/it]Analyzing vina_8_meeko:  39%|███▉      | 559/1426 [10:26<13:18,  1.09it/s]Analyzing vina_8_meeko:  39%|███▉      | 560/1426 [10:27<10:48,  1.33it/s]Analyzing vina_8_meeko:  39%|███▉      | 561/1426 [10:28<11:35,  1.24it/s]Analyzing vina_8_meeko:  39%|███▉      | 562/1426 [10:29<16:01,  1.11s/it]Analyzing vina_8_meeko:  39%|███▉      | 563/1426 [10:30<13:34,  1.06it/s]Analyzing vina_8_meeko:  40%|███▉      | 564/1426 [10:30<10:31,  1.36it/s]Analyzing vina_8_meeko:  40%|███▉      | 565/1426 [10:34<22:26,  1.56s/it]Analyzing vina_8_meeko:  40%|███▉      | 566/1426 [10:34<17:34,  1.23s/it]Analyzing vina_8_meeko:  40%|███▉      | 567/1426 [10:36<19:24,  1.36s/it]Analyzing vina_8_meeko:  40%|███▉      | 569/1426 [10:37<12:50,  1.11it/s]Analyzing vina_8_meeko:  40%|███▉      | 570/1426 [10:39<18:00,  1.26s/it]Analyzing vina_8_meeko:  40%|████      | 571/1426 [10:39<13:48,  1.03it/s]Analyzing vina_8_meeko:  40%|████      | 572/1426 [10:41<18:15,  1.28s/it]Analyzing vina_8_meeko:  40%|████      | 573/1426 [10:44<22:43,  1.60s/it]Analyzing vina_8_meeko:  40%|████      | 575/1426 [10:44<14:02,  1.01it/s]Analyzing vina_8_meeko:  40%|████      | 576/1426 [10:46<18:06,  1.28s/it]Analyzing vina_8_meeko:  40%|████      | 577/1426 [10:47<17:03,  1.21s/it]Analyzing vina_8_meeko:  41%|████      | 579/1426 [10:47<10:11,  1.38it/s]Analyzing vina_8_meeko:  41%|████      | 581/1426 [10:48<06:56,  2.03it/s]Analyzing vina_8_meeko:  41%|████      | 582/1426 [10:48<07:12,  1.95it/s]Analyzing vina_8_meeko:  41%|████      | 583/1426 [10:49<09:12,  1.53it/s]Analyzing vina_8_meeko:  41%|████      | 584/1426 [10:50<09:57,  1.41it/s]Analyzing vina_8_meeko:  41%|████      | 585/1426 [10:52<15:24,  1.10s/it]Analyzing vina_8_meeko:  41%|████      | 586/1426 [10:53<13:26,  1.04it/s]Analyzing vina_8_meeko:  41%|████      | 587/1426 [10:56<21:23,  1.53s/it]Analyzing vina_8_meeko:  41%|████      | 588/1426 [10:58<23:43,  1.70s/it]Analyzing vina_8_meeko:  41%|████▏     | 589/1426 [10:58<18:45,  1.34s/it]Analyzing vina_8_meeko:  41%|████▏     | 590/1426 [10:59<13:49,  1.01it/s]Analyzing vina_8_meeko:  41%|████▏     | 591/1426 [11:00<14:26,  1.04s/it]Analyzing vina_8_meeko:  42%|████▏     | 592/1426 [11:01<13:18,  1.04it/s]Analyzing vina_8_meeko:  42%|████▏     | 593/1426 [11:01<10:53,  1.28it/s]Analyzing vina_8_meeko:  42%|████▏     | 594/1426 [11:03<14:31,  1.05s/it]Analyzing vina_8_meeko:  42%|████▏     | 595/1426 [11:03<12:37,  1.10it/s]Analyzing vina_8_meeko:  42%|████▏     | 597/1426 [11:04<09:42,  1.42it/s]Analyzing vina_8_meeko:  42%|████▏     | 598/1426 [11:04<07:38,  1.81it/s]Analyzing vina_8_meeko:  42%|████▏     | 600/1426 [11:07<12:00,  1.15it/s]Analyzing vina_8_meeko:  42%|████▏     | 601/1426 [11:08<12:16,  1.12it/s]Analyzing vina_8_meeko:  42%|████▏     | 602/1426 [11:09<11:38,  1.18it/s]Analyzing vina_8_meeko:  42%|████▏     | 603/1426 [11:10<15:23,  1.12s/it]Analyzing vina_8_meeko:  42%|████▏     | 604/1426 [11:12<17:32,  1.28s/it]Analyzing vina_8_meeko:  42%|████▏     | 605/1426 [11:14<20:57,  1.53s/it]Analyzing vina_8_meeko:  42%|████▏     | 606/1426 [11:18<28:32,  2.09s/it]Analyzing vina_8_meeko:  43%|████▎     | 607/1426 [11:18<21:30,  1.58s/it]Analyzing vina_8_meeko:  43%|████▎     | 608/1426 [11:18<15:45,  1.16s/it]Analyzing vina_8_meeko:  43%|████▎     | 609/1426 [11:18<11:33,  1.18it/s]Analyzing vina_8_meeko:  43%|████▎     | 611/1426 [11:19<08:02,  1.69it/s]Analyzing vina_8_meeko:  43%|████▎     | 612/1426 [11:19<07:14,  1.87it/s]Analyzing vina_8_meeko:  43%|████▎     | 613/1426 [11:21<11:19,  1.20it/s]Analyzing vina_8_meeko:  43%|████▎     | 614/1426 [11:23<16:43,  1.24s/it]Analyzing vina_8_meeko:  43%|████▎     | 615/1426 [11:24<15:11,  1.12s/it]Analyzing vina_8_meeko:  43%|████▎     | 616/1426 [11:25<13:48,  1.02s/it]Analyzing vina_8_meeko:  43%|████▎     | 617/1426 [11:26<14:55,  1.11s/it]Analyzing vina_8_meeko:  43%|████▎     | 618/1426 [11:29<19:39,  1.46s/it]Analyzing vina_8_meeko:  43%|████▎     | 619/1426 [11:30<19:21,  1.44s/it]Analyzing vina_8_meeko:  43%|████▎     | 620/1426 [11:31<17:24,  1.30s/it]Analyzing vina_8_meeko:  44%|████▎     | 621/1426 [11:31<14:18,  1.07s/it]Analyzing vina_8_meeko:  44%|████▎     | 622/1426 [11:33<16:31,  1.23s/it]Analyzing vina_8_meeko:  44%|████▎     | 623/1426 [11:34<16:37,  1.24s/it]Analyzing vina_8_meeko:  44%|████▍     | 624/1426 [11:34<12:25,  1.08it/s]Analyzing vina_8_meeko:  44%|████▍     | 626/1426 [11:35<08:28,  1.57it/s]Analyzing vina_8_meeko:  44%|████▍     | 627/1426 [11:35<06:48,  1.95it/s]Analyzing vina_8_meeko:  44%|████▍     | 628/1426 [11:36<06:17,  2.12it/s]Analyzing vina_8_meeko:  44%|████▍     | 629/1426 [11:36<07:30,  1.77it/s]Analyzing vina_8_meeko:  44%|████▍     | 630/1426 [11:38<10:39,  1.25it/s]Analyzing vina_8_meeko:  44%|████▍     | 631/1426 [11:38<08:16,  1.60it/s]Analyzing vina_8_meeko:  44%|████▍     | 632/1426 [11:38<06:45,  1.96it/s]Analyzing vina_8_meeko:  44%|████▍     | 633/1426 [11:40<12:07,  1.09it/s]Analyzing vina_8_meeko:  44%|████▍     | 634/1426 [11:41<12:20,  1.07it/s]Analyzing vina_8_meeko:  45%|████▍     | 635/1426 [11:41<09:34,  1.38it/s]Analyzing vina_8_meeko:  45%|████▍     | 636/1426 [11:48<33:00,  2.51s/it]Analyzing vina_8_meeko:  45%|████▍     | 637/1426 [11:48<24:48,  1.89s/it]Analyzing vina_8_meeko:  45%|████▍     | 638/1426 [11:49<19:15,  1.47s/it]Analyzing vina_8_meeko:  45%|████▍     | 639/1426 [11:51<20:06,  1.53s/it]Analyzing vina_8_meeko:  45%|████▍     | 640/1426 [11:52<17:37,  1.35s/it]Analyzing vina_8_meeko:  45%|████▍     | 641/1426 [11:53<16:08,  1.23s/it]Analyzing vina_8_meeko:  45%|████▌     | 642/1426 [11:53<14:05,  1.08s/it]Analyzing vina_8_meeko:  45%|████▌     | 643/1426 [11:53<10:36,  1.23it/s]Analyzing vina_8_meeko:  45%|████▌     | 644/1426 [11:56<15:42,  1.21s/it]Analyzing vina_8_meeko:  45%|████▌     | 645/1426 [11:57<16:49,  1.29s/it]Analyzing vina_8_meeko:  45%|████▌     | 646/1426 [11:57<12:53,  1.01it/s]Analyzing vina_8_meeko:  45%|████▌     | 647/1426 [11:58<13:23,  1.03s/it]Analyzing vina_8_meeko:  46%|████▌     | 649/1426 [12:00<12:01,  1.08it/s]Analyzing vina_8_meeko:  46%|████▌     | 650/1426 [12:02<16:27,  1.27s/it]Analyzing vina_8_meeko:  46%|████▌     | 651/1426 [12:03<14:38,  1.13s/it]Analyzing vina_8_meeko:  46%|████▌     | 652/1426 [12:04<14:33,  1.13s/it]Analyzing vina_8_meeko:  46%|████▌     | 653/1426 [12:06<17:34,  1.36s/it]Analyzing vina_8_meeko:  46%|████▌     | 654/1426 [12:07<14:07,  1.10s/it]Analyzing vina_8_meeko:  46%|████▌     | 655/1426 [12:08<13:34,  1.06s/it]Analyzing vina_8_meeko:  46%|████▌     | 656/1426 [12:09<14:59,  1.17s/it]Analyzing vina_8_meeko:  46%|████▌     | 657/1426 [12:09<10:59,  1.17it/s]Analyzing vina_8_meeko:  46%|████▌     | 658/1426 [12:11<15:19,  1.20s/it]Analyzing vina_8_meeko:  46%|████▌     | 659/1426 [12:12<15:22,  1.20s/it]Analyzing vina_8_meeko:  46%|████▋     | 660/1426 [12:13<13:15,  1.04s/it]Analyzing vina_8_meeko:  46%|████▋     | 661/1426 [12:14<14:04,  1.10s/it]Analyzing vina_8_meeko:  46%|████▋     | 662/1426 [12:15<11:11,  1.14it/s]Analyzing vina_8_meeko:  46%|████▋     | 663/1426 [12:16<13:38,  1.07s/it]Analyzing vina_8_meeko:  47%|████▋     | 664/1426 [12:19<21:44,  1.71s/it]Analyzing vina_8_meeko:  47%|████▋     | 665/1426 [12:20<16:09,  1.27s/it]Analyzing vina_8_meeko:  47%|████▋     | 666/1426 [12:22<19:22,  1.53s/it]Analyzing vina_8_meeko:  47%|████▋     | 667/1426 [12:23<19:20,  1.53s/it]Analyzing vina_8_meeko:  47%|████▋     | 668/1426 [12:25<19:11,  1.52s/it]Analyzing vina_8_meeko:  47%|████▋     | 669/1426 [12:26<19:56,  1.58s/it]Analyzing vina_8_meeko:  47%|████▋     | 670/1426 [12:27<17:38,  1.40s/it]Analyzing vina_8_meeko:  47%|████▋     | 671/1426 [12:29<17:14,  1.37s/it]Analyzing vina_8_meeko:  47%|████▋     | 672/1426 [12:29<13:13,  1.05s/it]Analyzing vina_8_meeko:  47%|████▋     | 673/1426 [12:31<17:31,  1.40s/it]Analyzing vina_8_meeko:  47%|████▋     | 674/1426 [12:34<22:22,  1.79s/it]Analyzing vina_8_meeko:  47%|████▋     | 675/1426 [12:35<18:20,  1.47s/it]Analyzing vina_8_meeko:  47%|████▋     | 676/1426 [12:36<16:46,  1.34s/it]Analyzing vina_8_meeko:  47%|████▋     | 677/1426 [12:39<23:11,  1.86s/it]Analyzing vina_8_meeko:  48%|████▊     | 678/1426 [12:42<26:47,  2.15s/it]Analyzing vina_8_meeko:  48%|████▊     | 679/1426 [12:42<21:18,  1.71s/it]Analyzing vina_8_meeko:  48%|████▊     | 680/1426 [12:43<17:41,  1.42s/it]Analyzing vina_8_meeko:  48%|████▊     | 681/1426 [12:46<22:07,  1.78s/it]Analyzing vina_8_meeko:  48%|████▊     | 682/1426 [12:46<16:28,  1.33s/it]Analyzing vina_8_meeko:  48%|████▊     | 684/1426 [12:47<12:16,  1.01it/s]Analyzing vina_8_meeko:  48%|████▊     | 685/1426 [12:47<09:34,  1.29it/s]Analyzing vina_8_meeko:  48%|████▊     | 686/1426 [12:48<08:37,  1.43it/s]Analyzing vina_8_meeko:  48%|████▊     | 687/1426 [12:49<09:04,  1.36it/s]Analyzing vina_8_meeko:  48%|████▊     | 688/1426 [12:49<08:34,  1.43it/s]Analyzing vina_8_meeko:  48%|████▊     | 689/1426 [12:50<09:08,  1.34it/s]Analyzing vina_8_meeko:  48%|████▊     | 690/1426 [12:52<14:47,  1.21s/it]Analyzing vina_8_meeko:  48%|████▊     | 691/1426 [12:53<13:39,  1.11s/it]Analyzing vina_8_meeko:  49%|████▊     | 692/1426 [12:54<13:44,  1.12s/it]Analyzing vina_8_meeko:  49%|████▊     | 693/1426 [12:55<11:44,  1.04it/s]Analyzing vina_8_meeko:  49%|████▊     | 694/1426 [12:56<11:33,  1.05it/s]Analyzing vina_8_meeko:  49%|████▊     | 695/1426 [12:56<08:37,  1.41it/s]Analyzing vina_8_meeko:  49%|████▉     | 696/1426 [12:57<10:25,  1.17it/s]Analyzing vina_8_meeko:  49%|████▉     | 697/1426 [13:00<17:16,  1.42s/it]Analyzing vina_8_meeko:  49%|████▉     | 698/1426 [13:05<30:54,  2.55s/it]Analyzing vina_8_meeko:  49%|████▉     | 699/1426 [13:06<25:10,  2.08s/it]Analyzing vina_8_meeko:  49%|████▉     | 700/1426 [13:07<18:49,  1.56s/it]Analyzing vina_8_meeko:  49%|████▉     | 701/1426 [13:09<22:48,  1.89s/it]Analyzing vina_8_meeko:  49%|████▉     | 702/1426 [13:09<16:34,  1.37s/it]Analyzing vina_8_meeko:  49%|████▉     | 703/1426 [13:10<12:58,  1.08s/it]Analyzing vina_8_meeko:  49%|████▉     | 704/1426 [13:10<10:02,  1.20it/s]Analyzing vina_8_meeko:  50%|████▉     | 706/1426 [13:13<12:20,  1.03s/it]Analyzing vina_8_meeko:  50%|████▉     | 707/1426 [13:13<10:55,  1.10it/s]Analyzing vina_8_meeko:  50%|████▉     | 708/1426 [13:16<16:49,  1.41s/it]Analyzing vina_8_meeko:  50%|████▉     | 710/1426 [13:16<11:05,  1.08it/s]Analyzing vina_8_meeko:  50%|████▉     | 711/1426 [13:17<08:57,  1.33it/s]Analyzing vina_8_meeko:  50%|█████     | 713/1426 [13:17<06:57,  1.71it/s]Analyzing vina_8_meeko:  50%|█████     | 714/1426 [13:19<10:51,  1.09it/s]Analyzing vina_8_meeko:  50%|█████     | 715/1426 [13:20<10:17,  1.15it/s]Analyzing vina_8_meeko:  50%|█████     | 716/1426 [13:21<09:42,  1.22it/s]Analyzing vina_8_meeko:  50%|█████     | 717/1426 [13:21<09:09,  1.29it/s]Analyzing vina_8_meeko:  50%|█████     | 718/1426 [13:23<11:12,  1.05it/s]Analyzing vina_8_meeko:  50%|█████     | 719/1426 [13:23<10:14,  1.15it/s]Analyzing vina_8_meeko:  50%|█████     | 720/1426 [13:25<11:51,  1.01s/it]Analyzing vina_8_meeko:  51%|█████     | 721/1426 [13:30<27:45,  2.36s/it]Analyzing vina_8_meeko:  51%|█████     | 722/1426 [13:31<22:00,  1.88s/it]Analyzing vina_8_meeko:  51%|█████     | 723/1426 [13:33<22:30,  1.92s/it]Analyzing vina_8_meeko:  51%|█████     | 724/1426 [13:35<20:22,  1.74s/it]Analyzing vina_8_meeko:  51%|█████     | 725/1426 [13:36<19:45,  1.69s/it]Analyzing vina_8_meeko:  51%|█████     | 727/1426 [13:37<13:02,  1.12s/it]Analyzing vina_8_meeko:  51%|█████     | 728/1426 [13:37<11:04,  1.05it/s]Analyzing vina_8_meeko:  51%|█████     | 729/1426 [13:39<13:13,  1.14s/it]Analyzing vina_8_meeko:  51%|█████     | 730/1426 [13:39<10:30,  1.10it/s]Analyzing vina_8_meeko:  51%|█████▏    | 732/1426 [13:41<10:16,  1.12it/s]Analyzing vina_8_meeko:  51%|█████▏    | 733/1426 [13:42<09:41,  1.19it/s]Analyzing vina_8_meeko:  52%|█████▏    | 735/1426 [13:43<08:14,  1.40it/s]Analyzing vina_8_meeko:  52%|█████▏    | 736/1426 [13:48<19:47,  1.72s/it]Analyzing vina_8_meeko:  52%|█████▏    | 737/1426 [13:49<16:17,  1.42s/it]Analyzing vina_8_meeko:  52%|█████▏    | 738/1426 [13:49<12:25,  1.08s/it]Analyzing vina_8_meeko:  52%|█████▏    | 739/1426 [13:50<12:35,  1.10s/it]Analyzing vina_8_meeko:  52%|█████▏    | 740/1426 [13:50<09:48,  1.17it/s]Analyzing vina_8_meeko:  52%|█████▏    | 741/1426 [13:52<13:58,  1.22s/it]Analyzing vina_8_meeko:  52%|█████▏    | 742/1426 [13:52<10:31,  1.08it/s]Analyzing vina_8_meeko:  52%|█████▏    | 743/1426 [13:53<08:35,  1.33it/s]Analyzing vina_8_meeko:  52%|█████▏    | 744/1426 [13:55<12:59,  1.14s/it]Analyzing vina_8_meeko:  52%|█████▏    | 745/1426 [13:56<13:44,  1.21s/it]Analyzing vina_8_meeko:  52%|█████▏    | 748/1426 [13:58<09:35,  1.18it/s]Analyzing vina_8_meeko:  53%|█████▎    | 749/1426 [13:59<09:46,  1.15it/s]Analyzing vina_8_meeko:  53%|█████▎    | 750/1426 [13:59<07:46,  1.45it/s]Analyzing vina_8_meeko:  53%|█████▎    | 751/1426 [14:03<16:11,  1.44s/it]Analyzing vina_8_meeko:  53%|█████▎    | 752/1426 [14:04<15:34,  1.39s/it]Analyzing vina_8_meeko:  53%|█████▎    | 753/1426 [14:06<16:48,  1.50s/it]Analyzing vina_8_meeko:  53%|█████▎    | 754/1426 [14:09<23:27,  2.09s/it]Analyzing vina_8_meeko:  53%|█████▎    | 755/1426 [14:09<17:05,  1.53s/it]Analyzing vina_8_meeko:  53%|█████▎    | 757/1426 [14:13<19:32,  1.75s/it]Analyzing vina_8_meeko:  53%|█████▎    | 758/1426 [14:14<15:17,  1.37s/it]Analyzing vina_8_meeko:  53%|█████▎    | 759/1426 [14:14<13:13,  1.19s/it]Analyzing vina_8_meeko:  53%|█████▎    | 761/1426 [14:16<10:36,  1.05it/s]Analyzing vina_8_meeko:  53%|█████▎    | 762/1426 [14:16<08:33,  1.29it/s]Analyzing vina_8_meeko:  54%|█████▎    | 764/1426 [14:16<05:35,  1.97it/s]Analyzing vina_8_meeko:  54%|█████▎    | 765/1426 [14:18<09:04,  1.21it/s]Analyzing vina_8_meeko:  54%|█████▎    | 766/1426 [14:19<11:04,  1.01s/it]Analyzing vina_8_meeko:  54%|█████▍    | 767/1426 [14:21<11:42,  1.07s/it]Analyzing vina_8_meeko:  54%|█████▍    | 768/1426 [14:25<21:07,  1.93s/it]Analyzing vina_8_meeko:  54%|█████▍    | 770/1426 [14:25<12:16,  1.12s/it]Analyzing vina_8_meeko:  54%|█████▍    | 771/1426 [14:25<09:37,  1.13it/s]Analyzing vina_8_meeko:  54%|█████▍    | 772/1426 [14:28<15:38,  1.44s/it]Analyzing vina_8_meeko:  54%|█████▍    | 773/1426 [14:29<13:51,  1.27s/it]Analyzing vina_8_meeko:  54%|█████▍    | 775/1426 [14:29<08:14,  1.32it/s]Analyzing vina_8_meeko:  54%|█████▍    | 776/1426 [14:32<12:16,  1.13s/it]Analyzing vina_8_meeko:  54%|█████▍    | 777/1426 [14:32<10:30,  1.03it/s]Analyzing vina_8_meeko:  55%|█████▍    | 778/1426 [14:33<09:03,  1.19it/s]Analyzing vina_8_meeko:  55%|█████▍    | 779/1426 [14:35<13:44,  1.27s/it]Analyzing vina_8_meeko:  55%|█████▍    | 780/1426 [14:35<10:20,  1.04it/s]Analyzing vina_8_meeko:  55%|█████▍    | 782/1426 [14:36<06:59,  1.54it/s]Analyzing vina_8_meeko:  55%|█████▍    | 783/1426 [14:37<08:05,  1.33it/s]Analyzing vina_8_meeko:  55%|█████▍    | 784/1426 [14:38<10:16,  1.04it/s]Analyzing vina_8_meeko:  55%|█████▌    | 785/1426 [14:39<09:22,  1.14it/s]Analyzing vina_8_meeko:  55%|█████▌    | 786/1426 [14:40<09:33,  1.12it/s]Analyzing vina_8_meeko:  55%|█████▌    | 787/1426 [14:41<09:27,  1.13it/s]Analyzing vina_8_meeko:  55%|█████▌    | 788/1426 [14:43<14:04,  1.32s/it]Analyzing vina_8_meeko:  55%|█████▌    | 789/1426 [14:43<10:38,  1.00s/it]Analyzing vina_8_meeko:  55%|█████▌    | 790/1426 [14:47<17:09,  1.62s/it]Analyzing vina_8_meeko:  56%|█████▌    | 792/1426 [14:47<10:33,  1.00it/s]Analyzing vina_8_meeko:  56%|█████▌    | 793/1426 [14:47<08:57,  1.18it/s]Analyzing vina_8_meeko:  56%|█████▌    | 794/1426 [14:53<22:09,  2.10s/it]Analyzing vina_8_meeko:  56%|█████▌    | 795/1426 [14:56<24:12,  2.30s/it]Analyzing vina_8_meeko:  56%|█████▌    | 796/1426 [14:56<18:07,  1.73s/it]Analyzing vina_8_meeko:  56%|█████▌    | 797/1426 [14:56<13:33,  1.29s/it]Analyzing vina_8_meeko:  56%|█████▌    | 798/1426 [14:57<11:09,  1.07s/it]Analyzing vina_8_meeko:  56%|█████▌    | 799/1426 [15:02<23:17,  2.23s/it]Analyzing vina_8_meeko:  56%|█████▌    | 800/1426 [15:03<19:44,  1.89s/it]Analyzing vina_8_meeko:  56%|█████▌    | 801/1426 [15:04<16:27,  1.58s/it]Analyzing vina_8_meeko:  56%|█████▌    | 802/1426 [15:04<13:07,  1.26s/it]Analyzing vina_8_meeko:  56%|█████▋    | 803/1426 [15:05<10:26,  1.01s/it]Analyzing vina_8_meeko:  56%|█████▋    | 804/1426 [15:07<14:47,  1.43s/it]Analyzing vina_8_meeko:  56%|█████▋    | 805/1426 [15:08<13:15,  1.28s/it]Analyzing vina_8_meeko:  57%|█████▋    | 806/1426 [15:09<10:26,  1.01s/it]Analyzing vina_8_meeko:  57%|█████▋    | 807/1426 [15:11<15:41,  1.52s/it]Analyzing vina_8_meeko:  57%|█████▋    | 808/1426 [15:12<14:23,  1.40s/it]Analyzing vina_8_meeko:  57%|█████▋    | 809/1426 [15:13<10:48,  1.05s/it]Analyzing vina_8_meeko:  57%|█████▋    | 810/1426 [15:16<18:24,  1.79s/it]Analyzing vina_8_meeko:  57%|█████▋    | 811/1426 [15:18<19:45,  1.93s/it]Analyzing vina_8_meeko:  57%|█████▋    | 812/1426 [15:19<15:48,  1.54s/it]Analyzing vina_8_meeko:  57%|█████▋    | 814/1426 [15:22<15:14,  1.49s/it]Analyzing vina_8_meeko:  57%|█████▋    | 815/1426 [15:22<12:02,  1.18s/it]Analyzing vina_8_meeko:  57%|█████▋    | 816/1426 [15:23<09:56,  1.02it/s]Analyzing vina_8_meeko:  57%|█████▋    | 817/1426 [15:25<14:04,  1.39s/it]Analyzing vina_8_meeko:  57%|█████▋    | 818/1426 [15:27<16:04,  1.59s/it]Analyzing vina_8_meeko:  57%|█████▋    | 819/1426 [15:28<14:27,  1.43s/it]Analyzing vina_8_meeko:  58%|█████▊    | 820/1426 [15:28<10:43,  1.06s/it]Analyzing vina_8_meeko:  58%|█████▊    | 821/1426 [15:28<08:04,  1.25it/s]Analyzing vina_8_meeko:  58%|█████▊    | 822/1426 [15:30<09:39,  1.04it/s]Analyzing vina_8_meeko:  58%|█████▊    | 823/1426 [15:32<12:42,  1.26s/it]Analyzing vina_8_meeko:  58%|█████▊    | 824/1426 [15:33<13:55,  1.39s/it]Analyzing vina_8_meeko:  58%|█████▊    | 825/1426 [15:35<13:16,  1.32s/it]Analyzing vina_8_meeko:  58%|█████▊    | 826/1426 [15:35<09:55,  1.01it/s]Analyzing vina_8_meeko:  58%|█████▊    | 827/1426 [15:35<07:45,  1.29it/s]Analyzing vina_8_meeko:  58%|█████▊    | 828/1426 [15:40<21:03,  2.11s/it]Analyzing vina_8_meeko:  58%|█████▊    | 829/1426 [15:42<18:12,  1.83s/it]Analyzing vina_8_meeko:  58%|█████▊    | 830/1426 [15:42<14:34,  1.47s/it]Analyzing vina_8_meeko:  58%|█████▊    | 831/1426 [15:44<14:23,  1.45s/it]Analyzing vina_8_meeko:  58%|█████▊    | 832/1426 [15:45<14:13,  1.44s/it]Analyzing vina_8_meeko:  58%|█████▊    | 834/1426 [15:45<07:54,  1.25it/s]Analyzing vina_8_meeko:  59%|█████▊    | 835/1426 [15:46<09:02,  1.09it/s]Analyzing vina_8_meeko:  59%|█████▊    | 836/1426 [15:47<07:22,  1.33it/s]Analyzing vina_8_meeko:  59%|█████▊    | 837/1426 [15:49<10:44,  1.09s/it]Analyzing vina_8_meeko:  59%|█████▉    | 838/1426 [15:51<13:58,  1.43s/it]Analyzing vina_8_meeko:  59%|█████▉    | 839/1426 [15:51<10:49,  1.11s/it]Analyzing vina_8_meeko:  59%|█████▉    | 840/1426 [15:52<08:37,  1.13it/s]Analyzing vina_8_meeko:  59%|█████▉    | 841/1426 [15:52<06:50,  1.42it/s]Analyzing vina_8_meeko:  59%|█████▉    | 842/1426 [15:52<06:10,  1.57it/s]Analyzing vina_8_meeko:  59%|█████▉    | 843/1426 [15:55<11:38,  1.20s/it]Analyzing vina_8_meeko:  59%|█████▉    | 844/1426 [15:57<14:14,  1.47s/it]Analyzing vina_8_meeko:  59%|█████▉    | 845/1426 [15:58<13:27,  1.39s/it]Analyzing vina_8_meeko:  59%|█████▉    | 846/1426 [16:00<13:30,  1.40s/it]Analyzing vina_8_meeko:  59%|█████▉    | 847/1426 [16:01<14:34,  1.51s/it]Analyzing vina_8_meeko:  59%|█████▉    | 848/1426 [16:02<12:29,  1.30s/it]Analyzing vina_8_meeko:  60%|█████▉    | 849/1426 [16:02<09:38,  1.00s/it]Analyzing vina_8_meeko:  60%|█████▉    | 850/1426 [16:05<15:16,  1.59s/it]Analyzing vina_8_meeko:  60%|█████▉    | 851/1426 [16:07<13:45,  1.44s/it]Analyzing vina_8_meeko:  60%|█████▉    | 852/1426 [16:08<13:49,  1.45s/it]Analyzing vina_8_meeko:  60%|█████▉    | 853/1426 [16:08<10:57,  1.15s/it]Analyzing vina_8_meeko:  60%|█████▉    | 854/1426 [16:09<08:04,  1.18it/s]Analyzing vina_8_meeko:  60%|█████▉    | 855/1426 [16:12<14:51,  1.56s/it]Analyzing vina_8_meeko:  60%|██████    | 856/1426 [16:13<12:46,  1.35s/it]Analyzing vina_8_meeko:  60%|██████    | 858/1426 [16:14<09:13,  1.03it/s]Analyzing vina_8_meeko:  60%|██████    | 859/1426 [16:14<07:40,  1.23it/s]Analyzing vina_8_meeko:  60%|██████    | 860/1426 [16:14<06:12,  1.52it/s]Analyzing vina_8_meeko:  60%|██████    | 861/1426 [16:15<06:04,  1.55it/s]Analyzing vina_8_meeko:  60%|██████    | 862/1426 [16:18<12:48,  1.36s/it]Analyzing vina_8_meeko:  61%|██████    | 863/1426 [16:19<11:58,  1.28s/it]Analyzing vina_8_meeko:  61%|██████    | 864/1426 [16:20<10:04,  1.08s/it]Analyzing vina_8_meeko:  61%|██████    | 865/1426 [16:20<07:25,  1.26it/s]Analyzing vina_8_meeko:  61%|██████    | 866/1426 [16:21<07:10,  1.30it/s]Analyzing vina_8_meeko:  61%|██████    | 867/1426 [16:21<07:04,  1.32it/s]Analyzing vina_8_meeko:  61%|██████    | 869/1426 [16:23<07:01,  1.32it/s]Analyzing vina_8_meeko:  61%|██████    | 870/1426 [16:23<06:15,  1.48it/s]Analyzing vina_8_meeko:  61%|██████    | 871/1426 [16:24<05:21,  1.73it/s]Analyzing vina_8_meeko:  61%|██████    | 872/1426 [16:24<06:06,  1.51it/s]Analyzing vina_8_meeko:  61%|██████    | 873/1426 [16:26<09:01,  1.02it/s]Analyzing vina_8_meeko:  61%|██████▏   | 874/1426 [16:30<16:17,  1.77s/it]Analyzing vina_8_meeko:  61%|██████▏   | 875/1426 [16:31<12:58,  1.41s/it]Analyzing vina_8_meeko:  61%|██████▏   | 876/1426 [16:31<10:42,  1.17s/it]Analyzing vina_8_meeko:  62%|██████▏   | 877/1426 [16:32<08:49,  1.04it/s]Analyzing vina_8_meeko:  62%|██████▏   | 878/1426 [16:33<09:40,  1.06s/it]Analyzing vina_8_meeko:  62%|██████▏   | 879/1426 [16:33<07:17,  1.25it/s]Analyzing vina_8_meeko:  62%|██████▏   | 880/1426 [16:33<05:25,  1.68it/s]Analyzing vina_8_meeko:  62%|██████▏   | 882/1426 [16:34<03:42,  2.44it/s]Analyzing vina_8_meeko:  62%|██████▏   | 883/1426 [16:35<05:06,  1.77it/s]Analyzing vina_8_meeko:  62%|██████▏   | 884/1426 [16:37<08:28,  1.07it/s]Analyzing vina_8_meeko:  62%|██████▏   | 886/1426 [16:39<10:20,  1.15s/it]Analyzing vina_8_meeko:  62%|██████▏   | 887/1426 [16:41<11:11,  1.25s/it]Analyzing vina_8_meeko:  62%|██████▏   | 888/1426 [16:43<11:46,  1.31s/it]Analyzing vina_8_meeko:  62%|██████▏   | 890/1426 [16:43<07:55,  1.13it/s]Analyzing vina_8_meeko:  62%|██████▏   | 891/1426 [16:44<07:52,  1.13it/s]Analyzing vina_8_meeko:  63%|██████▎   | 892/1426 [16:50<19:22,  2.18s/it]Analyzing vina_8_meeko:  63%|██████▎   | 893/1426 [16:54<22:22,  2.52s/it]Analyzing vina_8_meeko:  63%|██████▎   | 894/1426 [16:54<17:39,  1.99s/it]Analyzing vina_8_meeko:  63%|██████▎   | 895/1426 [16:55<14:20,  1.62s/it]Analyzing vina_8_meeko:  63%|██████▎   | 896/1426 [16:57<15:58,  1.81s/it]Analyzing vina_8_meeko:  63%|██████▎   | 897/1426 [16:57<11:39,  1.32s/it]Analyzing vina_8_meeko:  63%|██████▎   | 898/1426 [16:58<09:47,  1.11s/it]Analyzing vina_8_meeko:  63%|██████▎   | 899/1426 [17:00<12:38,  1.44s/it]Analyzing vina_8_meeko:  63%|██████▎   | 900/1426 [17:04<18:40,  2.13s/it]Analyzing vina_8_meeko:  63%|██████▎   | 901/1426 [17:04<13:54,  1.59s/it]Analyzing vina_8_meeko:  63%|██████▎   | 902/1426 [17:09<23:37,  2.71s/it]Analyzing vina_8_meeko:  63%|██████▎   | 903/1426 [17:10<16:55,  1.94s/it]Analyzing vina_8_meeko:  63%|██████▎   | 904/1426 [17:11<15:10,  1.74s/it]Analyzing vina_8_meeko:  63%|██████▎   | 905/1426 [17:17<27:11,  3.13s/it]Analyzing vina_8_meeko:  64%|██████▎   | 906/1426 [17:19<22:13,  2.57s/it]Analyzing vina_8_meeko:  64%|██████▎   | 907/1426 [17:21<21:46,  2.52s/it]Analyzing vina_8_meeko:  64%|██████▎   | 908/1426 [17:21<15:37,  1.81s/it]Analyzing vina_8_meeko:  64%|██████▎   | 909/1426 [17:22<12:06,  1.40s/it]Analyzing vina_8_meeko:  64%|██████▍   | 910/1426 [17:25<17:23,  2.02s/it]Analyzing vina_8_meeko:  64%|██████▍   | 912/1426 [17:27<13:40,  1.60s/it]Analyzing vina_8_meeko:  64%|██████▍   | 913/1426 [17:29<15:05,  1.77s/it]Analyzing vina_8_meeko:  64%|██████▍   | 914/1426 [17:35<23:08,  2.71s/it]Analyzing vina_8_meeko:  64%|██████▍   | 915/1426 [17:35<17:06,  2.01s/it]Analyzing vina_8_meeko:  64%|██████▍   | 916/1426 [17:35<12:50,  1.51s/it]Analyzing vina_8_meeko:  64%|██████▍   | 917/1426 [17:39<18:17,  2.16s/it]Analyzing vina_8_meeko:  64%|██████▍   | 918/1426 [17:39<13:29,  1.59s/it]Analyzing vina_8_meeko:  65%|██████▍   | 920/1426 [17:41<11:14,  1.33s/it]Analyzing vina_8_meeko:  65%|██████▍   | 921/1426 [17:42<09:44,  1.16s/it]Analyzing vina_8_meeko:  65%|██████▍   | 922/1426 [17:44<11:34,  1.38s/it]Analyzing vina_8_meeko:  65%|██████▍   | 923/1426 [17:46<14:02,  1.67s/it]Analyzing vina_8_meeko:  65%|██████▍   | 924/1426 [17:47<12:44,  1.52s/it]Analyzing vina_8_meeko:  65%|██████▍   | 925/1426 [17:49<13:21,  1.60s/it]Analyzing vina_8_meeko:  65%|██████▍   | 926/1426 [17:49<09:47,  1.17s/it]Analyzing vina_8_meeko:  65%|██████▌   | 927/1426 [17:50<09:33,  1.15s/it]Analyzing vina_8_meeko:  65%|██████▌   | 929/1426 [17:52<08:39,  1.05s/it]Analyzing vina_8_meeko:  65%|██████▌   | 930/1426 [17:54<09:55,  1.20s/it]Analyzing vina_8_meeko:  65%|██████▌   | 931/1426 [17:55<08:35,  1.04s/it]Analyzing vina_8_meeko:  65%|██████▌   | 932/1426 [17:56<09:05,  1.10s/it]Analyzing vina_8_meeko:  65%|██████▌   | 933/1426 [17:56<07:38,  1.08it/s]Analyzing vina_8_meeko:  65%|██████▌   | 934/1426 [17:57<06:43,  1.22it/s]Analyzing vina_8_meeko:  66%|██████▌   | 935/1426 [17:58<07:01,  1.17it/s]Analyzing vina_8_meeko:  66%|██████▌   | 936/1426 [17:58<05:47,  1.41it/s]Analyzing vina_8_meeko:  66%|██████▌   | 937/1426 [17:58<04:49,  1.69it/s]Analyzing vina_8_meeko:  66%|██████▌   | 938/1426 [17:59<05:06,  1.59it/s]Analyzing vina_8_meeko:  66%|██████▌   | 939/1426 [18:01<07:56,  1.02it/s]Analyzing vina_8_meeko:  66%|██████▌   | 940/1426 [18:03<10:08,  1.25s/it]Analyzing vina_8_meeko:  66%|██████▌   | 941/1426 [18:03<07:27,  1.08it/s]Analyzing vina_8_meeko:  66%|██████▌   | 942/1426 [18:03<05:42,  1.41it/s]Analyzing vina_8_meeko:  66%|██████▌   | 943/1426 [18:05<09:01,  1.12s/it]Analyzing vina_8_meeko:  66%|██████▌   | 944/1426 [18:09<15:44,  1.96s/it]Analyzing vina_8_meeko:  66%|██████▋   | 945/1426 [18:10<13:30,  1.68s/it]Analyzing vina_8_meeko:  66%|██████▋   | 946/1426 [18:15<20:56,  2.62s/it]Analyzing vina_8_meeko:  66%|██████▋   | 947/1426 [18:15<15:33,  1.95s/it]Analyzing vina_8_meeko:  66%|██████▋   | 948/1426 [18:17<15:06,  1.90s/it]Analyzing vina_8_meeko:  67%|██████▋   | 949/1426 [18:18<11:32,  1.45s/it]Analyzing vina_8_meeko:  67%|██████▋   | 950/1426 [18:18<09:30,  1.20s/it]Analyzing vina_8_meeko:  67%|██████▋   | 951/1426 [18:18<06:55,  1.14it/s]Analyzing vina_8_meeko:  67%|██████▋   | 952/1426 [18:19<07:03,  1.12it/s]Analyzing vina_8_meeko:  67%|██████▋   | 953/1426 [18:27<22:14,  2.82s/it]Analyzing vina_8_meeko:  67%|██████▋   | 954/1426 [18:27<17:18,  2.20s/it]Analyzing vina_8_meeko:  67%|██████▋   | 955/1426 [18:28<13:23,  1.71s/it]Analyzing vina_8_meeko:  67%|██████▋   | 956/1426 [18:29<12:50,  1.64s/it]Analyzing vina_8_meeko:  67%|██████▋   | 957/1426 [18:30<09:47,  1.25s/it]Analyzing vina_8_meeko:  67%|██████▋   | 958/1426 [18:32<12:17,  1.58s/it]Analyzing vina_8_meeko:  67%|██████▋   | 959/1426 [18:32<08:57,  1.15s/it]Analyzing vina_8_meeko:  67%|██████▋   | 960/1426 [18:33<08:52,  1.14s/it]Analyzing vina_8_meeko:  67%|██████▋   | 961/1426 [18:38<15:49,  2.04s/it]Analyzing vina_8_meeko:  67%|██████▋   | 962/1426 [18:40<16:12,  2.10s/it]Analyzing vina_8_meeko:  68%|██████▊   | 963/1426 [18:41<13:24,  1.74s/it]Analyzing vina_8_meeko:  68%|██████▊   | 964/1426 [18:44<16:09,  2.10s/it]Analyzing vina_8_meeko:  68%|██████▊   | 965/1426 [18:44<11:56,  1.55s/it]Analyzing vina_8_meeko:  68%|██████▊   | 966/1426 [18:44<09:06,  1.19s/it]Analyzing vina_8_meeko:  68%|██████▊   | 968/1426 [18:44<05:04,  1.51it/s]Analyzing vina_8_meeko:  68%|██████▊   | 969/1426 [18:47<09:20,  1.23s/it]Analyzing vina_8_meeko:  68%|██████▊   | 970/1426 [18:50<12:15,  1.61s/it]Analyzing vina_8_meeko:  68%|██████▊   | 971/1426 [18:51<11:33,  1.53s/it]Analyzing vina_8_meeko:  68%|██████▊   | 972/1426 [18:53<11:18,  1.50s/it]Analyzing vina_8_meeko:  68%|██████▊   | 973/1426 [18:53<09:29,  1.26s/it]Analyzing vina_8_meeko:  68%|██████▊   | 974/1426 [18:54<07:39,  1.02s/it]Analyzing vina_8_meeko:  68%|██████▊   | 975/1426 [18:54<06:26,  1.17it/s]Analyzing vina_8_meeko:  68%|██████▊   | 976/1426 [18:55<06:22,  1.18it/s]Analyzing vina_8_meeko:  69%|██████▊   | 977/1426 [18:55<04:51,  1.54it/s]Analyzing vina_8_meeko:  69%|██████▊   | 978/1426 [18:57<06:19,  1.18it/s]Analyzing vina_8_meeko:  69%|██████▊   | 979/1426 [18:57<05:34,  1.34it/s]Analyzing vina_8_meeko:  69%|██████▊   | 980/1426 [18:59<08:06,  1.09s/it]Analyzing vina_8_meeko:  69%|██████▉   | 981/1426 [19:00<07:51,  1.06s/it]Analyzing vina_8_meeko:  69%|██████▉   | 982/1426 [19:03<11:08,  1.51s/it]Analyzing vina_8_meeko:  69%|██████▉   | 983/1426 [19:03<09:32,  1.29s/it]Analyzing vina_8_meeko:  69%|██████▉   | 984/1426 [19:05<09:19,  1.27s/it]Analyzing vina_8_meeko:  69%|██████▉   | 986/1426 [19:05<06:22,  1.15it/s]Analyzing vina_8_meeko:  69%|██████▉   | 987/1426 [19:08<08:53,  1.21s/it]Analyzing vina_8_meeko:  69%|██████▉   | 989/1426 [19:08<05:57,  1.22it/s]Analyzing vina_8_meeko:  69%|██████▉   | 990/1426 [19:09<06:35,  1.10it/s]Analyzing vina_8_meeko:  69%|██████▉   | 991/1426 [19:10<05:26,  1.33it/s]Analyzing vina_8_meeko:  70%|██████▉   | 992/1426 [19:10<04:28,  1.62it/s]Analyzing vina_8_meeko:  70%|██████▉   | 993/1426 [19:10<04:03,  1.78it/s]Analyzing vina_8_meeko:  70%|██████▉   | 994/1426 [19:11<03:49,  1.88it/s]Analyzing vina_8_meeko:  70%|██████▉   | 995/1426 [19:13<08:01,  1.12s/it]Analyzing vina_8_meeko:  70%|██████▉   | 996/1426 [19:14<06:11,  1.16it/s]Analyzing vina_8_meeko:  70%|██████▉   | 998/1426 [19:14<04:12,  1.70it/s]Analyzing vina_8_meeko:  70%|███████   | 1000/1426 [19:17<06:19,  1.12it/s]Analyzing vina_8_meeko:  70%|███████   | 1001/1426 [19:18<06:22,  1.11it/s]Analyzing vina_8_meeko:  70%|███████   | 1002/1426 [19:18<05:16,  1.34it/s]Analyzing vina_8_meeko:  70%|███████   | 1003/1426 [19:20<06:58,  1.01it/s]Analyzing vina_8_meeko:  70%|███████   | 1004/1426 [19:22<09:33,  1.36s/it]Analyzing vina_8_meeko:  70%|███████   | 1005/1426 [19:23<08:18,  1.18s/it]Analyzing vina_8_meeko:  71%|███████   | 1006/1426 [19:26<12:48,  1.83s/it]Analyzing vina_8_meeko:  71%|███████   | 1007/1426 [19:27<10:51,  1.55s/it]Analyzing vina_8_meeko:  71%|███████   | 1009/1426 [19:30<10:13,  1.47s/it]Analyzing vina_8_meeko:  71%|███████   | 1010/1426 [19:30<07:56,  1.15s/it]Analyzing vina_8_meeko:  71%|███████   | 1012/1426 [19:30<05:15,  1.31it/s]Analyzing vina_8_meeko:  71%|███████   | 1013/1426 [19:31<05:07,  1.34it/s]Analyzing vina_8_meeko:  71%|███████   | 1014/1426 [19:33<07:10,  1.04s/it]Analyzing vina_8_meeko:  71%|███████   | 1015/1426 [19:34<07:36,  1.11s/it]Analyzing vina_8_meeko:  71%|███████   | 1016/1426 [19:37<10:00,  1.46s/it]Analyzing vina_8_meeko:  71%|███████▏  | 1017/1426 [19:42<18:00,  2.64s/it]Analyzing vina_8_meeko:  71%|███████▏  | 1018/1426 [19:44<16:12,  2.38s/it]Analyzing vina_8_meeko:  71%|███████▏  | 1019/1426 [19:45<12:09,  1.79s/it]Analyzing vina_8_meeko:  72%|███████▏  | 1020/1426 [19:45<09:56,  1.47s/it]Analyzing vina_8_meeko:  72%|███████▏  | 1021/1426 [19:46<08:46,  1.30s/it]Analyzing vina_8_meeko:  72%|███████▏  | 1022/1426 [19:46<06:34,  1.02it/s]Analyzing vina_8_meeko:  72%|███████▏  | 1023/1426 [19:46<04:48,  1.40it/s]Analyzing vina_8_meeko:  72%|███████▏  | 1024/1426 [19:47<05:05,  1.31it/s]Analyzing vina_8_meeko:  72%|███████▏  | 1025/1426 [19:48<05:28,  1.22it/s]Analyzing vina_8_meeko:  72%|███████▏  | 1026/1426 [19:50<07:17,  1.09s/it]Analyzing vina_8_meeko:  72%|███████▏  | 1027/1426 [19:54<13:16,  2.00s/it]Analyzing vina_8_meeko:  72%|███████▏  | 1028/1426 [19:55<10:50,  1.63s/it]Analyzing vina_8_meeko:  72%|███████▏  | 1029/1426 [19:55<08:28,  1.28s/it]Analyzing vina_8_meeko:  72%|███████▏  | 1030/1426 [19:58<10:44,  1.63s/it]Analyzing vina_8_meeko:  72%|███████▏  | 1031/1426 [20:00<12:20,  1.88s/it]Analyzing vina_8_meeko:  72%|███████▏  | 1032/1426 [20:01<09:24,  1.43s/it]Analyzing vina_8_meeko:  72%|███████▏  | 1033/1426 [20:02<08:52,  1.36s/it]Analyzing vina_8_meeko:  73%|███████▎  | 1034/1426 [20:04<09:35,  1.47s/it]Analyzing vina_8_meeko:  73%|███████▎  | 1035/1426 [20:06<11:59,  1.84s/it]Analyzing vina_8_meeko:  73%|███████▎  | 1036/1426 [20:10<14:54,  2.29s/it]Analyzing vina_8_meeko:  73%|███████▎  | 1037/1426 [20:10<10:37,  1.64s/it]Analyzing vina_8_meeko:  73%|███████▎  | 1038/1426 [20:10<08:13,  1.27s/it]Analyzing vina_8_meeko:  73%|███████▎  | 1039/1426 [20:12<09:29,  1.47s/it]Analyzing vina_8_meeko:  73%|███████▎  | 1040/1426 [20:12<07:31,  1.17s/it]Analyzing vina_8_meeko:  73%|███████▎  | 1042/1426 [20:15<07:25,  1.16s/it]Analyzing vina_8_meeko:  73%|███████▎  | 1043/1426 [20:16<06:52,  1.08s/it]Analyzing vina_8_meeko:  73%|███████▎  | 1044/1426 [20:17<07:11,  1.13s/it]Analyzing vina_8_meeko:  73%|███████▎  | 1045/1426 [20:17<05:43,  1.11it/s]Analyzing vina_8_meeko:  73%|███████▎  | 1046/1426 [20:22<12:52,  2.03s/it]Analyzing vina_8_meeko:  73%|███████▎  | 1047/1426 [20:23<10:00,  1.58s/it]Analyzing vina_8_meeko:  73%|███████▎  | 1048/1426 [20:25<11:49,  1.88s/it]Analyzing vina_8_meeko:  74%|███████▎  | 1049/1426 [20:27<12:33,  2.00s/it]Analyzing vina_8_meeko:  74%|███████▎  | 1050/1426 [20:29<10:45,  1.72s/it]Analyzing vina_8_meeko:  74%|███████▎  | 1051/1426 [20:29<09:14,  1.48s/it]Analyzing vina_8_meeko:  74%|███████▍  | 1052/1426 [20:33<13:13,  2.12s/it]Analyzing vina_8_meeko:  74%|███████▍  | 1053/1426 [20:34<10:02,  1.62s/it]Analyzing vina_8_meeko:  74%|███████▍  | 1054/1426 [20:34<07:46,  1.25s/it]Analyzing vina_8_meeko:  74%|███████▍  | 1055/1426 [20:34<05:40,  1.09it/s]Analyzing vina_8_meeko:  74%|███████▍  | 1056/1426 [20:34<04:09,  1.48it/s]Analyzing vina_8_meeko:  74%|███████▍  | 1057/1426 [20:35<03:47,  1.62it/s]Analyzing vina_8_meeko:  74%|███████▍  | 1058/1426 [20:35<03:56,  1.56it/s]Analyzing vina_8_meeko:  74%|███████▍  | 1059/1426 [20:36<03:11,  1.92it/s]Analyzing vina_8_meeko:  74%|███████▍  | 1060/1426 [20:38<07:25,  1.22s/it]Analyzing vina_8_meeko:  74%|███████▍  | 1061/1426 [20:39<05:33,  1.10it/s]Analyzing vina_8_meeko:  75%|███████▍  | 1063/1426 [20:40<04:36,  1.31it/s]Analyzing vina_8_meeko:  75%|███████▍  | 1064/1426 [20:42<06:36,  1.10s/it]Analyzing vina_8_meeko:  75%|███████▍  | 1065/1426 [20:43<07:06,  1.18s/it]Analyzing vina_8_meeko:  75%|███████▍  | 1066/1426 [20:46<08:48,  1.47s/it]Analyzing vina_8_meeko:  75%|███████▍  | 1067/1426 [20:46<06:30,  1.09s/it]Analyzing vina_8_meeko:  75%|███████▍  | 1068/1426 [20:47<07:20,  1.23s/it]Analyzing vina_8_meeko:  75%|███████▍  | 1069/1426 [20:49<08:07,  1.37s/it]Analyzing vina_8_meeko:  75%|███████▌  | 1070/1426 [20:50<07:00,  1.18s/it]Analyzing vina_8_meeko:  75%|███████▌  | 1071/1426 [20:52<09:20,  1.58s/it]Analyzing vina_8_meeko:  75%|███████▌  | 1072/1426 [20:54<08:56,  1.51s/it]Analyzing vina_8_meeko:  75%|███████▌  | 1073/1426 [20:54<06:46,  1.15s/it]Analyzing vina_8_meeko:  75%|███████▌  | 1074/1426 [20:54<04:56,  1.19it/s]Analyzing vina_8_meeko:  75%|███████▌  | 1075/1426 [20:54<03:48,  1.54it/s]Analyzing vina_8_meeko:  75%|███████▌  | 1076/1426 [20:58<09:59,  1.71s/it]Analyzing vina_8_meeko:  76%|███████▌  | 1077/1426 [21:00<10:12,  1.76s/it]Analyzing vina_8_meeko:  76%|███████▌  | 1078/1426 [21:05<16:00,  2.76s/it]Analyzing vina_8_meeko:  76%|███████▌  | 1079/1426 [21:07<13:41,  2.37s/it]Analyzing vina_8_meeko:  76%|███████▌  | 1080/1426 [21:07<10:12,  1.77s/it]Analyzing vina_8_meeko:  76%|███████▌  | 1081/1426 [21:07<07:35,  1.32s/it]Analyzing vina_8_meeko:  76%|███████▌  | 1082/1426 [21:08<05:37,  1.02it/s]Analyzing vina_8_meeko:  76%|███████▌  | 1083/1426 [21:08<04:43,  1.21it/s]Analyzing vina_8_meeko:  76%|███████▌  | 1084/1426 [21:10<05:54,  1.04s/it]Analyzing vina_8_meeko:  76%|███████▌  | 1085/1426 [21:14<10:46,  1.90s/it]Analyzing vina_8_meeko:  76%|███████▌  | 1086/1426 [21:15<10:14,  1.81s/it]Analyzing vina_8_meeko:  76%|███████▌  | 1087/1426 [21:16<08:03,  1.43s/it]Analyzing vina_8_meeko:  76%|███████▋  | 1088/1426 [21:16<06:18,  1.12s/it]Analyzing vina_8_meeko:  76%|███████▋  | 1089/1426 [21:17<05:47,  1.03s/it]Analyzing vina_8_meeko:  76%|███████▋  | 1090/1426 [21:17<04:42,  1.19it/s]Analyzing vina_8_meeko:  77%|███████▋  | 1091/1426 [21:18<04:35,  1.22it/s]Analyzing vina_8_meeko:  77%|███████▋  | 1092/1426 [21:19<05:26,  1.02it/s]Analyzing vina_8_meeko:  77%|███████▋  | 1094/1426 [21:23<07:41,  1.39s/it]Analyzing vina_8_meeko:  77%|███████▋  | 1095/1426 [21:25<08:37,  1.56s/it]Analyzing vina_8_meeko:  77%|███████▋  | 1096/1426 [21:26<07:20,  1.33s/it]Analyzing vina_8_meeko:  77%|███████▋  | 1097/1426 [21:33<15:36,  2.85s/it]Analyzing vina_8_meeko:  77%|███████▋  | 1098/1426 [21:35<14:05,  2.58s/it]Analyzing vina_8_meeko:  77%|███████▋  | 1099/1426 [21:37<12:58,  2.38s/it]Analyzing vina_8_meeko:  77%|███████▋  | 1100/1426 [21:38<12:05,  2.23s/it]Analyzing vina_8_meeko:  77%|███████▋  | 1101/1426 [21:39<09:49,  1.81s/it]Analyzing vina_8_meeko:  77%|███████▋  | 1102/1426 [21:40<08:06,  1.50s/it]Analyzing vina_8_meeko:  77%|███████▋  | 1103/1426 [21:41<06:49,  1.27s/it]Analyzing vina_8_meeko:  77%|███████▋  | 1104/1426 [21:41<05:13,  1.03it/s]Analyzing vina_8_meeko:  77%|███████▋  | 1105/1426 [21:42<05:04,  1.05it/s]Analyzing vina_8_meeko:  78%|███████▊  | 1106/1426 [21:42<03:45,  1.42it/s]Analyzing vina_8_meeko:  78%|███████▊  | 1107/1426 [21:46<09:14,  1.74s/it]Analyzing vina_8_meeko:  78%|███████▊  | 1108/1426 [21:46<06:55,  1.31s/it]Analyzing vina_8_meeko:  78%|███████▊  | 1109/1426 [21:47<05:56,  1.12s/it]Analyzing vina_8_meeko:  78%|███████▊  | 1110/1426 [21:47<04:29,  1.17it/s]Analyzing vina_8_meeko:  78%|███████▊  | 1111/1426 [21:48<03:26,  1.52it/s]Analyzing vina_8_meeko:  78%|███████▊  | 1112/1426 [21:51<07:14,  1.38s/it]Analyzing vina_8_meeko:  78%|███████▊  | 1113/1426 [21:52<06:31,  1.25s/it]Analyzing vina_8_meeko:  78%|███████▊  | 1114/1426 [21:52<05:33,  1.07s/it]Analyzing vina_8_meeko:  78%|███████▊  | 1115/1426 [21:53<04:22,  1.18it/s]Analyzing vina_8_meeko:  78%|███████▊  | 1116/1426 [21:54<04:57,  1.04it/s]Analyzing vina_8_meeko:  78%|███████▊  | 1117/1426 [21:55<04:50,  1.06it/s]Analyzing vina_8_meeko:  78%|███████▊  | 1118/1426 [21:56<05:31,  1.08s/it]Analyzing vina_8_meeko:  78%|███████▊  | 1119/1426 [21:57<05:07,  1.00s/it]Analyzing vina_8_meeko:  79%|███████▊  | 1120/1426 [21:57<03:59,  1.28it/s]Analyzing vina_8_meeko:  79%|███████▊  | 1121/1426 [21:59<05:23,  1.06s/it]Analyzing vina_8_meeko:  79%|███████▊  | 1122/1426 [22:01<07:31,  1.49s/it]Analyzing vina_8_meeko:  79%|███████▉  | 1123/1426 [22:02<06:35,  1.31s/it]Analyzing vina_8_meeko:  79%|███████▉  | 1124/1426 [22:05<08:11,  1.63s/it]Analyzing vina_8_meeko:  79%|███████▉  | 1125/1426 [22:06<07:14,  1.44s/it]Analyzing vina_8_meeko:  79%|███████▉  | 1126/1426 [22:06<05:18,  1.06s/it]Analyzing vina_8_meeko:  79%|███████▉  | 1127/1426 [22:10<10:13,  2.05s/it]Analyzing vina_8_meeko:  79%|███████▉  | 1128/1426 [22:11<09:00,  1.81s/it]Analyzing vina_8_meeko:  79%|███████▉  | 1129/1426 [22:12<07:10,  1.45s/it]Analyzing vina_8_meeko:  79%|███████▉  | 1130/1426 [22:14<08:26,  1.71s/it]Analyzing vina_8_meeko:  79%|███████▉  | 1131/1426 [22:15<06:22,  1.30s/it]Analyzing vina_8_meeko:  79%|███████▉  | 1132/1426 [22:17<07:10,  1.47s/it]Analyzing vina_8_meeko:  79%|███████▉  | 1133/1426 [22:17<06:17,  1.29s/it]Analyzing vina_8_meeko:  80%|███████▉  | 1134/1426 [22:19<06:58,  1.43s/it]Analyzing vina_8_meeko:  80%|███████▉  | 1135/1426 [22:20<05:51,  1.21s/it]Analyzing vina_8_meeko:  80%|███████▉  | 1137/1426 [22:27<10:41,  2.22s/it]Analyzing vina_8_meeko:  80%|███████▉  | 1138/1426 [22:29<10:57,  2.28s/it]Analyzing vina_8_meeko:  80%|███████▉  | 1139/1426 [22:31<10:30,  2.20s/it]Analyzing vina_8_meeko:  80%|███████▉  | 1140/1426 [22:33<09:40,  2.03s/it]Analyzing vina_8_meeko:  80%|████████  | 1141/1426 [22:35<09:40,  2.04s/it]Analyzing vina_8_meeko:  80%|████████  | 1142/1426 [22:36<08:45,  1.85s/it]Analyzing vina_8_meeko:  80%|████████  | 1143/1426 [22:37<06:48,  1.44s/it]Analyzing vina_8_meeko:  80%|████████  | 1144/1426 [22:38<06:36,  1.41s/it]Analyzing vina_8_meeko:  80%|████████  | 1145/1426 [22:38<05:08,  1.10s/it]Analyzing vina_8_meeko:  80%|████████  | 1147/1426 [22:39<03:44,  1.24it/s]Analyzing vina_8_meeko:  81%|████████  | 1148/1426 [22:41<04:19,  1.07it/s]Analyzing vina_8_meeko:  81%|████████  | 1149/1426 [22:41<04:14,  1.09it/s]Analyzing vina_8_meeko:  81%|████████  | 1150/1426 [22:42<03:48,  1.21it/s]Analyzing vina_8_meeko:  81%|████████  | 1151/1426 [22:43<03:36,  1.27it/s]Analyzing vina_8_meeko:  81%|████████  | 1152/1426 [22:43<03:02,  1.50it/s]Analyzing vina_8_meeko:  81%|████████  | 1153/1426 [22:46<06:28,  1.42s/it]Analyzing vina_8_meeko:  81%|████████  | 1154/1426 [22:48<07:09,  1.58s/it]Analyzing vina_8_meeko:  81%|████████  | 1155/1426 [22:49<05:52,  1.30s/it]Analyzing vina_8_meeko:  81%|████████  | 1156/1426 [22:50<05:49,  1.29s/it]Analyzing vina_8_meeko:  81%|████████  | 1157/1426 [22:51<04:39,  1.04s/it]Analyzing vina_8_meeko:  81%|████████  | 1158/1426 [22:54<07:17,  1.63s/it]Analyzing vina_8_meeko:  81%|████████▏ | 1159/1426 [22:54<06:06,  1.37s/it]Analyzing vina_8_meeko:  81%|████████▏ | 1160/1426 [22:55<04:52,  1.10s/it]Analyzing vina_8_meeko:  81%|████████▏ | 1161/1426 [22:56<05:21,  1.21s/it]Analyzing vina_8_meeko:  82%|████████▏ | 1163/1426 [23:02<08:46,  2.00s/it]Analyzing vina_8_meeko:  82%|████████▏ | 1164/1426 [23:02<06:42,  1.54s/it]Analyzing vina_8_meeko:  82%|████████▏ | 1165/1426 [23:04<06:48,  1.57s/it]Analyzing vina_8_meeko:  82%|████████▏ | 1166/1426 [23:05<06:37,  1.53s/it]Analyzing vina_8_meeko:  82%|████████▏ | 1167/1426 [23:06<05:54,  1.37s/it]Analyzing vina_8_meeko:  82%|████████▏ | 1169/1426 [23:07<03:39,  1.17it/s]Analyzing vina_8_meeko:  82%|████████▏ | 1171/1426 [23:08<03:12,  1.32it/s]Analyzing vina_8_meeko:  82%|████████▏ | 1172/1426 [23:09<03:27,  1.22it/s]Analyzing vina_8_meeko:  82%|████████▏ | 1173/1426 [23:09<02:45,  1.53it/s]Analyzing vina_8_meeko:  82%|████████▏ | 1174/1426 [23:10<03:09,  1.33it/s]Analyzing vina_8_meeko:  82%|████████▏ | 1175/1426 [23:10<02:25,  1.72it/s]Analyzing vina_8_meeko:  82%|████████▏ | 1176/1426 [23:13<05:03,  1.21s/it]Analyzing vina_8_meeko:  83%|████████▎ | 1177/1426 [23:14<04:19,  1.04s/it]Analyzing vina_8_meeko:  83%|████████▎ | 1179/1426 [23:16<04:03,  1.01it/s]Analyzing vina_8_meeko:  83%|████████▎ | 1180/1426 [23:16<03:56,  1.04it/s]Analyzing vina_8_meeko:  83%|████████▎ | 1181/1426 [23:18<04:52,  1.20s/it]Analyzing vina_8_meeko:  83%|████████▎ | 1182/1426 [23:20<05:45,  1.41s/it]Analyzing vina_8_meeko:  83%|████████▎ | 1183/1426 [23:21<05:14,  1.30s/it]Analyzing vina_8_meeko:  83%|████████▎ | 1184/1426 [23:22<04:37,  1.15s/it]Analyzing vina_8_meeko:  83%|████████▎ | 1186/1426 [23:24<04:01,  1.01s/it]Analyzing vina_8_meeko:  83%|████████▎ | 1187/1426 [23:26<04:57,  1.24s/it]Analyzing vina_8_meeko:  83%|████████▎ | 1188/1426 [23:29<06:37,  1.67s/it]Analyzing vina_8_meeko:  83%|████████▎ | 1189/1426 [23:29<05:25,  1.37s/it]Analyzing vina_8_meeko:  83%|████████▎ | 1190/1426 [23:30<04:38,  1.18s/it]Analyzing vina_8_meeko:  84%|████████▎ | 1191/1426 [23:32<05:55,  1.51s/it]Analyzing vina_8_meeko:  84%|████████▎ | 1192/1426 [23:34<06:34,  1.68s/it]Analyzing vina_8_meeko:  84%|████████▎ | 1193/1426 [23:35<05:02,  1.30s/it]Analyzing vina_8_meeko:  84%|████████▎ | 1194/1426 [23:41<10:17,  2.66s/it]Analyzing vina_8_meeko:  84%|████████▍ | 1195/1426 [23:41<07:49,  2.03s/it]Analyzing vina_8_meeko:  84%|████████▍ | 1197/1426 [23:47<08:51,  2.32s/it]Analyzing vina_8_meeko:  84%|████████▍ | 1198/1426 [23:47<06:56,  1.83s/it]Analyzing vina_8_meeko:  84%|████████▍ | 1199/1426 [23:47<05:37,  1.49s/it]Analyzing vina_8_meeko:  84%|████████▍ | 1200/1426 [23:49<05:56,  1.58s/it]Analyzing vina_8_meeko:  84%|████████▍ | 1201/1426 [23:55<10:41,  2.85s/it]Analyzing vina_8_meeko:  84%|████████▍ | 1202/1426 [23:55<07:46,  2.08s/it]Analyzing vina_8_meeko:  84%|████████▍ | 1203/1426 [23:56<06:01,  1.62s/it]Analyzing vina_8_meeko:  84%|████████▍ | 1204/1426 [23:58<06:07,  1.66s/it]Analyzing vina_8_meeko:  85%|████████▍ | 1205/1426 [23:58<04:50,  1.31s/it]Analyzing vina_8_meeko:  85%|████████▍ | 1206/1426 [23:59<04:38,  1.26s/it]Analyzing vina_8_meeko:  85%|████████▍ | 1207/1426 [24:00<03:56,  1.08s/it]Analyzing vina_8_meeko:  85%|████████▍ | 1208/1426 [24:00<03:06,  1.17it/s]Analyzing vina_8_meeko:  85%|████████▍ | 1211/1426 [24:01<01:54,  1.88it/s]Analyzing vina_8_meeko:  85%|████████▍ | 1212/1426 [24:02<01:46,  2.00it/s]Analyzing vina_8_meeko:  85%|████████▌ | 1213/1426 [24:02<01:54,  1.86it/s]Analyzing vina_8_meeko:  85%|████████▌ | 1214/1426 [24:03<01:42,  2.06it/s]Analyzing vina_8_meeko:  85%|████████▌ | 1215/1426 [24:04<02:29,  1.42it/s]Analyzing vina_8_meeko:  85%|████████▌ | 1216/1426 [24:05<02:54,  1.20it/s]Analyzing vina_8_meeko:  85%|████████▌ | 1217/1426 [24:08<04:47,  1.37s/it]Analyzing vina_8_meeko:  85%|████████▌ | 1218/1426 [24:08<03:53,  1.12s/it]Analyzing vina_8_meeko:  85%|████████▌ | 1219/1426 [24:13<07:56,  2.30s/it]Analyzing vina_8_meeko:  86%|████████▌ | 1220/1426 [24:14<05:51,  1.71s/it]Analyzing vina_8_meeko:  86%|████████▌ | 1221/1426 [24:15<04:55,  1.44s/it]Analyzing vina_8_meeko:  86%|████████▌ | 1222/1426 [24:15<03:34,  1.05s/it]Analyzing vina_8_meeko:  86%|████████▌ | 1223/1426 [24:15<02:59,  1.13it/s]Analyzing vina_8_meeko:  86%|████████▌ | 1224/1426 [24:17<03:30,  1.04s/it]Analyzing vina_8_meeko:  86%|████████▌ | 1226/1426 [24:17<01:58,  1.69it/s]Analyzing vina_8_meeko:  86%|████████▌ | 1227/1426 [24:19<03:01,  1.10it/s]Analyzing vina_8_meeko:  86%|████████▌ | 1228/1426 [24:19<02:35,  1.27it/s]Analyzing vina_8_meeko:  86%|████████▋ | 1231/1426 [24:19<01:19,  2.46it/s]Analyzing vina_8_meeko:  86%|████████▋ | 1232/1426 [24:20<01:23,  2.33it/s]Analyzing vina_8_meeko:  86%|████████▋ | 1233/1426 [24:20<01:13,  2.63it/s]Analyzing vina_8_meeko:  87%|████████▋ | 1234/1426 [24:22<02:14,  1.42it/s]Analyzing vina_8_meeko:  87%|████████▋ | 1235/1426 [24:28<06:31,  2.05s/it]Analyzing vina_8_meeko:  87%|████████▋ | 1237/1426 [24:29<04:39,  1.48s/it]Analyzing vina_8_meeko:  87%|████████▋ | 1238/1426 [24:31<04:43,  1.51s/it]Analyzing vina_8_meeko:  87%|████████▋ | 1239/1426 [24:32<04:47,  1.54s/it]Analyzing vina_8_meeko:  87%|████████▋ | 1240/1426 [24:34<04:49,  1.56s/it]Analyzing vina_8_meeko:  87%|████████▋ | 1241/1426 [24:37<05:57,  1.93s/it]Analyzing vina_8_meeko:  87%|████████▋ | 1242/1426 [24:42<08:43,  2.84s/it]Analyzing vina_8_meeko:  87%|████████▋ | 1243/1426 [24:42<06:35,  2.16s/it]Analyzing vina_8_meeko:  87%|████████▋ | 1244/1426 [24:43<05:13,  1.72s/it]Analyzing vina_8_meeko:  87%|████████▋ | 1245/1426 [24:45<05:18,  1.76s/it]Analyzing vina_8_meeko:  87%|████████▋ | 1246/1426 [24:45<03:50,  1.28s/it]Analyzing vina_8_meeko:  87%|████████▋ | 1247/1426 [24:46<03:55,  1.32s/it]Analyzing vina_8_meeko:  88%|████████▊ | 1249/1426 [24:49<03:39,  1.24s/it]Analyzing vina_8_meeko:  88%|████████▊ | 1250/1426 [24:50<03:19,  1.13s/it]Analyzing vina_8_meeko:  88%|████████▊ | 1252/1426 [24:51<02:36,  1.11it/s]Analyzing vina_8_meeko:  88%|████████▊ | 1253/1426 [24:52<02:32,  1.14it/s]Analyzing vina_8_meeko:  88%|████████▊ | 1254/1426 [24:52<02:19,  1.23it/s]Analyzing vina_8_meeko:  88%|████████▊ | 1255/1426 [24:56<04:30,  1.58s/it]Analyzing vina_8_meeko:  88%|████████▊ | 1256/1426 [24:57<04:20,  1.54s/it]Analyzing vina_8_meeko:  88%|████████▊ | 1257/1426 [24:58<04:01,  1.43s/it]Analyzing vina_8_meeko:  88%|████████▊ | 1258/1426 [25:00<03:52,  1.38s/it]Analyzing vina_8_meeko:  88%|████████▊ | 1259/1426 [25:01<03:42,  1.33s/it]Analyzing vina_8_meeko:  88%|████████▊ | 1260/1426 [25:01<02:57,  1.07s/it]Analyzing vina_8_meeko:  88%|████████▊ | 1261/1426 [25:03<03:22,  1.23s/it]Analyzing vina_8_meeko:  88%|████████▊ | 1262/1426 [25:03<02:38,  1.04it/s]Analyzing vina_8_meeko:  89%|████████▊ | 1263/1426 [25:05<03:23,  1.25s/it]Analyzing vina_8_meeko:  89%|████████▊ | 1264/1426 [25:05<02:27,  1.10it/s]Analyzing vina_8_meeko:  89%|████████▊ | 1265/1426 [25:07<03:06,  1.16s/it]Analyzing vina_8_meeko:  89%|████████▉ | 1266/1426 [25:14<07:41,  2.89s/it]Analyzing vina_8_meeko:  89%|████████▉ | 1267/1426 [25:14<05:41,  2.15s/it]Analyzing vina_8_meeko:  89%|████████▉ | 1268/1426 [25:15<04:18,  1.64s/it]Analyzing vina_8_meeko:  89%|████████▉ | 1269/1426 [25:15<03:10,  1.21s/it]Analyzing vina_8_meeko:  89%|████████▉ | 1272/1426 [25:20<03:45,  1.46s/it]Analyzing vina_8_meeko:  89%|████████▉ | 1273/1426 [25:21<03:26,  1.35s/it]Analyzing vina_8_meeko:  89%|████████▉ | 1274/1426 [25:23<03:39,  1.45s/it]Analyzing vina_8_meeko:  89%|████████▉ | 1275/1426 [25:23<02:55,  1.16s/it]Analyzing vina_8_meeko:  89%|████████▉ | 1276/1426 [25:23<02:14,  1.12it/s]Analyzing vina_8_meeko:  90%|████████▉ | 1277/1426 [25:24<02:24,  1.03it/s]Analyzing vina_8_meeko:  90%|████████▉ | 1278/1426 [25:25<02:21,  1.04it/s]Analyzing vina_8_meeko:  90%|████████▉ | 1279/1426 [25:26<02:23,  1.03it/s]Analyzing vina_8_meeko:  90%|████████▉ | 1281/1426 [25:27<01:24,  1.72it/s]Analyzing vina_8_meeko:  90%|████████▉ | 1282/1426 [25:27<01:21,  1.77it/s]Analyzing vina_8_meeko:  90%|████████▉ | 1283/1426 [25:27<01:05,  2.19it/s]Analyzing vina_8_meeko:  90%|█████████ | 1284/1426 [25:28<01:15,  1.88it/s]Analyzing vina_8_meeko:  90%|█████████ | 1285/1426 [25:31<02:46,  1.18s/it]Analyzing vina_8_meeko:  90%|█████████ | 1286/1426 [25:33<03:35,  1.54s/it]Analyzing vina_8_meeko:  90%|█████████ | 1287/1426 [25:36<04:06,  1.78s/it]Analyzing vina_8_meeko:  90%|█████████ | 1288/1426 [25:36<03:18,  1.44s/it]Analyzing vina_8_meeko:  90%|█████████ | 1289/1426 [25:36<02:24,  1.05s/it]Analyzing vina_8_meeko:  90%|█████████ | 1290/1426 [25:37<02:21,  1.04s/it]Analyzing vina_8_meeko:  91%|█████████ | 1291/1426 [25:38<01:58,  1.14it/s]Analyzing vina_8_meeko:  91%|█████████ | 1292/1426 [25:38<01:42,  1.30it/s]Analyzing vina_8_meeko:  91%|█████████ | 1294/1426 [25:41<02:13,  1.01s/it]Analyzing vina_8_meeko:  91%|█████████ | 1295/1426 [25:41<01:47,  1.22it/s]Analyzing vina_8_meeko:  91%|█████████ | 1296/1426 [25:43<02:28,  1.14s/it]Analyzing vina_8_meeko:  91%|█████████ | 1297/1426 [25:44<02:08,  1.00it/s]Analyzing vina_8_meeko:  91%|█████████ | 1298/1426 [25:46<02:56,  1.38s/it]Analyzing vina_8_meeko:  91%|█████████ | 1300/1426 [25:48<02:16,  1.08s/it]Analyzing vina_8_meeko:  91%|█████████ | 1301/1426 [25:49<02:30,  1.21s/it]Analyzing vina_8_meeko:  91%|█████████▏| 1302/1426 [25:51<02:57,  1.43s/it]Analyzing vina_8_meeko:  91%|█████████▏| 1303/1426 [25:54<03:21,  1.64s/it]Analyzing vina_8_meeko:  91%|█████████▏| 1304/1426 [25:55<03:08,  1.55s/it]Analyzing vina_8_meeko:  92%|█████████▏| 1305/1426 [25:56<02:49,  1.40s/it]Analyzing vina_8_meeko:  92%|█████████▏| 1306/1426 [25:59<03:36,  1.81s/it]Analyzing vina_8_meeko:  92%|█████████▏| 1307/1426 [26:00<03:12,  1.61s/it]Analyzing vina_8_meeko:  92%|█████████▏| 1308/1426 [26:01<02:56,  1.50s/it]Analyzing vina_8_meeko:  92%|█████████▏| 1309/1426 [26:01<02:16,  1.17s/it]Analyzing vina_8_meeko:  92%|█████████▏| 1310/1426 [26:03<02:18,  1.19s/it]Analyzing vina_8_meeko:  92%|█████████▏| 1311/1426 [26:04<02:04,  1.08s/it]Analyzing vina_8_meeko:  92%|█████████▏| 1312/1426 [26:06<03:07,  1.64s/it]Analyzing vina_8_meeko:  92%|█████████▏| 1313/1426 [26:07<02:38,  1.40s/it]Analyzing vina_8_meeko:  92%|█████████▏| 1314/1426 [26:08<02:23,  1.28s/it]Analyzing vina_8_meeko:  92%|█████████▏| 1315/1426 [26:09<01:47,  1.03it/s]Analyzing vina_8_meeko:  92%|█████████▏| 1316/1426 [26:09<01:26,  1.27it/s]Analyzing vina_8_meeko:  92%|█████████▏| 1317/1426 [26:09<01:15,  1.44it/s]Analyzing vina_8_meeko:  92%|█████████▏| 1318/1426 [26:10<01:00,  1.77it/s]Analyzing vina_8_meeko:  92%|█████████▏| 1319/1426 [26:12<01:53,  1.06s/it]Analyzing vina_8_meeko:  93%|█████████▎| 1320/1426 [26:15<02:54,  1.65s/it]Analyzing vina_8_meeko:  93%|█████████▎| 1321/1426 [26:16<02:22,  1.36s/it]Analyzing vina_8_meeko:  93%|█████████▎| 1322/1426 [26:18<02:58,  1.71s/it]Analyzing vina_8_meeko:  93%|█████████▎| 1323/1426 [26:18<02:07,  1.24s/it]Analyzing vina_8_meeko:  93%|█████████▎| 1324/1426 [26:21<02:54,  1.71s/it]Analyzing vina_8_meeko:  93%|█████████▎| 1326/1426 [26:21<01:42,  1.02s/it]Analyzing vina_8_meeko:  93%|█████████▎| 1327/1426 [26:22<01:32,  1.07it/s]Analyzing vina_8_meeko:  93%|█████████▎| 1328/1426 [26:23<01:36,  1.02it/s]Analyzing vina_8_meeko:  93%|█████████▎| 1329/1426 [26:24<01:20,  1.21it/s]Analyzing vina_8_meeko:  93%|█████████▎| 1330/1426 [26:25<01:25,  1.13it/s]Analyzing vina_8_meeko:  93%|█████████▎| 1331/1426 [26:26<01:22,  1.15it/s]Analyzing vina_8_meeko:  93%|█████████▎| 1332/1426 [26:27<01:50,  1.17s/it]Analyzing vina_8_meeko:  93%|█████████▎| 1333/1426 [26:29<02:06,  1.36s/it]Analyzing vina_8_meeko:  94%|█████████▎| 1335/1426 [26:30<01:27,  1.04it/s]Analyzing vina_8_meeko:  94%|█████████▎| 1336/1426 [26:31<01:19,  1.14it/s]Analyzing vina_8_meeko:  94%|█████████▍| 1337/1426 [26:32<01:19,  1.12it/s]Analyzing vina_8_meeko:  94%|█████████▍| 1338/1426 [26:33<01:15,  1.17it/s]Analyzing vina_8_meeko:  94%|█████████▍| 1339/1426 [26:34<01:31,  1.05s/it]Analyzing vina_8_meeko:  94%|█████████▍| 1340/1426 [26:34<01:10,  1.21it/s]Analyzing vina_8_meeko:  94%|█████████▍| 1341/1426 [26:37<02:05,  1.48s/it]Analyzing vina_8_meeko:  94%|█████████▍| 1342/1426 [26:38<01:39,  1.18s/it]Analyzing vina_8_meeko:  94%|█████████▍| 1343/1426 [26:39<01:25,  1.03s/it]Analyzing vina_8_meeko:  94%|█████████▍| 1344/1426 [26:39<01:14,  1.10it/s]Analyzing vina_8_meeko:  94%|█████████▍| 1345/1426 [26:41<01:32,  1.14s/it]Analyzing vina_8_meeko:  94%|█████████▍| 1346/1426 [26:43<01:53,  1.42s/it]Analyzing vina_8_meeko:  94%|█████████▍| 1347/1426 [26:43<01:26,  1.10s/it]Analyzing vina_8_meeko:  95%|█████████▍| 1348/1426 [26:43<01:03,  1.24it/s]Analyzing vina_8_meeko:  95%|█████████▍| 1349/1426 [26:44<00:49,  1.56it/s]Analyzing vina_8_meeko:  95%|█████████▍| 1350/1426 [26:46<01:16,  1.01s/it]Analyzing vina_8_meeko:  95%|█████████▍| 1351/1426 [26:47<01:19,  1.05s/it]Analyzing vina_8_meeko:  95%|█████████▍| 1352/1426 [26:50<02:06,  1.72s/it]Analyzing vina_8_meeko:  95%|█████████▍| 1353/1426 [26:50<01:30,  1.24s/it]Analyzing vina_8_meeko:  95%|█████████▍| 1354/1426 [26:50<01:05,  1.10it/s]Analyzing vina_8_meeko:  95%|█████████▌| 1355/1426 [26:54<02:07,  1.80s/it]Analyzing vina_8_meeko:  95%|█████████▌| 1356/1426 [26:56<02:06,  1.81s/it]Analyzing vina_8_meeko:  95%|█████████▌| 1357/1426 [26:57<01:39,  1.45s/it]Analyzing vina_8_meeko:  95%|█████████▌| 1358/1426 [26:57<01:12,  1.07s/it]Analyzing vina_8_meeko:  95%|█████████▌| 1359/1426 [26:57<01:05,  1.03it/s]Analyzing vina_8_meeko:  95%|█████████▌| 1360/1426 [27:00<01:43,  1.56s/it]Analyzing vina_8_meeko:  95%|█████████▌| 1361/1426 [27:01<01:13,  1.13s/it]Analyzing vina_8_meeko:  96%|█████████▌| 1362/1426 [27:01<00:53,  1.19it/s]Analyzing vina_8_meeko:  96%|█████████▌| 1363/1426 [27:02<01:02,  1.01it/s]Analyzing vina_8_meeko:  96%|█████████▌| 1364/1426 [27:05<01:33,  1.51s/it]Analyzing vina_8_meeko:  96%|█████████▌| 1365/1426 [27:08<02:01,  1.99s/it]Analyzing vina_8_meeko:  96%|█████████▌| 1366/1426 [27:09<01:39,  1.67s/it]Analyzing vina_8_meeko:  96%|█████████▌| 1368/1426 [27:09<00:56,  1.03it/s]Analyzing vina_8_meeko:  96%|█████████▌| 1369/1426 [27:17<02:28,  2.60s/it]Analyzing vina_8_meeko:  96%|█████████▌| 1370/1426 [27:17<01:49,  1.96s/it]Analyzing vina_8_meeko:  96%|█████████▌| 1371/1426 [27:18<01:29,  1.62s/it]Analyzing vina_8_meeko:  96%|█████████▌| 1372/1426 [27:18<01:05,  1.21s/it]Analyzing vina_8_meeko:  96%|█████████▋| 1373/1426 [27:20<01:24,  1.59s/it]Analyzing vina_8_meeko:  96%|█████████▋| 1374/1426 [27:22<01:22,  1.58s/it]Analyzing vina_8_meeko:  96%|█████████▋| 1375/1426 [27:24<01:26,  1.70s/it]Analyzing vina_8_meeko:  96%|█████████▋| 1376/1426 [27:25<01:15,  1.51s/it]Analyzing vina_8_meeko:  97%|█████████▋| 1377/1426 [27:26<01:05,  1.35s/it]Analyzing vina_8_meeko:  97%|█████████▋| 1378/1426 [27:27<00:57,  1.20s/it]Analyzing vina_8_meeko:  97%|█████████▋| 1379/1426 [27:31<01:45,  2.23s/it]Analyzing vina_8_meeko:  97%|█████████▋| 1380/1426 [27:36<02:14,  2.93s/it]Analyzing vina_8_meeko:  97%|█████████▋| 1381/1426 [27:36<01:33,  2.09s/it]Analyzing vina_8_meeko:  97%|█████████▋| 1382/1426 [27:37<01:12,  1.65s/it]Analyzing vina_8_meeko:  97%|█████████▋| 1384/1426 [27:37<00:41,  1.02it/s]Analyzing vina_8_meeko:  97%|█████████▋| 1385/1426 [27:37<00:32,  1.25it/s]Analyzing vina_8_meeko:  97%|█████████▋| 1386/1426 [27:41<00:59,  1.48s/it]Analyzing vina_8_meeko:  97%|█████████▋| 1387/1426 [27:42<00:57,  1.49s/it]Analyzing vina_8_meeko:  97%|█████████▋| 1388/1426 [27:44<01:05,  1.72s/it]Analyzing vina_8_meeko:  97%|█████████▋| 1389/1426 [27:45<00:47,  1.28s/it]Analyzing vina_8_meeko:  97%|█████████▋| 1390/1426 [27:46<00:42,  1.17s/it]Analyzing vina_8_meeko:  98%|█████████▊| 1391/1426 [27:51<01:26,  2.48s/it]Analyzing vina_8_meeko:  98%|█████████▊| 1392/1426 [27:52<01:06,  1.96s/it]Analyzing vina_8_meeko:  98%|█████████▊| 1393/1426 [27:53<00:59,  1.81s/it]Analyzing vina_8_meeko:  98%|█████████▊| 1394/1426 [27:55<00:58,  1.84s/it]Analyzing vina_8_meeko:  98%|█████████▊| 1395/1426 [27:57<00:59,  1.93s/it]Analyzing vina_8_meeko:  98%|█████████▊| 1396/1426 [28:00<01:03,  2.11s/it]Analyzing vina_8_meeko:  98%|█████████▊| 1397/1426 [28:01<00:49,  1.70s/it]Analyzing vina_8_meeko:  98%|█████████▊| 1398/1426 [28:01<00:38,  1.39s/it]Analyzing vina_8_meeko:  98%|█████████▊| 1399/1426 [28:03<00:36,  1.36s/it]Analyzing vina_8_meeko:  98%|█████████▊| 1400/1426 [28:05<00:40,  1.58s/it]Analyzing vina_8_meeko:  98%|█████████▊| 1401/1426 [28:05<00:30,  1.23s/it]Analyzing vina_8_meeko:  98%|█████████▊| 1402/1426 [28:07<00:34,  1.44s/it]Analyzing vina_8_meeko:  98%|█████████▊| 1403/1426 [28:08<00:32,  1.39s/it]Analyzing vina_8_meeko:  98%|█████████▊| 1404/1426 [28:12<00:43,  1.96s/it]Analyzing vina_8_meeko:  99%|█████████▊| 1405/1426 [28:14<00:42,  2.04s/it]Analyzing vina_8_meeko:  99%|█████████▊| 1406/1426 [28:16<00:38,  1.94s/it]Analyzing vina_8_meeko:  99%|█████████▊| 1407/1426 [28:16<00:29,  1.54s/it]Analyzing vina_8_meeko:  99%|█████████▊| 1408/1426 [28:16<00:19,  1.11s/it]Analyzing vina_8_meeko:  99%|█████████▉| 1410/1426 [28:18<00:14,  1.10it/s]Analyzing vina_8_meeko:  99%|█████████▉| 1411/1426 [28:22<00:28,  1.89s/it]Analyzing vina_8_meeko:  99%|█████████▉| 1412/1426 [28:24<00:25,  1.81s/it]Analyzing vina_8_meeko:  99%|█████████▉| 1413/1426 [28:24<00:18,  1.39s/it]Analyzing vina_8_meeko:  99%|█████████▉| 1414/1426 [28:25<00:14,  1.18s/it]Analyzing vina_8_meeko:  99%|█████████▉| 1415/1426 [28:26<00:11,  1.01s/it]Analyzing vina_8_meeko:  99%|█████████▉| 1416/1426 [28:26<00:07,  1.28it/s]Analyzing vina_8_meeko:  99%|█████████▉| 1418/1426 [28:28<00:07,  1.00it/s]Analyzing vina_8_meeko: 100%|█████████▉| 1419/1426 [28:33<00:13,  1.93s/it]Analyzing vina_8_meeko: 100%|█████████▉| 1420/1426 [28:35<00:10,  1.81s/it]Analyzing vina_8_meeko: 100%|█████████▉| 1421/1426 [28:37<00:09,  1.99s/it]Analyzing vina_8_meeko: 100%|█████████▉| 1422/1426 [28:41<00:09,  2.40s/it]Analyzing vina_8_meeko: 100%|█████████▉| 1423/1426 [28:43<00:07,  2.52s/it]Analyzing vina_8_meeko: 100%|█████████▉| 1424/1426 [28:45<00:04,  2.30s/it]Analyzing vina_8_meeko: 100%|█████████▉| 1425/1426 [28:45<00:01,  1.69s/it]Analyzing vina_8_meeko: 100%|██████████| 1426/1426 [28:46<00:00,  1.45s/it]Analyzing vina_8_meeko: 100%|██████████| 1426/1426 [28:46<00:00,  1.21s/it]

Results saved to: /home/rquiroga/Datasets/runs-n-poses-datasets/predictions/vina_8_meeko.csv
  Total predictions: 730

[2026-07-01 18:35:27] $ /home/rquiroga/anaconda3/envs/runs_n_poses/bin/python /home/rquiroga/github/runs-n-poses/scripts/run_vinardo_symmetry.py --receptor-dir /home/rquiroga/Datasets/runs-n-poses-datasets/symmetry_receptors_pdbt --ligand-dir /home/rquiroga/Datasets/runs-n-poses-datasets/symmetry_ligands_pdbt --output-dir /home/rquiroga/Datasets/runs-n-poses-datasets/vinardo_outputs --system-list /home/rquiroga/github/runs-n-poses/scripts/single_ligand_systems_symmetry.txt --threads 8 --resume
